priority,business_name,phone,phone_type,category,city,state,source,discovery_method,website,is_sole_proprietor,found_at
standard,HUSTLE HOTSHOT,9362085234,mobile,trucking/logistics,POLLOK,TX,fmcsa_census,,,,
standard,LAUNEO DENARD CLARK,9037055587,mobile,trucking/logistics,NACOGDOCHES,TX,fmcsa_census,,,,
standard,BLUE HAMMER HAULING LLC,9366457692,mobile,trucking/logistics,NACOGDOCHES,TX,fmcsa_census,,,,
standard,RESTORATION CHRISTIAN CLEANING SERVICES LLC,9366456880,mobile,trucking/logistics,NACOGDOCHES,TX,fmcsa_census,,,,
standard,MONTOYA LINES LLC,9364627243,mobile,trucking/logistics,NACOGDOCHES,TX,fmcsa_census,,,,
standard,CHEROKEE TRANSPORT LLC,4097790499,mobile,trucking/logistics,NEWTON,TX,fmcsa_census,,,,
standard,SMALL TIME FREIGHT LLC,4094896031,mobile,trucking/logistics,JASPER,TX,fmcsa_census,,,,
standard,GLYNN WING,9366161548,mobile,trucking/logistics,POLLOK,TX,fmcsa_census,,,,
standard,DANA HUMPHREY,9367150715,mobile,trucking/logistics,NACOGDOCHES,TX,fmcsa_census,,,,
standard,BRENDA DENISSE GONZALEZ RAMIREZ,9364142233,mobile,trucking/logistics,NACOGDOCHES,TX,fmcsa_census,,,,
standard,RUNYAN ROCK INC,4092392250,mobile,trucking/logistics,NEWTON,TX,fmcsa_census,,,,
standard,TRINITY MOTOR FREIGHT LLC,9365534181,mobile,trucking/logistics,NACOGDOCHES,TX,fmcsa_census,,,,
standard,ROSA I FUENTES,9366453370,mobile,trucking/logistics,NACOGDOCHES,TX,fmcsa_census,,,,
standard,JUSTIN WADE OLIVER,9366712274,mobile,trucking/logistics,POLLOK,TX,fmcsa_census,,,,
standard,TEAM B LOGGING LLC,4093811336,mobile,trucking/logistics,NEWTON,TX,fmcsa_census,,,,
standard,2J LAND AND EXCAVATING LLC,9362190172,mobile,trucking/logistics,LUFKIN,TX,fmcsa_census,,,,
standard,DENTON METTS TRUCKING LLC,9366751179,mobile,trucking/logistics,POLLOK,TX,fmcsa_census,,,,
standard,DIAMOND S RENTALS LLC,4094239121,mobile,trucking/logistics,NEWTON,TX,fmcsa_census,,,,
standard,R BAR G TRUCKING LLC,9366746360,mobile,trucking/logistics,POLLOK,TX,fmcsa_census,,,,
standard,FHG TRANSPORT LLC,9362389461,mobile,trucking/logistics,POLLOK,TX,fmcsa_census,,,,
standard,WALLACE TRUCKING AND HAULING LLC,9365694452,mobile,trucking/logistics,NACOGDOCHES,TX,fmcsa_census,,,,
standard,LD TRUCKING SERVICES LLC,9362252550,mobile,trucking/logistics,POLLOK,TX,fmcsa_census,,,,
standard,DAVID G BALLARD,4322108022,mobile,trucking/logistics,NACAGDOCHES,TX,fmcsa_census,,,,
standard,LLEA B SCOTT,9366156613,mobile,trucking/logistics,NACOGDOCHES,TX,fmcsa_census,,,,
standard,O T WILLIAMS,4093447312,mobile,trucking/logistics,CAMDEN,TX,fmcsa_census,,,,
standard,C BURNETT JR TRUCKING LLC,9366746393,mobile,trucking/logistics,POLLOK,TX,fmcsa_census,,,,
standard,SPARTAN DIRECT SOLUTIONS LLC,9365546501,mobile,trucking/logistics,NACOGDOCHES,TX,fmcsa_census,,,,
standard,KEVIN HATCHER,9363664364,mobile,trucking/logistics,POLLOK,TX,fmcsa_census,,,,
standard,CADDO TRANSPORT LLC,9362044201,mobile,trucking/logistics,POLLOK,TX,fmcsa_census,,,,
standard,HENRY NEAL MCFADDEN JR,4092694176,mobile,trucking/logistics,JOAQUIN,TX,fmcsa_census,,,,
standard,LARRY VAUGHN TRUCKING,4093682219,mobile,trucking/logistics,SHELBYVILLE,TX,fmcsa_census,,,,
standard,WHITNEY LONE STAR QUEEN CO,7013881178,mobile,trucking/logistics,NEWTON,TX,fmcsa_census,,,,
standard,MOTO LOGISTICS LLC,2145667173,mobile,trucking/logistics,SEAGOVILLE,TX,fmcsa_census,,,,
standard,SAM SMITH,4093842755,mobile,trucking/logistics,JASPER,TX,fmcsa_census,,,,
standard,KIMBERLY WILLSON,9363712887,mobile,trucking/logistics,NACOGDOCHES,TX,fmcsa_census,,,,
standard,D&J TRUCK AND TRAILER LLC,4093974018,mobile,trucking/logistics,NEWTON,TX,fmcsa_census,,,,
standard,DEW IT RIGHT TRUCKING,9032208210,mobile,trucking/logistics,POLLOK,TX,fmcsa_census,,,,
standard,M7 MATERIALS OF TEXAS LLC,9365534029,mobile,trucking/logistics,NACOGDOCHES,TX,fmcsa_census,,,,
standard,TWO BIT CONSTRUCTION,9362012009,mobile,trucking/logistics,PINELAND,TX,fmcsa_census,,,,
standard,D & D TRANSPORTATION,9363711697,mobile,trucking/logistics,NACOGDOCHES,TX,fmcsa_census,,,,
standard,JAMES EDDIE DUNN,9366356755,mobile,trucking/logistics,LUFKIN,TX,fmcsa_census,,,,
standard,TRIPLE H FARMS INC,9365982445,mobile,trucking/logistics,CENTER,TX,fmcsa_census,,,,
standard,MONDAY SIGN SERVICE LLC,9365560678,mobile,trucking/logistics,NACOGDOCHES,TX,fmcsa_census,,,,
standard,TRISTAIN TYQUAN EVANS,9365720509,mobile,trucking/logistics,GARRISON,TX,fmcsa_census,,,,
standard,SHAVER CONSTRUCTION AND CONTRACTING SERVICES LLC,4093837627,mobile,trucking/logistics,JASPER,TX,fmcsa_census,,,,
standard,JOYCE SELLS LOGGING INC,4092019230,mobile,trucking/logistics,JASPER,TX,fmcsa_census,,,,
standard,HARRISON SELLS,4093840390,mobile,trucking/logistics,JASPER,TX,fmcsa_census,,,,
standard,SAMUEL AND BONNIE KELLY,9034072611,mobile,trucking/logistics,CENTER,TX,fmcsa_census,,,,
standard,CHUCK KAY,9363682985,mobile,trucking/logistics,SHELBYVILLE,TX,fmcsa_census,,,,
standard,WILLIAM JUSTIN CHOATE,9362125143,mobile,trucking/logistics,WELLS,TX,fmcsa_census,,,,
standard,FUN LOGISTICS INC,2146099228,mobile,trucking/logistics,EULESS,TX,fmcsa_census,,,,
standard,STEALTH TOWING AND RECOVERY SERVICES LLC,8171365012,mobile,trucking/logistics,AZLE,TX,fmcsa_census,,,,
standard,JASON MERLIN MORGAN ESTATE,4692685962,mobile,trucking/logistics,ARLINGTON,TX,fmcsa_census,,,,
standard,L A S T LOGISTICS LLC,2177208066,mobile,trucking/logistics,CROWLEY,TX,fmcsa_census,,,,
standard,KM TRANSPORT LLC,8179256078,mobile,trucking/logistics,GRANDVIEW,TX,fmcsa_census,,,,
standard,JASON ROBERT THOMPSON,8173432023,mobile,trucking/logistics,CROWLEY,TX,fmcsa_census,,,,
standard,SUPREME DRIVER RECRUITING LTD CO,8178985000,mobile,trucking/logistics,ARLINGTON,TX,fmcsa_census,,,,
standard,RARE BREED TRUCKING LLC,8178050627,mobile,trucking/logistics,CROWLEY,TX,fmcsa_census,,,,
standard,TEJR TRUCKING L L C,9035492986,mobile,trucking/logistics,PALESTINE,TX,fmcsa_census,,,,
standard,ULTRA ELITE,8175504303,mobile,trucking/logistics,ARLINGTON,TX,fmcsa_census,,,,
standard,DJ DELIVERY SERVICE LLC,6824450899,mobile,trucking/logistics,ARLINGTON,TX,fmcsa_census,,,,
standard,KNY CARRIERS LLC,2147833258,mobile,trucking/logistics,EULESS,TX,fmcsa_census,,,,
standard,JAKEAL EDGERTON AND EDMUND WHITE,8179139657,mobile,trucking/logistics,CROWLEY,TX,fmcsa_census,,,,
standard,AP TRUCKING LLC,3189182146,mobile,trucking/logistics,CROWLEY,TX,fmcsa_census,,,,
standard,S&W LOGISTICS LLC,4694714672,mobile,trucking/logistics,ARLINGTON,TX,fmcsa_census,,,,
standard,RAWHIDE SERVICES LLC,8176143879,mobile,trucking/logistics,GRANDVIEW,TX,fmcsa_census,,,,
standard,EIGHT TEN EXPRESS TRUCKING LLC,6822447004,mobile,trucking/logistics,ARLINGTON,TX,fmcsa_census,,,,
standard,FIVE POINT KITCHEN SOLUTIONS LLC,8174225870,mobile,trucking/logistics,ARLINGTON,TX,fmcsa_census,,,,
standard,KIWI DELIVERY LLC,4692369785,mobile,trucking/logistics,EULESS,TX,fmcsa_census,,,,
standard,ERIK C NEITHER,2142640194,mobile,trucking/logistics,ARLINGTON,TX,fmcsa_census,,,,
standard,T & J PACE INVESTMENTS AND CONSULTING LLC,9035702609,mobile,trucking/logistics,PALESTINE,TX,fmcsa_census,,,,
standard,TRANSPARENT TRUCKING LLC,8174435254,mobile,trucking/logistics,EULESS,TX,fmcsa_census,,,,
standard,"RUIZDELVALLE DELIVERY, LLC.",7869167103,mobile,trucking/logistics,ARLINGTON,TX,fmcsa_census,,,,
standard,KASTILE LOGISTICS LLC,9183616418,mobile,trucking/logistics,CROWLEY,TX,fmcsa_census,,,,
standard,SQUARED CIRCLE LOGISTICS LLC,8179025676,mobile,trucking/logistics,CROWLEY,TX,fmcsa_census,,,,
standard,1ST CHOICE DISPOSAL SERVICES LLC,9033918404,mobile,trucking/logistics,PALESTINE,TX,fmcsa_census,,,,
standard,SMART MEDICAL AND SHIPPING SERVICES LLC,2146055343,mobile,trucking/logistics,EULESS,TX,fmcsa_census,,,,
standard,PERRETT TRUCKING INC,8172190281,mobile,trucking/logistics,GRANBURY,TX,fmcsa_census,,,,
standard,JD YEPEZ TRUCKING LLC,9035160349,mobile,trucking/logistics,PALESTINE,TX,fmcsa_census,,,,
standard,ARABE BUY & SALE LLC,6822025455,mobile,trucking/logistics,CLEBURNE,TX,fmcsa_census,,,,
standard,JOSE DAVID SALDANA,4692330184,mobile,trucking/logistics,EULESS,TX,fmcsa_census,,,,
standard,ETEX ENERGY SERVICES LLC,4697440339,mobile,trucking/logistics,PALESTINE,TX,fmcsa_census,,,,
standard,"NOREMAK ENTERPRISES, LLC",4694329559,mobile,trucking/logistics,EULESS,TX,fmcsa_census,,,,
standard,CARROLL TYLER,8173265489,mobile,trucking/logistics,GRANBURY,TX,fmcsa_census,,,,
standard,R WRIGHT CONSTRUCTION LLC,8173041149,mobile,trucking/logistics,GRANDVIEW,TX,fmcsa_census,,,,
standard,MONICA MARISOL RINCON CAMPOS,8178061278,mobile,trucking/logistics,CROWLEY,TX,fmcsa_census,,,,
standard,JZJ TRANSPORT LLC,4693099313,mobile,trucking/logistics,PALESTINE,TX,fmcsa_census,,,,
standard,JJ - GENERAL MERCHANDISE LLC,8178124812,mobile,trucking/logistics,CROWLEY,TX,fmcsa_census,,,,
standard,5B TRANSPORT,9036177613,mobile,trucking/logistics,PALESTINE,TX,fmcsa_census,,,,
standard,DOCK2DOCK LLC,8175390025,mobile,trucking/logistics,ARLINGTON,TX,fmcsa_census,,,,
standard,KALCULATE TRUCKING LLC,8175139480,mobile,trucking/logistics,CROWLEY,TX,fmcsa_census,,,,
standard,RACING TOWING LLC,2147767153,mobile,trucking/logistics,EULESS,TX,fmcsa_census,,,,
standard,LARRY NAYS JR,9033734995,mobile,trucking/logistics,PALESTINE,TX,fmcsa_census,,,,
standard,J JESUS CASTRO,8175013937,mobile,trucking/logistics,ALVARADO,TX,fmcsa_census,,,,
standard,BROWN COUNTY WIRELINE LLC,2543969134,mobile,trucking/logistics,GRANBURY,TX,fmcsa_census,,,,
standard,SYOKS LOGISTICS LLC,2145311076,mobile,trucking/logistics,EULESS,TX,fmcsa_census,,,,
standard,A W SYSTEMS LLC,8179806973,mobile,trucking/logistics,BURLESON,TX,fmcsa_census,,,,
standard,MOJ LOGISTICS LLC,8176914260,mobile,trucking/logistics,CROWLEY,TX,fmcsa_census,,,,
standard,SILVER DIAMOND SERVICES LLC,8175173145,mobile,trucking/logistics,GRANDVIEW,TX,fmcsa_census,,,,
standard,KKC TRANSPORT LLC,8179449965,mobile,trucking/logistics,CROWLEY,TX,fmcsa_census,,,,
standard,JACK GODFREY & SONS INC,8174613555,mobile,trucking/logistics,ARLINGTON,TX,fmcsa_census,,,,
standard,JERRY D THOMPSON,8179948221,mobile,trucking/logistics,GRANBURY,TX,fmcsa_census,,,,
standard,WILD WEST HAULERS LLC,4697045804,mobile,trucking/logistics,ALVARADO,TX,fmcsa_census,,,,
standard,MOWREY WASTEWATER EQUIPMENT INC,8175732234,mobile,trucking/logistics,GRANBURY,TX,fmcsa_census,,,,
standard,TEXAS CARGO TRIDENT LLC,2149572582,mobile,trucking/logistics,ARLINGTON,TX,fmcsa_census,,,,
standard,HAMMERHEAD HOTSHOTS LLC,8176884816,mobile,trucking/logistics,CROWLEY,TX,fmcsa_census,,,,
standard,DOUG GOODLET,8176911383,mobile,trucking/logistics,BURLESON,TX,fmcsa_census,,,,
standard,RUTILIO HERNANDEZ CONSTRUCTION,8172793409,mobile,trucking/logistics,GRANBURY,TX,fmcsa_census,,,,
standard,FR BOYLAND HOLDINGS LLC,8174542155,mobile,trucking/logistics,CROWLEY,TX,fmcsa_census,,,,
standard,HIRASH FREIGHT LLC,2144997169,mobile,trucking/logistics,EULESS,TX,fmcsa_census,,,,
standard,JAPHET BUSINESS TRANSPORTATION,6822403277,mobile,trucking/logistics,EULESS,TX,fmcsa_census,,,,
standard,DBROOKS LOGISTICS LIMITED LIABILITY COMPANY,8177392857,mobile,trucking/logistics,CROWLEY,TX,fmcsa_census,,,,
standard,CP TRANSPORT SERVICES LLC,2147738372,mobile,trucking/logistics,EULESS,TX,fmcsa_census,,,,
standard,ABC SAND & GRAVEL,9033739615,mobile,trucking/logistics,PALESTINE,TX,fmcsa_census,,,,
standard,GRANDBURY STEEL & SUPPLY INC,8175738871,mobile,trucking/logistics,GRANBURY,TX,fmcsa_census,,,,
standard,YES,2282262238,mobile,trucking/logistics,ARLINGTON,TX,fmcsa_census,,,,
standard,A LOT MORE HAULING,6822288126,mobile,trucking/logistics,ALVARADO,TX,fmcsa_census,,,,
standard,WE LIFT LOGISTICS INC,5514866778,mobile,trucking/logistics,EULESS,TX,fmcsa_census,,,,
standard,PRINTESS RAMON MCKINNEY,8179993588,mobile,trucking/logistics,GRANDVIEW,TX,fmcsa_census,,,,
standard,SABA LOGISTICS LLC,6822393869,mobile,trucking/logistics,CROWLEY,TX,fmcsa_census,,,,
standard,COND TRUCK LLC,8133005725,mobile,trucking/logistics,BEDFORD,TX,fmcsa_census,,,,
standard,S C TRANSPORT LLC,2696256488,mobile,trucking/logistics,GRANDVIEW,TX,fmcsa_census,,,,
standard,FABULOUS GLOBAL INVESTORS LLC,8328682764,mobile,trucking/logistics,ARLINGTON,TX,fmcsa_census,,,,
standard,WOODSEY TOO LLC,2145645099,mobile,trucking/logistics,GRANBURY,TX,fmcsa_census,,,,
standard,AEDES CHRISTI HOLDINGS INC,8176306701,mobile,trucking/logistics,ARLINGTON,TX,fmcsa_census,,,,
standard,ONPOINT POWER CONSTRUCTION LLC,3257216882,mobile,trucking/logistics,GRANBURY,TX,fmcsa_census,,,,
standard,J R E TRUCKING LLC,8178630579,mobile,trucking/logistics,CROWLEY,TX,fmcsa_census,,,,
standard,REDEEMED RESOURCES LLC,9033738560,mobile,trucking/logistics,PALESTINE,TX,fmcsa_census,,,,
standard,E B LITTLE JR TRUCKING CO,2548542138,mobile,trucking/logistics,GRANDVIEW,TX,fmcsa_census,,,,
standard,B-RITE TRANSPORT,8177145932,mobile,trucking/logistics,BURLESON,TX,fmcsa_census,,,,
standard,SIX STAR CARRIERS LLC,8636730193,mobile,trucking/logistics,GRANBURY,TX,fmcsa_census,,,,
standard,REMAX UNLIMITED LLC,2146004124,mobile,trucking/logistics,EULESS,TX,fmcsa_census,,,,
standard,PARAGON DIRECTIONAL DRILLING LLC,9038807398,mobile,trucking/logistics,GRANDBURY,TX,fmcsa_census,,,,
standard,JOHN HENSON DBA HENSON WELDING,9365524251,mobile,trucking/logistics,NACOGDOCHES,TX,fmcsa_census,,,,
standard,JACKIE TUCKER,4094294506,mobile,trucking/logistics,WOODVILLE,TX,fmcsa_census,,,,
standard,ALLEN Y'BARBO,4093847881,mobile,trucking/logistics,JASPER,TX,fmcsa_census,,,,
standard,EAST TEXAS STONE INC,9365542752,mobile,trucking/logistics,NACOGDOCHES,TX,fmcsa_census,,,,
standard,FAITH FOREST TRUCKING LP,4092832542,mobile,trucking/logistics,WOODVILLE,TX,fmcsa_census,,,,
standard,SCRUGGS INC,9365720564,mobile,trucking/logistics,JOAQUIN,TX,fmcsa_census,,,,
standard,C J COLLINS,4093834220,mobile,trucking/logistics,JASPER,TX,fmcsa_census,,,,
standard,LAMECH TRANSPORTATION LLC,9367158717,mobile,trucking/logistics,NACOGDOCHES,TX,fmcsa_census,,,,
standard,CHARLOTTE MATTOX,4093825197,mobile,trucking/logistics,JASPER,TX,fmcsa_census,,,,
standard,JAMES KENNETH WEEKS,4093840722,mobile,trucking/logistics,WIERGATE,TX,fmcsa_census,,,,
standard,MACSON LOGISTICS LLC,4695285296,mobile,trucking/logistics,LITTLE ELM,TX,fmcsa_census,,,,
standard,BLANKENSHIP CONSTRUCTION INC,9363711077,mobile,trucking/logistics,NACOGDOCHES,TX,fmcsa_census,,,,
standard,VANESSA OATES TRUETT,9362121752,mobile,trucking/logistics,WELLS,TX,fmcsa_census,,,,
standard,SHAUN DUNN,3612158402,mobile,trucking/logistics,WOODVILLE,TX,fmcsa_census,,,,
standard,BILLY MOTT,4092010568,mobile,trucking/logistics,JASPER,TX,fmcsa_census,,,,
standard,DANNY HACKNEY TRUCKING INC,9365529992,mobile,trucking/logistics,NACOGDOCHES,TX,fmcsa_census,,,,
standard,ALBERT JAMES HARRISON,4094290638,mobile,trucking/logistics,WOODVILLE,TX,fmcsa_census,,,,
standard,RICHARD B IVY,9364620133,mobile,trucking/logistics,NACOGDOCHES,TX,fmcsa_census,,,,
standard,SANDERS TRUCKING,9366793257,mobile,trucking/logistics,NACOGDOCHES,TX,fmcsa_census,,,,
standard,NAPOLEON TRUCKING INC,4092240391,mobile,trucking/logistics,JASPER,TX,fmcsa_census,,,,
standard,MRM CONTRACTORS LLC,9365912700,mobile,trucking/logistics,SHELBYVILLE,TX,fmcsa_census,,,,
standard,RKC MANAGEMENT LLC,9365900925,mobile,trucking/logistics,SHELBYVILLE,TX,fmcsa_census,,,,
standard,J GUADALUPE MARTINEZ,9366458498,mobile,trucking/logistics,NACOGDOCHES,TX,fmcsa_census,,,,
standard,DOYLES PRODUCTION SERVICE LLC,4093825352,mobile,trucking/logistics,JASPER,TX,fmcsa_census,,,,
standard,JOHNNIE HILL,8177077672,mobile,trucking/logistics,ARLINGTON,TX,fmcsa_census,,,,
standard,US CARE MEDICAL TRANSPORTATION LLC,7174246029,mobile,trucking/logistics,ARLINGTON,TX,fmcsa_census,,,,
standard,JHP CARGO LLC,9727621170,mobile,trucking/logistics,CROWLEY,TX,fmcsa_census,,,,
standard,BCB SERVICES LLC,8175171528,mobile,trucking/logistics,GRANDVIEW,TX,fmcsa_census,,,,
standard,PATRICIO GUTIERREZ,8174556170,mobile,trucking/logistics,EULESS,TX,fmcsa_census,,,,
standard,JOEL POSEY,8175784858,mobile,trucking/logistics,GRANBURY,TX,fmcsa_census,,,,
standard,JOHNNY SIMMONS,9038503686,mobile,trucking/logistics,YANTIS,TX,fmcsa_census,,,,
standard,WES WILEY,6825515923,mobile,trucking/logistics,BURLESON,TX,fmcsa_census,,,,
standard,HOLLENBECK TRANSPORTATION LLC,8172627077,mobile,trucking/logistics,GRANBURY,TX,fmcsa_census,,,,
standard,R MOTORSPORTS LLC,8178804891,mobile,trucking/logistics,BURLESON,TX,fmcsa_census,,,,
standard,BRIAN MEREDITH,8179377737,mobile,trucking/logistics,ARLINGTON,TX,fmcsa_census,,,,
standard,ALEXIS SOSA,8173722836,mobile,trucking/logistics,FT WORTH,TX,fmcsa_census,,,,
standard,BAM TRUCKING LLC,4357243341,mobile,trucking/logistics,GRANBURY,TX,fmcsa_census,,,,
standard,BLAZZER EXPRESS LLC,6019687260,mobile,trucking/logistics,BEDFORD,TX,fmcsa_census,,,,
standard,CK REID,9728976678,mobile,trucking/logistics,GRANDVIEW,TX,fmcsa_census,,,,
standard,HARRIS CARRIER SERVICES LLC,8179663209,mobile,trucking/logistics,ARLINGTON,TX,fmcsa_census,,,,
standard,CAROLYN HURLEY,9032433258,mobile,trucking/logistics,YANTIS,TX,fmcsa_census,,,,
standard,EDDIE L SKELTON,8176489571,mobile,trucking/logistics,ALVARADO,TX,fmcsa_census,,,,
standard,FRANK FORD,8177079560,mobile,trucking/logistics,BEDFORD,TX,fmcsa_census,,,,
standard,WES KELLEY TRUCKING LLC,6824446612,mobile,trucking/logistics,ALVARADO,TX,fmcsa_census,,,,
standard,JOSH FRITZE,6824388576,mobile,trucking/logistics,EULESS,TX,fmcsa_census,,,,
standard,TRI J WATER LLC,9403283830,mobile,trucking/logistics,MINERAL WELLS,TX,fmcsa_census,,,,
standard,WB ENTERPRISES,8179019112,mobile,trucking/logistics,WEATHERFORD,TX,fmcsa_census,,,,
standard,TODDMAN 88 ENTERPRISES LLC,8176757466,mobile,trucking/logistics,BURLESON,TX,fmcsa_census,,,,
standard,EXCELLENCE LLC,8177573901,mobile,trucking/logistics,BURLESON,TX,fmcsa_census,,,,
standard,REDEEMED TRANSPORT LLC,2147731026,mobile,trucking/logistics,VENUS,TX,fmcsa_census,,,,
standard,PANCHITO'S CONCRETE LLC,2148530754,mobile,trucking/logistics,BURLESON,TX,fmcsa_census,,,,
standard,MB RANCH KING BLINDS LLC,8172023303,mobile,trucking/logistics,JOSHUA,TX,fmcsa_census,,,,
standard,RICHARD HART,9403251965,mobile,trucking/logistics,MINERAL WELLS,TX,fmcsa_census,,,,
standard,TIMELY TRANSPORT SOLUTIONS LLC,8178326425,mobile,trucking/logistics,WEATHERFORD,TX,fmcsa_census,,,,
standard,INTEGRITY HOTSHOT,6183181244,mobile,trucking/logistics,BURLESON,TX,fmcsa_census,,,,
standard,COX TRANSPORT LLC,6829369743,mobile,trucking/logistics,GRANBURY,TX,fmcsa_census,,,,
standard,COX TRANSPORT LLC,6822059103,mobile,trucking/logistics,GRANBURY,TX,fmcsa_census,,,,
standard,ANTHONY W BALL,6822254154,mobile,trucking/logistics,JOSHUA,TX,fmcsa_census,,,,
standard,SLATE RIVER RANCH LLC,8173041784,mobile,trucking/logistics,WEATHERFORD,TX,fmcsa_census,,,,
standard,OX BLOOD TRANSPORTATION LLC,8178328474,mobile,trucking/logistics,BURLESON,TX,fmcsa_census,,,,
standard,ODENEHO TRANSPORT LLC,6096388192,mobile,trucking/logistics,VENUS,TX,fmcsa_census,,,,
standard,JAMES TRANSPORT LLC,8177717393,mobile,trucking/logistics,WEATHERFORD,TX,fmcsa_census,,,,
standard,MD CONTRACTING LLC,8179940257,mobile,trucking/logistics,MINERAL WELLS,TX,fmcsa_census,,,,
standard,MUSTANG CREEK FEED SEED AND SUPPLY INC,8179966361,mobile,trucking/logistics,RIO VISTA,TX,fmcsa_census,,,,
standard,STAR EXCAVATING INC,8179333979,mobile,trucking/logistics,RIO VISTA,TX,fmcsa_census,,,,
standard,SHIRLEY CHAMBERS,8176486516,mobile,trucking/logistics,RIO VISTA,TX,fmcsa_census,,,,
standard,SUPER SAFARI LLC,4692389423,mobile,trucking/logistics,MANSFIELD,TX,fmcsa_census,,,,
standard,ROCKIN S TRUCKIN INC,8175967639,mobile,trucking/logistics,WEATHERFORD,TX,fmcsa_census,,,,
standard,ROCKIN S TRUCKIN INC,8179990356,mobile,trucking/logistics,WEATHERFORD,TX,fmcsa_census,,,,
standard,LEROY WILLARD PRESTON JR,9402555679,mobile,trucking/logistics,PARADISE,TX,fmcsa_census,,,,
standard,LUXURY ART PLUS LLC,2144332955,mobile,trucking/logistics,MANSFIELD,TX,fmcsa_census,,,,
standard,KNIGHT PROPANE INC,8175971696,mobile,trucking/logistics,WEATHERFORD,TX,fmcsa_census,,,,
standard,A RUSH SERVICES,4693581843,mobile,trucking/logistics,WEATHERFORD,TX,fmcsa_census,,,,
standard,GLOBAL TRANSPORTATIONS LLC,6822020902,mobile,trucking/logistics,BURLESON,TX,fmcsa_census,,,,
standard,DUO WEN INC,8105157858,mobile,trucking/logistics,GRANBURY,TX,fmcsa_census,,,,
standard,CARRIZAL TRUCKING LLC,2107923415,mobile,trucking/logistics,WILLOW PARK,TX,fmcsa_census,,,,
standard,LAZARO MALAGON-CERVANTES,8178075259,mobile,trucking/logistics,VENUS,TX,fmcsa_census,,,,
standard,VALENTE DIAZ,9727417643,mobile,trucking/logistics,MIDLOTHIAN,TX,fmcsa_census,,,,
standard,PR TRUCKING LLC,8179802813,mobile,trucking/logistics,WEATHERFORD,TX,fmcsa_census,,,,
standard,AJNN TRANSPORT LLC,4699924496,mobile,trucking/logistics,MANSFIELD,TX,fmcsa_census,,,,
standard,EMILE QUALITY TRANSPORTATION LLC,8328406063,mobile,trucking/logistics,VENUS,TX,fmcsa_census,,,,
standard,C & C TRANSPORT SERVICES LLC,4696556479,mobile,trucking/logistics,WEATHERFORD,TX,fmcsa_census,,,,
standard,FINAL GRADE TRANSPORT LLC,9406009002,mobile,trucking/logistics,PARADISE,TX,fmcsa_census,,,,
standard,JOAN W CLEM,5202264759,mobile,trucking/logistics,WEATHERFORD,TX,fmcsa_census,,,,
standard,BC HOTSHOTS LLC,2145320220,mobile,trucking/logistics,MIDLOTHIAN,TX,fmcsa_census,,,,
standard,LARRY J CARSON,9726899796,mobile,trucking/logistics,JOSHUA,TX,fmcsa_census,,,,
standard,GDTX LOGISTICS LLC,6825836669,mobile,trucking/logistics,BURLESON,TX,fmcsa_census,,,,
standard,UPHAM OIL AND GAS COMPANY LP,9403254491,mobile,trucking/logistics,MINERAL WELLS,TX,fmcsa_census,,,,
standard,KPW ROOFING & CONSTRUCTION LLC,9409101329,mobile,trucking/logistics,PARADISE,TX,fmcsa_census,,,,
standard,JAN TRUCKING LLC,2105014208,mobile,trucking/logistics,JOSHUA,TX,fmcsa_census,,,,
standard,MAC COALSON,8179253333,mobile,trucking/logistics,WEATHERFORD,TX,fmcsa_census,,,,
standard,DISTINCT VIEW LANDSCAPING LLC,8179917733,mobile,trucking/logistics,HASLET,TX,fmcsa_census,,,,
standard,AUBREY DEL WILLIAMS SR,8172108126,mobile,trucking/logistics,FORT WORTH,TX,fmcsa_census,,,,
standard,LAURA MARISOL REYES,8178458340,mobile,trucking/logistics,VENUS,TX,fmcsa_census,,,,
standard,GARY WAYNE SOUDER JR,8177212009,mobile,trucking/logistics,WEATHERFORD,TX,fmcsa_census,,,,
standard,DRALCO SYSTEMS LLC,8179336417,mobile,trucking/logistics,WEATHERFORD,TX,fmcsa_census,,,,
standard,RBK TRUCKING,8176889690,mobile,trucking/logistics,JOSHUA,TX,fmcsa_census,,,,
standard,MWE ENTERPRISES LLC,8176143222,mobile,trucking/logistics,WEATHERFORD,TX,fmcsa_census,,,,
standard,SAVAGE EXCAVATION LLC,4699511254,mobile,trucking/logistics,MIDLOTHIAN,TX,fmcsa_census,,,,
standard,SCOTT CARTER,8176296541,mobile,trucking/logistics,WEATHERFORD,TX,fmcsa_census,,,,
standard,ROBERTO BRICENO,8178320917,mobile,trucking/logistics,WEATHERFORD,TX,fmcsa_census,,,,
standard,ARCO FREIGHT LLC,6823518336,mobile,trucking/logistics,CLEBURNE,TX,fmcsa_census,,,,
standard,JONATHAN LEMOINE,4095949805,mobile,trucking/logistics,JASPER,TX,fmcsa_census,,,,
standard,HOPE LOGISTICS LLC,6827162042,mobile,trucking/logistics,ARLINGTON,TX,fmcsa_census,,,,
standard,CAMPBELL'S TREE SERVICE LLC,9365721511,mobile,trucking/logistics,SHELBYVILLE,TX,fmcsa_census,,,,
standard,AMERICAN PIZZA PARTNERS LP,3166341190,mobile,trucking/logistics,WOODVILLE,TX,fmcsa_census,,,,
standard,JIMMY WILSON,8173668474,mobile,trucking/logistics,ARLINGTON,TX,fmcsa_census,,,,
standard,MALPICA TRUCKING LLC,9366152737,mobile,trucking/logistics,NACOGDOCHES,TX,fmcsa_census,,,,
standard,GUADALUPE QUEZADA,8173716146,mobile,trucking/logistics,ARLINGTON,TX,fmcsa_census,,,,
standard,TRIBE OF JUDAH LOGISTICS & TRUCKING LLC,6825566657,mobile,trucking/logistics,ARLINGTON,TX,fmcsa_census,,,,
standard,CLAY MATHIS & DUANE MATHIS,8176419639,mobile,trucking/logistics,CLEBURNE,TX,fmcsa_census,,,,
standard,MARATHON MILE LOGISTICS LLC,4065445422,mobile,trucking/logistics,ARLINGTON,TX,fmcsa_census,,,,
standard,SOUTHWEST BULK LLC,3032491111,mobile,trucking/logistics,CLEBURNE,TX,fmcsa_census,,,,
standard,MILLER AND NEAL INCORPORATED,8174614990,mobile,trucking/logistics,ARLINGTON,TX,fmcsa_census,,,,
standard,IGLESIA DE DIOS PENTECOSTAL MI,8178813521,mobile,trucking/logistics,ARLINGTON,TX,fmcsa_census,,,,
standard,SD CARRIERS LLC,6824336011,mobile,trucking/logistics,ARLINGTON,TX,fmcsa_census,,,,
standard,JIM JOSEPH JUDE CARROLL,8179335403,mobile,trucking/logistics,CRESSON,TX,fmcsa_census,,,,
standard,REED EXCAVATION & MATERIALS LLC,8170193696,mobile,trucking/logistics,AZLE,TX,fmcsa_census,,,,
standard,MEDO TRANSPORTATION LLC,6822401940,mobile,trucking/logistics,ARLINGTON,TX,fmcsa_census,,,,
standard,SUGAR CANE RAMSAY LLC,8179869758,mobile,trucking/logistics,ARLINGTON,TX,fmcsa_census,,,,
standard,TRANSPORTADOR GUZMAN LLC,6825585121,mobile,trucking/logistics,ARLINGTON,TX,fmcsa_census,,,,
standard,OMW EXPRESS TRANSPORT LLC,7868229040,mobile,trucking/logistics,ARLINGTON,TX,fmcsa_census,,,,
standard,JTMI LLC,8174129492,mobile,trucking/logistics,ARLINGTON,TX,fmcsa_census,,,,
standard,ASN SERVICES LLC,8178815844,mobile,trucking/logistics,ARLINGTON,TX,fmcsa_census,,,,
standard,GENOVESSI ANGELES,8177150523,mobile,trucking/logistics,CLEBURNE,TX,fmcsa_census,,,,
standard,ORCA EXPRESS INC,8173018989,mobile,trucking/logistics,ARLINGTON,TX,fmcsa_census,,,,
standard,ALVARO NAVA,8176144392,mobile,trucking/logistics,ARLINGTON,TX,fmcsa_census,,,,
standard,MARIA JOHNSON ENTERPRISES INC,8173005227,mobile,trucking/logistics,ARLINGTON,TX,fmcsa_census,,,,
standard,GLOBAL EXPRESS TRUCKING CO,6825976712,mobile,trucking/logistics,ARLINGTON,TX,fmcsa_census,,,,
standard,359 HAULING LLC,6825062931,mobile,trucking/logistics,ALVARADO,TX,fmcsa_census,,,,
standard,DAVID ELEAZAR MENDOZA,8173239126,mobile,trucking/logistics,ARLINGTON,TX,fmcsa_census,,,,
standard,ROBERT HOPKINS,9153465341,mobile,trucking/logistics,AZLE,TX,fmcsa_census,,,,
standard,SEAN P HARVEY,8172195818,mobile,trucking/logistics,BROCK,TX,fmcsa_census,,,,
standard,JODI MATHENA,8177760166,mobile,trucking/logistics,GRANBURY,TX,fmcsa_census,,,,
standard,LOPEZ PRO TRANSPORTATION LLC,4692688679,mobile,trucking/logistics,HASLET,TX,fmcsa_census,,,,
standard,7K TRANSPORT LLC,8178320655,mobile,trucking/logistics,WEATHERFORD,TX,fmcsa_census,,,,
standard,CT TRUCKING,9318018164,mobile,trucking/logistics,WEATHERFORD,TX,fmcsa_census,,,,
standard,SELECT EQUINE MERCANTILE,8179057371,mobile,trucking/logistics,SPRINGTOWN,TX,fmcsa_census,,,,
standard,DAVID M COX,9407940326,mobile,trucking/logistics,SPRINGTOWN,TX,fmcsa_census,,,,
standard,EAGLE SOLAR POWER LLC,8177818047,mobile,trucking/logistics,MANSFIELD,TX,fmcsa_census,,,,
standard,FOUR W TRANSPORT LLC,8175998764,mobile,trucking/logistics,WEATHERFORD,TX,fmcsa_census,,,,
standard,HULKING CORPORATION,6822303095,mobile,trucking/logistics,JOSHUA,TX,fmcsa_census,,,,
standard,VELOX DBA,2547154316,mobile,trucking/logistics,JOSHUA,TX,fmcsa_census,,,,
standard,KO CONSTRUCTION LLC,9402109330,mobile,trucking/logistics,PARADISE,TX,fmcsa_census,,,,
standard,DAVID'S PATIO LTD,8179953674,mobile,trucking/logistics,SPRINGTOWN,TX,fmcsa_census,,,,
standard,BRAD TANNER,9402294549,mobile,trucking/logistics,MINERAL WELLS,TX,fmcsa_census,,,,
standard,LK TRANSPORT CORPORATE LLC,8172409577,mobile,trucking/logistics,VENUS,TX,fmcsa_census,,,,
standard,CAJUN WIRELINE COMPANY,8179295151,mobile,trucking/logistics,WEATHERFORD,TX,fmcsa_census,,,,
standard,RLD SERVICES LLC,8173435640,mobile,trucking/logistics,PARADISE,TX,fmcsa_census,,,,
standard,COY CARTER,8176296506,mobile,trucking/logistics,WEATHERFORD,TX,fmcsa_census,,,,
standard,SADDLE ROCK TRANSPORT LLC,8179376845,mobile,trucking/logistics,HASLET,TX,fmcsa_census,,,,
standard,TRAVIS RAY TANKSLEY,8175590843,mobile,trucking/logistics,GRANBURY,TX,fmcsa_census,,,,
standard,GOLDEN LINE SERVICES INC,8175657500,mobile,trucking/logistics,WEATHERFORD,TX,fmcsa_census,,,,
standard,J&S TRANSPORT LLC,8173042496,mobile,trucking/logistics,WEATHERFORD,TX,fmcsa_census,,,,
standard,HAUL'N T HOTSHOT SERVICES INC,8179992185,mobile,trucking/logistics,JOSHUA,TX,fmcsa_census,,,,
standard,TERESA MALDONADO MONTANEZ,4693375173,mobile,trucking/logistics,MIDLOTHIAN,TX,fmcsa_census,,,,
standard,HEAVY OVERSIZED EQUIPMENT SERVICES INTERNATIONAL INC,6826157132,mobile,trucking/logistics,SPRINGTOWN,TX,fmcsa_census,,,,
standard,T & T EXPRESS LLC,8173001499,mobile,trucking/logistics,BURLESON,TX,fmcsa_census,,,,
standard,SOVEREIGN FREIGHT SERVICES LLC,8177072187,mobile,trucking/logistics,WEATHERFORD,TX,fmcsa_census,,,,
standard,AMERICAN HOTSHOT LLC,8172901000,mobile,trucking/logistics,GRANBURY,TX,fmcsa_census,,,,
standard,DANIEL TOWNLEY & CARLA TOWNLEY,8176482316,mobile,trucking/logistics,RIO VISTA,TX,fmcsa_census,,,,
standard,TEXAS MADE LOGISTICS LLC,4322025099,mobile,trucking/logistics,JOSHUA,TX,fmcsa_census,,,,
standard,HOMER THOMAS TRUCKING LLC,2145875574,mobile,trucking/logistics,MIDLOTHIAN,TX,fmcsa_census,,,,
standard,R V QUALITY CONCRETE,8172192168,mobile,trucking/logistics,GRANBURY,TX,fmcsa_census,,,,
standard,S&S TRUCKING 1 LLC,8179153931,mobile,trucking/logistics,JOSHUA,TX,fmcsa_census,,,,
standard,JOSE ALEXANDER MALAGON,8173338937,mobile,trucking/logistics,VENUS,TX,fmcsa_census,,,,
standard,P&H PALLET CORPORATION,8177762317,mobile,trucking/logistics,GRANBURY,TX,fmcsa_census,,,,
standard,BUEHLER TRANSFER & STORAGE OF TEXAS LLC,8173494744,mobile,trucking/logistics,FORT WORTH,TX,fmcsa_census,,,,
standard,B&B HOT SHOT LLC,8179886801,mobile,trucking/logistics,MIDLOTHIAN,TX,fmcsa_census,,,,
standard,TROY ONEAL,2144225668,mobile,trucking/logistics,MIDLOTHIAN,TX,fmcsa_census,,,,
standard,EUCALYPTUS PARTNERS LLC,5042564536,mobile,trucking/logistics,VENUS,TX,fmcsa_census,,,,
standard,DANIEL BRADLEY,6404682448,mobile,trucking/logistics,MINERAL WELLS,TX,fmcsa_census,,,,
standard,TRANSPORT SOLUTIONS INCORPORATED,2145458494,mobile,trucking/logistics,MIDLOTHIAN,TX,fmcsa_census,,,,
standard,ANEW SEPTIC LLC,9403710640,mobile,trucking/logistics,PARADISE,TX,fmcsa_census,,,,
standard,STAGNER INDUSTRIES LLC,8174588369,mobile,trucking/logistics,WEATHERFORD,TX,fmcsa_census,,,,
standard,SIMMS LUMBER CO INC,8176137634,mobile,trucking/logistics,WEATHERFORD,TX,fmcsa_census,,,,
standard,PROFAB CONSTRUCTION & SUPPLY,8175658619,mobile,trucking/logistics,MINERAL WELLS,TX,fmcsa_census,,,,
standard,HEBRONS TRANS LOGISTICS LLC,2542288026,mobile,trucking/logistics,MANSFIELD,TX,fmcsa_census,,,,
standard,PEX LOGISTICS LLC,5092009774,mobile,trucking/logistics,SPRINGTOWN,TX,fmcsa_census,,,,
standard,FINLEY TRUCKING LLC,8173199545,mobile,trucking/logistics,WEATHERFORD,TX,fmcsa_census,,,,
standard,TNT HAULING LLC,8174542882,mobile,trucking/logistics,SPRINGTOWN,TX,fmcsa_census,,,,
standard,CLARK'S TRANSPORT LLC,8176820383,mobile,trucking/logistics,PARADISE,TX,fmcsa_census,,,,
standard,CHAMPION GAMES LLC,8177663222,mobile,trucking/logistics,JOSHUA,TX,fmcsa_census,,,,
standard,SHIELDS HOT SHOT & TRANSPORTATION LLC,2146630167,mobile,trucking/logistics,GRANBURY,TX,fmcsa_census,,,,
standard,AEA TRUCKING LLC,9402738416,mobile,trucking/logistics,HASLET,TX,fmcsa_census,,,,
standard,RY DELIVERY LLC,2147807680,mobile,trucking/logistics,JOSHUA,TX,fmcsa_census,,,,
standard,MATTHEW GREEN ENTERPRISES INC,8173199027,mobile,trucking/logistics,HASLET,TX,fmcsa_census,,,,
standard,RND24 CONSTRUCTION LLC,8176919537,mobile,trucking/logistics,WEATHERFORD,TX,fmcsa_census,,,,
standard,AUGUST STANISLAWSKI,8176258984,mobile,trucking/logistics,FT WORTH,TX,fmcsa_census,,,,
standard,RAMING TRANSPORT LLC,6822291969,mobile,trucking/logistics,BURLESON,TX,fmcsa_census,,,,
standard,WASHINGTON ROAD MATERIALS LLC,9703173333,mobile,trucking/logistics,MANSIELD,TX,fmcsa_census,,,,
standard,BENSON FREIGHT SYSTEMS INC,8178213503,mobile,trucking/logistics,BURLESON,TX,fmcsa_census,,,,
standard,EARL PEVEHOUSE,8172011959,mobile,trucking/logistics,SPRINGTOWN,TX,fmcsa_census,,,,
standard,CRESCENT CITY EXPRESS CONNECTION LLC,6822694544,mobile,trucking/logistics,MANSFIELD,TX,fmcsa_census,,,,
standard,BALVANTIN TRUCKING LLC,9404454401,mobile,trucking/logistics,MINERAL WELLS,TX,fmcsa_census,,,,
standard,RELIABLE FINISH LLC,6822991599,mobile,trucking/logistics,FORT WORTH,TX,fmcsa_census,,,,
standard,ALEJANDRO MOTA JR,4697613275,mobile,trucking/logistics,FORT WORTH,TX,fmcsa_census,,,,
standard,AMG NATIONAL GROUP LLC,2146078085,mobile,trucking/logistics,FORT WORTH,TX,fmcsa_census,,,,
standard,RAY'S TRUCK LINE INC,8175382585,mobile,trucking/logistics,FORT WORTH,TX,fmcsa_census,,,,
standard,CHRISTOPHER ANDREW HERRERA,8177791472,mobile,trucking/logistics,FORT WORTH,TX,fmcsa_census,,,,
standard,MARIO ANTONIO NUNEZ,8173538181,mobile,trucking/logistics,FORT WORTH,TX,fmcsa_census,,,,
standard,KUPALE EXPRESS LLC,6825575999,mobile,trucking/logistics,FORT WORTH,TX,fmcsa_census,,,,
standard,FORT WORTH I S D,8175316400,mobile,trucking/logistics,FORT WORTH,TX,fmcsa_census,,,,
standard,O'S WASTE INC,8173786241,mobile,trucking/logistics,FORT WORTH,TX,fmcsa_census,,,,
standard,EZ INSTALLS LLC,7542521192,mobile,trucking/logistics,FORT WORTH,TX,fmcsa_census,,,,
standard,FASTRAC TRANSPORTATION,6823001443,mobile,trucking/logistics,FORT WORTH,TX,fmcsa_census,,,,
standard,JEREMY WARNER,8172107741,mobile,trucking/logistics,FORT WORTH,TX,fmcsa_census,,,,
standard,KINGDOM FREIGHT SOLUTIONS LLC,8179945870,mobile,trucking/logistics,FORT WORTH,TX,fmcsa_census,,,,
standard,TEN10 LOGISTICS LLC,6823086261,mobile,trucking/logistics,GRAPEVINE,TX,fmcsa_census,,,,
standard,S-N-G TRANSPORT LLC,2144008336,mobile,trucking/logistics,MIDLOTHIAN,TX,fmcsa_census,,,,
standard,FORTIO LOGISTICS LLC,2146206545,mobile,trucking/logistics,GRAPEVINE,TX,fmcsa_census,,,,
standard,MADER ENERGY LLC,8179144336,mobile,trucking/logistics,FORT WORTH,TX,fmcsa_census,,,,
standard,JRB TRUCKING LLC,6825540995,mobile,trucking/logistics,MANSFIELD,TX,fmcsa_census,,,,
standard,MAYA TRUCKING INC,8178813697,mobile,trucking/logistics,ARLINGTON,TX,fmcsa_census,,,,
standard,ELDER VILLAGE EULESS LLC,6823774647,mobile,trucking/logistics,EULESS,TX,fmcsa_census,,,,
standard,T&D FREIGHT LLC,2142827967,mobile,trucking/logistics,ARLINGTON,TX,fmcsa_census,,,,
standard,PINNACLE PATH VENTURES,4693586577,mobile,trucking/logistics,ARLINGTON,TX,fmcsa_census,,,,
standard,DON GARRETT TRUCKING INC,8172393365,mobile,trucking/logistics,ARLINGTON,TX,fmcsa_census,,,,
standard,GKING ENTERPRISES,5753992203,mobile,trucking/logistics,EULESS,TX,fmcsa_census,,,,
standard,RMS FREIGHT SOLUTIONS LLC,8178847854,mobile,trucking/logistics,EULESS,TX,fmcsa_census,,,,
standard,MARTIN MORALES GONZALEZ,8176090350,mobile,trucking/logistics,CRESSON,TX,fmcsa_census,,,,
standard,VDLC TRANSPORT LLC,4698310088,mobile,trucking/logistics,ARLINGTON,TX,fmcsa_census,,,,
standard,NICODEMUS ONGORO,4698780375,mobile,trucking/logistics,ARLINGTON,TX,fmcsa_census,,,,
standard,CARBON ENVIRONMENTAL LLC,8176822440,mobile,trucking/logistics,ALVARADO,TX,fmcsa_census,,,,
standard,MICHELLE CAMPOS,6829700577,mobile,trucking/logistics,CLEBURNE,TX,fmcsa_census,,,,
standard,ROSA TRUCKING LLC,6823338952,mobile,trucking/logistics,ARLINGTON,TX,fmcsa_census,,,,
standard,JESUS A VARA,6822986575,mobile,trucking/logistics,ARLINGTON,TX,fmcsa_census,,,,
standard,EXHIBITORS HOUSING INC,8634581700,mobile,trucking/logistics,ARLINGTON,TX,fmcsa_census,,,,
standard,KEVIN THOUVENEL,8179805369,mobile,trucking/logistics,CRESSON,TX,fmcsa_census,,,,
standard,KHANTY SOUPHANKHAISY,8179943640,mobile,trucking/logistics,EULESS,TX,fmcsa_census,,,,
standard,LEON TRUCKING LLC,6824082396,mobile,trucking/logistics,ARLINGTON,TX,fmcsa_census,,,,
standard,ADAM M TRANSPORTATION LLC,2677016140,mobile,trucking/logistics,ARLINGTON,TX,fmcsa_census,,,,
standard,VAZQUEZ CONCRETE LLC,6829665768,mobile,trucking/logistics,ALVARADO,TX,fmcsa_census,,,,
standard,J & M EXCAVATION,8173070716,mobile,trucking/logistics,AZLE,TX,fmcsa_census,,,,
standard,PYCON CONSTRUCTION INC,8179292632,mobile,trucking/logistics,CLEBURNE,TX,fmcsa_census,,,,
standard,BENNIE MIETH,8172405585,mobile,trucking/logistics,CLEBURNE,TX,fmcsa_census,,,,
standard,KEMAXCO INC,2142849762,mobile,trucking/logistics,EULESS,TX,fmcsa_census,,,,
standard,CLARICE N JEFFERSON,8176849924,mobile,trucking/logistics,EULESS,TX,fmcsa_census,,,,
standard,EXPRESS SIXTY MINUTES DELIVERY SERVICE,8176807451,mobile,trucking/logistics,ARLINGTON,TX,fmcsa_census,,,,
standard,GSR TRANSPORT LIMITED LIABILITY COMPANY,8065592280,mobile,trucking/logistics,ARLINGTON,TX,fmcsa_census,,,,
standard,TEXAS AUTOSPORTS FM LLC,6024321751,mobile,trucking/logistics,CRESSON,TX,fmcsa_census,,,,
standard,LANCE HAYNES,9729719184,mobile,trucking/logistics,ARLINGTON,TX,fmcsa_census,,,,
standard,TMA3 TRANSPORTATION LLC,8179052998,mobile,trucking/logistics,ARLINGTON,TX,fmcsa_census,,,,
standard,DUSTIN DEAN,8179176730,mobile,trucking/logistics,CLEBURNE,TX,fmcsa_census,,,,
standard,FAITHWAY TRANSPORT LLC,6829360207,mobile,trucking/logistics,CRESSON,TX,fmcsa_census,,,,
standard,JAIRO TRUCKING LLC,6822486013,mobile,trucking/logistics,ARLINGTON,TX,fmcsa_census,,,,
standard,FREIGHT FUSION LLC,4698499614,mobile,trucking/logistics,AZLE,TX,fmcsa_census,,,,
standard,INDEPENDENT CARRIERS OF NORTH AMERICA INC,9197308382,mobile,trucking/logistics,ARLINGTON,TX,fmcsa_census,,,,
standard,TRIDENT TRANSPORTATION AND LOGISTICS LLC,9723587867,mobile,trucking/logistics,CLEBURNE,TX,fmcsa_census,,,,
standard,DS TRUCKING LLC,8178640273,mobile,trucking/logistics,EULESS,TX,fmcsa_census,,,,
standard,T & L LOGISTICS LLC,2146005975,mobile,trucking/logistics,ARLINGTON,TX,fmcsa_census,,,,
standard,R GALVIN TRANSPORTATION LLC,8176791517,mobile,trucking/logistics,ARLINGTON,TX,fmcsa_census,,,,
standard,SIX DUECE EXPRESS,6828470177,mobile,trucking/logistics,ARLINGTON,TX,fmcsa_census,,,,
standard,KB MINER LOGISTICS,4434332618,mobile,trucking/logistics,CLEBURNE,TX,fmcsa_census,,,,
standard,BTC LOGISTICS LLC,2149985908,mobile,trucking/logistics,ARLINGTON,TX,fmcsa_census,,,,
standard,CROSS UNLIMITED TRUCKING L L C,4696010630,mobile,trucking/logistics,EULESS,TX,fmcsa_census,,,,
standard,S&S SYNCHRONIZE LOGISTICS LLC,5014257172,mobile,trucking/logistics,CLEBURNE,TX,fmcsa_census,,,,
standard,SIZELOVE CONSTRUCTION COMPANY,2148786310,mobile,trucking/logistics,EULESS,TX,fmcsa_census,,,,
standard,ENTOURAGE LIMO SERVICE LLC,8173433203,mobile,trucking/logistics,ARLINGTON,TX,fmcsa_census,,,,
standard,THE ARLINGTON AUTO YARD LLC,2147747207,mobile,trucking/logistics,ARLINGTON,TX,fmcsa_census,,,,
standard,GODSPEED LLC,7372228802,mobile,trucking/logistics,ARLINGTON,TX,fmcsa_census,,,,
standard,J&A TORRES LLC,6823406192,mobile,trucking/logistics,ARLINGTON,TX,fmcsa_census,,,,
standard,ROLL OUT LOGISTICS INCORPORATED,8179483450,mobile,trucking/logistics,AZLE,TX,fmcsa_census,,,,
standard,MFH EXPRESS LLC,6823136694,mobile,trucking/logistics,ARLINGTON,TX,fmcsa_census,,,,
standard,ARMY OF THE LORD TRANSPORT-AOL LLC,2252443006,mobile,trucking/logistics,FORT WORTH,TX,fmcsa_census,,,,
standard,D LIGHT- FULL TRANSPORTS LLC,8177051353,mobile,trucking/logistics,FORT WORTH,TX,fmcsa_census,,,,
standard,MARK A GIBSON SR,7064951239,mobile,trucking/logistics,MIDLOTHIAN,TX,fmcsa_census,,,,
standard,JJF FREIGHT LLC,8179009201,mobile,trucking/logistics,FORT WORTH,TX,fmcsa_census,,,,
standard,DONATO,3123617493,mobile,trucking/logistics,FORT WORTH,TX,fmcsa_census,,,,
standard,JEFFLYN VENTURES LLC,2144300539,mobile,trucking/logistics,MIDLOTHIAN,TX,fmcsa_census,,,,
standard,ANDIS LITTLE LIFESAVER LOGISTICS LLC,2144447640,mobile,trucking/logistics,GRAPEVINE,TX,fmcsa_census,,,,
standard,LILALEX EXPRESS TRANS LLC,9729000822,mobile,trucking/logistics,MIDLOTHIAN,TX,fmcsa_census,,,,
standard,KHEPERA LOGISTICS & INNOVATIVE SOLUTIONS LLC,4693640787,mobile,trucking/logistics,MIDLOTHIAN,TX,fmcsa_census,,,,
standard,RUBEN M PEREZ,8179688569,mobile,trucking/logistics,FORT WORTH,TX,fmcsa_census,,,,
standard,CDC HAULING SERVICES LLC,8178810315,mobile,trucking/logistics,FORT WORTH,TX,fmcsa_census,,,,
standard,AMG ELITE LOGISTICS LLC,2144378407,mobile,trucking/logistics,MANSFIELD,TX,fmcsa_census,,,,
standard,TRIUMPH TRUCKING LLC,4692072472,mobile,trucking/logistics,FORT WORTH,TX,fmcsa_census,,,,
standard,JESUS N PUERTA SALAS,8174085653,mobile,trucking/logistics,FORT WORTH,TX,fmcsa_census,,,,
standard,FLOYD TRUCKING LLC,6823597309,mobile,trucking/logistics,FORT WORTH,TX,fmcsa_census,,,,
standard,BLUE BIRD FREIGHT SERVICES INC,8177390380,mobile,trucking/logistics,MIDLOTHIAN,TX,fmcsa_census,,,,
standard,LANCE BYRD,8179848533,mobile,trucking/logistics,FORT WORTH,TX,fmcsa_census,,,,
standard,DSD TRANSPORT SERVICES LLC,8175424315,mobile,trucking/logistics,MANSFIELD,TX,fmcsa_census,,,,
standard,IKE&DON TRUCKING LLC,8172309792,mobile,trucking/logistics,FORT WORTH,TX,fmcsa_census,,,,
standard,THE ADVENTURES HEIGHTS INVESTMENTS CORPORATION,4699514404,mobile,trucking/logistics,MANSFIELD,TX,fmcsa_census,,,,
standard,CMB OTR TRUCKING LLC,6822217468,mobile,trucking/logistics,FORT WORTH,TX,fmcsa_census,,,,
standard,CROCKETT TRANSPORTATION AND LOGISTICS LLC,6828005033,mobile,trucking/logistics,MANSFIELD,TX,fmcsa_census,,,,
standard,"SELECT LANE LOGISTICS, LLC",8179157984,mobile,trucking/logistics,MANSFIELD,TX,fmcsa_census,,,,
standard,ALPHA US LOGISTICS LLC,8173612371,mobile,trucking/logistics,FORT WORTH,TX,fmcsa_census,,,,
standard,LONG SHOT POWER WASH LLC,9796762861,mobile,trucking/logistics,MIDLOTHIAN,TX,fmcsa_census,,,,
standard,JRH TRANSPORT SERVICES LLC,4693460488,mobile,trucking/logistics,FORT WORTH,TX,fmcsa_census,,,,
standard,LAFFERTY BUSINESS GROUP,8177272099,mobile,trucking/logistics,GRAPEVINE,TX,fmcsa_census,,,,
standard,S OWENS TRUCKING LLC,6825580317,mobile,trucking/logistics,FORT WORTH,TX,fmcsa_census,,,,
standard,4 ACES TRUCKING LLC,4323059802,mobile,trucking/logistics,FORT WORTH,TX,fmcsa_census,,,,
standard,NEMA 3 ELECTRICAL CONTRACTORS INC,2148695191,mobile,trucking/logistics,MIDLOTHIAN,TX,fmcsa_census,,,,
standard,THOMAS WRECKER SERVICE INC,8173321757,mobile,trucking/logistics,FORT WORTH,TX,fmcsa_census,,,,
standard,MAXIMINO GARCIA JR,8172984608,mobile,trucking/logistics,FORT WORTH,TX,fmcsa_census,,,,
standard,NEXT UP LOGISTICS INC,6827173138,mobile,trucking/logistics,MANSFIELD,TX,fmcsa_census,,,,
standard,READY TO GO INC,8179996804,mobile,trucking/logistics,GRAPEVINE,TX,fmcsa_census,,,,
standard,DECOCRETE INC,8179120080,mobile,trucking/logistics,GRAPEVINE,TX,fmcsa_census,,,,
standard,REDMOND & COMPANY,7083076536,mobile,trucking/logistics,MANSFIELD,TX,fmcsa_census,,,,
standard,3G DELIVERY LLC,6824725773,mobile,trucking/logistics,MIDLOTHIAN,TX,fmcsa_census,,,,
standard,E-Z CHARTERS LLC,8178847616,mobile,trucking/logistics,FORT WORTH,TX,fmcsa_census,,,,
standard,BEAU JENNINGS,8174031832,mobile,trucking/logistics,GRAPEVINE,TX,fmcsa_census,,,,
standard,KORBIN INSULATION SYSTEMS LLC,8174243028,mobile,trucking/logistics,GRAPEVINE,TX,fmcsa_census,,,,
standard,RANGER FIRE,6822259668,mobile,trucking/logistics,GRAPEVINE,TX,fmcsa_census,,,,
standard,B&D TRANSPORT LLC,4322484687,mobile,trucking/logistics,GRAPEVINE,TX,fmcsa_census,,,,
standard,FLEXFRAC LOGISTICS LLC,8177341296,mobile,trucking/logistics,FORT WORTH,TX,fmcsa_census,,,,
standard,K & N ELECTRIC INC,8176589834,mobile,trucking/logistics,FORT WORTH,TX,fmcsa_census,,,,
standard,KD TRANSPORTATION,8176918423,mobile,trucking/logistics,FORT WORTH,TX,fmcsa_census,,,,
standard,VERACITY FREIGHT LLC,2147766738,mobile,trucking/logistics,FORT WORTH,TX,fmcsa_census,,,,
standard,ATRANS INC,8174211110,mobile,trucking/logistics,GRAPEVINE,TX,fmcsa_census,,,,
standard,KIO TRANSPORTATION LLC,4698352753,mobile,trucking/logistics,MANSFIELD,TX,fmcsa_census,,,,
standard,GKG CONTRACTORS LLC,6822494952,mobile,trucking/logistics,FORT WORTH,TX,fmcsa_census,,,,
standard,E ALLEN CONSTRUCTION SUPPLY INC,8176247095,mobile,trucking/logistics,FT WORTH,TX,fmcsa_census,,,,
standard,SUMMIT HAULING LLC,9452170607,mobile,trucking/logistics,FORT WORTH,TX,fmcsa_census,,,,
standard,3 D TOWING AND AUTO TRANSPORT INC,2143250291,mobile,trucking/logistics,MIDLOTHIAN,TX,fmcsa_census,,,,
standard,PIPKINS EXPRESS TRUCKING LLC,4697126876,mobile,trucking/logistics,MANSFIELD,TX,fmcsa_census,,,,
standard,DEAN BATTEY,9724898013,mobile,trucking/logistics,MIDLOTHIAN,TX,fmcsa_census,,,,
standard,TOTER TRUCKING LLC,9728275851,mobile,trucking/logistics,FORT WORTH,TX,fmcsa_census,,,,
standard,COMPLETE GAME TRANSPORT,9727655425,mobile,trucking/logistics,MIDLOTHIAN,TX,fmcsa_census,,,,
standard,ATLAS FREIGHTWAYS LLC,16824789436,mobile,trucking/logistics,FORT WORTH,TX,fmcsa_census,,,,
standard,TRANSPORT SOLUTIONS,2145332823,mobile,trucking/logistics,MIDLOTHIAN,TX,fmcsa_census,,,,
standard,ON-SCENE LAND WORKS LLC,9722680825,mobile,trucking/logistics,MIDLOTHIAN,TX,fmcsa_census,,,,
standard,INLAND CONTRACTING LLC,6828044878,mobile,trucking/logistics,FORT WORTH,TX,fmcsa_census,,,,
standard,D R E TRUCKING LLC,6825824835,mobile,trucking/logistics,FORT WORTH,TX,fmcsa_census,,,,
standard,COUNTRY BOY JAMES LLC,2148934879,mobile,trucking/logistics,MANSFIELD,TX,fmcsa_census,,,,
standard,ULTIMATE FREIGHT BROKERING LLC,8173810345,mobile,trucking/logistics,GRAPEVINE,TX,fmcsa_census,,,,
standard,BERMUDEZ EXPRESS LLC,8177515586,mobile,trucking/logistics,MIDLOTHIAN,TX,fmcsa_census,,,,
standard,ONEQ LOGISTICS,2145172308,mobile,trucking/logistics,MANSFIELD,TX,fmcsa_census,,,,
standard,SURE HAUL LLC,8177331407,mobile,trucking/logistics,GRAPEVINE,TX,fmcsa_census,,,,
standard,EAGLE EXPRESS1 LLC,8179030892,mobile,trucking/logistics,GRAPEVINE,TX,fmcsa_census,,,,
standard,ZIGGY LSV INC,2144548425,mobile,trucking/logistics,GRAPEVINE,TX,fmcsa_census,,,,
standard,EDWYN TRUCKING LLC,8172433314,mobile,trucking/logistics,FORT WORTH,TX,fmcsa_census,,,,
standard,MAB EXCAVATION LLC,8173004910,mobile,trucking/logistics,FORT WORTH,TX,fmcsa_census,,,,
standard,RICHARD GUNN,2147552054,mobile,trucking/logistics,AZLE,TX,fmcsa_census,,,,
standard,7JS HAULING LLC,8172400804,mobile,trucking/logistics,CLEBURNE,TX,fmcsa_census,,,,
standard,217 AUTOMOTIVE LLC,9402730982,mobile,trucking/logistics,ARLINGTON,TX,fmcsa_census,,,,
standard,WALKER TRUCKING,8175561793,mobile,trucking/logistics,ALVARADO,TX,fmcsa_census,,,,
standard,ARA SELF EMPOWERMENT LLC,8175265102,mobile,trucking/logistics,CLEBURNE,TX,fmcsa_census,,,,
standard,OLI TRANSPORT LLC,8176768711,mobile,trucking/logistics,AZLE,TX,fmcsa_census,,,,
standard,LAQUNA P PUNCH,6158288187,mobile,trucking/logistics,ARLINGTON,TX,fmcsa_census,,,,
standard,TRUCKING A R LLC,5093468301,mobile,trucking/logistics,FORT WORTH,TX,fmcsa_census,,,,
standard,KASPER GLOBAL LLC,9728322898,mobile,trucking/logistics,GRAPEVINE,TX,fmcsa_census,,,,
standard,JUAN ANTONIO DURAN,8173083407,mobile,trucking/logistics,FORT WORTH,TX,fmcsa_census,,,,
standard,DYNAMIC TRANSPORT LOGISTIC LLC,8172178868,mobile,trucking/logistics,MANSFIELD,TX,fmcsa_census,,,,
standard,M & M X-PRESS SERVICE LTD,8175322043,mobile,trucking/logistics,GRAPEVINE,TX,fmcsa_census,,,,
standard,A&W INDUSTRIES,8174813577,mobile,trucking/logistics,GRAPEVINE,TX,fmcsa_census,,,,
standard,2DOUBLE R TRUCKING LLC,6825599469,mobile,trucking/logistics,FORT WORTH,TX,fmcsa_census,,,,
standard,BELLINGTON LOGISTICS LLC,4694929258,mobile,trucking/logistics,GRAPEVINE,TX,fmcsa_census,,,,
standard,DURANGO TOURS & F,8179132222,mobile,trucking/logistics,FORT WORTH,TX,fmcsa_census,,,,
standard,SEAN R TAYLOR CONSULTING,8174226833,mobile,trucking/logistics,MANSFIELD,TX,fmcsa_census,,,,
standard,RENE COLUNGA,8179136871,mobile,trucking/logistics,MANSFIELD,TX,fmcsa_census,,,,
standard,EYE1 GLOBAL SERVICES LLC,2143345376,mobile,trucking/logistics,MANSFIELD,TX,fmcsa_census,,,,
standard,FANCOIN INC,4692304446,mobile,trucking/logistics,MANSFIELD,TX,fmcsa_census,,,,
standard,NEW GENERATION TRANSPORTATION LLC,7328517419,mobile,trucking/logistics,MANSFIELD,TX,fmcsa_census,,,,
standard,ZAMHYRIN LLC,8176913481,mobile,trucking/logistics,GRAPEVINE,TX,fmcsa_census,,,,
standard,STEVEN E DOOLIN,8176820652,mobile,trucking/logistics,MANSFIELD,TX,fmcsa_census,,,,
standard,WOW LOGISTICAL SOLUTIONS LLC,9729781468,mobile,trucking/logistics,GRAPEVINE,TX,fmcsa_census,,,,
standard,GENERAL PETROLEUM LLC,8655994204,mobile,trucking/logistics,GRAPEVINE,TX,fmcsa_census,,,,
standard,RICH OFF TRUCKING LLC,8172531703,mobile,trucking/logistics,GRAPEVINE,TX,fmcsa_census,,,,
standard,TREVINO MANAGEMENT LLC,8179801524,mobile,trucking/logistics,MANSFIELD,TX,fmcsa_census,,,,
standard,ATTIE LOGISTICS LLC,4699895635,mobile,trucking/logistics,GRAPEVINE,TX,fmcsa_census,,,,
standard,SEAMLESS EXPRESS TRUCKING LLC,6823471635,mobile,trucking/logistics,GRAPEVINE,TX,fmcsa_census,,,,
standard,TRUCK AND ROLE LLC,4697333667,mobile,trucking/logistics,GRAPEVINE,TX,fmcsa_census,,,,
standard,ASAP EXPRESS LLC,2144409555,mobile,trucking/logistics,GRAPEVINE,TX,fmcsa_census,,,,
standard,PBM LOGISTICS LLC,8174891988,mobile,trucking/logistics,GRAPEVINE,TX,fmcsa_census,,,,
standard,WE ARE LEGENDS LLC,6829999785,mobile,trucking/logistics,GRAPEVINE,TX,fmcsa_census,,,,
standard,ZOLIA LOGISTICS LLC,6307779432,mobile,trucking/logistics,MANSFIELD,TX,fmcsa_census,,,,
standard,PARKER COUNTY WRECKER SERVICE INC,8175979101,mobile,trucking/logistics,WEATHERFORD,TX,fmcsa_census,,,,
standard,A6 RANCHES AND TRUCKING LLC,8172623551,mobile,trucking/logistics,MANSFIELD,TX,fmcsa_census,,,,
standard,CHROME COWBOY TRUCKING LLC,8176946104,mobile,trucking/logistics,MANSFIELD,TX,fmcsa_census,,,,
standard,ZAVALA ROOFING LLC DBA NORTH ROOFING AND CONSTRUCTION,8178080367,mobile,trucking/logistics,MANSFIELD,TX,fmcsa_census,,,,
standard,MARIELA FABIOLA GARCIA-CASTILLO,6828626037,mobile,trucking/logistics,MANSFIELD,TX,fmcsa_census,,,,
standard,BLUE SKYLAND EXPRESS INC,8174815560,mobile,trucking/logistics,GRAPEVINE,TX,fmcsa_census,,,,
standard,VITAL CONSULTING LLC,8172025626,mobile,trucking/logistics,MANSFIELD,TX,fmcsa_census,,,,
standard,ALLIED ACIDIZING LLC,8175463358,mobile,trucking/logistics,SOUTHLAKE,TX,fmcsa_census,,,,
standard,TENCO TRANSPORTATION,8174814413,mobile,trucking/logistics,GRAPEVINE,TX,fmcsa_census,,,,
standard,FRONTIER BOLT COMPANY OF TEXAS INC,8174775319,mobile,trucking/logistics,MANSFIELD,TX,fmcsa_census,,,,
standard,CONVEYORS INC,8174773151,mobile,trucking/logistics,MANSFIELD,TX,fmcsa_census,,,,
standard,NEW AGE WALKER'S LLC,6825184656,mobile,trucking/logistics,MANSFIELD,TX,fmcsa_census,,,,
standard,BLACKJACK TOWING LLC,6824018935,mobile,trucking/logistics,MANSFIELD,TX,fmcsa_census,,,,
standard,AWARD WAY ENTERPRISE LLC,7734148050,mobile,trucking/logistics,MANSFIELD,TX,fmcsa_census,,,,
standard,PENNIES TRUCKING ACADEMY,9722613468,mobile,trucking/logistics,GRAPEVINE,TX,fmcsa_census,,,,
standard,EAGLE ABD TRANSPORTATION LLC,6822844429,mobile,trucking/logistics,MANSFIELD,TX,fmcsa_census,,,,
standard,E & R BOYD TRANSPORTATION LLC,6825977375,mobile,trucking/logistics,MANSFIELD,TX,fmcsa_census,,,,
standard,ALEJANDRA E HERNANDEZ,8174049249,mobile,trucking/logistics,FORT WORTH,TX,fmcsa_census,,,,
standard,ROSCOE TATUM,8172283638,mobile,trucking/logistics,FORT WORTH,TX,fmcsa_census,,,,
standard,FUEL THE GENERATOR OUTDOORS LLC,6823295478,mobile,trucking/logistics,FORT WORTH,TX,fmcsa_census,,,,
standard,EXPRESS LOTS LLC,8177082880,mobile,trucking/logistics,HALTOM CITY,TX,fmcsa_census,,,,
standard,LUXE CARRIER LLC,4698379723,mobile,trucking/logistics,FORT WORTH,TX,fmcsa_census,,,,
standard,3RD FREIGHT BROKERAGE FIRM,2542065784,mobile,trucking/logistics,FORT WORTH,TX,fmcsa_census,,,,
standard,BASKIN BUSINESS CONSULTING LLC,8172011665,mobile,trucking/logistics,FORT WORTH,TX,fmcsa_census,,,,
standard,BERTHA A RODRIGUEZ,6822216213,mobile,trucking/logistics,HALTOM CITY,TX,fmcsa_census,,,,
standard,HG ELITE ASPHALT LLC,8178992791,mobile,trucking/logistics,FORTH WORTH,TX,fmcsa_census,,,,
standard,WATSON INC,8173124118,mobile,trucking/logistics,FORT WORTH,TX,fmcsa_census,,,,
standard,TEAMBLUE LLC.,2142186132,mobile,trucking/logistics,HALTOM CITY,TX,fmcsa_census,,,,
standard,TAS ENTERPRISES LLC,6822219833,mobile,trucking/logistics,FORT WORTH,TX,fmcsa_census,,,,
standard,BELLAS TRANSPORTS,4696986435,mobile,trucking/logistics,HALTOM CITY,TX,fmcsa_census,,,,
standard,A & J TOWING LLC,6822200841,mobile,trucking/logistics,FORT WORTH,TX,fmcsa_census,,,,
standard,SCHOMBURG EDDIE,8172494246,mobile,trucking/logistics,FORT WORTH,TX,fmcsa_census,,,,
standard,REYLEON LOGISTICS LLC,9453412292,mobile,trucking/logistics,HURST,TX,fmcsa_census,,,,
standard,SERVICE WASTE INC,8179242717,mobile,trucking/logistics,FORT WORTH,TX,fmcsa_census,,,,
standard,DIMAR SERVICES LLC,6823517631,mobile,trucking/logistics,FORT WORTH,TX,fmcsa_census,,,,
standard,REED JACOBS LLC,8177216538,mobile,trucking/logistics,FORT WORTH,TX,fmcsa_census,,,,
standard,DALAH TRUCKING LLC,2146160502,mobile,trucking/logistics,HURST,TX,fmcsa_census,,,,
standard,R R3 TRUCKING LLC,8175423112,mobile,trucking/logistics,FORT WORTH,TX,fmcsa_census,,,,
standard,LAINEZ TRANSPORTATION TX LLC,8177068599,mobile,trucking/logistics,FORT WORTH,TX,fmcsa_census,,,,
standard,CRYSTAL LA-VON MASON HOBBS,4695166609,mobile,trucking/logistics,FORT WORTH,TX,fmcsa_census,,,,
standard,H MENDOZA TRUCKING LLC,8173026704,mobile,trucking/logistics,FORT WORTH,TX,fmcsa_census,,,,
standard,PATRICIA BUSAKWE,2145464910,mobile,trucking/logistics,FORT WORTH,TX,fmcsa_census,,,,
standard,IN HIS HANDS TRANSPORT SERVICES LLC,2146765722,mobile,trucking/logistics,FORT WORTH,TX,fmcsa_census,,,,
standard,IN HIS HANDS TRANSPORT SERVICES LLC,6824291196,mobile,trucking/logistics,FORT WORTH,TX,fmcsa_census,,,,
standard,DENOLUS O HOWARD,8178414105,mobile,trucking/logistics,HURST,TX,fmcsa_census,,,,
standard,ROBERT GIRON,8172311288,mobile,trucking/logistics,FORT WORTH,TX,fmcsa_census,,,,
standard,BIG STATE TRANSPORT LLC,8177031980,mobile,trucking/logistics,FORT WORTH,TX,fmcsa_census,,,,
standard,U CALL IT TRANSPORTATION LLC,8172099572,mobile,trucking/logistics,FORT WORTH,TX,fmcsa_census,,,,
standard,EMMANUEL PEREZ-MARTINEZ,8178525991,mobile,trucking/logistics,FORT WORTH,TX,fmcsa_census,,,,
standard,MOISES RENTERIA GNERECA,8174058244,mobile,trucking/logistics,HALTOM CITY,TX,fmcsa_census,,,,
standard,TRAS COLE MCVEAY,9033888056,mobile,trucking/logistics,BUFFALO,TX,fmcsa_census,,,,
standard,QUIKSILVER TRANSPORT,8173541518,mobile,trucking/logistics,EULESS,TX,fmcsa_census,,,,
standard,TEXAS LUNAR TRANSPORTATION LLC,6827018862,mobile,trucking/logistics,ARLINGTON,TX,fmcsa_census,,,,
standard,WAPWAP CORP,3522815555,mobile,trucking/logistics,ARLINGTON,TX,fmcsa_census,,,,
standard,BILT LOGISTICS,4049096449,mobile,trucking/logistics,FORT WORTH,TX,fmcsa_census,,,,
standard,JOSE ISRRAEL SANTIAGO RODRIGUEZ,4687784519,mobile,trucking/logistics,FORT WORTH,TX,fmcsa_census,,,,
standard,ANDRES GARCIA TRANSPORTATION,7868034786,mobile,trucking/logistics,FORT WORTH,TX,fmcsa_census,,,,
standard,LOAD UP TRANSPORTATION LLC,8178356122,mobile,trucking/logistics,FORT WORTH,TX,fmcsa_census,,,,
standard,SILVER LANES SOLUTIONS LLC,8563082206,mobile,trucking/logistics,BENBROOK,TX,fmcsa_census,,,,
standard,WHEELS ON THE GROUND LLC,3134106103,mobile,trucking/logistics,FORT WORTH,TX,fmcsa_census,,,,
standard,COORDINATED SOLUTIONS LLC,8322836195,mobile,trucking/logistics,FORT WORTH,TX,fmcsa_census,,,,
standard,XCLUESO LLC,8323604850,mobile,trucking/logistics,FORT WORTH,TX,fmcsa_census,,,,
standard,FOREVER MONEY MINDED,4692316465,mobile,trucking/logistics,FORT WORTH,TX,fmcsa_census,,,,
standard,BEARCLAW EXPRESS LLC,8177918039,mobile,trucking/logistics,FORT WORTH,TX,fmcsa_census,,,,
standard,ROGER SERNA AND ABREL SERNA,8177164593,mobile,trucking/logistics,FORT WORTH,TX,fmcsa_census,,,,
standard,IVANS WRECKER & RECOVERY LLC,4697661891,mobile,trucking/logistics,FORT WORTH,TX,fmcsa_census,,,,
standard,GIFTED & CHOSEN LOGISTICS LLC,8178992185,mobile,trucking/logistics,FORT WORTH,TX,fmcsa_census,,,,
standard,VAN ZANDT SUPPLY LTD,8179275759,mobile,trucking/logistics,FORT WORTH,TX,fmcsa_census,,,,
standard,SPRINGERS LEGACY TRANSPORTATION,8174755879,mobile,trucking/logistics,HURST,TX,fmcsa_census,,,,
standard,CRIS TRANSPORTATION LLC,6822989756,mobile,trucking/logistics,BENBROOK,TX,fmcsa_census,,,,
standard,HAUL & ALL TRUCKING LLC,6822183000,mobile,trucking/logistics,FORT WORTH,TX,fmcsa_census,,,,
standard,REMAR TRUCKING LLC,8179866513,mobile,trucking/logistics,FORT WORTH,TX,fmcsa_census,,,,
standard,MA2 TRUCKING INC,8178459851,mobile,trucking/logistics,FORT WORTH,TX,fmcsa_census,,,,
standard,PAMELA KAY MCGINTY,8178000185,mobile,trucking/logistics,FOREST HILL,TX,fmcsa_census,,,,
standard,MAZEZE TRUCKING LLC,8595516656,mobile,trucking/logistics,FORT WORTH,TX,fmcsa_census,,,,
standard,ENDURANCE TRANSPORT CO LLC,8174377788,mobile,trucking/logistics,FORT WORTH,TX,fmcsa_census,,,,
standard,T&P FLORIDA INC,5127918835,mobile,trucking/logistics,HURST,TX,fmcsa_census,,,,
standard,HOME OF COMMERCE AND TRANSPORTATION,8178914353,mobile,trucking/logistics,FORT WORTH,TX,fmcsa_census,,,,
standard,AC3 AUTO TRANSPORT LLC,8173612576,mobile,trucking/logistics,HURST,TX,fmcsa_census,,,,
standard,RELIASPEED LOGISTICS LLC,6825578189,mobile,trucking/logistics,FORT WORTH,TX,fmcsa_census,,,,
standard,BOGAR TRANSPORTATION LLC,8176752843,mobile,trucking/logistics,FORT WORTH,TX,fmcsa_census,,,,
standard,EASY TRUCKING EXP LLC,8179878345,mobile,trucking/logistics,FOREST HILL,TX,fmcsa_census,,,,
standard,EAGLE RISE TRANSPORTACION LLC,2145384839,mobile,trucking/logistics,FORT WORTH,TX,fmcsa_census,,,,
standard,HUGO CADENA MIRELES,8176148575,mobile,trucking/logistics,FORT WORTH,TX,fmcsa_census,,,,
standard,RIVERA'S FAMILY TRANSPORT LLC,6824659200,mobile,trucking/logistics,FORT WORTH,TX,fmcsa_census,,,,
standard,M B R EXPRESS LLC,5734629110,mobile,trucking/logistics,FORT WORTH,TX,fmcsa_census,,,,
standard,JT KENNARD,6824145775,mobile,trucking/logistics,FORT WORTH,TX,fmcsa_census,,,,
standard,TRUEMILE TRANSPORT LLC,8175429345,mobile,trucking/logistics,FORT WORTH,TX,fmcsa_census,,,,
standard,JAZZY TRUCKING LLC,3146006654,mobile,trucking/logistics,FORT WORTH,TX,fmcsa_census,,,,
standard,RUN IT TRUCKING LLC,6822499657,mobile,trucking/logistics,FORT WORTH,TX,fmcsa_census,,,,
standard,S & R DELIVERY SOLUTIONS LLC,2393311972,mobile,trucking/logistics,FORT WORTH,TX,fmcsa_census,,,,
standard,S & D TRANSPORT INC,6095789702,mobile,trucking/logistics,FORT WORTH,TX,fmcsa_census,,,,
standard,MOTO 2 U,8179448232,mobile,trucking/logistics,BLUE MOUND,TX,fmcsa_census,,,,
standard,ROBERT JERRION DANIELS,8174951171,mobile,trucking/logistics,FORT WORTH,TX,fmcsa_census,,,,
standard,NIXON LOGISTICS LLC,6822504372,mobile,trucking/logistics,FORT WORTH,TX,fmcsa_census,,,,
standard,YRB INC,7867149237,mobile,trucking/logistics,CROWLEY RD,TX,fmcsa_census,,,,
standard,RAGO'S TRUCKING LLC,6823290127,mobile,trucking/logistics,FORT WORTH,TX,fmcsa_census,,,,
standard,TREVINO RAMIREZ TRANSPORT LLC,8178327049,mobile,trucking/logistics,FORT WORTH,TX,fmcsa_census,,,,
standard,MUNOZ TRUCKING 1 LLC,6822345227,mobile,trucking/logistics,FORT WORTH,TX,fmcsa_census,,,,
standard,SANCHEZ MARTINEZ TRUCKING LLC,8179025240,mobile,trucking/logistics,FORT WORTH,TX,fmcsa_census,,,,
standard,CANCIO TRANSPORT LLC,2146004221,mobile,trucking/logistics,FORT WORTH,TX,fmcsa_census,,,,
standard,JC ELITE LOGISTICS,2282098145,mobile,trucking/logistics,FORT WORTH,TX,fmcsa_census,,,,
standard,M5 TRUCKING LLC,8174493308,mobile,trucking/logistics,FORT WORTH,TX,fmcsa_census,,,,
standard,DARON TRUCKING LLC,8174556777,mobile,trucking/logistics,FORT WORTH,TX,fmcsa_census,,,,
standard,TEXSTAR TRUCKING LLC,2142826233,mobile,trucking/logistics,FORT WORTH,TX,fmcsa_census,,,,
standard,MICHAEL A THOMAS,4323521590,mobile,trucking/logistics,SAGINAW,TX,fmcsa_census,,,,
standard,PLATINUM HAULERZ LLC,8177212755,mobile,trucking/logistics,FORT WORTH,TX,fmcsa_census,,,,
standard,NBS EXPRESS LLC,8172988319,mobile,trucking/logistics,FORT WORTH,TX,fmcsa_census,,,,
standard,DOUBLE R HAULING CO LLC,6822561994,mobile,trucking/logistics,BLUE MOUND,TX,fmcsa_census,,,,
standard,B&G HAULERS LLC,8177077666,mobile,trucking/logistics,FORT WORTH,TX,fmcsa_census,,,,
standard,TIME TO ROLL DISPATCHING LLC,8177391756,mobile,trucking/logistics,FORT WORTH,TX,fmcsa_census,,,,
standard,KELLER TRANSLOAD TRUCKING LLC,7173713992,mobile,trucking/logistics,FORT WORTH,TX,fmcsa_census,,,,
standard,ROAD MASTER AUTO & FREIGHT TRANSPORT LLC,8179917389,mobile,trucking/logistics,FORT WORTH,TX,fmcsa_census,,,,
standard,EL-AMIN ENTERPRISES LLC,6822161644,mobile,trucking/logistics,BENBROOK,TX,fmcsa_census,,,,
standard,DORANY SALAZAR GUERRA,2148032311,mobile,trucking/logistics,FORT WORTH,TX,fmcsa_census,,,,
standard,JOHN MCDONALD,8178630020,mobile,trucking/logistics,FORT WORTH,TX,fmcsa_census,,,,
standard,HUR LTD COMPANY,4699813034,mobile,trucking/logistics,FORT WORTH,TX,fmcsa_census,,,,
standard,SUPREME TRUCKING,8174484485,mobile,trucking/logistics,FORT WORTH,TX,fmcsa_census,,,,
standard,E ARIAS TRUCKING LLC,2142892866,mobile,trucking/logistics,FORT WORTH,TX,fmcsa_census,,,,
standard,FULL MOTION MOVING & SERVICES LLC,9404470568,mobile,trucking/logistics,FORT WORTH,TX,fmcsa_census,,,,
standard,MARTIN DAVID CANTU JR,6824083989,mobile,trucking/logistics,FORT WORTH,TX,fmcsa_census,,,,
standard,DAVE'S DUMPSTER RENTAL LLC,8173084017,mobile,trucking/logistics,FT WORTH,TX,fmcsa_census,,,,
standard,PETER DONOHUE,3073654429,mobile,trucking/logistics,BENBROOK,TX,fmcsa_census,,,,
standard,CYA TRUCKING LLC,9402201577,mobile,trucking/logistics,FORT WORTH,TX,fmcsa_census,,,,
standard,BERTHA AMARO,8172911372,mobile,trucking/logistics,SAGINAW,TX,fmcsa_census,,,,
standard,MASTER PIECE TRANSPORTATION,6825976832,mobile,trucking/logistics,FORTHWORTH,TX,fmcsa_census,,,,
standard,D&M TRUCKING TRANSPORTATION LLC,6822015518,mobile,trucking/logistics,FORT WORTH,TX,fmcsa_census,,,,
standard,HARDEMAN EXPRESS LLC,8174551947,mobile,trucking/logistics,FOREST HILL,TX,fmcsa_census,,,,
standard,ROCKET TRUCKING LLC,8176881202,mobile,trucking/logistics,FORT WORTH,TX,fmcsa_census,,,,
standard,D R HODGES LLC,8172233743,mobile,trucking/logistics,FORT WORTH,TX,fmcsa_census,,,,
standard,SINCLAIR TRUCKING AND LOGISTICS LLC,2148704559,mobile,trucking/logistics,FORT WORTH,TX,fmcsa_census,,,,
standard,ANTHONY THROWER,7083101723,mobile,trucking/logistics,EULESS,TX,fmcsa_census,,,,
standard,EVERMORE TRUCK LINES INC,4696164972,mobile,trucking/logistics,ARLINGTON,TX,fmcsa_census,,,,
standard,KDA LOGISTICS LLC,9729554282,mobile,trucking/logistics,EULESS,TX,fmcsa_census,,,,
standard,LJV TRUCKING LLC,2147152565,mobile,trucking/logistics,ARLINGTON,TX,fmcsa_census,,,,
standard,AMY JAIMES,4695856461,mobile,trucking/logistics,ARLINGTON,TX,fmcsa_census,,,,
standard,HAID TRANSPORTATION L L C,7205180416,mobile,trucking/logistics,ARLINTON,TX,fmcsa_census,,,,
standard,TWO HEADS LOGISTICS LLC,4699719167,mobile,trucking/logistics,EULESS,TX,fmcsa_census,,,,
standard,A&P JOHNSON LOGISTICS LLC,3189901780,mobile,trucking/logistics,ARLINGTON,TX,fmcsa_census,,,,
standard,FIVE STAR PIZZA INC,8179132442,mobile,trucking/logistics,ARLINGTON,TX,fmcsa_census,,,,
standard,DIAMOND K AG SERVICE AND CARRIAGE COMPANY,8174873022,mobile,trucking/logistics,CLEBURNE,TX,fmcsa_census,,,,
standard,AV TRUCKING &CONSTRUCTION LLC,9033900917,mobile,trucking/logistics,BUFFALO,TX,fmcsa_census,,,,
standard,FAITH UNLIMITED LLC,9136096551,mobile,trucking/logistics,AZLE,TX,fmcsa_census,,,,
standard,JPZ LOGISTICS INC,8179158141,mobile,trucking/logistics,ARLINGTON,TX,fmcsa_census,,,,
standard,MABE LOGISTICS,8177185335,mobile,trucking/logistics,ARLINGTON,TX,fmcsa_census,,,,
standard,TRIAD ROVAN SERVICES LP,8173577403,mobile,trucking/logistics,CLEBURNE,TX,fmcsa_census,,,,
standard,JB HAULING LLC,8173667757,mobile,trucking/logistics,EULESS,TX,fmcsa_census,,,,
standard,CLEAR HORIZON LAND CLEARING,9702163033,mobile,trucking/logistics,CLEBURNE,TX,fmcsa_census,,,,
standard,MADSON'S HAULINGO LLC,4695564810,mobile,trucking/logistics,ARLINGTON,TX,fmcsa_census,,,,
standard,DON JULIO TOWING SERVICES LLC,8175421936,mobile,trucking/logistics,ARLINGTON,TX,fmcsa_census,,,,
standard,RADER TRANSPORTATION LLC,8177271766,mobile,trucking/logistics,EULESS,TX,fmcsa_census,,,,
standard,MARIA ORNELAS DE LOPEZ,8177335671,mobile,trucking/logistics,CROWLEY,TX,fmcsa_census,,,,
standard,T-N-T PIPE & VALVE INC,9037233267,mobile,trucking/logistics,PALESTINE,TX,fmcsa_census,,,,
standard,COREY DALRYMPLE,8176831329,mobile,trucking/logistics,HURST,TX,fmcsa_census,,,,
standard,JT KENNARD AND SON,8177936556,mobile,trucking/logistics,FORT WORTH,TX,fmcsa_census,,,,
standard,HO CARRIERS LLC,8172479044,mobile,trucking/logistics,FORT WORTH,TX,fmcsa_census,,,,
standard,ALLEN TRANSPORTATION LLC,8175388385,mobile,trucking/logistics,FORT WORTH,TX,fmcsa_census,,,,
standard,SAUL REYES TRUCKING LLC,6828022179,mobile,trucking/logistics,FORT WORTH,TX,fmcsa_census,,,,
standard,BURLESON PIPE & STEEL LTD,8174430634,mobile,trucking/logistics,FORT WORTH,TX,fmcsa_census,,,,
standard,LONDON TRANSPORT & LOGISTICS LLC,8176837340,mobile,trucking/logistics,FORT WORTH,TX,fmcsa_census,,,,
standard,MUSUBE A MUSUBE,2146088191,mobile,trucking/logistics,HURST,TX,fmcsa_census,,,,
standard,MARCO ANTONIO MUNOZ,6825645897,mobile,trucking/logistics,FORT WORTH,TX,fmcsa_census,,,,
standard,JB TRUCKYN LLC,2146795873,mobile,trucking/logistics,FORT WORTH,TX,fmcsa_census,,,,
standard,INLAND EXPRESS,8179668522,mobile,trucking/logistics,FORT-WORTH,TX,fmcsa_census,,,,
standard,ALL GAS NO BREAKS TRUCKING LLC,8178965794,mobile,trucking/logistics,FORT WORTH,TX,fmcsa_census,,,,
standard,COMPLETE TRANSPORTATION BROKERAGE LLC,8177151940,mobile,trucking/logistics,HURST,TX,fmcsa_census,,,,
standard,PHASE H PROPERTY SOLUTIONS,8179939970,mobile,trucking/logistics,FORT WORTH,TX,fmcsa_census,,,,
standard,LEITO'S SUPPLY & STONE LLC,8174518032,mobile,trucking/logistics,FORT WORTH,TX,fmcsa_census,,,,
standard,HILARIO JIMENEZ,8177060265,mobile,trucking/logistics,FORT WORTH,TX,fmcsa_census,,,,
standard,BOBBY LEE & COMPANY INC,8179461983,mobile,trucking/logistics,FORT WORTH,TX,fmcsa_census,,,,
standard,JOSE FRANCISCO TORRES ARGUETA,2146041686,mobile,trucking/logistics,HURST,TX,fmcsa_census,,,,
standard,LEON RICHMOND JR,7089150311,mobile,trucking/logistics,HURST,TX,fmcsa_census,,,,
standard,RONALD BERRY,6822039817,mobile,trucking/logistics,FT WORTH,TX,fmcsa_census,,,,
standard,LUKES MOVING CORP,5057800694,mobile,trucking/logistics,HURST,TX,fmcsa_census,,,,
standard,HERITAGE TRANSPORTATION LLC,2149865716,mobile,trucking/logistics,DENTON,TX,fmcsa_census,,,,
standard,JESUS ANGEL MORALES,8177330179,mobile,trucking/logistics,FORT WORTH,TX,fmcsa_census,,,,
standard,OSCAR TRANSPORT LLC,6037166061,mobile,trucking/logistics,FORT WORTH,TX,fmcsa_census,,,,
standard,CIRENIO'S TRUCKING LLC,8172982292,mobile,trucking/logistics,FORT WORTH,TX,fmcsa_census,,,,
standard,WORKHORSE DIRECTIONAL DRILLING LLC,8173130760,mobile,trucking/logistics,FORT WORTH,TX,fmcsa_census,,,,
standard,CDS MEDINA LLC,6825616191,mobile,trucking/logistics,FORT WORTH,TX,fmcsa_census,,,,
standard,ANTONIO GARCIA,8166127831,mobile,trucking/logistics,DENTON,TX,fmcsa_census,,,,
standard,GOLDENLEGACY LLC,8173237499,mobile,trucking/logistics,FORT WORTH,TX,fmcsa_census,,,,
standard,ADONAI XPRESS LLC,8177334503,mobile,trucking/logistics,FORT WORTH,TX,fmcsa_census,,,,
standard,T&C DUKES TRUCKING LLC,8179011365,mobile,trucking/logistics,FORT WORTH,TX,fmcsa_census,,,,
standard,GAS FREIGHT & LOGISTICS LLC,4695866704,mobile,trucking/logistics,NORTH RICHLAND HILLS,TX,fmcsa_census,,,,
standard,ISLAY GARCIA CHAVEZ,8177899980,mobile,trucking/logistics,FORT WORTH,TX,fmcsa_census,,,,
standard,J & T WISEMAN TRANSPORTATION LLC,9015706873,mobile,trucking/logistics,FORT WORTH,TX,fmcsa_census,,,,
standard,AG HAULING LLC,6825568861,mobile,trucking/logistics,FORT WORTH,TX,fmcsa_census,,,,
standard,MARCIAL CANO GRANADOS,8179447105,mobile,trucking/logistics,FORT WORTH,TX,fmcsa_census,,,,
standard,JL EXPEDITED SHUTTLE SERVICES INC,2107445574,mobile,trucking/logistics,FORT WORTH,TX,fmcsa_census,,,,
standard,SANDWARD TRUCKING LLC,8172661219,mobile,trucking/logistics,NORTH RICHLAND HILLS,TX,fmcsa_census,,,,
standard,MEDINAS TRUCKING LLC,2397916953,mobile,trucking/logistics,FORT WORTH,TX,fmcsa_census,,,,
standard,SOUTHWEST WAREHOUSE SERVICES LLC,8177188107,mobile,trucking/logistics,DENTON,TX,fmcsa_census,,,,
standard,NOR-TEX TRUCK & EQUIPMENT,9483822635,mobile,trucking/logistics,DENTON,TX,fmcsa_census,,,,
standard,IZY GLOBAL SERVICES LLC,8323045099,mobile,trucking/logistics,FORT WORTH,TX,fmcsa_census,,,,
standard,NGUYEN TRUCKING LLC,6825582087,mobile,trucking/logistics,EDGECLIFF VILLAGE,TX,fmcsa_census,,,,
standard,BUCK HOT SHOT LLC,8177570357,mobile,trucking/logistics,FORT WORTH,TX,fmcsa_census,,,,
standard,KC EXPRESS TRANSPORTATION LLC,3162003307,mobile,trucking/logistics,FORT WORTH,TX,fmcsa_census,,,,
standard,JACKSONXPEDITE LLC,8179861664,mobile,trucking/logistics,FORT WORTH,TX,fmcsa_census,,,,
standard,RELOADED TRANSPORT EXPRESS LLC,4695038030,mobile,trucking/logistics,FORT WORTH,TX,fmcsa_census,,,,
standard,NORTHERN HAULERS LLC,8177075876,mobile,trucking/logistics,FORT WORTH,TX,fmcsa_census,,,,
standard,SANCHEZ & WALTON TRUCKING LLC,8172581516,mobile,trucking/logistics,FORT WORTH,TX,fmcsa_census,,,,
standard,SERGIO INIGUEZ,8172099040,mobile,trucking/logistics,FORT WORTH,TX,fmcsa_census,,,,
standard,DFW BELL ENTERPRISES INC,5735874560,mobile,trucking/logistics,DENTON,TX,fmcsa_census,,,,
standard,NEW K&A LOGISTICS LLC,6825215687,mobile,trucking/logistics,NORTH RICHLAND HILLS,TX,fmcsa_census,,,,
standard,MURDOCK FREIGHT LINES LLC,8176893961,mobile,trucking/logistics,FORT WORTH,TX,fmcsa_census,,,,
standard,TITAS TRANSPORT LLC,8173721057,mobile,trucking/logistics,FORT WORTH,TX,fmcsa_census,,,,
standard,SILVER FOX TRUCKING LLC,2147090758,mobile,trucking/logistics,FORT WORTH,TX,fmcsa_census,,,,
standard,MATCHETT TRUCKING INC,2104101092,mobile,trucking/logistics,N RICHLAND HILLS,TX,fmcsa_census,,,,
standard,AB TRANSPORT,6826353935,mobile,trucking/logistics,FORT WORTH,TX,fmcsa_census,,,,
standard,TEXAS J TRANSPORTATION LLC,9727955179,mobile,trucking/logistics,FORT WORTH,TX,fmcsa_census,,,,
standard,A AND G PIPING INCORPORATED,8178251238,mobile,trucking/logistics,FORT WORTH,TX,fmcsa_census,,,,
standard,BENJAMIN GAMINO-PACHECO,8176739902,mobile,trucking/logistics,FORT WORTH,TX,fmcsa_census,,,,
standard,GASTON NDUWIMANA,6157758901,mobile,trucking/logistics,FORT WORTH,TX,fmcsa_census,,,,
standard,FREIGHT FORWARD EXPRESS LLC,2142969665,mobile,trucking/logistics,FORT WORTH,TX,fmcsa_census,,,,
standard,CARL AND CARLA TRUCKING,8173076426,mobile,trucking/logistics,FT WORTH,TX,fmcsa_census,,,,
standard,JC PUPO TRUCKING LLC,8172059612,mobile,trucking/logistics,FORT WORTH,TX,fmcsa_census,,,,
standard,STANGKEEZY LLC,8175138319,mobile,trucking/logistics,FORT WORTH,TX,fmcsa_census,,,,
standard,LARRY R CZAPLINSKI,8178912863,mobile,trucking/logistics,FORT WORTH,TX,fmcsa_census,,,,
standard,JV RAMOS SERVICES LLC,8175849844,mobile,trucking/logistics,FT WORTH,TX,fmcsa_census,,,,
standard,ONAL LOGISTICS LLC,6822636800,mobile,trucking/logistics,FORT WORTH,TX,fmcsa_census,,,,
standard,ARMAAN TRUCKING LLC,8173438811,mobile,trucking/logistics,FORT WORTH,TX,fmcsa_census,,,,
standard,SOUTHWEST HORIZONTAL DRILLING SERVICES INC,8178228316,mobile,trucking/logistics,FORT WORTH,TX,fmcsa_census,,,,
standard,LINESTREAM LOGISTICS,9405977469,mobile,trucking/logistics,DENTON,TX,fmcsa_census,,,,
standard,BLU LION LOGISTICS LLC,9404429590,mobile,trucking/logistics,DENTON,TX,fmcsa_census,,,,
standard,SHM HAULING LLC,6824339912,mobile,trucking/logistics,FORT WORTH,TX,fmcsa_census,,,,
standard,AGES TRUCKING LLC,8178057648,mobile,trucking/logistics,FORT WORTH,TX,fmcsa_census,,,,
standard,KEEP IT ROLLIN TRANSPORTS LLC,2142128293,mobile,trucking/logistics,FORT WORTH,TX,fmcsa_census,,,,
standard,RYON COBB,6825590385,mobile,trucking/logistics,FORT WORTH,TX,fmcsa_census,,,,
standard,AMERICAN BIO SOURCE LLC,2142800112,mobile,trucking/logistics,DENTON,TX,fmcsa_census,,,,
standard,AMERICAN BIO SOURCE LLC,5122690759,mobile,trucking/logistics,DENTON,TX,fmcsa_census,,,,
standard,D&E SUPPLY DENTON LLC,9186214600,mobile,trucking/logistics,DENTON,TX,fmcsa_census,,,,
standard,FABRICIO JOSUE BLANCO MONCADA,7863022279,mobile,trucking/logistics,DENTON,TX,fmcsa_census,,,,
standard,CASEY GERHARDS,8178071183,mobile,trucking/logistics,SAGINAW,TX,fmcsa_census,,,,
standard,ARTEMIO MARTINEZ,8177038541,mobile,trucking/logistics,FORT WORTH,TX,fmcsa_census,,,,
standard,CHRISTINA MARIE BAMBERG,8179373482,mobile,trucking/logistics,FORT WORTH,TX,fmcsa_census,,,,
standard,TITUS TRANSPORTATION LP,8177810880,mobile,trucking/logistics,DENTON,TX,fmcsa_census,,,,
standard,RAMS LONE STAR TRUCKING LLC,6054501235,mobile,trucking/logistics,FORT WORTH,TX,fmcsa_census,,,,
standard,RENAISSANCE CONTRACTORS INC,2145499794,mobile,trucking/logistics,BARTONVILLE,TX,fmcsa_census,,,,
standard,MIGUEL A SORIANO,3465704127,mobile,trucking/logistics,FORT WORTH,TX,fmcsa_census,,,,
standard,RISING LAND MANAGEMENT OF NORTH TEXAS INC,8179445905,mobile,trucking/logistics,FORT WORTH,TX,fmcsa_census,,,,
standard,LOAD BROTHERS TRANSPORTATION LLC,8176474296,mobile,trucking/logistics,FORT WORTH,TX,fmcsa_census,,,,
standard,TRIPLE MC TRANSPORTATION LLC,8176488729,mobile,trucking/logistics,FORT WORTH,TX,fmcsa_census,,,,
standard,TERRAZAS TRANSPORT LLC,9155402021,mobile,trucking/logistics,FORT WORTH,TX,fmcsa_census,,,,
standard,VICTOR PACHECO,9405369695,mobile,trucking/logistics,DENTON,TX,fmcsa_census,,,,
standard,VICTOR PACHECO,8329220150,mobile,trucking/logistics,DENTON,TX,fmcsa_census,,,,
standard,PRECISION LOGISTICS USA LLC,6622733371,mobile,trucking/logistics,DENTON,TX,fmcsa_census,,,,
standard,MICHAEL VICKERY,9403910050,mobile,trucking/logistics,DENTON,TX,fmcsa_census,,,,
standard,ROCKIN AUTO TRANSPORT LLC,8178814342,mobile,trucking/logistics,NORTH RICHLAND HILLS,TX,fmcsa_census,,,,
standard,ANGEL GUZMAN,2145435751,mobile,trucking/logistics,NORTH RICHLAND HILLS,TX,fmcsa_census,,,,
standard,WOE TRANSPORTS LLC,7863654358,mobile,trucking/logistics,FORT WORTH,TX,fmcsa_census,,,,
standard,PHORORY PHONDALE RODNEY MERRELL,8176816153,mobile,trucking/logistics,N RICHLND HLS,TX,fmcsa_census,,,,
standard,SCOTTY REED,9404658376,mobile,trucking/logistics,CORINTH,TX,fmcsa_census,,,,
standard,DRINK SALES LLC,8175689799,mobile,trucking/logistics,FORT WORTH,TX,fmcsa_census,,,,
standard,GOD S WILL LOGISTICS LLC,9402795826,mobile,trucking/logistics,FORT WORTH,TX,fmcsa_census,,,,
standard,KARAN TRANSPORT LLC,2064123243,mobile,trucking/logistics,FORT WORTH,TX,fmcsa_census,,,,
standard,CAPCON SERVICES INC,9728003236,mobile,trucking/logistics,CORINTH,TX,fmcsa_census,,,,
standard,RED ZONE LOGISTICS LLC,8179463377,mobile,trucking/logistics,ARGYLE,TX,fmcsa_census,,,,
standard,HMGS TRUCKING LLC,7874493936,mobile,trucking/logistics,FORT WORTH,TX,fmcsa_census,,,,
standard,DSS TRANSPORT LLC,6822274813,mobile,trucking/logistics,N RICHLND HLS,TX,fmcsa_census,,,,
standard,A&E ROADRUNNERS LLC,8172098244,mobile,trucking/logistics,FORT WORTH,TX,fmcsa_census,,,,
standard,R&J LGX LLC,8728774700,mobile,trucking/logistics,FORT WORTH,TX,fmcsa_census,,,,
standard,CHANEL TRUCK DRC LLC,6824452198,mobile,trucking/logistics,FORT WORTH,TX,fmcsa_census,,,,
standard,ARRON CHANEY,8172016245,mobile,trucking/logistics,FORT WORTH,TX,fmcsa_census,,,,
standard,YASER GONZALEZ,4693819445,mobile,trucking/logistics,CORINTH,TX,fmcsa_census,,,,
standard,ANETH MUNOZ CARRILLO,9158619350,mobile,trucking/logistics,FORT WORTH,TX,fmcsa_census,,,,
standard,MARCOS D CARRASCO,8173437847,mobile,trucking/logistics,FORT WORTH,TX,fmcsa_census,,,,
standard,4D CONSTRUCTION & EXCAVATION LLC,4692262434,mobile,trucking/logistics,DENTON,TX,fmcsa_census,,,,
standard,KNC STEELS ENTERPRISES LLC,8177239157,mobile,trucking/logistics,FORT WORTH,TX,fmcsa_census,,,,
standard,AZS LOGISTICS LLC,8179756744,mobile,trucking/logistics,FORT WORTH,TX,fmcsa_census,,,,
standard,JACKRABBIT LOGISTIC SERVICES LLC,8178216811,mobile,trucking/logistics,N RICHLND HLS,TX,fmcsa_census,,,,
standard,MAJOR HAUL'N LLC,6825406217,mobile,trucking/logistics,NORTH RICHLAND HILLS,TX,fmcsa_census,,,,
standard,MR SB TRUCKING LLC,8175006914,mobile,trucking/logistics,FORT WORTH,TX,fmcsa_census,,,,
standard,LORDEN LOGISTICS LLC,6822498723,mobile,trucking/logistics,FORT WORTH,TX,fmcsa_census,,,,
standard,JUAN JALAPA,8176535743,mobile,trucking/logistics,FORT WORTH,TX,fmcsa_census,,,,
standard,MAUI TRANS INC,6822683196,mobile,trucking/logistics,FORT WORTH,TX,fmcsa_census,,,,
standard,EH INSTALLATIONS,8174951620,mobile,trucking/logistics,FORT WORTH,TX,fmcsa_census,,,,
standard,JOSE QUIJADA,8172059281,mobile,trucking/logistics,FORT WORTH,TX,fmcsa_census,,,,
standard,LET'S GO TRANSPORT LLC,6823676066,mobile,trucking/logistics,FORT WORTH,TX,fmcsa_census,,,,
standard,REALTY GUYZ LLC,8174877847,mobile,trucking/logistics,FORT WORTH,TX,fmcsa_census,,,,
standard,GEORGIA CAL LOGISTICS LLC,8174700926,mobile,trucking/logistics,FORT WORTH,TX,fmcsa_census,,,,
standard,GEORGIA CAL LOGISTICS LLC,8179949118,mobile,trucking/logistics,FORT WORTH,TX,fmcsa_census,,,,
standard,R&D 24 HOUR ROAD SERVICE,8178916720,mobile,trucking/logistics,FT WORTH,TX,fmcsa_census,,,,
standard,Y&R TRANSPORT SERVICES LLC,4697833440,mobile,trucking/logistics,DENTON,TX,fmcsa_census,,,,
standard,LONE STAR CAVALRY TRUCKING LLC,7708377596,mobile,trucking/logistics,FORT WORTH,TX,fmcsa_census,,,,
standard,CL NAVA TRUCKING LLC,6823670172,mobile,trucking/logistics,FORT WORTH,TX,fmcsa_census,,,,
standard,EVO SAND & GRAVEL LLC,2146702259,mobile,trucking/logistics,FOREST HILL,TX,fmcsa_census,,,,
standard,TEXAS RAGNAROK TRANSPORT LLC,2143975384,mobile,trucking/logistics,FORT WORTH,TX,fmcsa_census,,,,
standard,G7 TRANSIT LLC,9073025455,mobile,trucking/logistics,DENTON,TX,fmcsa_census,,,,
standard,JC MOLINA TRANSPORT LLC,9548094635,mobile,trucking/logistics,LEWISVILLE,TX,fmcsa_census,,,,
standard,MIGUEL ANTONIO JIMENEZ,6823772117,mobile,trucking/logistics,EDGECLIFF VILLAGE,TX,fmcsa_census,,,,
standard,TORRES LEGACY TRANSPORT LLC,6822694177,mobile,trucking/logistics,FORT WORTH,TX,fmcsa_census,,,,
standard,MBA LOGISTIX LLC,6829709418,mobile,trucking/logistics,FORT WORTH,TX,fmcsa_census,,,,
standard,BURLESON COURIER SERVICE LLC,8172581189,mobile,trucking/logistics,FORT WORTH,TX,fmcsa_census,,,,
standard,SWINWILL LOGISTICS LLC,8178459631,mobile,trucking/logistics,N RICHLND HLS,TX,fmcsa_census,,,,
standard,CMJ BROTHERS LLC,9728276021,mobile,trucking/logistics,EVERMAN,TX,fmcsa_census,,,,
standard,ARCEPY TRANSPORT LLC,9394179660,mobile,trucking/logistics,N RICHLND HLS,TX,fmcsa_census,,,,
standard,JOLT TRANSPORT LLC,8179882690,mobile,trucking/logistics,FORT WORTH,TX,fmcsa_census,,,,
standard,DND GROUP LLC,2144003586,mobile,trucking/logistics,CORINTH,TX,fmcsa_census,,,,
standard,DIAMOND EXPRESS TRANSPORT LLC,4695791275,mobile,trucking/logistics,DENTON,TX,fmcsa_census,,,,
standard,HOWARD K LAND,6825539660,mobile,trucking/logistics,FT WORTH,TX,fmcsa_census,,,,
standard,ANITA VASQUEZ,8173685995,mobile,trucking/logistics,FORT WORTH,TX,fmcsa_census,,,,
standard,BIG TEX STONE LLC,8178008725,mobile,trucking/logistics,FORT WORTH,TX,fmcsa_census,,,,
standard,JC TRENCHING AND BORING LLC,8175075593,mobile,trucking/logistics,FORT WORTH,TX,fmcsa_census,,,,
standard,OMAR OLMOS GARCIA,4694562092,mobile,trucking/logistics,FORT WORTH,TX,fmcsa_census,,,,
standard,LMN TRANSPORT LLC,9406008308,mobile,trucking/logistics,DENTON,TX,fmcsa_census,,,,
standard,POLICEMAN MOVER LLC,8177930665,mobile,trucking/logistics,FORT WORTH,TX,fmcsa_census,,,,
standard,ERIK JIMENEZ,8179994366,mobile,trucking/logistics,FOREST HILL,TX,fmcsa_census,,,,
standard,GMZ TRUCKING LLC,9404353429,mobile,trucking/logistics,DENTON,TX,fmcsa_census,,,,
standard,BMTO ENTERPRISES LLC,9034058228,mobile,trucking/logistics,FORT WORTH,TX,fmcsa_census,,,,
standard,OSCAR H VANEGAS,4696824172,mobile,trucking/logistics,EULESS,TX,fmcsa_census,,,,
standard,RCT EXPRESS INC,8177147788,mobile,trucking/logistics,CROWLEY,TX,fmcsa_census,,,,
standard,SALOMON ESCOBEDO,6165944224,mobile,trucking/logistics,ALVARADO,TX,fmcsa_census,,,,
standard,LIBERTY VENTURES LLC,8174479191,mobile,trucking/logistics,CLEBURNE,TX,fmcsa_census,,,,
standard,A & G RELOCATION SERVICES LLC,9039485180,mobile,trucking/logistics,PALESTINE,TX,fmcsa_census,,,,
standard,DOUBLE S AGGREGATES AND TRUCKING LLC,9039486676,mobile,trucking/logistics,BUFFALO,TX,fmcsa_census,,,,
standard,LUIS ENRIQUE SALDIVAR,5056464596,mobile,trucking/logistics,AZLE,TX,fmcsa_census,,,,
standard,A & A CONSTRUCTION COMPANY,8178086107,mobile,trucking/logistics,EULESS,TX,fmcsa_census,,,,
standard,BENNY MITCHELL,9033914300,mobile,trucking/logistics,PALESTINE,TX,fmcsa_census,,,,
standard,JENNIFER MICHELLE MILAND,6824088286,mobile,trucking/logistics,ARLINGTON,TX,fmcsa_census,,,,
standard,ALL-U-NEED GARBAGE SERVICE INC,2548979271,mobile,trucking/logistics,GRANDVIEW,TX,fmcsa_census,,,,
standard,AGL TOWING INC,5616988837,mobile,trucking/logistics,ARLINGTON,TX,fmcsa_census,,,,
standard,AJP XPRESS LLC,8175978572,mobile,trucking/logistics,AZLE,TX,fmcsa_census,,,,
standard,WOLF HOTSHOT TRUCKING LLC,6823510909,mobile,trucking/logistics,AZLE,TX,fmcsa_census,,,,
standard,LONESTAR AUTO TOWING INC,8175584212,mobile,trucking/logistics,CLEBURNE,TX,fmcsa_census,,,,
standard,TEXMAR TRANSPORT LLC,8178056645,mobile,trucking/logistics,CROWLEY,TX,fmcsa_census,,,,
standard,DAMIEN DEMOND LEVY,9037141232,mobile,trucking/logistics,PALESTINE,TX,fmcsa_census,,,,
standard,STEVON LLC,8173682830,mobile,trucking/logistics,ARLINGTON,TX,fmcsa_census,,,,
standard,CARLOS CERVANTES,8178753815,mobile,trucking/logistics,ALVARADO,TX,fmcsa_census,,,,
standard,CLINT MORRISON JR,9039223977,mobile,trucking/logistics,PALESTINE,TX,fmcsa_census,,,,
standard,ROAD RUNNERS IGWT LLC,8176489384,mobile,trucking/logistics,CLEBURNE,TX,fmcsa_census,,,,
standard,RUBEN LARA,9404530039,mobile,trucking/logistics,DENTON,TX,fmcsa_census,,,,
standard,O'BRIAN ENTERPRISES INC,8179199533,mobile,trucking/logistics,DECATUR,TX,fmcsa_census,,,,
standard,KEMCO TRANSPORTATION LLC,8178329306,mobile,trucking/logistics,CORINTH,TX,fmcsa_census,,,,
standard,LAKE COUNTRY TRANSPORTATION LLC,8176737467,mobile,trucking/logistics,FORT WORTH,TX,fmcsa_census,,,,
standard,TASEEL LLC,2819397337,mobile,trucking/logistics,FORT WORTH,TX,fmcsa_census,,,,
standard,SALAM LOGISTICS INC,8179873341,mobile,trucking/logistics,FORT WORTH,TX,fmcsa_census,,,,
standard,MJ LEVOIR LLC,9033288658,mobile,trucking/logistics,GORDONVILLE,TX,fmcsa_census,,,,
standard,AMCS TRANSPORT LLC,2142803074,mobile,trucking/logistics,FORT WORTH,TX,fmcsa_census,,,,
standard,ROCKING N TRUCKING INC,8179966866,mobile,trucking/logistics,DECATUR,TX,fmcsa_census,,,,
standard,TEXAS J2 TRUCKING LLC,6822471096,mobile,trucking/logistics,FORT WORTH,TX,fmcsa_census,,,,
standard,FRY LOGISTICS LLC,7082281082,mobile,trucking/logistics,FORT WORTH,TX,fmcsa_census,,,,
standard,TOTAL XTREME LOGISTICS LLC,8172395768,mobile,trucking/logistics,FORT WORTH,TX,fmcsa_census,,,,
standard,THE RAM ENTERPRISES TEXAS LLC,4695068527,mobile,trucking/logistics,FORT WORTH,TX,fmcsa_census,,,,
standard,M DORSEY'S LOGISTICS LLC,5868231967,mobile,trucking/logistics,FORT WORTH,TX,fmcsa_census,,,,
standard,MASTERMIND CARRIER LLC,4807986888,mobile,trucking/logistics,FORT WORTH,TX,fmcsa_census,,,,
standard,BLACKBIRD EXPRESS LLC,8176067804,mobile,trucking/logistics,FORT WORTH,TX,fmcsa_census,,,,
standard,KIANOUSH NIKAKHT,2146826590,mobile,trucking/logistics,AUBREY,TX,fmcsa_census,,,,
standard,REIVAX TRUCKING INC,4694736009,mobile,trucking/logistics,DENTON,TX,fmcsa_census,,,,
standard,D & S TRANSPORT SERVICE INC,8323820867,mobile,trucking/logistics,FORT WORTH,TX,fmcsa_census,,,,
standard,CURPLOGISTICS LLC,3184182045,mobile,trucking/logistics,FORT WORTH,TX,fmcsa_census,,,,
standard,KIAMICHI EXPRESS INC,9403916538,mobile,trucking/logistics,DECATUR,TX,fmcsa_census,,,,
standard,GREEN HOBBS LOGISTICS LLC,6825216246,mobile,trucking/logistics,RICHLAND HLS,TX,fmcsa_census,,,,
standard,P-DOT TRANSPORT LLC,4076668512,mobile,trucking/logistics,FORT WORTH,TX,fmcsa_census,,,,
standard,BOBBY BOHANON,8172325064,mobile,trucking/logistics,SAGINAW,TX,fmcsa_census,,,,
standard,BOBBY BOHANON,6822250630,mobile,trucking/logistics,SAGINAW,TX,fmcsa_census,,,,
standard,MORAM LOGISTICS LLC,8172129093,mobile,trucking/logistics,FORT WORTH,TX,fmcsa_census,,,,
standard,KODZO AGBEDANU,2144068874,mobile,trucking/logistics,CORINTH,TX,fmcsa_census,,,,
standard,AC EXECUTIVES LLC,8179098451,mobile,trucking/logistics,RICHLAND HLS,TX,fmcsa_census,,,,
standard,THE MATTRESS STORE,4697356208,mobile,trucking/logistics,DENTON,TX,fmcsa_census,,,,
standard,DAVID BONNER,8172282444,mobile,trucking/logistics,FT WORTH,TX,fmcsa_census,,,,
standard,MILAM TRUCKING LLC,8175592685,mobile,trucking/logistics,FORT WORTH,TX,fmcsa_census,,,,
standard,SUMAN PAI DBA ELEGANT AFFAIR,8177932657,mobile,trucking/logistics,FORT WORTH,TX,fmcsa_census,,,,
standard,TEAM BRANTLEY DRYWALL INC,8178298299,mobile,trucking/logistics,FORT WORTH,TX,fmcsa_census,,,,
standard,CJT OILFIELD SERVICES LLC,9403894173,mobile,trucking/logistics,DECATUR,TX,fmcsa_census,,,,
standard,NINETOES TRANSPORT,8178324230,mobile,trucking/logistics,DECATUR,TX,fmcsa_census,,,,
standard,DAVOR ZUZA,6825531326,mobile,trucking/logistics,FORT WORTH,TX,fmcsa_census,,,,
standard,NG TRANSPORT CORP,4695207531,mobile,trucking/logistics,AUBREY,TX,fmcsa_census,,,,
standard,FX MATERIAL LLC,6822052020,mobile,trucking/logistics,FORT WORTH,TX,fmcsa_census,,,,
standard,JAY-D EXCAVATION LLC,9403892584,mobile,trucking/logistics,DECATUR,TX,fmcsa_census,,,,
standard,POSIULTZ WORLDWIDE LLC,2144806293,mobile,trucking/logistics,AUBREY,TX,fmcsa_census,,,,
standard,FORT WORTH CONTAINER & DISTRIBUTION SERVICES INC,8179928109,mobile,trucking/logistics,FORT WORTH,TX,fmcsa_census,,,,
standard,JVL TRUCKING,9727626909,mobile,trucking/logistics,FORT WORTH,TX,fmcsa_census,,,,
standard,MICHAEL JOHN OTTO,9406652258,mobile,trucking/logistics,LINDSAY,TX,fmcsa_census,,,,
standard,JERRY SIMMONS,2144759641,mobile,trucking/logistics,ROWLETT,TX,fmcsa_census,,,,
standard,JERRY SIMMONS,9407273786,mobile,trucking/logistics,ROWLETT,TX,fmcsa_census,,,,
standard,TRAMELL CONSTRUCTION WINDOWS SIDING & MORE,4694005943,mobile,trucking/logistics,DENTON,TX,fmcsa_census,,,,
standard,MONTY REED,9406274522,mobile,trucking/logistics,DECATUR,TX,fmcsa_census,,,,
standard,SECURITYASSUREDMOBILEDOCUMENTDESTRUCTIONINC,9403896335,mobile,trucking/logistics,DECATUR,TX,fmcsa_census,,,,
standard,MCCARN TRUCKING,9408720456,mobile,trucking/logistics,MONTAGUE,TX,fmcsa_census,,,,
standard,NON-STOP DELIVERY INC,2142444666,mobile,trucking/logistics,KELLER,TX,fmcsa_census,,,,
standard,GRANITE OILFIELD SERVICES LLC,4322187206,mobile,trucking/logistics,KELLER,TX,fmcsa_census,,,,
standard,DIAMOND 4M OILFIELD AND ENVIRONMENTAL LLC,9405775044,mobile,trucking/logistics,MONTAGUE,TX,fmcsa_census,,,,
standard,3MEN2 TRUCKING LLC,7864610050,mobile,trucking/logistics,KRUGERVILLE,TX,fmcsa_census,,,,
standard,PEGGY A COOPER,8174550674,mobile,trucking/logistics,KELLER,TX,fmcsa_census,,,,
standard,QUICK SHOT TRUCKING LLC,8177338111,mobile,trucking/logistics,KELLER,TX,fmcsa_census,,,,
standard,LAGNIAPPE DEVELOPMENT ENTERPRISES LLC,4693795448,mobile,trucking/logistics,AUBREY,TX,fmcsa_census,,,,
standard,MCRYAN HAULING INC,8178917400,mobile,trucking/logistics,JUSTIN,TX,fmcsa_census,,,,
standard,IRON CHINCHILLA LLC,8173370309,mobile,trucking/logistics,KELLER,TX,fmcsa_census,,,,
standard,CDF GENERAL CONTRACTORS LLC,2142642965,mobile,trucking/logistics,KELLER,TX,fmcsa_census,,,,
standard,BENCO EQUIPMENT COMPANY,9403008499,mobile,trucking/logistics,DECATUR,TX,fmcsa_census,,,,
standard,JEREMY GREEN,6145800017,mobile,trucking/logistics,DECATUR,TX,fmcsa_census,,,,
standard,ONYX RELOCATIONS LLC,6304577586,mobile,trucking/logistics,AUBREY,TX,fmcsa_census,,,,
standard,HANKINS MAL REMOVEO LLC,9459007776,mobile,trucking/logistics,AUBREY,TX,fmcsa_census,,,,
standard,CUMEX LLC,7863696432,mobile,trucking/logistics,AUBREY,TX,fmcsa_census,,,,
standard,CJA ENTERPRISES LLP,15408401960,mobile,trucking/logistics,COLLINSVILLE,TX,fmcsa_census,,,,
standard,W VARGAS INC,4015430055,mobile,trucking/logistics,DECTAUR,TX,fmcsa_census,,,,
standard,J & JAI SERVICES LLC,9403051667,mobile,trucking/logistics,AUBREY,TX,fmcsa_census,,,,
standard,RANDY DIETZMANN,9403900362,mobile,trucking/logistics,JUSTIN,TX,fmcsa_census,,,,
standard,ANDREINA GONZALEZ,2144826067,mobile,trucking/logistics,COLLINSVILLE,TX,fmcsa_census,,,,
standard,LIFT&GO TOWING LLC,2064887020,mobile,trucking/logistics,PROVIDENCE VILLAGE,TX,fmcsa_census,,,,
standard,SIL20 LLC,9406295390,mobile,trucking/logistics,SAVANNAH,TX,fmcsa_census,,,,
standard,BRAMLETT ENTERPRISES INC,9405391023,mobile,trucking/logistics,DECATUR,TX,fmcsa_census,,,,
standard,BNC AUTO TRANSPORT LLC,3053184178,mobile,trucking/logistics,KELLER,TX,fmcsa_census,,,,
standard,ONE HORSE TRUCKING LLC,9403896133,mobile,trucking/logistics,DECATUR,TX,fmcsa_census,,,,
standard,TOMMY SHACKELFORD,9404826578,mobile,trucking/logistics,KRUM,TX,fmcsa_census,,,,
standard,ALTERNATIVE TRUCKING SOLUTIONS LLC,4692487650,mobile,trucking/logistics,AUBREY,TX,fmcsa_census,,,,
standard,HIGGS TOOLS LLC,9402061536,mobile,trucking/logistics,FORT WORTH,TX,fmcsa_census,,,,
standard,DONALD CUNDIFF,9404539168,mobile,trucking/logistics,NOCONA,TX,fmcsa_census,,,,
standard,EDMUND K GASWAY,8177411107,mobile,trucking/logistics,KELLER,TX,fmcsa_census,,,,
standard,LAMORA TRUCKING LLC,6822561861,mobile,trucking/logistics,ARLINGTON,TX,fmcsa_census,,,,
standard,CHISHOLM TRAIL REDI-MIX LLC,8179655646,mobile,trucking/logistics,CLEBURNE,TX,fmcsa_census,,,,
standard,RANDY ANDERSON,8174875102,mobile,trucking/logistics,GRANDVIEW,TX,fmcsa_census,,,,
standard,KENNEDY CONSTRUCTION COMPANY,8177813065,mobile,trucking/logistics,GRANDVIEW,TX,fmcsa_census,,,,
standard,RR TRANSPORT SERVICES LLC,6823869657,mobile,trucking/logistics,CROWLEY,TX,fmcsa_census,,,,
standard,CAMACHO HAULERS LLC,8172019912,mobile,trucking/logistics,EULESS,TX,fmcsa_census,,,,
standard,DUMP IT DFW LLC,8179074076,mobile,trucking/logistics,ALVARADO,TX,fmcsa_census,,,,
standard,VICTOR AQUIRRE,8177150699,mobile,trucking/logistics,GRANDVIEW,TX,fmcsa_census,,,,
standard,DPT EXPRESS LLC,4698582926,mobile,trucking/logistics,ARLINGTON,TX,fmcsa_census,,,,
standard,MARCELINA LOPEZ & REFUGIO LOPEZ,8172401112,mobile,trucking/logistics,ALVARADO,TX,fmcsa_census,,,,
standard,R&G WELDING SERVICES,8177398759,mobile,trucking/logistics,AZLE,TX,fmcsa_census,,,,
standard,GS SERVICE RIGGING LLC,8179139919,mobile,trucking/logistics,ARLINGTON,TX,fmcsa_census,,,,
standard,VERNON BEACHY,8175260419,mobile,trucking/logistics,GRANDVIEW,TX,fmcsa_census,,,,
standard,WE ALL RISE,6824016587,mobile,trucking/logistics,ARLINGTON,TX,fmcsa_census,,,,
standard,KEN OKEEFE,8172398787,mobile,trucking/logistics,GRANBURY,TX,fmcsa_census,,,,
standard,CENTERPOINT CARRIER INC,8177174466,mobile,trucking/logistics,GRANDVIEW,TX,fmcsa_census,,,,
standard,J & J MUSIC FESTIVITIES INC,8179963646,mobile,trucking/logistics,GRANDVIEW,TX,fmcsa_census,,,,
standard,LIBERTY LOGISTICS LLC,9039226426,mobile,trucking/logistics,PALESTINE,TX,fmcsa_census,,,,
standard,J3S TRUCKING LLC,2146056638,mobile,trucking/logistics,EULESS,TX,fmcsa_census,,,,
standard,ROLLIN'A FREIGHT SERVICE INC,8177334920,mobile,trucking/logistics,BURLESON,TX,fmcsa_census,,,,
standard,NIKS PARTNERS CORP,9544833752,mobile,trucking/logistics,EULESS,TX,fmcsa_census,,,,
standard,GREASY TRUCKING LLC,9039003485,mobile,trucking/logistics,EULESS,TX,fmcsa_census,,,,
standard,WILLOW CREEK TRUCKING,8172964282,mobile,trucking/logistics,PALESTINE,TX,fmcsa_census,,,,
standard,GTZ HAULING LLC,8173710395,mobile,trucking/logistics,ARLINGTON,TX,fmcsa_census,,,,
standard,BANETCOM LLC,8174951255,mobile,trucking/logistics,EULESS,TX,fmcsa_census,,,,
standard,DOMINION TRANSPORTATION INC,8178057433,mobile,trucking/logistics,ALVARADO,TX,fmcsa_census,,,,
standard,JGS LOGISTICS,8175053548,mobile,trucking/logistics,ARLINGTON,TX,fmcsa_census,,,,
standard,GREBOBOYS TRUCKING LLC,8177295722,mobile,trucking/logistics,EULESS,TX,fmcsa_census,,,,
standard,JOEL NELSON MALAVE,7173800322,mobile,trucking/logistics,EULESS,TX,fmcsa_census,,,,
standard,NICA LOGISTICS LLC,4697082450,mobile,trucking/logistics,ARLINGTON,TX,fmcsa_census,,,,
standard,R S EXPRESS TRUCKING LLC,8175848095,mobile,trucking/logistics,ARLINGTON,TX,fmcsa_census,,,,
standard,CHAD ALEC STONE,8172193800,mobile,trucking/logistics,GRANDVIEW,TX,fmcsa_census,,,,
standard,CROWN DELIVERY LLC,5059915052,mobile,trucking/logistics,CROWLEY,TX,fmcsa_census,,,,
standard,WORTHINGTON MONUMENTS INC,8172960862,mobile,trucking/logistics,BURLESON,TX,fmcsa_census,,,,
standard,CNC FABRICATIONS & MAINTENANCE INC,8178254525,mobile,trucking/logistics,BURLESON,TX,fmcsa_census,,,,
standard,RALEIGH HARVEY JR,8176597222,mobile,trucking/logistics,ARLINGTON,TX,fmcsa_census,,,,
standard,SAHEED BAMIDELE YUSUF,6822577260,mobile,trucking/logistics,CROWLEY,TX,fmcsa_census,,,,
standard,MCI TRANSPORTATION LLC,9033993613,mobile,trucking/logistics,PALESTINE,TX,fmcsa_census,,,,
standard,FERMIN G REYES,8178052393,mobile,trucking/logistics,ARLINGTON,TX,fmcsa_census,,,,
standard,OOUWEE TRANSPORT LLC,9033911680,mobile,trucking/logistics,PALESTINE,TX,fmcsa_census,,,,
standard,JACKSON DRILLING SERVICES LP,8179967340,mobile,trucking/logistics,JUSTIN,TX,fmcsa_census,,,,
standard,ALL A'S LOGISTICS LLC,8507165924,mobile,trucking/logistics,AUBREY,TX,fmcsa_census,,,,
standard,SAFE AND SOUND TRANSPORT LLC,9703000569,mobile,trucking/logistics,KELLER,TX,fmcsa_census,,,,
standard,AJ RENTAL DALLAS INC,8178078108,mobile,trucking/logistics,KRUM,TX,fmcsa_census,,,,
standard,B & R OILFIELD SERVICES,8179883173,mobile,trucking/logistics,KELLER,TX,fmcsa_census,,,,
standard,LEOBARDO SANCHEZ,9404424182,mobile,trucking/logistics,KRUM,TX,fmcsa_census,,,,
standard,CAROLYN SIMON,6825523008,mobile,trucking/logistics,KELLER,TX,fmcsa_census,,,,
standard,DOUBLE T HOTSHOT SERVICES LLC,9403918242,mobile,trucking/logistics,KRUM,TX,fmcsa_census,,,,
standard,HEATH BARTON,9403917148,mobile,trucking/logistics,KRUM,TX,fmcsa_census,,,,
standard,JD BREWCITY TRUCKING LLC,8176465044,mobile,trucking/logistics,FORT WORTH,TX,fmcsa_census,,,,
standard,JEBSTAR TRUCK LINES INC,2142773608,mobile,trucking/logistics,KELLER,TX,fmcsa_census,,,,
standard,MOTEN'S HOTSHOT LLC,2145496353,mobile,trucking/logistics,FORT WORTH,TX,fmcsa_census,,,,
standard,ECC GRANITE INC,9403686725,mobile,trucking/logistics,PILOT POINT,TX,fmcsa_census,,,,
standard,IRA D DEARMAN,8173379007,mobile,trucking/logistics,FORT WORTH,TX,fmcsa_census,,,,
standard,TRINITY TURF NURSERY INC,9406862000,mobile,trucking/logistics,PILOT POINT,TX,fmcsa_census,,,,
standard,DONALD RAY FENOGLIO,9408410505,mobile,trucking/logistics,NOCONA,TX,fmcsa_census,,,,
standard,GAELD LLC,3092306404,mobile,trucking/logistics,KELLER,TX,fmcsa_census,,,,
standard,TOTAL SURFACE SOLUTIONS LLC,9402556937,mobile,trucking/logistics,DECATUR,TX,fmcsa_census,,,,
standard,SOLIS CONSTRUCTION TRANSPORTATION LLC,5056446152,mobile,trucking/logistics,SAVANNAH,TX,fmcsa_census,,,,
standard,JAMES W SANDS,9402064118,mobile,trucking/logistics,NOCONA,TX,fmcsa_census,,,,
standard,LEON SPRADLING,9402227719,mobile,trucking/logistics,JUSTIN,TX,fmcsa_census,,,,
standard,ALL OCCASION LIMO SERVICES,8178051705,mobile,trucking/logistics,KELLER,TX,fmcsa_census,,,,
standard,LIMITLESS EXPRESS LLC,7867972204,mobile,trucking/logistics,AUBREY,TX,fmcsa_census,,,,
standard,CLAXTON TRUCKING LLC,9409023992,mobile,trucking/logistics,NOCONA,TX,fmcsa_census,,,,
standard,MOSELEY UTILITY CONSTRUCTION LLC,9032758664,mobile,trucking/logistics,JUSTIN,TX,fmcsa_census,,,,
standard,ROGELIO VENTURA,8178230418,mobile,trucking/logistics,JUSTIN,TX,fmcsa_census,,,,
standard,ROGELIO VENTURA,8179486529,mobile,trucking/logistics,JUSTIN,TX,fmcsa_census,,,,
standard,SPENCE SERVICES LLC,8172336083,mobile,trucking/logistics,JUSTIN,TX,fmcsa_census,,,,
standard,DAVINDER S MANN,9404657967,mobile,trucking/logistics,KRUM,TX,fmcsa_census,,,,
standard,CALVIN BUCHANAN,8179960932,mobile,trucking/logistics,DECATUR,TX,fmcsa_census,,,,
standard,HAULIT MULTISERVICE INC,9408414376,mobile,trucking/logistics,NOCONA,TX,fmcsa_census,,,,
standard,GRSONS LOGISTICS LLC,2148509426,mobile,trucking/logistics,FORT WORTH,TX,fmcsa_census,,,,
standard,GABBER CORPORATION,9725670709,mobile,trucking/logistics,KRUM,TX,fmcsa_census,,,,
standard,DANIEL VAZQUEZ PEROCIER,4324485248,mobile,trucking/logistics,FORT WORTH,TX,fmcsa_census,,,,
standard,RABBIT BRUSH ENTERPRISES INC,9727951812,mobile,trucking/logistics,KELLER,TX,fmcsa_census,,,,
standard,FLAVIO MARTINS,2146006399,mobile,trucking/logistics,PROVIDNCE VLG,TX,fmcsa_census,,,,
standard,HA CATTLE CO LLC,9402553079,mobile,trucking/logistics,RINGGOLD,TX,fmcsa_census,,,,
standard,WILLIAM AUTO MOTOR INC,9728768370,mobile,trucking/logistics,SAGINAW,TX,fmcsa_census,,,,
standard,SHAWN SMITH,9403915411,mobile,trucking/logistics,KRUM,TX,fmcsa_census,,,,
standard,3 T VALDEZ LLC,4692220055,mobile,trucking/logistics,FORT WORTH,TX,fmcsa_census,,,,
standard,JULIO MURILLO,8178082052,mobile,trucking/logistics,FORT WORTH,TX,fmcsa_census,,,,
standard,TEXAS ROAD AND SIGN SUPPLY LLC,4695453752,mobile,trucking/logistics,AUBREY,TX,fmcsa_census,,,,
standard,HELPING HAND,6823524077,mobile,trucking/logistics,FORT WORTH,TX,fmcsa_census,,,,
standard,JARESH BACKHOE INC,9038154951,mobile,trucking/logistics,WHITESBORO,TX,fmcsa_census,,,,
standard,FARRIS CONCRETE COMPANY INC,2146760717,mobile,trucking/logistics,DECATUR,TX,fmcsa_census,,,,
standard,CHARLES EDWARD SIMONS,9407230395,mobile,trucking/logistics,WICHITA FALLS,TX,fmcsa_census,,,,
standard,AMJ LEGACY TRUCKING LIMITED LIABILITY COMPANY,5059139329,mobile,trucking/logistics,FORT WORTH,TX,fmcsa_census,,,,
standard,BOB HOLT MOULDING,2083698940,mobile,trucking/logistics,WICHITA FALLS,TX,fmcsa_census,,,,
standard,DED PROPANE SERVICES LLC,9402100124,mobile,trucking/logistics,DECATUR,TX,fmcsa_census,,,,
standard,DNA LEGACY SOLUTIONS LLC,2147831850,mobile,trucking/logistics,SAVANNAH,TX,fmcsa_census,,,,
standard,C&B TRANSPORT DFW LLC,8178978766,mobile,trucking/logistics,FORT WORTH,TX,fmcsa_census,,,,
standard,TEXAS INTEGRITY ROLL OFF INC,9409994663,mobile,trucking/logistics,WHITESBORO,TX,fmcsa_census,,,,
standard,RM LOGICAL SOLUTIONS LLC,7866571729,mobile,trucking/logistics,AUBREY,TX,fmcsa_census,,,,
standard,K & H INNOVATIVE ENTERPRISES LLC,6824496247,mobile,trucking/logistics,FORT WORTH,TX,fmcsa_census,,,,
standard,TRUE LEGEND SERVICES LLC,7745190614,mobile,trucking/logistics,FORT WORTH,TX,fmcsa_census,,,,
standard,JOHN R BUELL,9403005816,mobile,trucking/logistics,DECATUR,TX,fmcsa_census,,,,
standard,LEGACY MATERIALS TRUCKING LLC,6822010832,mobile,trucking/logistics,FORT WORTH,TX,fmcsa_census,,,,
standard,GLOVERS TRUCKING LLC,9402352811,mobile,trucking/logistics,WICHITA FALLS,TX,fmcsa_census,,,,
standard,J PINEDA TRUCKING LLC,6824020824,mobile,trucking/logistics,FORT WORTH,TX,fmcsa_census,,,,
standard,HARRY DOWNS,9032679773,mobile,trucking/logistics,WHITESBORO,TX,fmcsa_census,,,,
standard,"ENERGY TECH INSULATION AND GARAGE DOORS, LLC",9403674433,mobile,trucking/logistics,WHITESBORO,TX,fmcsa_census,,,,
standard,GENERATION'S TRANSPORTATION SERVICES LLC,8173668735,mobile,trucking/logistics,FORT WORTH,TX,fmcsa_census,,,,
standard,GALCO LOGISTICS LLC,9402104963,mobile,trucking/logistics,DECATUR,TX,fmcsa_census,,,,
standard,SLANT OPERATING LLC,9407041595,mobile,trucking/logistics,WICHITA FALLS,TX,fmcsa_census,,,,
standard,NOVA TRANSPORTS LLC,5056913883,mobile,trucking/logistics,FORT WORTH,TX,fmcsa_census,,,,
standard,B&K CABLEWORKS INC,9404585871,mobile,trucking/logistics,SANGER,TX,fmcsa_census,,,,
standard,WALSH AND WATTS INC,9407232104,mobile,trucking/logistics,WICHITA FALLS,TX,fmcsa_census,,,,
standard,JOHN D HASH JR,9406314086,mobile,trucking/logistics,ARCHER CITY,TX,fmcsa_census,,,,
standard,KEVIN ROY KRZYCKI,3087504020,mobile,trucking/logistics,SANGER,TX,fmcsa_census,,,,
standard,MICHAEL LANG JR,9403917570,mobile,trucking/logistics,WHITESBORO,TX,fmcsa_census,,,,
standard,TEX'S OUTDOOR SERVICES LLC,9403909411,mobile,trucking/logistics,SANGER,TX,fmcsa_census,,,,
standard,MARTIN TRUCK AND TRACTOR,9404655218,mobile,trucking/logistics,SANGER,TX,fmcsa_census,,,,
standard,ACADIA PARISH CRAWFISH,3184330650,mobile,trucking/logistics,FORT WORTH,TX,fmcsa_census,,,,
standard,TRI-STAR SERVICES INC,9407336281,mobile,trucking/logistics,ARCHER CITY,TX,fmcsa_census,,,,
standard,JERMAINE JAMES LOGISTICS LLC,9728156735,mobile,trucking/logistics,FORT WORTH,TX,fmcsa_census,,,,
standard,MEALS INDUSTRIES,9035645832,mobile,trucking/logistics,WHITESBORO,TX,fmcsa_census,,,,
standard,TEX-OMA BUILDERS SUPPLY CO,9406367905,mobile,trucking/logistics,WICHITA FALLS,TX,fmcsa_census,,,,
standard,JACK ASSOCIATE TRUCKING LLC,4057470732,mobile,trucking/logistics,WICHITA FALLS,TX,fmcsa_census,,,,
standard,AA AWESOME RELOCATION SYSTEMS INC,9403226901,mobile,trucking/logistics,WICHITA FALLS,TX,fmcsa_census,,,,
standard,THE 88 ALPHA LLC,3139896776,mobile,trucking/logistics,PONDER,TX,fmcsa_census,,,,
standard,MB FENCE & CONSTRUCTION LLC,6056600919,mobile,trucking/logistics,WHITESBORO,TX,fmcsa_census,,,,
standard,MARVIN GRAF TRUCKING INC,9407812592,mobile,trucking/logistics,WICHITA FALLS,TX,fmcsa_census,,,,
standard,DBEAUTY ALL VEGAN LLC,8177234943,mobile,trucking/logistics,FORT WORTH,TX,fmcsa_census,,,,
standard,DAVIS EIGHT TRANSPORTS LLC,3258297562,mobile,trucking/logistics,FORT WORTH,TX,fmcsa_census,,,,
standard,TAYLOR WORKFORCE HOUSING LLC,9407828700,mobile,trucking/logistics,WICHITA FALLS,TX,fmcsa_census,,,,
standard,GLADSTONE TRANSPORTATION LLC,9037249481,mobile,trucking/logistics,PALESTINE,TX,fmcsa_census,,,,
standard,LEW TRANSPORTATION LLC,2403001246,mobile,trucking/logistics,CROWLEY,TX,fmcsa_census,,,,
standard,JOHNNY POARCH,4693605758,mobile,trucking/logistics,ALVARADO,TX,fmcsa_census,,,,
standard,WORLDWIDE ENVIRONMENTAL SYSTEMS CORP,8175902936,mobile,trucking/logistics,BEDFORD,TX,fmcsa_census,,,,
standard,OWS OILFIELD SERVICES LLC,9407334511,mobile,trucking/logistics,WICHITA FALLS,TX,fmcsa_census,,,,
standard,OWS OILFIELD SERVICES LLC,9406362848,mobile,trucking/logistics,WICHITA FALLS,TX,fmcsa_census,,,,
standard,DEER CREEK TRAILERS LLC,9408679932,mobile,trucking/logistics,WICHITA FALLS,TX,fmcsa_census,,,,
standard,TOWN SQUARE LIMO SERVICE LLC,8177719785,mobile,trucking/logistics,KELLER,TX,fmcsa_census,,,,
standard,HUNGWE TRANSPORT INC,5127598271,mobile,trucking/logistics,WICHITA FALLS,TX,fmcsa_census,,,,
standard,B L CANNON TRUCKING,9408676600,mobile,trucking/logistics,WICHITA FALLS,TX,fmcsa_census,,,,
standard,JOE ROME TRUCKING LLC,8178172866,mobile,trucking/logistics,FORT WORTH,TX,fmcsa_census,,,,
standard,DAVID A MORRIS,9727546683,mobile,trucking/logistics,WICHITAFALLS,TX,fmcsa_census,,,,
standard,RK FARMS INC,9402562324,mobile,trucking/logistics,GOREE,TX,fmcsa_census,,,,
standard,BILLY MCGREGOR,9403678333,mobile,trucking/logistics,SANGER,TX,fmcsa_census,,,,
standard,LUIS GARZA,9406136558,mobile,trucking/logistics,WICHITA FALLS,TX,fmcsa_census,,,,
standard,LUIS GARZA,8322334997,mobile,trucking/logistics,WICHITA FALLS,TX,fmcsa_census,,,,
standard,LUIS GARZA,9563336257,mobile,trucking/logistics,WICHITA FALLS,TX,fmcsa_census,,,,
standard,JMK GENERAL CONSTRUCTION LLC,9404580031,mobile,trucking/logistics,SANGER,TX,fmcsa_census,,,,
standard,SUSAN PROMSENMUONG,4692581932,mobile,trucking/logistics,FORT WORTH,TX,fmcsa_census,,,,
standard,BOB DUENSING,9406314261,mobile,trucking/logistics,ELECTRA,TX,fmcsa_census,,,,
standard,CAVA TRUCKING LLC,8176967411,mobile,trucking/logistics,FORT WORTH,TX,fmcsa_census,,,,
standard,JJ DELIVERIES LLC,8175136505,mobile,trucking/logistics,FORT WORTH,TX,fmcsa_census,,,,
standard,DAWIRA S HARAWA,9403374469,mobile,trucking/logistics,WICHITA FALLS,TX,fmcsa_census,,,,
standard,247 TRANSPORT LLC,5048105966,mobile,trucking/logistics,WICHITA FALLS,TX,fmcsa_census,,,,
standard,ELLIS HIGH,2143011731,mobile,trucking/logistics,FORT WORTH,TX,fmcsa_census,,,,
standard,TS & T DRILLING,9404953677,mobile,trucking/logistics,ELECTRA,TX,fmcsa_census,,,,
standard,HOT SHOTS FIREFIGHTERS MOVING CO LLC,9405008394,mobile,trucking/logistics,WICHITA FALLS,TX,fmcsa_census,,,,
standard,ASFI PARTNERS LP,9404589078,mobile,trucking/logistics,SANGER,TX,fmcsa_census,,,,
standard,JERRY W INMAN,9407664354,mobile,trucking/logistics,WICHITA FALLS,TX,fmcsa_census,,,,
standard,AMANI-H LLC,3614609733,mobile,trucking/logistics,WICHITA FALLS,TX,fmcsa_census,,,,
standard,HOLLIDAY CHEMICAL INC,9405860103,mobile,trucking/logistics,HOLLIDAY,TX,fmcsa_census,,,,
standard,J P READY MIX LLC,9405947536,mobile,trucking/logistics,SANGER,TX,fmcsa_census,,,,
standard,SHOCK 'N' Y'ALL INC,9406314484,mobile,trucking/logistics,WICHITA FALLS,TX,fmcsa_census,,,,
standard,C & C COMMODITIES LLC,9407039785,mobile,trucking/logistics,SANGER,TX,fmcsa_census,,,,
standard,C&C TOWING & TRANSPORT LLC,5753093199,mobile,trucking/logistics,FORT WORTH,TX,fmcsa_census,,,,
standard,3 TOWERS TRANSPORT LLC,7202065049,mobile,trucking/logistics,WICHITA FALLS,TX,fmcsa_census,,,,
standard,MAZIQUE CONSTRUCTION SERVICES AND SPECIALIZED HAULING LLC,9407837446,mobile,trucking/logistics,SANGER,TX,fmcsa_census,,,,
standard,CHRISTOPHER LELAND NICHOLS,9032716791,mobile,trucking/logistics,WHITESBORO,TX,fmcsa_census,,,,
standard,LEDET LOGISTICS LLC,9729550495,mobile,trucking/logistics,FORT WORTH,TX,fmcsa_census,,,,
standard,SABAOTH TRUCKING LLC,5756025367,mobile,trucking/logistics,FORT WORTH,TX,fmcsa_census,,,,
standard,REMIROSE TRANSPORTATION SERVICES LLC,9402288488,mobile,trucking/logistics,WICHITA FALLS,TX,fmcsa_census,,,,
standard,GOSHEN ENTERPRISES INCORPORATED,9406315701,mobile,trucking/logistics,WICHITA FALLS,TX,fmcsa_census,,,,
standard,CHRISTOPHER HELD,9403379068,mobile,trucking/logistics,WICHITA FALLS,TX,fmcsa_census,,,,
standard,NO LIMIT AMERICA LLC,2026640999,mobile,trucking/logistics,WACHITA FALLS,TX,fmcsa_census,,,,
standard,SNB MECHANICAL CONTRACTORS INC,9407676141,mobile,trucking/logistics,WICHITA FALLS,TX,fmcsa_census,,,,
standard,DA-LY PROFESSIONAL SERVICES LLC,9407835900,mobile,trucking/logistics,SANGER,TX,fmcsa_census,,,,
standard,B & G YOUNGBLOOD ENTERPRISES INCORPORATED,8172320475,mobile,trucking/logistics,FORT WORTH,TX,fmcsa_census,,,,
standard,RUSSO CORPORATION,2059234434,mobile,trucking/logistics,SAGINAW,TX,fmcsa_census,,,,
standard,TBC SOUTHWEST AUTO TRANSPORT LLC,9406131214,mobile,trucking/logistics,WICHITA FALLS,TX,fmcsa_census,,,,
standard,BRENDA JOLLY,9403370354,mobile,trucking/logistics,IOWA PARK,TX,fmcsa_census,,,,
standard,JOSE CONCEPCION SALAZAR,2142763698,mobile,trucking/logistics,SANGER,TX,fmcsa_census,,,,
standard,JARPRA ENTERPRISE INC,6825974220,mobile,trucking/logistics,SAGINAW,TX,fmcsa_census,,,,
standard,VICTORY HOTSHOT LLC,9407655457,mobile,trucking/logistics,SANGER,TX,fmcsa_census,,,,
standard,REBEL 7 LLC,6233372258,mobile,trucking/logistics,WICHITA FALLS,TX,fmcsa_census,,,,
standard,ROBERT A FALLON,9404432593,mobile,trucking/logistics,GAINESVILLE,TX,fmcsa_census,,,,
standard,R2B2 MATERIALS LLC,7196808702,mobile,trucking/logistics,FORT WORTH,TX,fmcsa_census,,,,
standard,WILLEN ELECTRIC CO,9406313356,mobile,trucking/logistics,WICHITA FALLS,TX,fmcsa_census,,,,
standard,DAISY TRUCKING LLC,8179484452,mobile,trucking/logistics,FORT WORTH,TX,fmcsa_census,,,,
standard,LYNNE MCGUIRE,9406428738,mobile,trucking/logistics,IOWA PARK,TX,fmcsa_census,,,,
standard,JOSE'S PIPE TESTING INC,9407337312,mobile,trucking/logistics,ELECTRA,TX,fmcsa_census,,,,
standard,CHAMPION MOVING SERVICES LLC,8179659348,mobile,trucking/logistics,FORT WORTH,TX,fmcsa_census,,,,
standard,FALLS DISTRIBUTING COMPAN INC,9402247309,mobile,trucking/logistics,WICHITA FALLS,TX,fmcsa_census,,,,
standard,TX NIGHT MOVES LLC,9404588118,mobile,trucking/logistics,SANGER,TX,fmcsa_census,,,,
standard,AF HOTSHOT LLC,8084300809,mobile,trucking/logistics,WICHITA FALLS,TX,fmcsa_census,,,,
standard,GKS BOYS TRUCKING LLC,4694318736,mobile,trucking/logistics,SANGER,TX,fmcsa_census,,,,
standard,CHARLES L EUBANKS FAMILY TRUST,2814671874,mobile,trucking/logistics,WICHITA FALLS,TX,fmcsa_census,,,,
standard,STEV EN DEWAYNE SLUDER,9406312095,mobile,trucking/logistics,WICHITA FALLS,TX,fmcsa_census,,,,
standard,DE-ZEES INVESTMENTS LLC,9729630863,mobile,trucking/logistics,WICHITA FALLS,TX,fmcsa_census,,,,
standard,COY MOTE,9406311302,mobile,trucking/logistics,WICHITA FALLS,TX,fmcsa_census,,,,
standard,LOCOMOTION TR,9402286906,mobile,trucking/logistics,WICHITA FALLS,TX,fmcsa_census,,,,
standard,INFINITY S S INC,2145388386,mobile,trucking/logistics,WICHITA FALLS,TX,fmcsa_census,,,,
standard,ZEBRA RANCH LLC,4693641722,mobile,trucking/logistics,SANGER,TX,fmcsa_census,,,,
standard,PENCE FAMILY TRUCKING LLC,2142844263,mobile,trucking/logistics,WICHITA FALLS,TX,fmcsa_census,,,,
standard,O D SKINNER JR,9406920957,mobile,trucking/logistics,WICHITA FALLS,TX,fmcsa_census,,,,
standard,WFPC LTD,9407663518,mobile,trucking/logistics,WICHITA FALLS,TX,fmcsa_census,,,,
standard,GILL WELDING LLC,9406312373,mobile,trucking/logistics,WICHITA FALLS,TX,fmcsa_census,,,,
standard,79 TRUCKING LLC,8173007735,mobile,trucking/logistics,FORT WORTH,TX,fmcsa_census,,,,
standard,INTERNATIONAL SEATING SOLUTIONS INC,3163041246,mobile,trucking/logistics,SANGER,TX,fmcsa_census,,,,
standard,GKG INC,9406312314,mobile,trucking/logistics,WICHITA FALLS,TX,fmcsa_census,,,,
standard,JOSHUA THOMPSON,9402571065,mobile,trucking/logistics,IOWA PARK,TX,fmcsa_census,,,,
standard,STEPHENS AND JOHNSON OPERATING COMPANY,5804757374,mobile,trucking/logistics,WICHITA FALLS,TX,fmcsa_census,,,,
standard,BY THE WAY LLC,6827170614,mobile,trucking/logistics,FORT WORTH,TX,fmcsa_census,,,,
standard,ROLLIN BOLLIN TRANSPORT LLC,9402296516,mobile,trucking/logistics,WICHITA FALLS,TX,fmcsa_census,,,,
standard,GREY ENTERPRISES,8177763171,mobile,trucking/logistics,FORT WORTH,TX,fmcsa_census,,,,
standard,JOHNSON'S FURNITURE AND MATTRESS,3607048135,mobile,trucking/logistics,WICHITA FALLS,TX,fmcsa_census,,,,
standard,CHAD & BRANDI INC,9406326188,mobile,trucking/logistics,WICHITA FALLS,TX,fmcsa_census,,,,
standard,WHIRLWIND TRANSPORT LLC,8172364410,mobile,trucking/logistics,FORT WORTH,TX,fmcsa_census,,,,
standard,BNB STONE LLC,9403919820,mobile,trucking/logistics,SANGER,TX,fmcsa_census,,,,
standard,BOWLES CONSTRUCTION COMPANY,9406315108,mobile,trucking/logistics,WICHITA FALLS,TX,fmcsa_census,,,,
standard,KRH LOGISTICS LLC,8173577126,mobile,trucking/logistics,WICHITA FALLS,TX,fmcsa_census,,,,
standard,RAMON RAMIREZ,6822393958,mobile,trucking/logistics,CROWLEY,TX,fmcsa_census,,,,
standard,STRAUGHAN LOGISTICS LLC,8324944898,mobile,trucking/logistics,PALESTINE,TX,fmcsa_census,,,,
standard,DAVID ESPARZA,8178915605,mobile,trucking/logistics,ALVARADO,TX,fmcsa_census,,,,
standard,SANTIAGO ALBERTO,9037244430,mobile,trucking/logistics,PALESTINE,TX,fmcsa_census,,,,
standard,CODY DALE RAY,9039484695,mobile,trucking/logistics,PALESTINE,TX,fmcsa_census,,,,
standard,BUILDING PROFESSIONALS TRANSPORT LLC,6822517090,mobile,trucking/logistics,ALVARADO,TX,fmcsa_census,,,,
standard,BDESIGN TRUCKING LLC,3057980603,mobile,trucking/logistics,CROWLEY,TX,fmcsa_census,,,,
standard,ADAM TRANSIT LLC,8177813844,mobile,trucking/logistics,EULESS,TX,fmcsa_census,,,,
standard,DCN LOGISTICS,6825574993,mobile,trucking/logistics,ARLINGTON,TX,fmcsa_census,,,,
standard,FREDRICK MUMPI,4694383389,mobile,trucking/logistics,BEDFORD,TX,fmcsa_census,,,,
standard,HALM HOLDINGS,8175737103,mobile,trucking/logistics,GRANBURY,TX,fmcsa_census,,,,
standard,BETHESDA WATER SUPPLY CORP,8172952131,mobile,trucking/logistics,BURLESON,TX,fmcsa_census,,,,
standard,KN TRUCKING LLC,8179417918,mobile,trucking/logistics,BURLESON,TX,fmcsa_census,,,,
standard,FOD LOGISTICS AND TRANSPORTATION LLC,4403200291,mobile,trucking/logistics,EULESS,TX,fmcsa_census,,,,
standard,CRAIG ROLAND PALACIOS,8177159110,mobile,trucking/logistics,CROWLEY,TX,fmcsa_census,,,,
standard,JAMES WADE BROCK,8172194282,mobile,trucking/logistics,GRANBURY,TX,fmcsa_census,,,,
standard,TRUCKS TO RICHES LOGISTICS LLC,8327901765,mobile,trucking/logistics,PALESTINE,TX,fmcsa_census,,,,
standard,ZAKOOT INTERNATIONAL LLC,7326939046,mobile,trucking/logistics,EULESS,TX,fmcsa_census,,,,
standard,GNNTX LLC,6822224165,mobile,trucking/logistics,EULESS,TX,fmcsa_census,,,,
standard,EDWARD J KACVINSKI,9039487112,mobile,trucking/logistics,PALESTINE,TX,fmcsa_census,,,,
standard,SUPER FAM HAULING LLC,4106036347,mobile,trucking/logistics,PALESTINE,TX,fmcsa_census,,,,
standard,CHARLES S TINSLEY DBA MAINSTREET MINING COMPANY,8173546900,mobile,trucking/logistics,BEDFORD,TX,fmcsa_census,,,,
standard,SIXTO LOPEZ,8177156280,mobile,trucking/logistics,BURLESON,TX,fmcsa_census,,,,
standard,GARDEN BLOOMS INC,8173710725,mobile,trucking/logistics,BURLESON,TX,fmcsa_census,,,,
standard,KINGDOM TRANSPORTATION SERVICES LLC,8172303314,mobile,trucking/logistics,GRANDVIEW,TX,fmcsa_census,,,,
standard,FRASER-DOUGLAS LLC,3184694457,mobile,trucking/logistics,PALESTINE,TX,fmcsa_census,,,,
standard,YUSMAIN VALDES,7865537495,mobile,trucking/logistics,ARLINGTON,TX,fmcsa_census,,,,
standard,SANDOVAL EXPRESS LOGISTICS LLC,4693486784,mobile,trucking/logistics,WICHITA FALLS,TX,fmcsa_census,,,,
standard,ROSCOE'S TRANSPORT LLC,8179399669,mobile,trucking/logistics,WHITE SETTLEMENT,TX,fmcsa_census,,,,
standard,BAC II BAC CARRIERS LLC,4698533591,mobile,trucking/logistics,KELLER,TX,fmcsa_census,,,,
standard,DUAL CORE TRANSPORTATION LLC,8177570721,mobile,trucking/logistics,FORT WORTH,TX,fmcsa_census,,,,
standard,JOE VANWINKLE,9406363060,mobile,trucking/logistics,IOWA PARK,TX,fmcsa_census,,,,
standard,GUADALUPE HERNANDEZ,8173083871,mobile,trucking/logistics,FORT WORTH,TX,fmcsa_census,,,,
standard,AJJ HOTSHOT LLC,4054364024,mobile,trucking/logistics,WICHITA FALLS,TX,fmcsa_census,,,,
standard,WILLIAM WILSON CONTRACTING,8137601947,mobile,trucking/logistics,FORT WORTH,TX,fmcsa_census,,,,
standard,DOUBLE J WELDING,9406369295,mobile,trucking/logistics,WICHITA FALLS,TX,fmcsa_census,,,,
standard,ASHLYN HOMES INCORPORATED,8174016018,mobile,trucking/logistics,FORT WORTH,TX,fmcsa_census,,,,
standard,JMENASCO,9406316219,mobile,trucking/logistics,WICHITA FALLS,TX,fmcsa_census,,,,
standard,DAVIS & DAVIS INVESTMENT LLC,6822341877,mobile,trucking/logistics,FORT WORTH,TX,fmcsa_census,,,,
standard,CHRISTOPHER CRUTCHER,9406367502,mobile,trucking/logistics,WICHITA FALLS,TX,fmcsa_census,,,,
standard,LANCO TURF & SEEDING INC,9406914400,mobile,trucking/logistics,WICHITA FALLS,TX,fmcsa_census,,,,
standard,CLARENCE T LANE,9404650306,mobile,trucking/logistics,SANGER,TX,fmcsa_census,,,,
standard,J M NORRIS,9404650565,mobile,trucking/logistics,SANGER,TX,fmcsa_census,,,,
standard,JC TRUCKING,9402240834,mobile,trucking/logistics,WICHITA FALLS,TX,fmcsa_census,,,,
standard,COPLAN TRANSPORT,3183497171,mobile,trucking/logistics,WICHITA FALLS,TX,fmcsa_census,,,,
standard,CHASM LITTLE AND MATTHEW LITTLE,6823079949,mobile,trucking/logistics,FORT WORTH,TX,fmcsa_census,,,,
standard,STAN MASON,9408676372,mobile,trucking/logistics,WICHITA FALLS,TX,fmcsa_census,,,,
standard,LABGISTEX INC,8176015108,mobile,trucking/logistics,FORT WORTH,TX,fmcsa_census,,,,
standard,SANDIA LAND & CATTLE LLC,9403978400,mobile,trucking/logistics,WICHITA FALLS,TX,fmcsa_census,,,,
standard,KELLY PROPANE & FUEL LLC,9407334158,mobile,trucking/logistics,HOLLIDAY,TX,fmcsa_census,,,,
standard,SILVER CREEK MATERIALS INC,8172334736,mobile,trucking/logistics,FORT WORTH,TX,fmcsa_census,,,,
standard,TOMMY ALANIZ,9404731234,mobile,trucking/logistics,VERNON,TX,fmcsa_census,,,,
standard,MICAH LEVI DULONG,8172879367,mobile,trucking/logistics,FORT WORTH,TX,fmcsa_census,,,,
standard,SVG SERVICES LLC,8173238154,mobile,trucking/logistics,FORT WORTH,TX,fmcsa_census,,,,
standard,REDROUTE LOGISTICS LLC,4303027789,mobile,trucking/logistics,KELLER,TX,fmcsa_census,,,,
standard,B J DOCKINS TRUCKING LLC,9402560186,mobile,trucking/logistics,SEYMOUR,TX,fmcsa_census,,,,
standard,AUDREY CARL CARLOCK JR,9402562961,mobile,trucking/logistics,SEYMOUR,TX,fmcsa_census,,,,
standard,PREMIER PRODUCE SERVICES LLC,8173673120,mobile,trucking/logistics,FORT WORTH,TX,fmcsa_census,,,,
standard,CHERRYS UNLIMITED SERVICES LLC,2147245859,mobile,trucking/logistics,VERNON,TX,fmcsa_census,,,,
standard,CIRCLE WOOD PRODUCTS LLC,9402846020,mobile,trucking/logistics,GAINESVILLE,TX,fmcsa_census,,,,
standard,RED KITCHEN FOODS INC,8178325319,mobile,trucking/logistics,FORT WORTH,TX,fmcsa_census,,,,
standard,HENNESY HAULER LLC,9404434819,mobile,trucking/logistics,GAINESVILLE,TX,fmcsa_census,,,,
standard,FIVE STAR LIMO,6827744250,mobile,trucking/logistics,FORT WORTH,TX,fmcsa_census,,,,
standard,ENDERCO INC,9723424614,mobile,trucking/logistics,GAINESVILLE,TX,fmcsa_census,,,,
standard,DAVID LYNN WILSON,9408873335,mobile,trucking/logistics,VERNON,TX,fmcsa_census,,,,
standard,EDWARD J DONOHUE,8177239417,mobile,trucking/logistics,FORT WORTH,TX,fmcsa_census,,,,
standard,LEHMAN FARMS,9408868186,mobile,trucking/logistics,VERNON,TX,fmcsa_census,,,,
standard,JORDAN VARLEY,8176738282,mobile,trucking/logistics,KELLER,TX,fmcsa_census,,,,
standard,88 MOVES TRUCKING LLC,6828087332,mobile,trucking/logistics,FORT WORTH,TX,fmcsa_census,,,,
standard,BEST BET LOGISTICS LLC,9792556831,mobile,trucking/logistics,MEGARGEL,TX,fmcsa_census,,,,
standard,DIRTFOOT LOGISTICS LLC,8178826094,mobile,trucking/logistics,FORT WORTH,TX,fmcsa_census,,,,
standard,RANDALL LEE RALSTON,8178451976,mobile,trucking/logistics,KELLER,TX,fmcsa_census,,,,
standard,CECIL TINNEY,9405633931,mobile,trucking/logistics,MEGARGEL,TX,fmcsa_census,,,,
standard,GOLDEN TRIANGLE FARMS LLC,9405626000,mobile,trucking/logistics,MEGARGEL,TX,fmcsa_census,,,,
standard,CP ENERGY TRANSPORTATION LLC,9406125061,mobile,trucking/logistics,GAINESVILLE,TX,fmcsa_census,,,,
standard,LONNIE DALE STEINBERGER,9402372138,mobile,trucking/logistics,SCOTLAND,TX,fmcsa_census,,,,
standard,PHILLIPS HEARNE GP LLC,9408463326,mobile,trucking/logistics,NEWCASTLE,TX,fmcsa_census,,,,
standard,ALLEN ROGERS,9728412993,mobile,trucking/logistics,GAINESVILLE,TX,fmcsa_census,,,,
standard,TJ FRITH TRUCKING,9403371581,mobile,trucking/logistics,VERNON,TX,fmcsa_census,,,,
standard,ELLALANTROOPS TRANSPORT LLC,6829997990,mobile,trucking/logistics,FORT WORTH,TX,fmcsa_census,,,,
standard,JIMMY HITT,8177747719,mobile,trucking/logistics,FORT WORTH,TX,fmcsa_census,,,,
standard,A M HUNT TRUCKING LLC,6156683410,mobile,trucking/logistics,FORT WORTH,TX,fmcsa_census,,,,
standard,BILLY DUSTIN HOBBS,9404526122,mobile,trucking/logistics,NEWCASTLE,TX,fmcsa_census,,,,
standard,JAMES D JACKSON,9405633211,mobile,trucking/logistics,MEGARGEL,TX,fmcsa_census,,,,
standard,PANDORI ENTERPRISES LLC,4143800128,mobile,trucking/logistics,FORT WORTH,TX,fmcsa_census,,,,
standard,DHW EAGLE LLC,9406340352,mobile,trucking/logistics,GAINESVILLE,TX,fmcsa_census,,,,
standard,JMP JOURNEYS LLC,3187733335,mobile,trucking/logistics,FORT WORTH,TX,fmcsa_census,,,,
standard,TEXAS EAGLE TRANSPORTATION LLC,6824729212,mobile,trucking/logistics,FORT WORTH,TX,fmcsa_census,,,,
standard,WYLIE LEWIS TRUCKING,9407364566,mobile,trucking/logistics,GAINSVILLE,TX,fmcsa_census,,,,
standard,NATASHA POWERS,8177234654,mobile,trucking/logistics,FORT WORTH,TX,fmcsa_census,,,,
standard,BITA TRUCKING INC,8179938089,mobile,trucking/logistics,FORT WORTH,TX,fmcsa_census,,,,
standard,HX2 FARMS,9407336883,mobile,trucking/logistics,SCOTLAND,TX,fmcsa_census,,,,
standard,LIGHT-FLIGHT LLC,8176376478,mobile,trucking/logistics,FORT WORTH,TX,fmcsa_census,,,,
standard,MELVIN VOTH,9407273490,mobile,trucking/logistics,GAINESVILLE,TX,fmcsa_census,,,,
standard,CONSTANTIN SHUMBUSHO,8174315860,mobile,trucking/logistics,KELLER,TX,fmcsa_census,,,,
standard,B & K HAULING LLC,9403724947,mobile,trucking/logistics,GAINESVILLE,TX,fmcsa_census,,,,
standard,PREDATOR DRILLING LLC,4033584507,mobile,trucking/logistics,GAINESVILLE,TX,fmcsa_census,,,,
standard,ROADRUNNER EXPEDITED LLC,9407339756,mobile,trucking/logistics,WINDTHORST,TX,fmcsa_census,,,,
standard,METAL SALES INC,9406650337,mobile,trucking/logistics,GAINESVILLE,TX,fmcsa_census,,,,
standard,ERNEST T GUNSTREAM,8173795067,mobile,trucking/logistics,KELLER,TX,fmcsa_census,,,,
standard,MD FLORES DEMOLITION LLC,9404436353,mobile,trucking/logistics,GAINESVILLE,TX,fmcsa_census,,,,
standard,JOE B HOFF,9402378400,mobile,trucking/logistics,SCOTLAND,TX,fmcsa_census,,,,
standard,JOE CARROLL MCELREATH,9406686511,mobile,trucking/logistics,GAINESVILLE,TX,fmcsa_census,,,,
standard,SANTOS L MARTINEZ JR,3257214888,mobile,trucking/logistics,ALBANY,TX,fmcsa_census,,,,
standard,ERIC STEINBERGER,9407334075,mobile,trucking/logistics,SCOTLAND,TX,fmcsa_census,,,,
standard,HIGHLINE HOLSTEINS,9402376738,mobile,trucking/logistics,WINDTHORST,TX,fmcsa_census,,,,
standard,WESLEY ARTHUR SHUBERT,9402829174,mobile,trucking/logistics,NEWCASTLE,TX,fmcsa_census,,,,
standard,KAVEER DESIGNS,8176971454,mobile,trucking/logistics,KELLER,TX,fmcsa_census,,,,
standard,ALP TRANSPORT CORP,2397842861,mobile,trucking/logistics,FORT WORTH,TX,fmcsa_census,,,,
standard,T & S MATERIALS INC,9409024462,mobile,trucking/logistics,GAINESVILLE,TX,fmcsa_census,,,,
standard,LOVEDALE TRANSPORTATION LLC,8175079265,mobile,trucking/logistics,FORT WORTH,TX,fmcsa_census,,,,
standard,DUNCAN AG TRUCKING LLC,9402030050,mobile,trucking/logistics,WEINERT,TX,fmcsa_census,,,,
standard,GRIFF'S GIN INC,9408644182,mobile,trucking/logistics,WEINERT,TX,fmcsa_census,,,,
standard,BYONCA GARRETT LLC,8165601164,mobile,trucking/logistics,FORT WORTH,TX,fmcsa_census,,,,
standard,N-H SQUARED LLC,8065492858,mobile,trucking/logistics,ALBANY,TX,fmcsa_census,,,,
standard,FENN CONTRACTING LLC,8329482772,mobile,trucking/logistics,GRANDVIEW,TX,fmcsa_census,,,,
standard,MANUEL ORTIZ JR,8066853036,mobile,trucking/logistics,BURLESON,TX,fmcsa_census,,,,
standard,GOAL LLC,8172402498,mobile,trucking/logistics,GRANDVIEW,TX,fmcsa_census,,,,
standard,JJS INVESTMENT GROUP LLC,8179337366,mobile,trucking/logistics,ALVARADO,TX,fmcsa_census,,,,
standard,BLUEWAVE INTERNATIONAL INC,8177157355,mobile,trucking/logistics,ARLINGTON,TX,fmcsa_census,,,,
standard,WILDCATTER CARRIERS INCORPORATED,8176596666,mobile,trucking/logistics,GRANDVIEW,TX,fmcsa_census,,,,
standard,BABA BOOEY LLC,8173199353,mobile,trucking/logistics,ALVARADO,TX,fmcsa_census,,,,
standard,MICHAEL KINLER,8174696786,mobile,trucking/logistics,ARLINGTON,TX,fmcsa_census,,,,
standard,COBRA TRANSPORTING SERVICES LLC,8173432492,mobile,trucking/logistics,CROWLEY,TX,fmcsa_census,,,,
standard,DRINA TRANSPORT LLC,8175616001,mobile,trucking/logistics,BURLESON,TX,fmcsa_census,,,,
standard,RHINOX LLC,9038129966,mobile,trucking/logistics,YANTIS,TX,fmcsa_census,,,,
standard,MISTY LADAWN SLATER,8175780549,mobile,trucking/logistics,GRANBURY,TX,fmcsa_census,,,,
standard,DUKE TRUCKING INC,8179371606,mobile,trucking/logistics,ARLINGTON,TX,fmcsa_census,,,,
standard,VELEZ FREIGHT LINE LLC,8175264494,mobile,trucking/logistics,GRANDVIEW,TX,fmcsa_census,,,,
standard,ALMEIDA LOGISTICS LLC,9048619551,mobile,trucking/logistics,BEDFORD,TX,fmcsa_census,,,,
standard,MACKLIN ENTERPRISES LLC,8179334901,mobile,trucking/logistics,GRANDVIEW,TX,fmcsa_census,,,,
standard,DENNIS MOGUSU,8179394693,mobile,trucking/logistics,EULESS,TX,fmcsa_census,,,,
standard,LOMA ORZELL CORPORATION,8175287909,mobile,trucking/logistics,BEDFORD,TX,fmcsa_census,,,,
standard,JOSHUA DON TATE,8177365010,mobile,trucking/logistics,GRANBURY,TX,fmcsa_census,,,,
standard,WILLIAM LOCKETT LOGISTICS LLC,5312209238,mobile,trucking/logistics,BEDFORD,TX,fmcsa_census,,,,
standard,TEXAS REAL STONE SALES LLC,7202459981,mobile,trucking/logistics,ALVARADO,TX,fmcsa_census,,,,
standard,DAVENPORT BACKHOE SERVICE LLC,8179255531,mobile,trucking/logistics,GRANDVIEW,TX,fmcsa_census,,,,
standard,ERIC FREEMAN,2252027158,mobile,trucking/logistics,YANTIS,TX,fmcsa_census,,,,
standard,SHEPEX CARRIERS LLC,6825579318,mobile,trucking/logistics,CROWLEY,TX,fmcsa_census,,,,
standard,JEFFREY L ENGLAND,8172336929,mobile,trucking/logistics,GRANDVIEW,TX,fmcsa_census,,,,
standard,SIMON JOE FORBES JR,8174837482,mobile,trucking/logistics,ARLINGTON,TX,fmcsa_census,,,,
standard,KENMAK LOGISTICS LLC,6825931260,mobile,trucking/logistics,HASLET,TX,fmcsa_census,,,,
standard,TRANSIT IMAGE LLC,6175133752,mobile,trucking/logistics,WEATHERFORD,TX,fmcsa_census,,,,
standard,HARDY MASONRY CORP,8173681919,mobile,trucking/logistics,PARADISE,TX,fmcsa_census,,,,
standard,CK HALL TRANSPORT LLC,2142088281,mobile,trucking/logistics,VENUS,TX,fmcsa_census,,,,
standard,TEAMO NIEVES PEREZ,6828024896,mobile,trucking/logistics,MANSFIELD,TX,fmcsa_census,,,,
standard,EAGLE FEATHER LOGISTIC LLC,6823278292,mobile,trucking/logistics,WEATHERFORD,TX,fmcsa_census,,,,
standard,JERRY SLIGER,9407451045,mobile,trucking/logistics,MINERAL WELLS,TX,fmcsa_census,,,,
standard,RUSSELL GANN GOLDSTON,9404526984,mobile,trucking/logistics,MINERAL WELLS,TX,fmcsa_census,,,,
standard,PAUL D STIMSON JR,8176764828,mobile,trucking/logistics,JOSHUA,TX,fmcsa_census,,,,
standard,WILDOG TRUCKING,9188394249,mobile,trucking/logistics,VENUS,TX,fmcsa_census,,,,
standard,EAGLE MOUNTAIN TRANSPORTATION INC,8176377715,mobile,trucking/logistics,HASLET,TX,fmcsa_census,,,,
standard,JOHN DAVID HANCOCK,9722590574,mobile,trucking/logistics,MINERAL WELLS,TX,fmcsa_census,,,,
standard,DON RUCKER,8176136725,mobile,trucking/logistics,WEATHERFORD,TX,fmcsa_census,,,,
standard,THOMASON TRUCKING LLC,8176292805,mobile,trucking/logistics,WEATHERFORD,TX,fmcsa_census,,,,
standard,MAD HAULING LLC,8177184111,mobile,trucking/logistics,PARADISE,TX,fmcsa_census,,,,
standard,ELITE TRANSPORTING LLC,8177713382,mobile,trucking/logistics,WEATHERFORD,TX,fmcsa_census,,,,
standard,CUSTOMERFIRSTLOGISTICS LLC,4107560681,mobile,trucking/logistics,VENUS,TX,fmcsa_census,,,,
standard,ONE GONE TRANSPORTATION AND LOGISTICS LLC,6825512179,mobile,trucking/logistics,VENUS,TX,fmcsa_census,,,,
standard,SELAH TRANSPORT INC,8171943116,mobile,trucking/logistics,WEATHERFORD,TX,fmcsa_census,,,,
standard,SMALLEY EXCAVATING TRUCKING LLC,8178219955,mobile,trucking/logistics,RIO VISTA,TX,fmcsa_census,,,,
standard,EMUN TRANSPORT LLC,4806673397,mobile,trucking/logistics,HASLET,TX,fmcsa_census,,,,
standard,LLOYD RAY STAATS,8175228744,mobile,trucking/logistics,MIDLOTHIAN,TX,fmcsa_census,,,,
standard,KYM EXPRESS TRUCKING LLC,6824346899,mobile,trucking/logistics,MANSFIELD,TX,fmcsa_census,,,,
standard,SOUTHERN PRECISION AG LLC,9402842780,mobile,trucking/logistics,GAINESVILLE,TX,fmcsa_census,,,,
standard,TOLLETT ROUSTABOUT SERVICE LLC,3256686618,mobile,trucking/logistics,ALBANY,TX,fmcsa_census,,,,
standard,C & C DOZER LLC,3257210807,mobile,trucking/logistics,ALBANY,TX,fmcsa_census,,,,
standard,WIN-TEX AG SERVICES LLC,9407339655,mobile,trucking/logistics,WINDTHORST,TX,fmcsa_census,,,,
standard,FALCON XPRESS BROKERING LLC,9402241755,mobile,trucking/logistics,KELLER,TX,fmcsa_census,,,,
standard,MHM TRUCKING LLC,3257622495,mobile,trucking/logistics,ALBANY,TX,fmcsa_census,,,,
standard,J & S TRANSPORT LLC,2149578305,mobile,trucking/logistics,ALBANY,TX,fmcsa_census,,,,
standard,RM HARRIS LLC,3252808335,mobile,trucking/logistics,ALBANY,TX,fmcsa_census,,,,
standard,SYNERGY SIGNS & SERVICES LLC,8179921375,mobile,trucking/logistics,FORT WORTH,TX,fmcsa_census,,,,
standard,JAMIE BOULTER,8176570717,mobile,trucking/logistics,FORT WORTH,TX,fmcsa_census,,,,
standard,CHEMICAL CONTROL PRODUCTS LLC,2545590071,mobile,trucking/logistics,BRECKENRIDGE,TX,fmcsa_census,,,,
standard,M&K LOGISTICS LLC,2054102961,mobile,trucking/logistics,FORT WORTH,TX,fmcsa_census,,,,
standard,REBEL HOT OIL INC,2545590244,mobile,trucking/logistics,BRECKENRIDGE,TX,fmcsa_census,,,,
standard,ALPHA LOGIX INC,7038640605,mobile,trucking/logistics,FORT WORTH,TX,fmcsa_census,,,,
standard,TONY'S TRUCKING INC,9406833061,mobile,trucking/logistics,BRIDGEPORT,TX,fmcsa_census,,,,
standard,PRIME BRIDGEPORT INC,9406839040,mobile,trucking/logistics,BRIDGEPORT,TX,fmcsa_census,,,,
standard,DM DELIVERY TEXAS LLC,3363438592,mobile,trucking/logistics,FORT WORTH,TX,fmcsa_census,,,,
standard,COODY RANCHES,2545590201,mobile,trucking/logistics,BRECKENRIDGE,TX,fmcsa_census,,,,
standard,BLACK HORSE CARRIERS LLC,8167963125,mobile,trucking/logistics,BRIDGEPORT,TX,fmcsa_census,,,,
standard,JAMES W PLUNKET,9403939169,mobile,trucking/logistics,BRIDGEPORT,TX,fmcsa_census,,,,
standard,ULISSES ANASTACIO,9089662972,mobile,trucking/logistics,CHICO,TX,fmcsa_census,,,,
standard,JOSE H CORREA,9729928073,mobile,trucking/logistics,CADDO  TX  76429,TX,fmcsa_census,,,,
standard,CNH PAVING INC,9406832841,mobile,trucking/logistics,BRIDGEPORT,TX,fmcsa_census,,,,
standard,JOSHUA A POWER,9402247344,mobile,trucking/logistics,BRECKENRIDGE,TX,fmcsa_census,,,,
standard,SOUTHWEST BRICK AND FIREPLACE LLC,8174319066,mobile,trucking/logistics,FORT WORTH,TX,fmcsa_census,,,,
standard,JUAN SAUCEDO,2546279357,mobile,trucking/logistics,BRECKENRIDGE,TX,fmcsa_census,,,,
standard,XOCHITL A RAYGOZA,9402220539,mobile,trucking/logistics,BRIDGEPORT,TX,fmcsa_census,,,,
standard,TJ'S TECHNICAL SERVICES INC,9405772775,mobile,trucking/logistics,BRIDGEPORT,TX,fmcsa_census,,,,
standard,GARY GENE KEEL,9403930688,mobile,trucking/logistics,CHICO,TX,fmcsa_census,,,,
standard,NOE SANCHEZ,8173682694,mobile,trucking/logistics,BRIDGEPORT,TX,fmcsa_census,,,,
standard,CODE3 LOGISTICS LLC,2545924890,mobile,trucking/logistics,BLUFF DALE,TX,fmcsa_census,,,,
standard,STEPHEN LAQUEY,3256474437,mobile,trucking/logistics,BLANKET,TX,fmcsa_census,,,,
standard,JOHN MICHAEL BLANTON,2547840106,mobile,trucking/logistics,BLANKET,TX,fmcsa_census,,,,
standard,VICENTE LOPEZ,9406441865,mobile,trucking/logistics,CHICO,TX,fmcsa_census,,,,
standard,JUDY WILLIAMS JONES,3252033021,mobile,trucking/logistics,BLANKET,TX,fmcsa_census,,,,
standard,ANDERSON WELL SERVICE INCORPORATED,8179846774,mobile,trucking/logistics,CISCO,TX,fmcsa_census,,,,
standard,CIRCLE E TRUCKING,9405770215,mobile,trucking/logistics,CHICO,TX,fmcsa_census,,,,
standard,MARTIN VILLANEDA,9406269700,mobile,trucking/logistics,BRIDGEPORT,TX,fmcsa_census,,,,
standard,HNP TRANSPORT LLC,9405777991,mobile,trucking/logistics,CHICO,TX,fmcsa_census,,,,
standard,HRW DRILLING COMPANY LLC,2546315623,mobile,trucking/logistics,CISCO,TX,fmcsa_census,,,,
standard,MICKEY SIMMONS,9405693400,mobile,trucking/logistics,BURKBURNETT,TX,fmcsa_census,,,,
standard,WILL POPE TRUCKING,8176942474,mobile,trucking/logistics,CHICO,TX,fmcsa_census,,,,
standard,C&N RATHOLE SERVICE INC,9403931574,mobile,trucking/logistics,BRIDGEPORT,TX,fmcsa_census,,,,
standard,H & A EAGLE TRANSPORT LLC,2819791686,mobile,trucking/logistics,BRIDGEPORT,TX,fmcsa_census,,,,
standard,ROYAL DETAIL SERVICE LLC,2145634701,mobile,trucking/logistics,BRIDGEPORT,TX,fmcsa_census,,,,
standard,NIELSON HONEY FARM TEXAS LLC,9407654343,mobile,trucking/logistics,CHICO,TX,fmcsa_census,,,,
standard,JDAVIS LOGISTICS,9402559452,mobile,trucking/logistics,BRIDGEPORT,TX,fmcsa_census,,,,
standard,DANIEL VILLANEDA,2146357847,mobile,trucking/logistics,RUNAWAY BAY,TX,fmcsa_census,,,,
standard,HORSES TRANSPORT LLC,9406008267,mobile,trucking/logistics,CHICO,TX,fmcsa_census,,,,
standard,DIANNE BRANCH WILLIAMSON,9407040782,mobile,trucking/logistics,BURKBURNETT,TX,fmcsa_census,,,,
standard,CHASON DUNCAN,9403892746,mobile,trucking/logistics,CHICO,TX,fmcsa_census,,,,
standard,LUCKY C TRANSPORT LLC,2545590251,mobile,trucking/logistics,BRECKENRIDGE,TX,fmcsa_census,,,,
standard,JOEL NAJERA,9402103939,mobile,trucking/logistics,CHICO,TX,fmcsa_census,,,,
standard,MARK ETHERTON,9406442723,mobile,trucking/logistics,CHICO,TX,fmcsa_census,,,,
standard,NATHION D GRIFFIN,2544852336,mobile,trucking/logistics,STEPHENVILLE,TX,fmcsa_census,,,,
standard,L6 TRANSPORT LLC,4697656114,mobile,trucking/logistics,MAYPEARL,TX,fmcsa_census,,,,
standard,BAR M MABERY FARMS LLC,8175784571,mobile,trucking/logistics,TOLAR,TX,fmcsa_census,,,,
standard,MRZ TRUCKING LLC,8179010450,mobile,trucking/logistics,SANTO,TX,fmcsa_census,,,,
standard,IDEV SERVICES LLC,2144831308,mobile,trucking/logistics,SANTO,TX,fmcsa_census,,,,
standard,WEBB TEX LLC,4069272756,mobile,trucking/logistics,TOLAR,TX,fmcsa_census,,,,
standard,RANCH TANK TRUCKS LLC,9404450448,mobile,trucking/logistics,WHITT,TX,fmcsa_census,,,,
standard,LEONARD MCGOWAN,8172198693,mobile,trucking/logistics,TOLAR,TX,fmcsa_census,,,,
standard,SANCTUARY RANCHES,9406421507,mobile,trucking/logistics,POOLVILLE,TX,fmcsa_census,,,,
standard,YANDER A TAN,5122941227,mobile,trucking/logistics,BARTLETT,TX,fmcsa_census,,,,
standard,PASTURE SOLUTIONS LLC,8175980498,mobile,trucking/logistics,POOLVILLE,TX,fmcsa_census,,,,
standard,KLAUS P LEINENBACH,9403283316,mobile,trucking/logistics,THROCKMORTON,TX,fmcsa_census,,,,
standard,BRAZOS METAL BUILDING SYSTEMS INC,8175787573,mobile,trucking/logistics,TOLAR,TX,fmcsa_census,,,,
standard,BARTLETT ELECTRIC COOPERATIVE INC,2545273551,mobile,trucking/logistics,BARTLETT,TX,fmcsa_census,,,,
standard,LANCE W BRIDGES,8175079424,mobile,trucking/logistics,POOLVILLE,TX,fmcsa_census,,,,
standard,ALLEN SPRINKLER AND CONSTRUCTION SERVICES LLC,8178946897,mobile,trucking/logistics,TOLAR,TX,fmcsa_census,,,,
standard,JOHNSON DOZIER SERVICE,8179943677,mobile,trucking/logistics,POOLVILLE,TX,fmcsa_census,,,,
standard,BRIAN BLAIR,3174323155,mobile,trucking/logistics,THROCKMORTON,TX,fmcsa_census,,,,
standard,TEXAS TWISTER LOGISTICS LLC,6822886717,mobile,trucking/logistics,POOLVILLE,TX,fmcsa_census,,,,
standard,TTS DISTRIBUTION INC,2546544543,mobile,trucking/logistics,TEMPLE,TX,fmcsa_census,,,,
standard,WAM FARMS INC,2547600932,mobile,trucking/logistics,BARTLETT,TX,fmcsa_census,,,,
standard,CHARLES FOX JR,8177152438,mobile,trucking/logistics,POOLVILLE,TX,fmcsa_census,,,,
standard,DON WELCH,9407984731,mobile,trucking/logistics,WHITT,TX,fmcsa_census,,,,
standard,JOSHUA ANDREWS,8177268814,mobile,trucking/logistics,PERRIN,TX,fmcsa_census,,,,
standard,LARRY L FARTHING SR,8175234293,mobile,trucking/logistics,POOLVILLE,TX,fmcsa_census,,,,
standard,SID DRENTH,2147072051,mobile,trucking/logistics,WEATHERFORD,TX,fmcsa_census,,,,
standard,RETRIEVE LOGISTICS LLC,6822635392,mobile,trucking/logistics,MANSFIELD,TX,fmcsa_census,,,,
standard,MCLAURIN TRANSPORT LLC,8172400689,mobile,trucking/logistics,RIO VISTA,TX,fmcsa_census,,,,
standard,IN MY LANE TRANSPORTATION,6822500278,mobile,trucking/logistics,BURLESON,TX,fmcsa_census,,,,
standard,TRIPLE D TRUCKING INC,8176484475,mobile,trucking/logistics,CLEBURNE,TX,fmcsa_census,,,,
standard,NTX HAULERS LLC,8178296973,mobile,trucking/logistics,HASLET,TX,fmcsa_census,,,,
standard,RIGHT LANE TRUCKING LLC,8175656366,mobile,trucking/logistics,SPRINGTOWN,TX,fmcsa_census,,,,
standard,BLUE WELLS TRANSPORTATION LLC,2148835847,mobile,trucking/logistics,VENUS,TX,fmcsa_census,,,,
standard,DRIVERS DIRECT LLC,3184652928,mobile,trucking/logistics,MIDLOTHIAN,TX,fmcsa_census,,,,
standard,MANIFEST TRUCKING LLC,6822494555,mobile,trucking/logistics,PARADISE,TX,fmcsa_census,,,,
standard,PERFORMANCE FEEDS LLC,8176483094,mobile,trucking/logistics,RIO VISTA,TX,fmcsa_census,,,,
standard,FREEMAN CONNECTIONS TRUCKING COMPANY LLC,3132446942,mobile,trucking/logistics,MIDLOTHIAN,TX,fmcsa_census,,,,
standard,JNL EXPRESS LLC,2143851580,mobile,trucking/logistics,MIDLOTHIAN,TX,fmcsa_census,,,,
standard,MICK WOODS TRANSPORT LLC,3144777340,mobile,trucking/logistics,MANSFIELD,TX,fmcsa_census,,,,
standard,EDGAR VASQUEZ,6824386176,mobile,trucking/logistics,MIDLOTHIAN,TX,fmcsa_census,,,,
standard,MILES 92 TRUCKING LLC,8178529596,mobile,trucking/logistics,JOSHUA,TX,fmcsa_census,,,,
standard,GARY GILMORE,8179199425,mobile,trucking/logistics,SPRINGTOWN,TX,fmcsa_census,,,,
standard,CINCH TRANSPORT LLC,8176371893,mobile,trucking/logistics,BURLESON,TX,fmcsa_census,,,,
standard,LORNA GAGE,8175235524,mobile,trucking/logistics,SPRINGTOWN,TX,fmcsa_census,,,,
standard,EDGAR ISRAEL GUTIERREZ,4147394680,mobile,trucking/logistics,JOSHUA,TX,fmcsa_census,,,,
standard,PRO VIEW GLOBAL DIGITAL SURVEILLANCE LLC,9725715266,mobile,trucking/logistics,WEATHERFORD,TX,fmcsa_census,,,,
standard,THOMAS R MILLS,8172479802,mobile,trucking/logistics,SPRINGTOWN,TX,fmcsa_census,,,,
standard,A B X-PRESS INC,8599134398,mobile,trucking/logistics,MANSFIELD,TX,fmcsa_census,,,,
standard,MCKYNZI EXPRESS TOWING LLC,6826859663,mobile,trucking/logistics,HASLET,TX,fmcsa_census,,,,
standard,A SERVICES LLC,8175593856,mobile,trucking/logistics,GRANBURY,TX,fmcsa_census,,,,
standard,KM & S TRANSPORT LLC,9703765070,mobile,trucking/logistics,JOSHUA,TX,fmcsa_census,,,,
standard,ROCKIN G ENTERPRISES,8175787837,mobile,trucking/logistics,GRANBURY,TX,fmcsa_census,,,,
standard,HEZ XPRESS LLC,6825601896,mobile,trucking/logistics,HASLET,TX,fmcsa_census,,,,
standard,RCP INVESTMENTS LLC,8179333004,mobile,trucking/logistics,RIO VISTA,TX,fmcsa_census,,,,
standard,WILL WRIGHT,8176293577,mobile,trucking/logistics,WEATHERFORD,TX,fmcsa_census,,,,
standard,EXPRESS CHOICE TRUCKING LLC,2148930765,mobile,trucking/logistics,VENUS,TX,fmcsa_census,,,,
standard,JASON NESMITH,9407450072,mobile,trucking/logistics,MINERAL WELLS,TX,fmcsa_census,,,,
standard,LITHIC INDUSTRIES INC,3033588328,mobile,trucking/logistics,TEMPLE,TX,fmcsa_census,,,,
standard,RELIABLE ROLL OFF SOLUTIONS LLC,8175503523,mobile,trucking/logistics,POOLVILLE,TX,fmcsa_census,,,,
standard,PATRICK KIMBRELL SR,9402246886,mobile,trucking/logistics,THROCKMORTON,TX,fmcsa_census,,,,
standard,HERIBERTO CORTEZ GRANDE,3367101487,mobile,trucking/logistics,TEMPLE,TX,fmcsa_census,,,,
standard,MCGUIRE TRANSPORTATION INC,2547911003,mobile,trucking/logistics,TEMPLE,TX,fmcsa_census,,,,
standard,CENTROVISION INC,2547181164,mobile,trucking/logistics,TEMPLE,TX,fmcsa_census,,,,
standard,BROWN'S ALL AROUND SERVICES LLC,2547606912,mobile,trucking/logistics,TEMPLE,TX,fmcsa_census,,,,
standard,JACK HILLIARD DISTRIBUTING CO INC,2547782748,mobile,trucking/logistics,TEMPLE,TX,fmcsa_census,,,,
standard,SHARON ANN HEJL,2547707834,mobile,trucking/logistics,TEMPLE,TX,fmcsa_census,,,,
standard,WILLIAM S STURGIS,9403450096,mobile,trucking/logistics,WOODSON,TX,fmcsa_census,,,,
standard,TRI-CARGO SOLUTIONS LLC,2547712288,mobile,trucking/logistics,TEMPLE,TX,fmcsa_census,,,,
standard,TOMMIE DARRELL DUNNIGAN JR,9402298320,mobile,trucking/logistics,PERRIN,TX,fmcsa_census,,,,
standard,ROLLIN ROBINSON LOGISTICS LLC,5126213033,mobile,trucking/logistics,TEMPLE,TX,fmcsa_census,,,,
standard,DEREK KAHLIG,2547217796,mobile,trucking/logistics,TEMPLE,TX,fmcsa_census,,,,
standard,TRAVIS LEE FARR,2545345279,mobile,trucking/logistics,TEMPLE,TX,fmcsa_census,,,,
standard,JOSEPH W MCKINNEY,2549139220,mobile,trucking/logistics,TEMPLE,TX,fmcsa_census,,,,
standard,JOSHUA LEE HICKS & DAVID SELF,9402291675,mobile,trucking/logistics,JACKSBORO,TX,fmcsa_census,,,,
standard,CHIEFS TRANS LOGO LLC,2544882712,mobile,trucking/logistics,STRAWN,TX,fmcsa_census,,,,
standard,MIGUEL ADRIAN ALVAREZ COLOMINAS,2817636031,mobile,trucking/logistics,STRAWN,TX,fmcsa_census,,,,
standard,RONALD WHITE,2542170378,mobile,trucking/logistics,TEMPLE,TX,fmcsa_census,,,,
standard,RUNNING C TRANSPORT INC,8179018655,mobile,trucking/logistics,JACKSBORO,TX,fmcsa_census,,,,
standard,TIGER TANK TRUCKS LLC,9402291110,mobile,trucking/logistics,JACKSBORO,TX,fmcsa_census,,,,
standard,CORNISH BURTON SEPTIC SERVICE,8172477290,mobile,trucking/logistics,PERRIN,TX,fmcsa_census,,,,
standard,TERESA R ROGERS,2547189179,mobile,trucking/logistics,BELTON,TX,fmcsa_census,,,,
standard,HODGES EAGLE RIDGE BUILDERS INC,2547602668,mobile,trucking/logistics,TEMPLE,TX,fmcsa_census,,,,
standard,TEXAS ENVIRONMENTAL SOLUTIONS INC,9794120338,mobile,trucking/logistics,TEMPLE,TX,fmcsa_census,,,,
standard,BAYRON B MONTENEGRO-MORALES,2148815649,mobile,trucking/logistics,STRAWN,TX,fmcsa_census,,,,
standard,VP SOLUTIONS LLC,4702611241,mobile,trucking/logistics,STRAWN,TX,fmcsa_census,,,,
standard,ERWIN WATER WELL DRILLING LLC,9405675256,mobile,trucking/logistics,JACKSBORO,TX,fmcsa_census,,,,
standard,DONALD RAY NAJEWSKI,2549312820,mobile,trucking/logistics,TEMPLE,TX,fmcsa_census,,,,
standard,HAMTON SERVICES LLC,2542312687,mobile,trucking/logistics,TEMPLE,TX,fmcsa_census,,,,
standard,E & C TRANSPORTATION PARTNERS LLC,2543140632,mobile,trucking/logistics,TEMPLE,TX,fmcsa_census,,,,
standard,DANIEL ENGLER,2547607710,mobile,trucking/logistics,TEMPLE,TX,fmcsa_census,,,,
standard,GERARDO CARRANCO GOMEZ,9728225791,mobile,trucking/logistics,STRAWN,TX,fmcsa_census,,,,
standard,GERALD WILLIAMS,2546725322,mobile,trucking/logistics,STRAWN,TX,fmcsa_census,,,,
standard,GRINDERS SWITCH TRUCKING LLC,2548595630,mobile,trucking/logistics,EDDY,TX,fmcsa_census,,,,
standard,SUNDEE HILTION,2544991898,mobile,trucking/logistics,TEMPLE,TX,fmcsa_census,,,,
standard,MORRISON'S DOZER SERVICE LLC,2547178818,mobile,trucking/logistics,EDDY,TX,fmcsa_census,,,,
standard,LEAWIG LOGISTICS LLC,2545416766,mobile,trucking/logistics,TEMPLE,TX,fmcsa_census,,,,
standard,BELL CONTRACTORS INC,2549393509,mobile,trucking/logistics,BELTON,TX,fmcsa_census,,,,
standard,JEFF HUX,2544820922,mobile,trucking/logistics,CAMERON,TX,fmcsa_census,,,,
standard,SK LOGISTICS TRANSPORTATION LLC,2545636003,mobile,trucking/logistics,TEMPLE,TX,fmcsa_census,,,,
standard,SUNDEK OF CENTRAL TEXAS,2544931870,mobile,trucking/logistics,BELTON,TX,fmcsa_census,,,,
standard,NATIVE TRUCKING LLC,3253150116,mobile,trucking/logistics,BELTON,TX,fmcsa_census,,,,
standard,CURTIS R BROOM,9406643611,mobile,trucking/logistics,JACKSBORO,TX,fmcsa_census,,,,
standard,TURISMO HIDROCALVILLENSE LLC,4057409271,mobile,trucking/logistics,TEMPLE,TX,fmcsa_census,,,,
standard,SHAWN KEITH ANDERSON,2544214729,mobile,trucking/logistics,BURLINGTON,TX,fmcsa_census,,,,
standard,GRAHAM CONSTRUCTION,2544820177,mobile,trucking/logistics,CAMERON,TX,fmcsa_census,,,,
standard,CROSSBAR HH TRANSPORTATION LLC,5125509670,mobile,trucking/logistics,CAMERON,TX,fmcsa_census,,,,
standard,SETH RODRIGUEZ,2546542992,mobile,trucking/logistics,TEMPLE,TX,fmcsa_census,,,,
standard,HORIZON GRASS FARMS LTD,9795324900,mobile,trucking/logistics,CAMERON,TX,fmcsa_census,,,,
standard,MCCOY DOZER SERVICE,9405672708,mobile,trucking/logistics,JACKSBORO,TX,fmcsa_census,,,,
standard,MARCHETTI TRUCKING LLC,6012683135,mobile,trucking/logistics,JACKSBORO,TX,fmcsa_census,,,,
standard,TIGHTEN UP TRANSPORT LLC,9194272497,mobile,trucking/logistics,TEMPLE,TX,fmcsa_census,,,,
standard,GRADY DURHAM,2547187117,mobile,trucking/logistics,BELTON,TX,fmcsa_census,,,,
standard,REDLINE HAULING LLC,5122298001,mobile,trucking/logistics,GRANGER,TX,fmcsa_census,,,,
standard,NLS-NTX LLC,4698671291,mobile,trucking/logistics,JACKSBORO,TX,fmcsa_census,,,,
standard,LOREN TRACE VAUGHAN,2544938881,mobile,trucking/logistics,TEMPLE,TX,fmcsa_census,,,,
standard,T AND C FREIGHT LLC,2546304159,mobile,trucking/logistics,BELTON,TX,fmcsa_census,,,,
standard,JAMES T MARTINKA,5127574502,mobile,trucking/logistics,GRANGER,TX,fmcsa_census,,,,
standard,HALBERGER LOGISTICS CORPORATION,2549131448,mobile,trucking/logistics,BELTON,TX,fmcsa_census,,,,
standard,MICHAEL W COLLINS,2544050970,mobile,trucking/logistics,EDDY,TX,fmcsa_census,,,,
standard,EL PALOMINO TRANSPORT LLC,5752005911,mobile,trucking/logistics,JACKSBORO,TX,fmcsa_census,,,,
standard,DIAMOND C TRANSPORT LLC,9402290312,mobile,trucking/logistics,JACKSBORO,TX,fmcsa_census,,,,
standard,JEFFREY J FLETCHER,8307960109,mobile,trucking/logistics,LIPAN,TX,fmcsa_census,,,,
standard,MODERN FREIGHT SERVICES LLC,2547271533,mobile,trucking/logistics,TEMPLE,TX,fmcsa_census,,,,
standard,DESTINY'S WAY TRANSPORTATION LLC,9105246730,mobile,trucking/logistics,TEMPLE,TX,fmcsa_census,,,,
standard,RURICEL HERNANDEZ,5124285311,mobile,trucking/logistics,GRANGER,TX,fmcsa_census,,,,
standard,N & D TRUCKING LLC,9714004438,mobile,trucking/logistics,HASLET,TX,fmcsa_census,,,,
standard,SMART AUTO WHOLESALE LLC,4323070611,mobile,trucking/logistics,HASLET,TX,fmcsa_census,,,,
standard,SILVA'S CLEANING INC,4695832506,mobile,trucking/logistics,VENUS,TX,fmcsa_census,,,,
standard,HAMMER LANE TRUCKING LLC,2543961465,mobile,trucking/logistics,RIO VISTA,TX,fmcsa_census,,,,
standard,MILTON BRADFORD,8175993017,mobile,trucking/logistics,WEATHERFORD,TX,fmcsa_census,,,,
standard,KENNETH ROBERSON,8173605801,mobile,trucking/logistics,WEATHERFORD,TX,fmcsa_census,,,,
standard,G BAR 7 FARMS LLC,8173197118,mobile,trucking/logistics,RIO VISTA,TX,fmcsa_census,,,,
standard,RERUN ENERGY SERVICES LLC,8178940910,mobile,trucking/logistics,GRANBURY,TX,fmcsa_census,,,,
standard,M FORCE 7 INC,9409696956,mobile,trucking/logistics,PARADISE,TX,fmcsa_census,,,,
standard,RABINE PAVING TEXAS LLC,6822025023,mobile,trucking/logistics,VENUS,TX,fmcsa_census,,,,
standard,DEVIN ALLEN,2143926692,mobile,trucking/logistics,MIDLOTHAIN,TX,fmcsa_census,,,,
standard,GONZALEZ OLIVARES TRUCKING LLC,9404454083,mobile,trucking/logistics,MINERAL WELLS,TX,fmcsa_census,,,,
standard,BFR OPERATIONS LLC,8172331063,mobile,trucking/logistics,WEATHERFORD,TX,fmcsa_census,,,,
standard,S&G CLEANING & TRANSPORTS LLC,9402451748,mobile,trucking/logistics,PARADISE,TX,fmcsa_census,,,,
standard,MAXXED OUT TRUCKING LLC,6825608820,mobile,trucking/logistics,JOSHUA,TX,fmcsa_census,,,,
standard,DAKOTA DISTRIBUTING LLC,8174537776,mobile,trucking/logistics,VENUS,TX,fmcsa_census,,,,
standard,5TH GENERATION HAULERS LLC,9407030440,mobile,trucking/logistics,PARADISE,TX,fmcsa_census,,,,
standard,MULE HAULERS ENTERPRISE LLC,8178452238,mobile,trucking/logistics,VENUS,TX,fmcsa_census,,,,
standard,CLEVER CHOICE TRUCKING LLC,8177260735,mobile,trucking/logistics,MIDLOTHIAN,TX,fmcsa_census,,,,
standard,ROCK ENTERPRISES LTD,8172434991,mobile,trucking/logistics,GRANBURY,TX,fmcsa_census,,,,
standard,CURNELL'S TRANSPORT SERVICES LLC,8179362423,mobile,trucking/logistics,HASLET,TX,fmcsa_census,,,,
standard,CHUY'S SAND & GRAVEL LLC,6825568534,mobile,trucking/logistics,PARADISE,TX,fmcsa_census,,,,
standard,TEXAS TRANSPORT SYSTEMS LLC,8175989926,mobile,trucking/logistics,WEATHERFORD,TX,fmcsa_census,,,,
standard,YOUNES SHIHAB LLC,6828950454,mobile,trucking/logistics,MANSFIELD,TX,fmcsa_census,,,,
standard,TESTIMONIAL LOGISTICS LLC,8177975487,mobile,trucking/logistics,JOSHUA,TX,fmcsa_census,,,,
standard,GLO ENDEAVORS GROUP LLC,9724157947,mobile,trucking/logistics,MIDLOTHIAN,TX,fmcsa_census,,,,
standard,GLOBAL WATER TREATMENT CHEMICALS,8175654811,mobile,trucking/logistics,WEATHERFORD,TX,fmcsa_census,,,,
standard,FHG TRANSPORT SERVICES LLC,8172982930,mobile,trucking/logistics,SPRINGTOWN,TX,fmcsa_census,,,,
standard,ROSS NETWORK SERVICES,8178326019,mobile,trucking/logistics,SPRINGTOWN,TX,fmcsa_census,,,,
standard,J ROMERO TRUCKING LLC,8177298530,mobile,trucking/logistics,HASLET,TX,fmcsa_census,,,,
standard,CUTBURTH CONSTRUCTION,9402290477,mobile,trucking/logistics,WEATHERFORD,TX,fmcsa_census,,,,
standard,EWING WAY LOGISTICS LLC,8179843498,mobile,trucking/logistics,FORT WORTH,TX,fmcsa_census,,,,
standard,JCRN LLC,4693637347,mobile,trucking/logistics,MANSFIELD,TX,fmcsa_census,,,,
standard,JD TRUCKS LLC,8177731145,mobile,trucking/logistics,MINERAL WELLS,TX,fmcsa_census,,,,
standard,LOIS F MEYERS,8175173238,mobile,trucking/logistics,JOSHUA,TX,fmcsa_census,,,,
standard,JO ANN EDWARDS,8175988633,mobile,trucking/logistics,WEATHERFORD,TX,fmcsa_census,,,,
standard,CONNER TRUCKING LLC,9406825028,mobile,trucking/logistics,WEATHERFORD,TX,fmcsa_census,,,,
standard,SOUTHERN BELLE HOTSHOT LLC,8172190854,mobile,trucking/logistics,GRANBURY,TX,fmcsa_census,,,,
standard,TAPLIN TRANSPORT LLC,9452834293,mobile,trucking/logistics,MANSFIELD,TX,fmcsa_census,,,,
standard,EL MILES AND CURT GRAZIOLI,9403254977,mobile,trucking/logistics,MINERAL WELLS,TX,fmcsa_census,,,,
standard,SHELIA WARD,9403251889,mobile,trucking/logistics,MINERAL WELLS,TX,fmcsa_census,,,,
standard,QUICK-LE TRANSPORT INC,6829996781,mobile,trucking/logistics,MIDLOTHIAN,TX,fmcsa_census,,,,
standard,AMERICAN TRULINE MANUFACTURING & EQUIPMENT CO LLC,2146167437,mobile,trucking/logistics,VENUS,TX,fmcsa_census,,,,
standard,L&U TRANSPORT LLC,9728907215,mobile,trucking/logistics,MIDLOTHIAN,TX,fmcsa_census,,,,
standard,PABLO Y FLORES,8175327273,mobile,trucking/logistics,SPRINGTOWN,TX,fmcsa_census,,,,
standard,R&W LOGISTICS LLC,2149575017,mobile,trucking/logistics,MIDLOTHIAN,TX,fmcsa_census,,,,
standard,DARYL D GUINN,9033885108,mobile,trucking/logistics,WEATHERFORD,TX,fmcsa_census,,,,
standard,MILLER'S METAL BLDGS & CONST INC,8172956022,mobile,trucking/logistics,BURLESON,TX,fmcsa_census,,,,
standard,TREASURED GEMS LLC,3127749047,mobile,trucking/logistics,HASLET,TX,fmcsa_census,,,,
standard,STEAMER TRANSPORT LLC,2546247961,mobile,trucking/logistics,TEMPLE,TX,fmcsa_census,,,,
standard,M A FLORES TRUCKING INC,5128267243,mobile,trucking/logistics,GRANGER,TX,fmcsa_census,,,,
standard,MCCULLOUGH TRUCKING LLC,2544440686,mobile,trucking/logistics,BELTON,TX,fmcsa_census,,,,
standard,ROAMER TD LLC,9404689005,mobile,trucking/logistics,LIPAN,TX,fmcsa_census,,,,
standard,EMANUEL TRUCKING LLC,2147976985,mobile,trucking/logistics,JACKSBORO,TX,fmcsa_census,,,,
standard,BARRY CREGAN,2543006281,mobile,trucking/logistics,BELTON,TX,fmcsa_census,,,,
standard,MARTIN LIZARDO,7374446489,mobile,trucking/logistics,GRANGER,TX,fmcsa_census,,,,
standard,OLD PRO HAULING LLC,9407455270,mobile,trucking/logistics,LIPAN,TX,fmcsa_census,,,,
standard,FATHOM SHIPPING INC,7132616364,mobile,trucking/logistics,TEMPLE,TX,fmcsa_census,,,,
standard,ONE CYPRESS TRUCKING INC,9405672677,mobile,trucking/logistics,JACKSBORO,TX,fmcsa_census,,,,
standard,BILLY RAY COX,5122899126,mobile,trucking/logistics,GRANGER,TX,fmcsa_census,,,,
standard,BLACKWATER HAULING,5129172273,mobile,trucking/logistics,CAMERON,TX,fmcsa_census,,,,
standard,DOUBLE K WELL SERVICE LP,9405672855,mobile,trucking/logistics,JACKSBORO,TX,fmcsa_census,,,,
standard,TOBY KEASEY,7122492800,mobile,trucking/logistics,TEMPLE,TX,fmcsa_census,,,,
standard,CENTEX ONSITE LLC,5129656630,mobile,trucking/logistics,FLORENCE,TX,fmcsa_census,,,,
standard,RAYMOND ALLISON,2545349450,mobile,trucking/logistics,CAMERON,TX,fmcsa_census,,,,
standard,JL JIMENEZ TRANSPORTATION LLC,2544932041,mobile,trucking/logistics,BELTON,TX,fmcsa_census,,,,
standard,DEUCES WILD INC,9405070395,mobile,trucking/logistics,JACKSBORO,TX,fmcsa_census,,,,
standard,JEFFREY SCOTT HORSAK,5129407588,mobile,trucking/logistics,BELTON,TX,fmcsa_census,,,,
standard,VIVECO ENTERPRISES LLC,5125352030,mobile,trucking/logistics,TEMPLE,TX,fmcsa_census,,,,
standard,CHL VENTURES INC,5128183790,mobile,trucking/logistics,FLORENCE,TX,fmcsa_census,,,,
standard,HYRUM PAIR,2546974227,mobile,trucking/logistics,CAMERON,TX,fmcsa_census,,,,
standard,BJ3 INDUSTRIES INC,2547747366,mobile,trucking/logistics,TEMPLE,TX,fmcsa_census,,,,
standard,HEART OF TEXAS LANDSCAPE AND IRRIGATION CO INC,2547188846,mobile,trucking/logistics,BELTON,TX,fmcsa_census,,,,
standard,DANNY LYNN BYERS,2544959922,mobile,trucking/logistics,BELTON,TX,fmcsa_census,,,,
standard,QUALITY EXPRESS DELIVERY SERVICE,5743022337,mobile,trucking/logistics,TEMPLE,TX,fmcsa_census,,,,
standard,8R TRUCKING,9405073177,mobile,trucking/logistics,JACKSBORO,TX,fmcsa_census,,,,
standard,BROWN'S GRADING,8032425136,mobile,trucking/logistics,LIPAN,TX,fmcsa_census,,,,
standard,STILLHOUSE ELECTRICAL CONTRACTORSLP,2546984258,mobile,trucking/logistics,BELTON,TX,fmcsa_census,,,,
standard,ELITE HAULING LLC,2543684994,mobile,trucking/logistics,BELTON,TX,fmcsa_census,,,,
standard,SUNSHINE SAND & GRAVEL INC,2546572729,mobile,trucking/logistics,HOLLAND,TX,fmcsa_census,,,,
standard,RILEY COLE DONALDSON,3079411966,mobile,trucking/logistics,LIPAN,TX,fmcsa_census,,,,
standard,DSC ENVIROMENTAL WEST TEXAS INC,2546471611,mobile,trucking/logistics,RANGER,TX,fmcsa_census,,,,
standard,KEVIN LYNN MYHRE,2547602717,mobile,trucking/logistics,MOODY,TX,fmcsa_census,,,,
standard,DAN EDMONDSON,5124977351,mobile,trucking/logistics,ROCKDALE,TX,fmcsa_census,,,,
standard,HAGS HAULING LLC,2544799988,mobile,trucking/logistics,KILLEEN,TX,fmcsa_census,,,,
standard,TOUGHHAUL TRUCKING,2543347511,mobile,trucking/logistics,KILLEEN,TX,fmcsa_census,,,,
standard,STANLEY JACKSON,2153175784,mobile,trucking/logistics,SAN AUGUSTINE,TX,fmcsa_census,,,,
standard,STANLEY JACKSON,9362751040,mobile,trucking/logistics,SAN AUGUSTINE,TX,fmcsa_census,,,,
standard,BILLY GENE GAGE JR,9798201696,mobile,trucking/logistics,MILANO,TX,fmcsa_census,,,,
standard,EHB LEASE SERVICES LLC,5124300934,mobile,trucking/logistics,MILANO,TX,fmcsa_census,,,,
standard,INTERSTATE RECON LLC,2542902892,mobile,trucking/logistics,KILLEEN,TX,fmcsa_census,,,,
standard,JAYLOR TRANSPORTATION LLC,5127037931,mobile,trucking/logistics,JARRELL,TX,fmcsa_census,,,,
standard,THE WELLS FAMILY ENTERPRISE LLC,8033543584,mobile,trucking/logistics,KILLEEN,TX,fmcsa_census,,,,
standard,LEED TRUCKING LLC,2543509846,mobile,trucking/logistics,KILLEEN,TX,fmcsa_census,,,,
standard,BRIAN MEADORS,5122698750,mobile,trucking/logistics,ROCKDALE,TX,fmcsa_census,,,,
standard,BARGAIN TOWING & RECOVERY SERVICE,2545989173,mobile,trucking/logistics,KILLEEN,TX,fmcsa_census,,,,
standard,SGH WELDING COMPANY LLC,2544184254,mobile,trucking/logistics,KILLEEN,TX,fmcsa_census,,,,
standard,JOE CARTER,5127605691,mobile,trucking/logistics,ROCKDALE,TX,fmcsa_census,,,,
standard,JOSHUA CLAYTON ARONS,5128039691,mobile,trucking/logistics,JARRELL,TX,fmcsa_census,,,,
standard,LELY TANK AND WASTE SOLUTIONS LLC,2544938938,mobile,trucking/logistics,TROY,TX,fmcsa_census,,,,
standard,YANS H L TRUCKING LLC,5753906308,mobile,trucking/logistics,JARRELL,TX,fmcsa_census,,,,
standard,OLIVERS WRECKER SERVICE,7203696864,mobile,trucking/logistics,KILLEEN,TX,fmcsa_census,,,,
standard,KARGADA TRUCKING LLC,9797996594,mobile,trucking/logistics,TROY,TX,fmcsa_census,,,,
standard,HARMONEY MYELLA EVELYN MUSE,2624174174,mobile,trucking/logistics,JARRELL,TX,fmcsa_census,,,,
standard,RL&L SERVICES LLC,5124238934,mobile,trucking/logistics,JARRELL,TX,fmcsa_census,,,,
standard,RANDY D RILEY TRUCKING,2547181207,mobile,trucking/logistics,TROY,TX,fmcsa_census,,,,
standard,REMOND DODDS INDEPENDENT DELIVERY SERVICE LLC,2544184624,mobile,trucking/logistics,KILLEEN,TX,fmcsa_census,,,,
standard,SU UNICA TRANSPORT LLC,5126335628,mobile,trucking/logistics,KILLEEN,TX,fmcsa_census,,,,
standard,FRIOS HOT SHOT TRANSPORT LLC,2547219683,mobile,trucking/logistics,TROY,TX,fmcsa_census,,,,
standard,DONNY CHARLES AND MICHAEL HOYET BEECHEM,2547609473,mobile,trucking/logistics,TROY,TX,fmcsa_census,,,,
standard,RODNEY BARCELO RODRIGUEZ,5122035510,mobile,trucking/logistics,JARRELL,TX,fmcsa_census,,,,
standard,BATMAT TRUCKING LLC,5126990356,mobile,trucking/logistics,JARRELL,TX,fmcsa_census,,,,
standard,UNITED TRANSCAR LLC,7863173729,mobile,trucking/logistics,KILLEEN,TX,fmcsa_census,,,,
standard,MAYFEX LLC,6783681060,mobile,trucking/logistics,KILLEEN,TX,fmcsa_census,,,,
standard,TEXAS PACK & HAUL SOLUTIONS LLC,5129634925,mobile,trucking/logistics,JARRELL,TX,fmcsa_census,,,,
standard,GREEN'S PROSPERITY SERVICES LLC,2546308600,mobile,trucking/logistics,KILLEEN,TX,fmcsa_census,,,,
standard,RUGGED CROSS TRUCKING LLC,2547806186,mobile,trucking/logistics,TROY,TX,fmcsa_census,,,,
standard,MERGE 1819 CORPORATION,5124233012,mobile,trucking/logistics,JARRELL,TX,fmcsa_census,,,,
standard,R&P DELIVERY AND TRANSPORT LLC,3214448548,mobile,trucking/logistics,KILLEEN,TX,fmcsa_census,,,,
standard,DOWNING TRANSPORTATION INC,2549387191,mobile,trucking/logistics,TROY,TX,fmcsa_census,,,,
standard,BLACKSTAR TRUCKING LLC,5128002090,mobile,trucking/logistics,JARRELL,TX,fmcsa_census,,,,
standard,INBILLS TRANS LLC,2404060864,mobile,trucking/logistics,KILLEEN,TX,fmcsa_census,,,,
standard,MCLAIN TRANSPORT LLC,2542203177,mobile,trucking/logistics,KILLEEN,TX,fmcsa_census,,,,
standard,NORTEX SERVICES LLC,5127461102,mobile,trucking/logistics,JARRELL,TX,fmcsa_census,,,,
standard,ROBERT L CAMPANA,2542172464,mobile,trucking/logistics,TROY,TX,fmcsa_census,,,,
standard,BILLYSWAY TRANSPORTATION LLC,2546133179,mobile,trucking/logistics,KILLEEN,TX,fmcsa_census,,,,
standard,ERNEST VYBIRAL JR,2547071699,mobile,trucking/logistics,ABBOTT,TX,fmcsa_census,,,,
standard,BARTON PERRY,2542057296,mobile,trucking/logistics,AQUILLA,TX,fmcsa_census,,,,
standard,MACHAC TRUCKING LLC,2547070471,mobile,trucking/logistics,ABBOTT,TX,fmcsa_census,,,,
standard,AJ IMPORTS LLC,2546308095,mobile,trucking/logistics,KILLEEN,TX,fmcsa_census,,,,
standard,JDE TRUCK LINE LLC,5127729067,mobile,trucking/logistics,JARRELL,TX,fmcsa_census,,,,
standard,APACHE STONE QUARRY LLC,2817973381,mobile,trucking/logistics,SALADO,TX,fmcsa_census,,,,
standard,TEXAS CAR & HAUL CO LLC,5126569014,mobile,trucking/logistics,JARRELL,TX,fmcsa_census,,,,
standard,JOSE DIOSMANI PIEDRA FUMERO,7372470622,mobile,trucking/logistics,JARRELL,TX,fmcsa_census,,,,
standard,3-S EXPRESS LLC,5129219125,mobile,trucking/logistics,SALADO,TX,fmcsa_census,,,,
standard,LTE LOGISTICS LLC,5018047048,mobile,trucking/logistics,FORT WORTH,TX,fmcsa_census,,,,
standard,TEXAS CORRUGATED BOX & PACKAGING LLC,8174411688,mobile,trucking/logistics,FT WORTH,TX,fmcsa_census,,,,
standard,MANNA TRANSPORT SERVICES LLC,8177073931,mobile,trucking/logistics,GRAPEVINE,TX,fmcsa_census,,,,
standard,OOC TRUCKING LLC,8177184410,mobile,trucking/logistics,FORT WORTH,TX,fmcsa_census,,,,
standard,INFINITY 7 LOGISTICS,5617796694,mobile,trucking/logistics,GRAPEVINE,TX,fmcsa_census,,,,
standard,C MAJORS TRUCKING LLC,2143948724,mobile,trucking/logistics,MIDLOTHIAN,TX,fmcsa_census,,,,
standard,QUINTIN CORTEZ,6822293997,mobile,trucking/logistics,FT WORTH,TX,fmcsa_census,,,,
standard,EXE LOGISTICS SOLUTIONS LLC,4234003930,mobile,trucking/logistics,FORT WORTH,TX,fmcsa_census,,,,
standard,O B MACARONI CO,8173354629,mobile,trucking/logistics,FORT WORTH,TX,fmcsa_census,,,,
standard,OCTAVIO JAVIER GARZA,8178910000,mobile,trucking/logistics,GRAPEVINE,TX,fmcsa_census,,,,
standard,RA HOMES LLC,4699610741,mobile,trucking/logistics,MANSFIELD,TX,fmcsa_census,,,,
standard,WEALTHY SPIRIT ENTERPRISES LLC,6788209555,mobile,trucking/logistics,FORT WORTH,TX,fmcsa_census,,,,
standard,LIONNE LOGISTICS LLC,8172646484,mobile,trucking/logistics,FORT WORTH,TX,fmcsa_census,,,,
standard,BMAQ LLC,9729216514,mobile,trucking/logistics,MIDLOTHIAN,TX,fmcsa_census,,,,
standard,DESERT TRANSPORT INC,8133894321,mobile,trucking/logistics,MIDLOTHIAN,TX,fmcsa_census,,,,
standard,LUIS LOVO,8178187627,mobile,trucking/logistics,FORT WORTH,TX,fmcsa_census,,,,
standard,ARJ CONCRETE LLC,4696209811,mobile,trucking/logistics,GRAPEVINE,TX,fmcsa_census,,,,
standard,DUKOS TRUCKING LLC,2245230460,mobile,trucking/logistics,FORT WORTH,TX,fmcsa_census,,,,
standard,FORT TRENCH & BORE LLC,8174870889,mobile,trucking/logistics,FORT WORTH,TX,fmcsa_census,,,,
standard,DESTINY QUALITY CARRIERS LLC,4697738844,mobile,trucking/logistics,MIDLOTHIAN,TX,fmcsa_census,,,,
standard,JH DELIVERANCE INC,8177140383,mobile,trucking/logistics,FORT WORTH,TX,fmcsa_census,,,,
standard,MARK HERMAN,8175592722,mobile,trucking/logistics,FORT WORTH,TX,fmcsa_census,,,,
standard,HHP TRANSPORT LLC,8177215112,mobile,trucking/logistics,FORT WORTH,TX,fmcsa_census,,,,
standard,DALT EXPRESS COM LLC,2542307211,mobile,trucking/logistics,AXTELL,TX,fmcsa_census,,,,
standard,MIKE WALKER,2547600477,mobile,trucking/logistics,SALADO,TX,fmcsa_census,,,,
standard,PROLIFIC LOGISTICS & DISPATCHING LLC,8323051232,mobile,trucking/logistics,KILLEEN,TX,fmcsa_census,,,,
standard,R&K PLUMBING LLC,2547445513,mobile,trucking/logistics,AXTELL,TX,fmcsa_census,,,,
standard,DAVID L GRAVES,4196779287,mobile,trucking/logistics,AXTELL,TX,fmcsa_census,,,,
standard,DAVID L GRAVES,2547498895,mobile,trucking/logistics,AXTELL,TX,fmcsa_census,,,,
standard,BLUE ROOSTER TRUCKING LLC,2543151186,mobile,trucking/logistics,AXTELL,TX,fmcsa_census,,,,
standard,JEFFREY RAY LATTIMER,2547440824,mobile,trucking/logistics,AXTELL,TX,fmcsa_census,,,,
standard,ALCALA' CONSTRUCTION ENTERPRISE LLC,5127779956,mobile,trucking/logistics,JARRELL,TX,fmcsa_census,,,,
standard,YSR TRANSPORT LLC,7377177253,mobile,trucking/logistics,JARRELL,TX,fmcsa_census,,,,
standard,KENNETH GABBLE,2548134757,mobile,trucking/logistics,KILLEEN,TX,fmcsa_census,,,,
standard,DUSTY LANE TRUCKING LLC,2548553471,mobile,trucking/logistics,AXTELL,TX,fmcsa_census,,,,
standard,TDPP LOGISTICS LLC,2544621068,mobile,trucking/logistics,KILLEEN,TX,fmcsa_census,,,,
standard,ONE & DONE DUMPSTER RENTAL INC,2547492591,mobile,trucking/logistics,AXTELL,TX,fmcsa_census,,,,
standard,JOSEPH M GLOD,2545829003,mobile,trucking/logistics,BLUM,TX,fmcsa_census,,,,
standard,J & C MONCHE TRUCKING LLC,5125089269,mobile,trucking/logistics,JARRELL,TX,fmcsa_census,,,,
standard,CENTRAL TEJAS SERVICES LLC,5122339729,mobile,trucking/logistics,JARRELL,TX,fmcsa_census,,,,
standard,WILLIAM BUSBY,2548551402,mobile,trucking/logistics,AXTELL,TX,fmcsa_census,,,,
standard,REYNAL TRUCKING LLC,7372979144,mobile,trucking/logistics,JARRELL,TX,fmcsa_census,,,,
standard,4C AGGREGATE LLC,2549479150,mobile,trucking/logistics,SALADO,TX,fmcsa_census,,,,
standard,JUAN ENRIQUE DELAHOYA,2547189941,mobile,trucking/logistics,SALADO,TX,fmcsa_census,,,,
standard,WENDLER LANDSCAPE & IRRIGATION LLC,2549135381,mobile,trucking/logistics,SALADO,TX,fmcsa_census,,,,
standard,ABEL ROBLES,5123527672,mobile,trucking/logistics,TAYLOR,TX,fmcsa_census,,,,
standard,FORTNITE TRUCKING LLC,8062024432,mobile,trucking/logistics,SALADO,TX,fmcsa_census,,,,
standard,GARY SCOTT,5126182998,mobile,trucking/logistics,ABBOTT,TX,fmcsa_census,,,,
standard,BARKEMEYER FARMS LLC,2546971593,mobile,trucking/logistics,SALADO,TX,fmcsa_census,,,,
standard,GARY WAYNE GARRIS,2546341074,mobile,trucking/logistics,KILLEEN,TX,fmcsa_census,,,,
standard,AJR TRUCKING INC,2544668260,mobile,trucking/logistics,KILLEEN,TX,fmcsa_census,,,,
standard,HAROLD FISCHER,5129141549,mobile,trucking/logistics,TAYLOR,TX,fmcsa_census,,,,
standard,LARRY WAYNE DEGNER,2543371463,mobile,trucking/logistics,BYNUM,TX,fmcsa_census,,,,
standard,SOUTHWESTERN COACHES INC,2545260545,mobile,trucking/logistics,KILLEEN,TX,fmcsa_census,,,,
standard,CARLSON SEED & CHEMICAL INC,5123525559,mobile,trucking/logistics,TAYLOR,TX,fmcsa_census,,,,
standard,MAASS FARMS TRUCKING INC,2543370682,mobile,trucking/logistics,BYNUM,TX,fmcsa_census,,,,
standard,AFIA LLC,5129638963,mobile,trucking/logistics,TAYLOR,TX,fmcsa_census,,,,
standard,WADE GRIFFITH,5128189626,mobile,trucking/logistics,TAYLOR,TX,fmcsa_census,,,,
standard,YCA MEDIA LLC,2542900395,mobile,trucking/logistics,KILLEEN,TX,fmcsa_census,,,,
standard,LEMAY HOMES LTD,2545410926,mobile,trucking/logistics,KILLEEN,TX,fmcsa_census,,,,
standard,A&J3 TRUCKING LIMITED LIABILITY COMPANY,8034068017,mobile,trucking/logistics,KILLEEN,TX,fmcsa_census,,,,
standard,TERRY BEIMS,2546234036,mobile,trucking/logistics,BYNUM,TX,fmcsa_census,,,,
standard,DONAVAN L HOWELL LLC,2542055797,mobile,trucking/logistics,BYNUM,TX,fmcsa_census,,,,
standard,TAYLOR BUTANE CO INC,5128267453,mobile,trucking/logistics,TAYLOR,TX,fmcsa_census,,,,
standard,GO AHEAD RENTAL CARS LLC,2542913855,mobile,trucking/logistics,KILLEEN,TX,fmcsa_census,,,,
standard,T5 TRANSPORT LLC,2542299594,mobile,trucking/logistics,BRUCEVILLE,TX,fmcsa_census,,,,
standard,QUALITY PARTS SUPPLY LTD,2547339402,mobile,trucking/logistics,BRUCEVILLE,TX,fmcsa_census,,,,
standard,NICKENZ BUILDERS LLC,5044422256,mobile,trucking/logistics,KILLEEN,TX,fmcsa_census,,,,
standard,JERRY DAUGHERTY,2542056714,mobile,trucking/logistics,BYNUM,TX,fmcsa_census,,,,
standard,YORDANIS GONZALEZ TAN,7374001464,mobile,trucking/logistics,TAYLOR,TX,fmcsa_census,,,,
standard,LONESTAR MAINTENANCE & SERVICE INC,2543394260,mobile,trucking/logistics,BRUCEVILLE,TX,fmcsa_census,,,,
standard,E R LEHMANN,2547070357,mobile,trucking/logistics,BYNUM,TX,fmcsa_census,,,,
standard,KEENE MACHINERY AND EXPORT,2147339900,mobile,trucking/logistics,TAYLOR,TX,fmcsa_census,,,,
standard,CENTRAL TEXAS COTTON & GRAIN INCORPORATED,2545781116,mobile,trucking/logistics,BREMOND,TX,fmcsa_census,,,,
standard,EC & L HOTSHOT COMPANY LLC,5129207739,mobile,trucking/logistics,TAYLOR,TX,fmcsa_census,,,,
standard,WILLIE THOMAS,2544660429,mobile,trucking/logistics,KILLEEN,TX,fmcsa_census,,,,
standard,ANTONIO AGUAYO-DOMINGUEZ,5127015236,mobile,trucking/logistics,TAYLOR,TX,fmcsa_census,,,,
standard,A & B PAYNE TRUCKING,2543683272,mobile,trucking/logistics,KILLEEN,TX,fmcsa_census,,,,
standard,DOMUS LOGISTICS INC,4695651056,mobile,trucking/logistics,TAYLOR,TX,fmcsa_census,,,,
standard,"STENCE ELECTRIC, INC.",5127711549,mobile,trucking/logistics,TAYLOR,TX,fmcsa_census,,,,
standard,LOUIS RIVERA,2544621853,mobile,trucking/logistics,KILLEEN,TX,fmcsa_census,,,,
standard,MATTHEW SCHWETTMAN,5125084600,mobile,trucking/logistics,TAYLOR,TX,fmcsa_census,,,,
standard,ROGELIO HERNANDEZ,5122692620,mobile,trucking/logistics,DALLAS,TX,fmcsa_census,,,,
standard,ROGELIO HERNANDEZ,2142125935,mobile,trucking/logistics,DALLAS,TX,fmcsa_census,,,,
standard,ROGELIO HERNANDEZ,7135034106,mobile,trucking/logistics,DALLAS,TX,fmcsa_census,,,,
standard,ROGELIO HERNANDEZ,5202721999,mobile,trucking/logistics,DALLAS,TX,fmcsa_census,,,,
standard,GABE KERR TRUCKING LLC,2547225995,mobile,trucking/logistics,CHINA SPRING,TX,fmcsa_census,,,,
standard,FEDERICO C BUENTELLO,8309684459,mobile,trucking/logistics,TAYLOR,TX,fmcsa_census,,,,
standard,WES HILLIN TRUCKING LLC,2543663970,mobile,trucking/logistics,CHINA SPRING,TX,fmcsa_census,,,,
standard,HOBSON & SONS TRANSPORT LLC,9794364544,mobile,trucking/logistics,BREMOND,TX,fmcsa_census,,,,
standard,S & J EXPRESS TRANSPORTATION LLC,5129024575,mobile,trucking/logistics,TAYLOR,TX,fmcsa_census,,,,
standard,GIDDY UP GO TRANSPORTATION LLC,5128699908,mobile,trucking/logistics,TAYLOR,TX,fmcsa_census,,,,
standard,SCOTTY DELOHN GOLDEN,2546442220,mobile,trucking/logistics,CRAWFORD,TX,fmcsa_census,,,,
standard,BOEN LANDSCAPING AND IRRIGATION LLC,2548365058,mobile,trucking/logistics,CHINA SPRING,TX,fmcsa_census,,,,
standard,RHONDA HICKMAN,2542788451,mobile,trucking/logistics,KILLEEN,TX,fmcsa_census,,,,
standard,BATTLE CREEK CARRIERS INC,2547151478,mobile,trucking/logistics,DAWSON,TX,fmcsa_census,,,,
standard,CWAY HEAVY HAUL LLC,8177035534,mobile,trucking/logistics,COVINGTON,TX,fmcsa_census,,,,
standard,SOMMERFELD SAND & GRAVEL LLC,2547497042,mobile,trucking/logistics,CHINA SPRING,TX,fmcsa_census,,,,
standard,JJCC TRANSPORT LLC,5128841989,mobile,trucking/logistics,TAYLOR,TX,fmcsa_census,,,,
standard,KALEB PRICE AND TRAVIS PRICE,2542169849,mobile,trucking/logistics,GATESVILLE,TX,fmcsa_census,,,,
standard,TITO OCANAS JR,9728220107,mobile,trucking/logistics,MC GREGOR,TX,fmcsa_census,,,,
standard,L & E MORE TRANSPORT LLC,2546440475,mobile,trucking/logistics,MARLIN,TX,fmcsa_census,,,,
standard,TAYLOR XTREME TRUCKING LLC,6822330537,mobile,trucking/logistics,GRAPEVINE,TX,fmcsa_census,,,,
standard,DONNA BROWN,9729211438,mobile,trucking/logistics,MIDLOTHIAN,TX,fmcsa_census,,,,
standard,WESTMOOR MFG CO,8176252841,mobile,trucking/logistics,FORT WORTH,TX,fmcsa_census,,,,
standard,M A M TRANSPORT TX LLC,7739529468,mobile,trucking/logistics,FORT WORTH,TX,fmcsa_census,,,,
standard,AMRITPAL SINGH HUNDAL,2533977376,mobile,trucking/logistics,MANSFIELD,TX,fmcsa_census,,,,
standard,C MACC TRUCKING LLC,8174224213,mobile,trucking/logistics,FORT WORTH,TX,fmcsa_census,,,,
standard,MARTIN ANTHONY MCDONALD,3035876116,mobile,trucking/logistics,FT WORTH,TX,fmcsa_census,,,,
standard,ANTHONY CRAYTON-ROSEMARY ROBERTSON,8179374781,mobile,trucking/logistics,GRAPEVINE,TX,fmcsa_census,,,,
standard,ROD PATRICK BOOTMAKERS INC,3098382532,mobile,trucking/logistics,FORT WORTH,TX,fmcsa_census,,,,
standard,RENEE FREIGHT LOGISTICS LLC,4693834082,mobile,trucking/logistics,MIDLOTHIAN,TX,fmcsa_census,,,,
standard,FREIGHT FREIGHT LLC,6822257040,mobile,trucking/logistics,FORT WORTH,TX,fmcsa_census,,,,
standard,JERIHMY DALTON,6828887350,mobile,trucking/logistics,GRAPEVINE,TX,fmcsa_census,,,,
standard,RANDELL W HILL,2545622217,mobile,trucking/logistics,MEXIA,TX,fmcsa_census,,,,
standard,MEXIA TREE FARM INC,2545627816,mobile,trucking/logistics,MEXIA,TX,fmcsa_census,,,,
standard,SHANNON DAWKINS,2543012687,mobile,trucking/logistics,MEXIA,TX,fmcsa_census,,,,
standard,KOA DOG TRANSPORT LLC,4307750377,mobile,trucking/logistics,RICHLAND,TX,fmcsa_census,,,,
standard,2K OPERATING LLC,4695344311,mobile,trucking/logistics,RICHLAND,TX,fmcsa_census,,,,
standard,FLOYD MILTON BALLARD,2547163920,mobile,trucking/logistics,MCGREGOR,TX,fmcsa_census,,,,
standard,MOUNTAIN HIGH EXPRESS LLC,9036410434,mobile,trucking/logistics,BLOOMING GROVE,TX,fmcsa_census,,,,
standard,MCR TRANSPORT LLC,2146772239,mobile,trucking/logistics,PURDON,TX,fmcsa_census,,,,
standard,H3 TRANSPORT LLC,2547471601,mobile,trucking/logistics,MEXIA,TX,fmcsa_census,,,,
standard,KEY CREEK SAND & GRAVEL LLC,2544954582,mobile,trucking/logistics,RIESEL,TX,fmcsa_census,,,,
standard,BRAZOS VALLEY CONTRACTING CO,2548752552,mobile,trucking/logistics,RIESEL,TX,fmcsa_census,,,,
standard,DEEP REIGN LLC,9106009508,mobile,trucking/logistics,KILLEEN,TX,fmcsa_census,,,,
standard,VIRGIN ISLAND TRANSPORT LLC,7192030121,mobile,trucking/logistics,KILLEEN,TX,fmcsa_census,,,,
standard,ALBERT JONES,2549132034,mobile,trucking/logistics,KILLEEN,TX,fmcsa_census,,,,
standard,DESERT HORIZON LOGISTICS LLC,2547680075,mobile,trucking/logistics,KILLEEN,TX,fmcsa_census,,,,
standard,EDUARDO LIBRADO,2544006824,mobile,trucking/logistics,HILLSBORO,TX,fmcsa_census,,,,
standard,AAR TRANSPORT LLC,2545953633,mobile,trucking/logistics,WALNUT SPRINGS,TX,fmcsa_census,,,,
standard,JACKIE LYNN BRADLEY,2545800925,mobile,trucking/logistics,HILLSBORO,TX,fmcsa_census,,,,
standard,JOSE DELACRUZ FRANCO,2542661219,mobile,trucking/logistics,HILLSBORO,TX,fmcsa_census,,,,
standard,BRANDOM HOLDINGS LLC,8179259572,mobile,trucking/logistics,HILLSBORO,TX,fmcsa_census,,,,
standard,ABUDO AND SONS TRANSPORTATION,2548138127,mobile,trucking/logistics,KILLEEN,TX,fmcsa_census,,,,
standard,A & C WILLIAMS HAULS IT ALL LLC,2103828629,mobile,trucking/logistics,KILLEEN,TX,fmcsa_census,,,,
standard,BLACK DIAMOND XPRESS LLC,2546520617,mobile,trucking/logistics,RIESEL,TX,fmcsa_census,,,,
standard,TATE TRANSIT LLC,2542662752,mobile,trucking/logistics,HILLSBORO,TX,fmcsa_census,,,,
standard,TIM WILLIAMS WOOD PRODUCTS LP,2545808245,mobile,trucking/logistics,HILLSBORO,TX,fmcsa_census,,,,
standard,ARMENDARIZ LOGISTICS LLC,8328373024,mobile,trucking/logistics,HILLSBORO,TX,fmcsa_census,,,,
standard,I-G-C TRUCKING LLC,9725331562,mobile,trucking/logistics,HILLSBORO,TX,fmcsa_census,,,,
standard,C&J TRANSPORT,2542661845,mobile,trucking/logistics,HILLSBORO,TX,fmcsa_census,,,,
standard,BAR3W TRUCKING LLC,2542050960,mobile,trucking/logistics,HILLSBORO,TX,fmcsa_census,,,,
standard,MICKEY LYNN GIBSON,9725713275,mobile,trucking/logistics,WALNUT SPRINGS,TX,fmcsa_census,,,,
standard,PAUL HIGGINS,8172792076,mobile,trucking/logistics,WALNUT SPRINGS,TX,fmcsa_census,,,,
standard,SHIRLEY FLEMING,2542900521,mobile,trucking/logistics,KILLEEN,TX,fmcsa_census,,,,
standard,TMH TRUCKING LTD,5127853715,mobile,trucking/logistics,HILLSBORO,TX,fmcsa_census,,,,
standard,ALLEN MOUTON,2545354621,mobile,trucking/logistics,KILLEEN,TX,fmcsa_census,,,,
standard,OBAKE FREIGHT LLC,2542382881,mobile,trucking/logistics,KILLEEN,TX,fmcsa_census,,,,
standard,BRYAN JOHNSON,8178213471,mobile,trucking/logistics,HILLSBORO,TX,fmcsa_census,,,,
standard,PEDRAZA TRUCKING INC,2542661286,mobile,trucking/logistics,HILLSBORO,TX,fmcsa_census,,,,
standard,B ROCKS HAULING LLC,9108534959,mobile,trucking/logistics,KILLEEN,TX,fmcsa_census,,,,
standard,TUFCO READY MIX INC,2545809848,mobile,trucking/logistics,HILLSBORO,TX,fmcsa_census,,,,
standard,JOE ALLEN MCRAE,2547091885,mobile,trucking/logistics,WHITNEY,TX,fmcsa_census,,,,
standard,VETERANS TRANS LOGISTICS LLC,2544938515,mobile,trucking/logistics,KILLEEN,TX,fmcsa_census,,,,
standard,JOHNNIE WALKER ENTERPRISE,2542209886,mobile,trucking/logistics,KILLEEN,TX,fmcsa_census,,,,
standard,ELITE MONTES TRUCKING LLC,2547070157,mobile,trucking/logistics,WHITNEY,TX,fmcsa_census,,,,
standard,SILVER STAR CONCRETE LLC,2542056555,mobile,trucking/logistics,HILLSBORO,TX,fmcsa_census,,,,
standard,TRAVIS LEVERETT,8179942361,mobile,trucking/logistics,WHITNEY,TX,fmcsa_census,,,,
standard,JUDD'S HANDYMAN LLC,5207301966,mobile,trucking/logistics,HILLSBORO,TX,fmcsa_census,,,,
standard,CALVIN LYONS,2545826856,mobile,trucking/logistics,WHITNEY,TX,fmcsa_census,,,,
standard,CHET JOHNSON,2544855851,mobile,trucking/logistics,WALNUT SPRINGS,TX,fmcsa_census,,,,
standard,MICHAEL DAVID CAMERON,2547472782,mobile,trucking/logistics,WORTHAM,TX,fmcsa_census,,,,
standard,D HICKS TRUCKING LLC,2543713857,mobile,trucking/logistics,KILLEEN,TX,fmcsa_census,,,,
standard,GENERAL DYNAMICS-SATCOM TECHNOLOGIES,2547653304,mobile,trucking/logistics,WORTHAM,TX,fmcsa_census,,,,
standard,TIPTON INTERNATIONAL INC,2545825333,mobile,trucking/logistics,HILLSBORO,TX,fmcsa_census,,,,
standard,SUA SPONTE ENTERPRISES & HOLDINGS LLC,2544159517,mobile,trucking/logistics,KILLEEN,TX,fmcsa_census,,,,
standard,LARY ARCHER AND ASSOC INC,9404521773,mobile,trucking/logistics,PALO PINTO,TX,fmcsa_census,,,,
standard,ADRIANA DE JESUS VELASQUEZ,4694125945,mobile,trucking/logistics,HILLSBORO,TX,fmcsa_census,,,,
standard,JRT31 LLC,7754011478,mobile,trucking/logistics,HILLSBORO,TX,fmcsa_census,,,,
standard,JERRY COBB-SIMIEN,9408596119,mobile,trucking/logistics,PALO PINTO,TX,fmcsa_census,,,,
standard,SONNY MURPHY,9404526353,mobile,trucking/logistics,PALO PITNO,TX,fmcsa_census,,,,
standard,FIVE S HOTSHOT HAULING LLC,2542053602,mobile,trucking/logistics,WHITNEY,TX,fmcsa_census,,,,
standard,BIROME GIN CO INC,2547093355,mobile,trucking/logistics,BIROME,TX,fmcsa_census,,,,
standard,KENDON FARMS LLC,9403298885,mobile,trucking/logistics,PALO PINTO,TX,fmcsa_census,,,,
standard,ROBERT L HARLAN,2543155796,mobile,trucking/logistics,THORNTON,TX,fmcsa_census,,,,
standard,JOHN R WEVERKA,2542212352,mobile,trucking/logistics,WHITNEY,TX,fmcsa_census,,,,
standard,VESTAL LOGISTICS LLC,9123319574,mobile,trucking/logistics,WHITNEY,TX,fmcsa_census,,,,
standard,LONGHORN TRUSS,2545842469,mobile,trucking/logistics,LOTT,TX,fmcsa_census,,,,
standard,ALL-TEX SAND AND GRAVEL LLC,2546940219,mobile,trucking/logistics,WHITNEY,TX,fmcsa_census,,,,
standard,COASTER TO COASTER TRANSPORT SERVICES,8174042117,mobile,trucking/logistics,WHITNEY,TX,fmcsa_census,,,,
standard,JIM SINKULE,2547496079,mobile,trucking/logistics,MOUNT CALM,TX,fmcsa_census,,,,
standard,FRANK L SANFORD LLC,7137054526,mobile,trucking/logistics,THORNTON,TX,fmcsa_census,,,,
standard,JERRYS HEAVY EQUIPMENT REPAIR LLC,9154910255,mobile,trucking/logistics,WHITNEY,TX,fmcsa_census,,,,
standard,J BAR J LAND & CATTLE,2545840177,mobile,trucking/logistics,LOTT,TX,fmcsa_census,,,,
standard,N -TRUCKING LLC,9798140052,mobile,trucking/logistics,THORNTON,TX,fmcsa_census,,,,
standard,JCCH TRANSPORT LLC,9705719850,mobile,trucking/logistics,PENELOPE,TX,fmcsa_census,,,,
standard,S&S SCOTT OIL COMPANY LLC,2544790476,mobile,trucking/logistics,WHITNEY,TX,fmcsa_census,,,,
standard,TIN STAR TRUCKING INC,2545826027,mobile,trucking/logistics,WHITNEY,TX,fmcsa_census,,,,
standard,JOHN WIGGINS TRUCKING,2547170559,mobile,trucking/logistics,WACO,TX,fmcsa_census,,,,
standard,MICHALAK CONSTRUCTION LLC,2547210083,mobile,trucking/logistics,LOTT,TX,fmcsa_census,,,,
standard,LR3 SERVICES LLC,8172059919,mobile,trucking/logistics,WHITNEY,TX,fmcsa_census,,,,
standard,WACO TOURS LLC,2543008752,mobile,trucking/logistics,WAVO,TX,fmcsa_census,,,,
standard,JJS AUTOS LLC,2542174385,mobile,trucking/logistics,LOTT,TX,fmcsa_census,,,,
standard,TIP TOE HAULING LLC,2817521800,mobile,trucking/logistics,WACO,TX,fmcsa_census,,,,
standard,A1 TRANSPORTATION XPRESS INC,2543850180,mobile,trucking/logistics,THORTON,TX,fmcsa_census,,,,
standard,BARCO TRANSPORTATION SERVICES LLC,2547335069,mobile,trucking/logistics,WACO,TX,fmcsa_census,,,,
standard,CHARLES WILLBERG,2545844003,mobile,trucking/logistics,LOTT,TX,fmcsa_census,,,,
standard,D & S TRUCKING,7654136335,mobile,trucking/logistics,LOTT,TX,fmcsa_census,,,,
standard,KLEYPAS SERVICES LLC,2544821163,mobile,trucking/logistics,LOTT,TX,fmcsa_census,,,,
standard,MATTHEW HOELSCHER,2547219699,mobile,trucking/logistics,LOTT,TX,fmcsa_census,,,,
standard,M MARTINEZ SERVICES INC,9792558041,mobile,trucking/logistics,WHITNEY,TX,fmcsa_census,,,,
standard,NORTH TEXAS METAL ROOFING INC,8178458900,mobile,trucking/logistics,MIDLOTHIAN,TX,fmcsa_census,,,,
standard,LANDMARK PRO TRUCKING LLC,2145241912,mobile,trucking/logistics,MANSFIELD,TX,fmcsa_census,,,,
standard,VETERANS MOVING AMERICA LLC,8179896362,mobile,trucking/logistics,FORT WORTH,TX,fmcsa_census,,,,
standard,TELESIS OPERATING CO INC,8177372235,mobile,trucking/logistics,FORT WORTH,TX,fmcsa_census,,,,
standard,ALMEDIN EXPEDITE LLC,8173944775,mobile,trucking/logistics,FORT WORTH,TX,fmcsa_census,,,,
standard,VIPERTECH HAULING LLC,8175424682,mobile,trucking/logistics,FORT WORTH,TX,fmcsa_census,,,,
standard,LYNN'S TRUCKING LLC.,8178765376,mobile,trucking/logistics,MIDLOTHIAN,TX,fmcsa_census,,,,
standard,HARVEST SEED,8173352601,mobile,trucking/logistics,FORT WORTH,TX,fmcsa_census,,,,
standard,HOME STRONG LLC,8179374282,mobile,trucking/logistics,MANSFIELD,TX,fmcsa_census,,,,
standard,POLARIS VALET LLC,4698941147,mobile,trucking/logistics,MANSFIELD,TX,fmcsa_census,,,,
standard,MILK TRANSPORT SERVICES LP,8174104500,mobile,trucking/logistics,GRAPEVINE,TX,fmcsa_census,,,,
standard,TRAVCO LOGISTICS CORP,8173681125,mobile,trucking/logistics,GRAPEVINE,TX,fmcsa_census,,,,
standard,CSRT TRANSPORT,2148009953,mobile,trucking/logistics,MANSFIELD,TX,fmcsa_census,,,,
standard,JM CHATO TRUCKING LLC,8176735089,mobile,trucking/logistics,FORT WORTH,TX,fmcsa_census,,,,
standard,JUSTIN KYLE HOLT,8173294297,mobile,trucking/logistics,GRAPEVINE,TX,fmcsa_census,,,,
standard,MCDOWELL'S FREIGHT SERVICE LLC,6822070376,mobile,trucking/logistics,FORT WORTH,TX,fmcsa_census,,,,
standard,ARB AUTO TRANSPORT INC,4694947181,mobile,trucking/logistics,MANSFIELD,TX,fmcsa_census,,,,
standard,JOSEPH ANTHONY MCMEANS,6824659273,mobile,trucking/logistics,GRAPEVINE,TX,fmcsa_census,,,,
standard,HOWARD TRUCKING LLC,8178068097,mobile,trucking/logistics,FORT WORTH,TX,fmcsa_census,,,,
standard,BIG WHEEL ENTERPRISES INCORPORATED,12147708808,mobile,trucking/logistics,MIDLOTHIAN,TX,fmcsa_census,,,,
standard,ATS WRECKER SERVICE LLC,2142405886,mobile,trucking/logistics,GRAPE VINE,TX,fmcsa_census,,,,
standard,REX ROYAL EXPRESS LLC,8174543464,mobile,trucking/logistics,FORT WORTH,TX,fmcsa_census,,,,
standard,US FREIGHT LLC,8179171294,mobile,trucking/logistics,MANSFIELD,TX,fmcsa_census,,,,
standard,JOSEPH A QUINONES,2546628279,mobile,trucking/logistics,WACO,TX,fmcsa_census,,,,
standard,JOHN N WARNER,2547093723,mobile,trucking/logistics,WACO,TX,fmcsa_census,,,,
standard,JATSTRANSPORT LLC,2546444473,mobile,trucking/logistics,WACO,TX,fmcsa_census,,,,
standard,KIMBERLY PATTERSON,2548550662,mobile,trucking/logistics,WACO,TX,fmcsa_census,,,,
standard,STEVE PICKENS,2547153715,mobile,trucking/logistics,WACO,TX,fmcsa_census,,,,
standard,SCOTT SONNTAG OIL COMPANY INC,2547720590,mobile,trucking/logistics,WACO,TX,fmcsa_census,,,,
standard,BILMER A ESCOTO,2545842313,mobile,trucking/logistics,LOTT,TX,fmcsa_census,,,,
standard,TELIC LS LLC,2543405547,mobile,trucking/logistics,WACO,TX,fmcsa_census,,,,
standard,BYOT LLC,2542247033,mobile,trucking/logistics,WACO,TX,fmcsa_census,,,,
standard,HUD & HAD COMPANY LLC,2543156493,mobile,trucking/logistics,LOTT,TX,fmcsa_census,,,,
standard,GARY DEAN SCHERBIG JR,2547234955,mobile,trucking/logistics,WACO,TX,fmcsa_census,,,,
standard,HUMBERTO FLORES RODRIGUEZ,2148757576,mobile,trucking/logistics,MILFORD,TX,fmcsa_census,,,,
standard,CODY WAYNE STONE,2542652292,mobile,trucking/logistics,WACO,TX,fmcsa_census,,,,
standard,ANTONIO MIRAMONTEZ,2146237759,mobile,trucking/logistics,WACO,TX,fmcsa_census,,,,
standard,M TERRA LLC,2547237658,mobile,trucking/logistics,WACO,TX,fmcsa_census,,,,
standard,ALETHA EVERETT,2543666950,mobile,trucking/logistics,WACO,TX,fmcsa_census,,,,
standard,LIFT MOVING LLC,2145424804,mobile,trucking/logistics,WACO,TX,fmcsa_census,,,,
standard,ANTONIO M PEREZ,9722245284,mobile,trucking/logistics,MILFORD,TX,fmcsa_census,,,,
standard,RONALD HARRIS CONSTRUCTION LLC,2548039096,mobile,trucking/logistics,WACO,TX,fmcsa_census,,,,
standard,767 TRANSPORT LLC,4803060688,mobile,trucking/logistics,WACO,TX,fmcsa_census,,,,
standard,VAZQUEZ AND VILLEGAS TRUCKING LLC,2542308034,mobile,trucking/logistics,WACO,TX,fmcsa_census,,,,
standard,SIMA TRANSPORT LLC,3375633144,mobile,trucking/logistics,WACO,TX,fmcsa_census,,,,
standard,REGINA MICHELLE SOWDERS,2544984057,mobile,trucking/logistics,WACO,TX,fmcsa_census,,,,
standard,JAY GIBBS,2547094270,mobile,trucking/logistics,WACO,TX,fmcsa_census,,,,
standard,J&J FREIGHT AND TRANSPORTATION,2546403655,mobile,trucking/logistics,WACO,TX,fmcsa_census,,,,
standard,ROBOT TRANSPORTATION LLC,2543155042,mobile,trucking/logistics,WACO,TX,fmcsa_census,,,,
standard,LEE V MABRY,2547324841,mobile,trucking/logistics,WACO,TX,fmcsa_census,,,,
standard,GREENLIFE NURSERY INC,2547442676,mobile,trucking/logistics,WACO,TX,fmcsa_census,,,,
standard,BIG TEXAN LOGISTICS LLC,9152588628,mobile,trucking/logistics,WACO,TX,fmcsa_census,,,,
standard,DAYBREAK TRUCKING LLC,5127453282,mobile,trucking/logistics,WACO,TX,fmcsa_census,,,,
standard,DOUGLAS BOOKER,2547491211,mobile,trucking/logistics,WACO,TX,fmcsa_census,,,,
standard,SLA CONCRETE WORKS LLC,2542303180,mobile,trucking/logistics,WACO,TX,fmcsa_census,,,,
standard,CLARK BROTHERS FELT CO,2547410040,mobile,trucking/logistics,WACO,TX,fmcsa_census,,,,
standard,HERITAGE TRUCK LEASING INC,2547173739,mobile,trucking/logistics,WACO,TX,fmcsa_census,,,,
standard,CASTLE COMPANY EXPORTS LLC,2543312660,mobile,trucking/logistics,WACO,TX,fmcsa_census,,,,
standard,A-1 DEMOLITION,2547449616,mobile,trucking/logistics,WACO,TX,fmcsa_census,,,,
standard,JAMES E RAGSDILL,2547445059,mobile,trucking/logistics,WACO,TX,fmcsa_census,,,,
standard,DAMERON OIL COMPANY INC,2546621692,mobile,trucking/logistics,WACO,TX,fmcsa_census,,,,
standard,PIERCE MASONRY CONSTRUCTION INC,3252773568,mobile,trucking/logistics,SAN ANGELO,TX,fmcsa_census,,,,
standard,SAN ANGELO PROPUMP INC,3256514719,mobile,trucking/logistics,SAN ANGELO,TX,fmcsa_census,,,,
standard,JULIO CESAR GUTIERREZ,3252277560,mobile,trucking/logistics,SAN ANGELO,TX,fmcsa_census,,,,
standard,CONCHO VALLEY TRUCKING,4046979434,mobile,trucking/logistics,SAN ANGELO,TX,fmcsa_census,,,,
standard,MITCHELL L WACHSMANN,2547492667,mobile,trucking/logistics,WEST,TX,fmcsa_census,,,,
standard,LUKE BURNETT,3252342698,mobile,trucking/logistics,SAN ANGELO,TX,fmcsa_census,,,,
standard,ARMANDO TORRES JR,3258958317,mobile,trucking/logistics,SAN ANGELO,TX,fmcsa_census,,,,
standard,TRAVIS AND MARTHA TRIMBLE,3252151584,mobile,trucking/logistics,LONDON,TX,fmcsa_census,,,,
standard,RONNIE SMETANA,3258959343,mobile,trucking/logistics,SAN ANGELO,TX,fmcsa_census,,,,
standard,STEEL CARRIAGE TRUCKING LLC,3465387563,mobile,trucking/logistics,SAN ANGELO,TX,fmcsa_census,,,,
standard,J & M TRUCKING,3256501055,mobile,trucking/logistics,SAN ANGELO,TX,fmcsa_census,,,,
standard,LEONARD GULLY,3254423941,mobile,trucking/logistics,ROWENA,TX,fmcsa_census,,,,
standard,SANTA RITA TRANSPORT LLC,3256558323,mobile,trucking/logistics,SAN ANGELO,TX,fmcsa_census,,,,
standard,VIGGERS TRANSPORTATION LLC,3252271963,mobile,trucking/logistics,SAN ANGELO,TX,fmcsa_census,,,,
standard,JG TX TRUCKING SERVICES LLC,3256508192,mobile,trucking/logistics,SAN ANGELO,TX,fmcsa_census,,,,
standard,RELIABLE RUSH LOGISTICS LLC,8066854377,mobile,trucking/logistics,SAN ANGELO,TX,fmcsa_census,,,,
standard,ANGELO METAL RECYCLING LLC,5127553675,mobile,trucking/logistics,SAN ANGELO,TX,fmcsa_census,,,,
standard,CARON TRANSPORTATION SYSTEMS USA INC,3256510013,mobile,trucking/logistics,SAN ANGELO,TX,fmcsa_census,,,,
standard,AR HOTSHOT LLC,3252347699,mobile,trucking/logistics,SAN ANGELO,TX,fmcsa_census,,,,
standard,MIKE SHIELDS,3256566966,mobile,trucking/logistics,SAN ANGELO,TX,fmcsa_census,,,,
standard,SAN ANGELO OILFIELD SERVICES,3256509060,mobile,trucking/logistics,SAN ANGELO,TX,fmcsa_census,,,,
standard,MOREY & SONS TRUCKING,3254658027,mobile,trucking/logistics,SAN ANGELO,TX,fmcsa_census,,,,
standard,PREMIER BLAST & PAINT LLC,3258123311,mobile,trucking/logistics,SAN ANGELO,TX,fmcsa_census,,,,
standard,CUR-DOG TRUCKING LLC,5058609094,mobile,trucking/logistics,SAN ANGELO,TX,fmcsa_census,,,,
standard,TERLINGUA TRUCKING LLC,3252135733,mobile,trucking/logistics,SAN ANGELO,TX,fmcsa_census,,,,
standard,JASON D ADCOCK,3256568232,mobile,trucking/logistics,SAN ANGELO,TX,fmcsa_census,,,,
standard,TERRILL MANUFACTURING CO,3256557133,mobile,trucking/logistics,SAN ANGELO,TX,fmcsa_census,,,,
standard,DAVID JONATHAN JENSEN,3252348544,mobile,trucking/logistics,SAN ANGELO,TX,fmcsa_census,,,,
standard,TAPIA & SONS COMPANY LLC,3256176347,mobile,trucking/logistics,SAN ANGELO,TX,fmcsa_census,,,,
standard,WMB LOGISTIC LLC,4436022938,mobile,trucking/logistics,SAN ANGELO,TX,fmcsa_census,,,,
standard,IBARRA TRANSPORT SERVICES LLC,3258952840,mobile,trucking/logistics,SAN ANGELO,TX,fmcsa_census,,,,
standard,WIDE OPEN TRUCKING LLC,3252324262,mobile,trucking/logistics,SAN ANGELO,TX,fmcsa_census,,,,
standard,MCKENZIE CONSTRUCTION LLC,3253405911,mobile,trucking/logistics,SAN ANGELO,TX,fmcsa_census,,,,
standard,ROCKING A TRUCKING LLC,3258121287,mobile,trucking/logistics,SAN ANGELO,TX,fmcsa_census,,,,
standard,LA ESPERANZA CLINIC INC,3253406831,mobile,trucking/logistics,SAN ANGELO,TX,fmcsa_census,,,,
standard,TERESA GALARZA,3258123314,mobile,trucking/logistics,SAN ANGELO,TX,fmcsa_census,,,,
standard,ROBERT P NEFF,3252777827,mobile,trucking/logistics,SAN ANGELO,TX,fmcsa_census,,,,
standard,JOHNNY SANDOVAL,3253741651,mobile,trucking/logistics,SAN ANGELO,TX,fmcsa_census,,,,
standard,FLORENTINO CARDENAS,3256505514,mobile,trucking/logistics,SAN ANGELO,TX,fmcsa_census,,,,
standard,ROBERT TREVINO JR,3252122087,mobile,trucking/logistics,SAN ANGELO,TX,fmcsa_census,,,,
standard,KEEPS HAULING LLC,2542900366,mobile,trucking/logistics,SAN ANGELO,TX,fmcsa_census,,,,
standard,LANE HUGHES CONTRACTING LLC,3252341880,mobile,trucking/logistics,SAN ANGELO,TX,fmcsa_census,,,,
standard,MJE EXPRESS LLC,2542652127,mobile,trucking/logistics,SAN ANGELO,TX,fmcsa_census,,,,
standard,J ROCKING A FARMS INC,4326147670,mobile,trucking/logistics,SAN ANGELO,TX,fmcsa_census,,,,
standard,J ROCKING A FARMS INC,3258962238,mobile,trucking/logistics,SAN ANGELO,TX,fmcsa_census,,,,
standard,JOA TRANSPORTS LLC,9569751631,mobile,trucking/logistics,SAN ANGELO,TX,fmcsa_census,,,,
standard,RONNIE MCENERY,3256500098,mobile,trucking/logistics,SAN ANGELO,TX,fmcsa_census,,,,
standard,FUEL SOURCE LLC,3258122239,mobile,trucking/logistics,SAN ANGELO,TX,fmcsa_census,,,,
standard,MESQUITE CONTRACT PUMPING LLC,8064382321,mobile,trucking/logistics,SAN ANGELO,TX,fmcsa_census,,,,
standard,BIG WHEEL LOGISTICS LLC,8506924037,mobile,trucking/logistics,MANSFIELD,TX,fmcsa_census,,,,
standard,RUBEN HURTADO JR,8179082567,mobile,trucking/logistics,FORT WORTH,TX,fmcsa_census,,,,
standard,DVL TRANSPORT LLC,3606475654,mobile,trucking/logistics,FORT WORTH,TX,fmcsa_census,,,,
standard,JCB CONSTRUCTION,3252778021,mobile,trucking/logistics,SAN ANGELO,TX,fmcsa_census,,,,
standard,TXNC LOGISTICS LLC,5125684294,mobile,trucking/logistics,SAN ANGELO,TX,fmcsa_census,,,,
standard,JPS LONGHORN EQUIPMENT & SUPPLY LLC,3252459131,mobile,trucking/logistics,SAN ANGELO,TX,fmcsa_census,,,,
standard,SEIDEL INC,3252771785,mobile,trucking/logistics,SAN ANGELO,TX,fmcsa_census,,,,
standard,E HOFFMAN INTL LLC,8178454474,mobile,trucking/logistics,SAN ANGELO,TX,fmcsa_census,,,,
standard,JIM BASS FORD INC,3259494621,mobile,trucking/logistics,SAN ANGELO,TX,fmcsa_census,,,,
standard,JOHN KING HOUSEMOVING,3256423607,mobile,trucking/logistics,ZEPHYR,TX,fmcsa_census,,,,
standard,TERRELL ECKERT,3253400392,mobile,trucking/logistics,SAN ANGELO,TX,fmcsa_census,,,,
standard,MAILY TRUCKING LLC,3054585867,mobile,trucking/logistics,SAN ANGELO,TX,fmcsa_census,,,,
standard,LSC CONTRACTING LLC,3259399230,mobile,trucking/logistics,SAN ANGELO,TX,fmcsa_census,,,,
standard,CONCHO VALLEY GYMNASTICS LLC,3254828878,mobile,trucking/logistics,SAN ANGELO,TX,fmcsa_census,,,,
standard,HELEBRANTSCHLUMBERGER INC,3258126260,mobile,trucking/logistics,SAN ANGELO,TX,fmcsa_census,,,,
standard,BTB LOGISTICS LLC,3256506816,mobile,trucking/logistics,SAN ANGELO,TX,fmcsa_census,,,,
standard,PIERCE METALS LLC,3257167614,mobile,trucking/logistics,SAN ANGELO,TX,fmcsa_census,,,,
standard,SHAWNA M MCGARA,3252279508,mobile,trucking/logistics,SAN ANGELO,TX,fmcsa_census,,,,
standard,JL BAR RANCH LP,3259428792,mobile,trucking/logistics,SAN ANGELO,TX,fmcsa_census,,,,
standard,S2 ENTERPRISES & MORE LLC,3184531319,mobile,trucking/logistics,SAN ANGELO,TX,fmcsa_census,,,,
standard,CODY ERIC SIMPSON,3252030128,mobile,trucking/logistics,ZEPHYR,TX,fmcsa_census,,,,
standard,BAR DIAMOND SERVICES LLC,3252772285,mobile,trucking/logistics,SAN ANGELO,TX,fmcsa_census,,,,
standard,PERMIAN SWD SOLUTIONS LLC,8064701878,mobile,trucking/logistics,SAN ANGELO,TX,fmcsa_census,,,,
standard,LANCASTER CUSTOM HAULING,3252778433,mobile,trucking/logistics,SAN ANGELO,TX,fmcsa_census,,,,
standard,BRAD EGGEMEYER,9156514062,mobile,trucking/logistics,SAN ANGELO,TX,fmcsa_census,,,,
standard,DAYTON HARPER,3256565918,mobile,trucking/logistics,SAN ANGELO,TX,fmcsa_census,,,,
standard,GRACIELA GARCIA HINOJOS,3253741578,mobile,trucking/logistics,SAN ANGELO,TX,fmcsa_census,,,,
standard,PORTER HENDERSON IMPLEMENT COMPANY INC,3256534541,mobile,trucking/logistics,SAN ANGELO,TX,fmcsa_census,,,,
standard,RANDALL J KUYKENDALL,3252473120,mobile,trucking/logistics,VALLEY SPRING,TX,fmcsa_census,,,,
standard,TOWN & COUNTRY FOOD STORES INC,7133766039,mobile,trucking/logistics,SAN ANGELO,TX,fmcsa_census,,,,
standard,LONE STAR ANCHOR INC,3256507131,mobile,trucking/logistics,BIG LAKE,TX,fmcsa_census,,,,
standard,REECE ALBERT TRUCKING LLC,3257168737,mobile,trucking/logistics,SAN ANGELO,TX,fmcsa_census,,,,
standard,C D FIELDS INC,4326311066,mobile,trucking/logistics,SAN ANGELO,TX,fmcsa_census,,,,
standard,CHARLES SEALE,2055355893,mobile,trucking/logistics,SAN ANGELO,TX,fmcsa_census,,,,
standard,RKH TRUCKING LLC,3256509033,mobile,trucking/logistics,SAN ANGELO,TX,fmcsa_census,,,,
standard,CAMEL BACK TRUCKING LLC,3252341561,mobile,trucking/logistics,SAN ANGELO,TX,fmcsa_census,,,,
standard,G HINDS,3252273939,mobile,trucking/logistics,SAN ANGELO,TX,fmcsa_census,,,,
standard,MB YORK COMPANY LLC,3256569674,mobile,trucking/logistics,SAN ANGELO,TX,fmcsa_census,,,,
standard,LONGHORN DELIVERY SERVICES LLC,3258291434,mobile,trucking/logistics,SAN ANGELO,TX,fmcsa_census,,,,
standard,MICHAEL BIGGERSTAFF HOMES INC,3256513901,mobile,trucking/logistics,SAN ANGELO,TX,fmcsa_census,,,,
standard,DIAMOND L TRANSPORTS INC,3256519212,mobile,trucking/logistics,SAN ANGELO,TX,fmcsa_census,,,,
standard,JWJ2,3252344929,mobile,trucking/logistics,SAN ANGELO,TX,fmcsa_census,,,,
standard,RED ARROW TRANSPORT LLC,9283586428,mobile,trucking/logistics,SAN ANGELO,TX,fmcsa_census,,,,
standard,BLACK TEA TRANSPORTATION LLC,3256683494,mobile,trucking/logistics,SAN ANGELO,TX,fmcsa_census,,,,
standard,LERMA TRUCKING LLC,3258955581,mobile,trucking/logistics,SAN ANGELO,TX,fmcsa_census,,,,
standard,CHARLES WESLEY MIKESKA,3256567988,mobile,trucking/logistics,SAN ANGELO,TX,fmcsa_census,,,,
standard,SWEET J TRUCKING LLC,3252136688,mobile,trucking/logistics,BIG LAKE,TX,fmcsa_census,,,,
standard,PEACEFUL VALLEY DONKEY RESCUE INC,3252761676,mobile,trucking/logistics,SAN ANGELO,TX,fmcsa_census,,,,
standard,S&S TURF GRASS LIMITED LIABILITY COMPANY,3252341495,mobile,trucking/logistics,SAN ANGELO,TX,fmcsa_census,,,,
standard,JIM WEAVER,4326956339,mobile,trucking/logistics,SAN ANGELO,TX,fmcsa_census,,,,
standard,JAIR TRUCKING LLC,2157260824,mobile,trucking/logistics,BIG LAKE,TX,fmcsa_census,,,,
standard,H&H OWS LLC,3252451218,mobile,trucking/logistics,BIG LAKE,TX,fmcsa_census,,,,
standard,LEDESMA ENTERPRISES LLC,9152402588,mobile,trucking/logistics,BARNHART,TX,fmcsa_census,,,,
standard,ROBERT WILLIAM MIDDLETON,8302853639,mobile,trucking/logistics,BIG LAKE,TX,fmcsa_census,,,,
standard,CARLOS CASTILLO RAMIREZ,4326614756,mobile,trucking/logistics,BIG LAKE,TX,fmcsa_census,,,,
standard,SAMARA TRANSPORT LLC,3505253553,mobile,trucking/logistics,BIG LAKE,TX,fmcsa_census,,,,
standard,JAMES E SCHULTZ TRUCKING LLC,3258126821,mobile,trucking/logistics,CARLSBAD,TX,fmcsa_census,,,,
standard,PERMIAN BASIN CARGO LLC,3252191828,mobile,trucking/logistics,SAN ANGELO,TX,fmcsa_census,,,,
standard,STEVEN VILLARREAL,3256505133,mobile,trucking/logistics,SAN ANGELO,TX,fmcsa_census,,,,
standard,ALFONSO IBARRA,3252261095,mobile,trucking/logistics,BIG LAKE,TX,fmcsa_census,,,,
standard,ALFONSO IBARRA,7132592004,mobile,trucking/logistics,BIG LAKE,TX,fmcsa_census,,,,
standard,ALFONSO IBARRA,4802091420,mobile,trucking/logistics,BIG LAKE,TX,fmcsa_census,,,,
standard,FIERRO & FIERRO LOGISTICS LLC,4322507820,mobile,trucking/logistics,MIDLAND,TX,fmcsa_census,,,,
standard,ARVEL BOLDING,8063160803,mobile,trucking/logistics,CARLSBAD,TX,fmcsa_census,,,,
standard,GERRIT TAMMINGA,3256423683,mobile,trucking/logistics,MAY,TX,fmcsa_census,,,,
standard,W & D HOTSHOT LLC,3252343162,mobile,trucking/logistics,SAN ANGELO,TX,fmcsa_census,,,,
standard,T-K TRUCKING LLC,3253151867,mobile,trucking/logistics,SAN ANGELO,TX,fmcsa_census,,,,
standard,JG CHEMICALS INC,3256502139,mobile,trucking/logistics,BIG LAKE,TX,fmcsa_census,,,,
standard,NICHOLAS HERRERA,4802251421,mobile,trucking/logistics,CARLSBAD,TX,fmcsa_census,,,,
standard,DUFF RANCH CONSTRUCTION LLC,3256574807,mobile,trucking/logistics,CHRISTOVAL,TX,fmcsa_census,,,,
standard,LITE WAVE LLC,3256504789,mobile,trucking/logistics,SAN ANGELO,TX,fmcsa_census,,,,
standard,WRENCHED UP ROUSTABOUTS LLC,3253153434,mobile,trucking/logistics,ELDORADO,TX,fmcsa_census,,,,
standard,S & T ROUSTABOUTS,3252771549,mobile,trucking/logistics,ELDORADO,TX,fmcsa_census,,,,
standard,CONCHO HOT SHOT SOLUTIONS LLC,3256566528,mobile,trucking/logistics,SAN ANGELO,TX,fmcsa_census,,,,
standard,N AGUIRRE TRUCKING INC,3252622202,mobile,trucking/logistics,CHRISTOVAL,TX,fmcsa_census,,,,
standard,BENJAMIN SHANE CONNALLY,3253745375,mobile,trucking/logistics,SAN ANGELO,TX,fmcsa_census,,,,
standard,TITANGRID INFRASTRUCTURE LLC,4729579145,mobile,trucking/logistics,SAN ANGELO,TX,fmcsa_census,,,,
standard,LUIS ALMAZAN JR,3252622081,mobile,trucking/logistics,ELDORADO,TX,fmcsa_census,,,,
standard,CANO'S CONCRETE,6822632101,mobile,trucking/logistics,FORT WORTH,TX,fmcsa_census,,,,
standard,LONGCHASE TRUCKING LLC,9133619259,mobile,trucking/logistics,MANSFIELD,TX,fmcsa_census,,,,
standard,CCR TRANSPORTATION,6822393799,mobile,trucking/logistics,FORT WORTH,TX,fmcsa_census,,,,
standard,SOK FREIGHT LLC,9403372529,mobile,trucking/logistics,MANSFIELD,TX,fmcsa_census,,,,
standard,ROBERT CARLONE,8173040227,mobile,trucking/logistics,GRAPEVINE,TX,fmcsa_census,,,,
standard,GLOBAL VISION LOGISTICS LLC,4693630448,mobile,trucking/logistics,GRAPEVINE,TX,fmcsa_census,,,,
standard,MMA SOLUTIONS LLC,2676906439,mobile,trucking/logistics,GRAPEVINE,TX,fmcsa_census,,,,
standard,5&2 STUDIOS INC,3056093494,mobile,trucking/logistics,MIDLOTHIAN,TX,fmcsa_census,,,,
standard,369 COLD & DRY LLC,8328774024,mobile,trucking/logistics,GRAPEVINE,TX,fmcsa_census,,,,
standard,TERESITA TOVAR,4698140513,mobile,trucking/logistics,FORT WORTH,TX,fmcsa_census,,,,
standard,CAESARE BOGGESS,6823310850,mobile,trucking/logistics,FORT WORTH,TX,fmcsa_census,,,,
standard,I2X TRANSPORT LLC,3253993730,mobile,trucking/logistics,MIDLOTHIAN,TX,fmcsa_census,,,,
standard,GOLDEN ARROW LLC,6823212616,mobile,trucking/logistics,FORT WORTH,TX,fmcsa_census,,,,
standard,GS AND VS TRUCKING AND DISPATCHING,6824077589,mobile,trucking/logistics,FORT WORTH,TX,fmcsa_census,,,,
standard,DANGERFIELD LOGISTICS LLC,2142847764,mobile,trucking/logistics,MANSFIELD,TX,fmcsa_census,,,,
standard,GO BY TRUCK INC,4178804499,mobile,trucking/logistics,GRAPEVINE,TX,fmcsa_census,,,,
standard,D & C ANDERSON TRANSPORT LLC,8176895138,mobile,trucking/logistics,MANSFIELD,TX,fmcsa_census,,,,
standard,HARRIS SONS QUALITY LAWN CARE LLC,5056468131,mobile,trucking/logistics,MIDLOTHIAN,TX,fmcsa_census,,,,
standard,LYNN-WAYNE TRUCKING LLC,9724354652,mobile,trucking/logistics,MANSFIELD,TX,fmcsa_census,,,,
standard,IRON HORN LOGISTICS LLC,6822490094,mobile,trucking/logistics,FORT WORTH,TX,fmcsa_census,,,,
standard,EBAKE LOGISTIC LLC,8178417013,mobile,trucking/logistics,FORT WORTH,TX,fmcsa_census,,,,
standard,ATLANTIS SOLUTIONS LLC,3258126300,mobile,trucking/logistics,BIG LAKE,TX,fmcsa_census,,,,
standard,MOORES' RANCH TRUCKING LLC,3252635482,mobile,trucking/logistics,ELDORADO,TX,fmcsa_census,,,,
standard,SCHMALZRIED ENTERPRISES LLC,3256500725,mobile,trucking/logistics,CHRISTOVAL,TX,fmcsa_census,,,,
standard,CHARLES FRANKLIN HOERSTER,3253475761,mobile,trucking/logistics,MASON,TX,fmcsa_census,,,,
standard,MARY COOPER,4325596714,mobile,trucking/logistics,MAY,TX,fmcsa_census,,,,
standard,OK LOGISTICS LLC,8305709440,mobile,trucking/logistics,MASON,TX,fmcsa_census,,,,
standard,SOLID ROCK CRUSHING LLC,3256507454,mobile,trucking/logistics,SAN ANGELO,TX,fmcsa_census,,,,
standard,GRIT INVESTMENTS LLC,3255005262,mobile,trucking/logistics,CHRISTOVAL,TX,fmcsa_census,,,,
standard,JERRY SCOTT LINDLEY,3259982413,mobile,trucking/logistics,MAY,TX,fmcsa_census,,,,
standard,SANTANA FREIGHT SERVICES LLC,8323921618,mobile,trucking/logistics,MASON,TX,fmcsa_census,,,,
standard,ADKINS ARCHITECTURAL ANTIQUES INC,7135226547,mobile,trucking/logistics,HOUSTON,TX,fmcsa_census,,,,
standard,JEFFREY ROBIN SHEPPARD,3254531168,mobile,trucking/logistics,ROBERT LEE,TX,fmcsa_census,,,,
standard,MEME'S TRANSPORT LLC,2816678554,mobile,trucking/logistics,HOUSTON,TX,fmcsa_census,,,,
standard,FRANCISCO J ORTIZ HERNANDEZ AND MATILDA ORTIZ,3252060607,mobile,trucking/logistics,OZONA,TX,fmcsa_census,,,,
standard,RELENTLESS ENERGY LLC,3252264131,mobile,trucking/logistics,BIG LAKE,TX,fmcsa_census,,,,
standard,JOHN KELLEY,3253923546,mobile,trucking/logistics,OZONA,TX,fmcsa_census,,,,
standard,WILLIAM EDWIN BROSH II,3257638774,mobile,trucking/logistics,ROBERT LEE,TX,fmcsa_census,,,,
standard,LUIS ALBERTO TORRES RODRIGUEZ,8328342332,mobile,trucking/logistics,HOUSTON,TX,fmcsa_census,,,,
standard,KMC LAND SERVICES LLC,7134711744,mobile,trucking/logistics,HOUSTON,TX,fmcsa_census,,,,
standard,JOSE GUADALUPE GUERRA,8327741233,mobile,trucking/logistics,HOUSTON,TX,fmcsa_census,,,,
standard,THS TRANSPORTATION INC,2145973087,mobile,trucking/logistics,HOUSTON,TX,fmcsa_census,,,,
standard,DICKOS LOGISTICS LLC,3462322475,mobile,trucking/logistics,HOUSTON,TX,fmcsa_census,,,,
standard,TRACK AND GO TRUCKING LLC,2817797630,mobile,trucking/logistics,HOUSTON,TX,fmcsa_census,,,,
standard,APOLLO MOVING COMPANY,9704039185,mobile,trucking/logistics,HOUSTON,TX,fmcsa_census,,,,
standard,CHRISTOPHER BOUTTE,8323104003,mobile,trucking/logistics,HOUSTON,TX,fmcsa_census,,,,
standard,DERRECK WINN,7134465613,mobile,trucking/logistics,HOUSTON,TX,fmcsa_census,,,,
standard,ON POINT CARRIERS LLC,7133042247,mobile,trucking/logistics,HOUSTON,TX,fmcsa_census,,,,
standard,SAP SERVICES,8327665065,mobile,trucking/logistics,HOUSTON,TX,fmcsa_census,,,,
standard,APRIL MARIE SHOWERS,7132481161,mobile,trucking/logistics,HOUSTON,TX,fmcsa_census,,,,
standard,B & J HAULING LLC,8323047040,mobile,trucking/logistics,HOUSTON,TX,fmcsa_census,,,,
standard,PETRA NAVA,8328342710,mobile,trucking/logistics,HOUSTON,TX,fmcsa_census,,,,
standard,PAY ME IN FREIGHT LLC,4096223029,mobile,trucking/logistics,HOUSTON,TX,fmcsa_census,,,,
standard,CARGO QWIK INC,7139238500,mobile,trucking/logistics,HOUSTON,TX,fmcsa_census,,,,
standard,JCF EXPRESS,8326661757,mobile,trucking/logistics,HOUSTON,TX,fmcsa_census,,,,
standard,TOWING JOSUE,2818719264,mobile,trucking/logistics,HOUSTON,TX,fmcsa_census,,,,
standard,MP INSTRUMENT COMPANY INC,7137424212,mobile,trucking/logistics,HOUSTON,TX,fmcsa_census,,,,
standard,RAC LOGISTICS LLC,8328215576,mobile,trucking/logistics,HOUSTON,TX,fmcsa_census,,,,
standard,MILDER TERRERO COLMENERO,8323258508,mobile,trucking/logistics,HOUSTON,TX,fmcsa_census,,,,
standard,LEBLANC TRANSPORTATION LLC,7134849115,mobile,trucking/logistics,HOUSTON,TX,fmcsa_census,,,,
standard,HOUSTON AVOCADO CO INC,8324052934,mobile,trucking/logistics,HOUSTON,TX,fmcsa_census,,,,
standard,NH TRANSPORT SOLUTIONS LLC,9106707434,mobile,trucking/logistics,HOUSTON,TX,fmcsa_census,,,,
standard,JAZMYN BREANNA PROCTOR ESTATE,7133096342,mobile,trucking/logistics,HOUSTON,TX,fmcsa_census,,,,
standard,KENNY P RIVERA,8322867039,mobile,trucking/logistics,HOUSTON,TX,fmcsa_census,,,,
standard,JULIAN J LEAL,7134597107,mobile,trucking/logistics,HOUSTON,TX,fmcsa_census,,,,
standard,JEFFERSON SMITH WILLIAMS LOGISTICS LLC,8323129406,mobile,trucking/logistics,HOUSTON,TX,fmcsa_census,,,,
standard,PAC EXPRESS LLC,8323027755,mobile,trucking/logistics,HOUSTON,TX,fmcsa_census,,,,
standard,DAK TRUCKING COMPANY LLC,5049143574,mobile,trucking/logistics,HOUSTON,TX,fmcsa_census,,,,
standard,BERNAL G TRUCKING LLC,7134987086,mobile,trucking/logistics,HOUSTON,TX,fmcsa_census,,,,
standard,CANUTO EXPRESS LLC,8322919859,mobile,trucking/logistics,HOUSTON,TX,fmcsa_census,,,,
standard,SIERRA PARKER,8328535038,mobile,trucking/logistics,HOUSTON,TX,fmcsa_census,,,,
standard,KJNS LLC,4843369397,mobile,trucking/logistics,HOUSTON,TX,fmcsa_census,,,,
standard,CLASSIC BODY SHOP LLC,2818390232,mobile,trucking/logistics,HOUSTON,TX,fmcsa_census,,,,
standard,TRANSAM HOUSTON LOGISTICS LLC,8322170697,mobile,trucking/logistics,HOUSTON,TX,fmcsa_census,,,,
standard,REDMOND TRUCKING SERVICES,8327238927,mobile,trucking/logistics,HOUSTON,TX,fmcsa_census,,,,
standard,TEXAS R&A READY MIX LLC,8322730950,mobile,trucking/logistics,HOUSTON,TX,fmcsa_census,,,,
standard,CBS LOGISTICS AND TRANSPORTATION INC,2819234731,mobile,trucking/logistics,HOUSTON,TX,fmcsa_census,,,,
standard,MONTERO EQUIPMENT ENTERPRISE LLC,2819356751,mobile,trucking/logistics,HOUSTON,TX,fmcsa_census,,,,
standard,ENVIROTECH ENVIRONMENTAL SERVICES LLC,7138050440,mobile,trucking/logistics,HOUSTON,TX,fmcsa_census,,,,
standard,A.M EXPEDITE TRANSPORT LLC,5096682697,mobile,trucking/logistics,HOUSTON,TX,fmcsa_census,,,,
standard,RAC TRANSPORTATION CORP,8324434233,mobile,trucking/logistics,HOUSTON,TX,fmcsa_census,,,,
standard,RCJ COMMERCIAL SERVICES LLC,7134707844,mobile,trucking/logistics,HOUSTON,TX,fmcsa_census,,,,
standard,QMWC LLC,8329147450,mobile,trucking/logistics,HOUSTON,TX,fmcsa_census,,,,
standard,QMWC LLC,7136780521,mobile,trucking/logistics,HOUSTON,TX,fmcsa_census,,,,
standard,TRIPLE J HOTSHOT SERVICES LLC,8327682984,mobile,trucking/logistics,HOUSTON,TX,fmcsa_census,,,,
standard,EM FREIGHT LLC,7132481167,mobile,trucking/logistics,HOUSTON,TX,fmcsa_census,,,,
standard,ROYAL BLUE TRUCKING,3464043062,mobile,trucking/logistics,HOUSTON,TX,fmcsa_census,,,,
standard,CC ADAMS TRANSPORT,7136334496,mobile,trucking/logistics,HOUSTON,TX,fmcsa_census,,,,
standard,B&R EXPRESS LLC,7864473943,mobile,trucking/logistics,HOUSTON,TX,fmcsa_census,,,,
standard,TRIPLE S TRANSPORTATION,7136742262,mobile,trucking/logistics,HOUSTON,TX,fmcsa_census,,,,
standard,HM TRANSPORT INC,8328205828,mobile,trucking/logistics,HOUSTON,TX,fmcsa_census,,,,
standard,NATHANIEL NORRIS,7132567607,mobile,trucking/logistics,HOUSTON,TX,fmcsa_census,,,,
standard,CAJDE ENTERPRISES INC,7132560985,mobile,trucking/logistics,HOUSTON,TX,fmcsa_census,,,,
standard,ONE OF ONEE TRUCKING COMPANY,3464009099,mobile,trucking/logistics,HOUSTON,TX,fmcsa_census,,,,
standard,LUIS ALBERTO SALAZAR,7134944177,mobile,trucking/logistics,HOUSTON,TX,fmcsa_census,,,,
standard,EXCELL CORES INC,7136976622,mobile,trucking/logistics,HOUSTON,TX,fmcsa_census,,,,
standard,ROBERSON LOGISTICS INC,2818027564,mobile,trucking/logistics,HOUSTON,TX,fmcsa_census,,,,
standard,SLOW BOOGIE TRUCKING LLC,7134196680,mobile,trucking/logistics,HOUSTON,TX,fmcsa_census,,,,
standard,CHESCAT EXPRESS LLC,8022772437,mobile,trucking/logistics,GRAPEVINE,TX,fmcsa_census,,,,
standard,MAINSTAY USA LLC,2146738012,mobile,trucking/logistics,GRAPEVINE,TX,fmcsa_census,,,,
standard,LESGETAWAY LLC,8179834003,mobile,trucking/logistics,FORT WORTH,TX,fmcsa_census,,,,
standard,ALPHA OMEGA TRUCKING LLC,5705776773,mobile,trucking/logistics,MANSFIELD,TX,fmcsa_census,,,,
standard,MAD TAG LLC,7134097037,mobile,trucking/logistics,GRAPEVINE,TX,fmcsa_census,,,,
standard,ABA FREIGHT LLC,8178813821,mobile,trucking/logistics,MANSFIELD,TX,fmcsa_census,,,,
standard,3 JC MOVERS LLC,2142239566,mobile,trucking/logistics,GRAPEVINE,TX,fmcsa_census,,,,
standard,ALL AMERICAN COURIERS INC,8178227231,mobile,trucking/logistics,GRAPEVINE,TX,fmcsa_census,,,,
standard,DONALD RAY BERRY,2816306993,mobile,trucking/logistics,HOUSTON,TX,fmcsa_census,,,,
standard,K6 EXPRESS TRANSPORT LLC,9365461135,mobile,trucking/logistics,HOUSTON,TX,fmcsa_census,,,,
standard,DEMKAM LOGISTICS LLC,3464389919,mobile,trucking/logistics,HOUSTON,TX,fmcsa_census,,,,
standard,DAVID W ARNOLD,7132277869,mobile,trucking/logistics,HOUSTON,TX,fmcsa_census,,,,
standard,JT TRUCKING & LOGISTICS LLC,2818311307,mobile,trucking/logistics,HOUSTON,TX,fmcsa_census,,,,
standard,RIG 2 RIG TRANSPORTATION LLC,7138233812,mobile,trucking/logistics,HOUSTON,TX,fmcsa_census,,,,
standard,MJS HOTSHOT EXPRESS,8326309718,mobile,trucking/logistics,HOUSTON,TX,fmcsa_census,,,,
standard,HTXTRANSPORTS LLC,8325708240,mobile,trucking/logistics,HOUSTON,TX,fmcsa_census,,,,
standard,PEDRO CORDOVA,7138247443,mobile,trucking/logistics,HOUSTON,TX,fmcsa_census,,,,
standard,RAYMOND M PARTIDA,7135176913,mobile,trucking/logistics,HOUSTON,TX,fmcsa_census,,,,
standard,SPEEDY TRUCK LOGISTICS LLC,8327127864,mobile,trucking/logistics,HOUSTON,TX,fmcsa_census,,,,
standard,SAFE HAVEN FREIGHT LLC,2819794676,mobile,trucking/logistics,HOUSTON,TX,fmcsa_census,,,,
standard,ADAM HORBACH,4077929772,mobile,trucking/logistics,HOUSTON,TX,fmcsa_census,,,,
standard,KINDRED INDUSTRIAL SERVICES LLC,7134984474,mobile,trucking/logistics,HOUSTON,TX,fmcsa_census,,,,
standard,TWAIN UTLEY LLC,8322875906,mobile,trucking/logistics,HOUSTON,TX,fmcsa_census,,,,
standard,EQUIPMENT SOLUTIONS,7136331567,mobile,trucking/logistics,HOUSTON,TX,fmcsa_census,,,,
standard,PETRA N SANCHEZ,2816509336,mobile,trucking/logistics,HOUSTON,TX,fmcsa_census,,,,
standard,JESUS JAID PINEDA,7132482300,mobile,trucking/logistics,HOUSTON,TX,fmcsa_census,,,,
standard,DIVINE FREEDOM LLC,3465162837,mobile,trucking/logistics,HOUSTON,TX,fmcsa_census,,,,
standard,365 EXPRESS LLC,5045272020,mobile,trucking/logistics,HOUSTON,TX,fmcsa_census,,,,
standard,S & S LOGISTICS LLC,3465619210,mobile,trucking/logistics,HOUSTON,TX,fmcsa_census,,,,
standard,RIOVERDE READY MIX LLC,7138186863,mobile,trucking/logistics,HOUSTON,TX,fmcsa_census,,,,
standard,CARLOS J CASAS,2709967864,mobile,trucking/logistics,HOUSTON,TX,fmcsa_census,,,,
standard,DANIEL ARCIDES JORGE,2816738824,mobile,trucking/logistics,HOUSTON,TX,fmcsa_census,,,,
standard,LAMBERT CARRIERS LLC,8324294251,mobile,trucking/logistics,HOUSTON,TX,fmcsa_census,,,,
standard,O&F VELOZ LLC,4697552031,mobile,trucking/logistics,HOUSTON,TX,fmcsa_census,,,,
standard,WADLINGTON ENTERPRISES,2808307865,mobile,trucking/logistics,HOUSTON,TX,fmcsa_census,,,,
standard,MC CHARTERS LLC,8322501652,mobile,trucking/logistics,HOUSTON,TX,fmcsa_census,,,,
standard,JUAN CORTEZ,7136735044,mobile,trucking/logistics,HOUSTON,TX,fmcsa_census,,,,
standard,MAC TRUCKING AND LOGISTICS LLC,8325760228,mobile,trucking/logistics,HOUSTON,TX,fmcsa_census,,,,
standard,VERNY URENA,5067017432,mobile,trucking/logistics,HOUSTON,TX,fmcsa_census,,,,
standard,JUAN F DIAZ,8327665986,mobile,trucking/logistics,HOUSTON,TX,fmcsa_census,,,,
standard,KITCHEN EQUIPMENT FABRICATING COMPANY,7137473611,mobile,trucking/logistics,HOUSTON,TX,fmcsa_census,,,,
standard,ARDIAN LOPEZ LEYVA,8327882383,mobile,trucking/logistics,HOUSTON,TX,fmcsa_census,,,,
standard,THALLONIUS GOINS,8322337713,mobile,trucking/logistics,HOUSTON,TX,fmcsa_census,,,,
standard,FLORES US BUS LINES INC,7132833784,mobile,trucking/logistics,HOUSTON,TX,fmcsa_census,,,,
standard,MAR & MAR TOURS LLC,2818547376,mobile,trucking/logistics,HOUSTON,TX,fmcsa_census,,,,
standard,THOMAS LAMONT WILLIAMS,8327884647,mobile,trucking/logistics,HOUSTON,TX,fmcsa_census,,,,
standard,SERGIO MARQUEZ,8326411676,mobile,trucking/logistics,HOUSTON,TX,fmcsa_census,,,,
standard,JEVIC TRANSPORT LLC,7135452985,mobile,trucking/logistics,HOUSTON,TX,fmcsa_census,,,,
standard,FAST FREIGHT SERVICES OF TEXAS INC,2814496994,mobile,trucking/logistics,HOUSTON,TX,fmcsa_census,,,,
standard,GRACELAND TRANSPORTATION LLC,2818142621,mobile,trucking/logistics,HOUSTON,TX,fmcsa_census,,,,
standard,TXN MANAGEMENT INC,7136738100,mobile,trucking/logistics,HOUSTON,TX,fmcsa_census,,,,
standard,USMEX BUS LINES INC,7136925259,mobile,trucking/logistics,HOUSTON,TX,fmcsa_census,,,,
standard,UTILITY TRAILER SALES SOUTHEAST TEXAS INC,7138216312,mobile,trucking/logistics,HOUSTON,TX,fmcsa_census,,,,
standard,JOSE MARIA CHANDIAS,8323855694,mobile,trucking/logistics,HOUSTON,TX,fmcsa_census,,,,
standard,FORMWORK SERVICES & SUPPLY LLC,2815901851,mobile,trucking/logistics,HOUSTON,TX,fmcsa_census,,,,
standard,ALL REGIONS TRANSPORT SERVICES LLC,3463807784,mobile,trucking/logistics,HOUSTON,TX,fmcsa_census,,,,
standard,TEXAS FREIGHT SERVICES INC,2817968003,mobile,trucking/logistics,HOUSTON,TX,fmcsa_census,,,,
standard,COELLO TRUCKING LLC,2818315613,mobile,trucking/logistics,HOUSTON,TX,fmcsa_census,,,,
standard,NATIONWIDE CONCRETE CONSTRUCTION LLC,2813794343,mobile,trucking/logistics,HOUSTON,TX,fmcsa_census,,,,
standard,GUSTAVO LEONARD ARZUAGA,8328485955,mobile,trucking/logistics,HOUSTON,TX,fmcsa_census,,,,
standard,JONES MICHAEL ANTONY,7136729217,mobile,trucking/logistics,HOUSTON,TX,fmcsa_census,,,,
standard,MULAN'S TRANSPORTATION LLC,8329510789,mobile,trucking/logistics,HOUSTON,TX,fmcsa_census,,,,
standard,JZX TRANSPORT SYSTEMS LLC,2817234002,mobile,trucking/logistics,HOUSTON,TX,fmcsa_census,,,,
standard,FREIGHT CONNECTION INC,7134292288,mobile,trucking/logistics,HOUSTON,TX,fmcsa_census,,,,
standard,GAGE WESTERN LLC,2816870006,mobile,trucking/logistics,HOUSTON,TX,fmcsa_census,,,,
standard,GNG OPERATIONS LLC,8324351323,mobile,trucking/logistics,HOUSTON,TX,fmcsa_census,,,,
standard,OSBIN REMBERTO VIERA VERDE,8322029043,mobile,trucking/logistics,HOUSTON,TX,fmcsa_census,,,,
standard,JOSE ALBERTO MARTINEZ,7134080735,mobile,trucking/logistics,HOUSTON,TX,fmcsa_census,,,,
standard,SANTOS ELIEZAR CARRANZA,8326592850,mobile,trucking/logistics,HOUSTON,TX,fmcsa_census,,,,
standard,SSR TRANSPORT INC,8323099171,mobile,trucking/logistics,HOUSTON,TX,fmcsa_census,,,,
standard,S OCHOA TRUCKING,8324882820,mobile,trucking/logistics,HOUSTON,TX,fmcsa_census,,,,
standard,DANIEL GONZALES,7137753445,mobile,trucking/logistics,HOUSTON,TX,fmcsa_census,,,,
standard,DANIEL GONZALES,2105059279,mobile,trucking/logistics,HOUSTON,TX,fmcsa_census,,,,
standard,CARL LEE MURPHY,8326035307,mobile,trucking/logistics,HOUSTON,TX,fmcsa_census,,,,
standard,DESIREE KELLEY DELASBOUR,8323384586,mobile,trucking/logistics,HOUSTON,TX,fmcsa_census,,,,
standard,CLKS LLC,8323560799,mobile,trucking/logistics,HOUSTON,TX,fmcsa_census,,,,
standard,SERVANDO AGUIRRE,7138943420,mobile,trucking/logistics,HOUSTON,TX,fmcsa_census,,,,
standard,LEED WASTE ROLL OFF SERVICES LLC,7134438477,mobile,trucking/logistics,HOUSTON,TX,fmcsa_census,,,,
standard,JOSE JESUS ZUNIGA,2813231559,mobile,trucking/logistics,HOUSTON,TX,fmcsa_census,,,,
standard,BAYOU CITY PUMP INC,7138546796,mobile,trucking/logistics,HOUSTON,TX,fmcsa_census,,,,
standard,AAB TRANSPORTATION LLC,8327317591,mobile,trucking/logistics,HOUSTON,TX,fmcsa_census,,,,
standard,JOSE AYLLON,2814424441,mobile,trucking/logistics,HOUSTON,TX,fmcsa_census,,,,
standard,ARNOLD A CLARK,8324837505,mobile,trucking/logistics,HOUSTON,TX,fmcsa_census,,,,
standard,RUSSELL HASKER,8323714287,mobile,trucking/logistics,HOUSTON,TX,fmcsa_census,,,,
standard,CARLOS A CHAVEZ,2817488490,mobile,trucking/logistics,HOUSTON,TX,fmcsa_census,,,,
standard,GENUINE TYCOON ENTERPRISE LLC,8322532995,mobile,trucking/logistics,HOUSTON,TX,fmcsa_census,,,,
standard,JALI INTERNATION INC,2819143696,mobile,trucking/logistics,HOUSTON,TX,fmcsa_census,,,,
standard,TRIPLE 7 HAULING LLC,6825561919,mobile,trucking/logistics,FORT WORTH,TX,fmcsa_census,,,,
standard,CNM LOGISTICS LLC,8176579548,mobile,trucking/logistics,MANSFIELD,TX,fmcsa_census,,,,
standard,YAS-MANY TRAILER LLC,7865253658,mobile,trucking/logistics,GRAPEVINE,TX,fmcsa_census,,,,
standard,BT TRAILERS LLC,8172288135,mobile,trucking/logistics,FORT WORTH,TX,fmcsa_census,,,,
standard,CELESTINO CEDILLO,8179191029,mobile,trucking/logistics,FORT WORTH,TX,fmcsa_census,,,,
standard,PEACEFUL LOGISTICS LLC,2145645257,mobile,trucking/logistics,GRAPEVINE,TX,fmcsa_census,,,,
standard,RAJA FOODS HOUSTON LLC,7132669293,mobile,trucking/logistics,HOUSTON,TX,fmcsa_census,,,,
standard,JOSE ROSAS,7139620992,mobile,trucking/logistics,HOUSTON,TX,fmcsa_census,,,,
standard,LE QUICK DUMP LLC,8328534501,mobile,trucking/logistics,HOUSTON,TX,fmcsa_census,,,,
standard,LUIS CHAVEZ,7134554474,mobile,trucking/logistics,HOUSTON,TX,fmcsa_census,,,,
standard,MULATA TRUCKING LLC,7866586010,mobile,trucking/logistics,HOUSTON,TX,fmcsa_census,,,,
standard,BIG BUCKS LOGISTICS LLC,5613231708,mobile,trucking/logistics,HOUSTON,TX,fmcsa_census,,,,
standard,FRANKLIN KENG,2819241700,mobile,trucking/logistics,HOUSTON,TX,fmcsa_census,,,,
standard,CRUTHIS PRODUCE LLC,7135183588,mobile,trucking/logistics,HOUSTON,TX,fmcsa_census,,,,
standard,R&D TRANSPORT & DELIVERY LLC,8329290545,mobile,trucking/logistics,HOUSTON,TX,fmcsa_census,,,,
standard,LEFFYEARS TRUCKING LLC,7134439380,mobile,trucking/logistics,HOUSTON,TX,fmcsa_census,,,,
standard,ACTION MEAT DISTRIBUTORS INC,2814556805,mobile,trucking/logistics,HOUSTON,TX,fmcsa_census,,,,
standard,RLD TRUCKING ENTERPRISE LLC,7138826925,mobile,trucking/logistics,HOUSTON,TX,fmcsa_census,,,,
standard,MRJ LOGISTICS LLC,2816198168,mobile,trucking/logistics,HOUSTON,TX,fmcsa_census,,,,
standard,OSCAR TORRES,8327711772,mobile,trucking/logistics,HOUSTON,TX,fmcsa_census,,,,
standard,JUVENTINO RIVERA,8326206848,mobile,trucking/logistics,HOUSTON,TX,fmcsa_census,,,,
standard,JANIE M CASTILLO,7135486966,mobile,trucking/logistics,HOUSTON,TX,fmcsa_census,,,,
standard,JOSE DONALDO SANCHEZ,7139222074,mobile,trucking/logistics,HOUSTON,TX,fmcsa_census,,,,
standard,SHUTTLECON LLC,8178514202,mobile,trucking/logistics,DALLAS,TX,fmcsa_census,,,,
standard,HONCHO HAULERS LLC,7138941982,mobile,trucking/logistics,HOUSTON,TX,fmcsa_census,,,,
standard,RAY WAY EXPRESS LLC,8328141297,mobile,trucking/logistics,HOUSTON,TX,fmcsa_census,,,,
standard,PROFESSIONAL CARGO SERVICES INC,2815905500,mobile,trucking/logistics,HOUSTON,TX,fmcsa_census,,,,
standard,EDM CLEARING LLC,2817038827,mobile,trucking/logistics,HOUSTON,TX,fmcsa_census,,,,
standard,COOSEMAN'S HOUSTON INC,7139214701,mobile,trucking/logistics,HOUSTON,TX,fmcsa_census,,,,
standard,SONIA GLADYS MIRANDA LANDAVERDE,8322959050,mobile,trucking/logistics,HOUSTON,TX,fmcsa_census,,,,
standard,PAULINO CAMPA,8324282534,mobile,trucking/logistics,HOUSTON,TX,fmcsa_census,,,,
standard,MATTRESS FIRM INC,8325719620,mobile,trucking/logistics,HOUSTON,TX,fmcsa_census,,,,
standard,PRECISION LOGISTICS SOLUTIONS LLC,2818394461,mobile,trucking/logistics,HOUSTON,TX,fmcsa_census,,,,
standard,JOSE DANIEL TORRES,2818272092,mobile,trucking/logistics,HOUSTON,TX,fmcsa_census,,,,
standard,MSH LOGISTICS LLC,7135856603,mobile,trucking/logistics,HOUSTON,TX,fmcsa_census,,,,
standard,JOHNO BTB EXPRESS TRUCKING LLC,8322428366,mobile,trucking/logistics,HOUSTON,TX,fmcsa_census,,,,
standard,EARNEST BURTON JR,2398215603,mobile,trucking/logistics,HOUSTON,TX,fmcsa_census,,,,
standard,LEROY JOHNSON,7136327783,mobile,trucking/logistics,HOUSTON,TX,fmcsa_census,,,,
standard,ASCENT COATING TECHNOLOGIES LLC,2814439000,mobile,trucking/logistics,HOUSTON,TX,fmcsa_census,,,,
standard,FLOR GARZA PEREZ,7136749500,mobile,trucking/logistics,HOUSTON,TX,fmcsa_census,,,,
standard,FASTEST TOW AROUND LLC,2142707483,mobile,trucking/logistics,HOUSTON,TX,fmcsa_census,,,,
standard,ROSA LEE EXPRESS LLC,8328916792,mobile,trucking/logistics,HOUSTON,TX,fmcsa_census,,,,
standard,H & A LOGISTIC INC,7136350011,mobile,trucking/logistics,HOUSTON,TX,fmcsa_census,,,,
standard,STREAM ENVIRONMENTAL LLC,8322702262,mobile,trucking/logistics,HOUSTON,TX,fmcsa_census,,,,
standard,DURASTONE CORPORATION,2814479997,mobile,trucking/logistics,HOUSTON,TX,fmcsa_census,,,,
standard,UNIVERSAL BUILDING MATERIALS LLC,2812270419,mobile,trucking/logistics,HOUSTON,TX,fmcsa_census,,,,
standard,NAVA HAULERS LIMITED LIABILITY COMPANY,8328899171,mobile,trucking/logistics,HOUSTON,TX,fmcsa_census,,,,
standard,GREASE RECYCLERS LLC,8322139911,mobile,trucking/logistics,HOUSTON,TX,fmcsa_census,,,,
standard,JAREEL AUTO TRANSPORT,8323666803,mobile,trucking/logistics,HOUSTON,TX,fmcsa_census,,,,
standard,BELLALOP TRUCKING LLC,2816906938,mobile,trucking/logistics,HOUSTON,TX,fmcsa_census,,,,
standard,A & F TRANSPORT SERVICES LLC,3857323258,mobile,trucking/logistics,HOUSTON,TX,fmcsa_census,,,,
standard,COMPLEXITY TRANSPORTATION LLC,3465007383,mobile,trucking/logistics,HOUSTON,TX,fmcsa_census,,,,
standard,FRANK JOSEPH SAWKA,7133068080,mobile,trucking/logistics,HOUSTON,TX,fmcsa_census,,,,
standard,NORTHSIDE TRUCKING LLC,7134122934,mobile,trucking/logistics,HOUSTON,TX,fmcsa_census,,,,
standard,UNITED STRUCTURES OF AMERICA INC,2814428247,mobile,trucking/logistics,HOUSTON,TX,fmcsa_census,,,,
standard,WILMORE LOGISTICS LLC,8327074261,mobile,trucking/logistics,HOUSTON,TX,fmcsa_census,,,,
standard,THE KROSS WAY LLC,8324536928,mobile,trucking/logistics,HOUSTON,TX,fmcsa_census,,,,
standard,KRYSTAL NICOLE FRANKS,3464009140,mobile,trucking/logistics,HOUSTON,TX,fmcsa_census,,,,
standard,TRES LOGISTICS GROUP LLC,2815705130,mobile,trucking/logistics,HOUSTON,TX,fmcsa_census,,,,
standard,CHARLES ELLIOTT FREEMAN,8328895622,mobile,trucking/logistics,HOUSTON,TX,fmcsa_census,,,,
standard,LONE STAR FRUIT & VEG INC,7133844797,mobile,trucking/logistics,HOUSTON,TX,fmcsa_census,,,,
standard,CARLOS A HANDAL HASBUN,8324347496,mobile,trucking/logistics,HOUSTON,TX,fmcsa_census,,,,
standard,EAGLE FABRICATORS INC,3464527050,mobile,trucking/logistics,HOUSTON,TX,fmcsa_census,,,,
standard,"R TEX FREIGHT, LLC",8326878688,mobile,trucking/logistics,HOUSTON,TX,fmcsa_census,,,,
standard,RELIABLE TURBINE SERVICE LLC,8325387881,mobile,trucking/logistics,HOUSTON,TX,fmcsa_census,,,,
standard,ELIZABETH CASTRO,7135693584,mobile,trucking/logistics,HOUSTON,TX,fmcsa_census,,,,
standard,A + TOWING & RECOVERING LLC,8327189082,mobile,trucking/logistics,HOUSTON,TX,fmcsa_census,,,,
standard,CLAUDY THOMAS,8328979701,mobile,trucking/logistics,HOUSTON,TX,fmcsa_census,,,,
standard,LUIS EDUARDO ROMO,8327228288,mobile,trucking/logistics,HOUSTON,TX,fmcsa_census,,,,
standard,AMIR JIOVANNI LEIVA,3462218077,mobile,trucking/logistics,HOUSTON,TX,fmcsa_census,,,,
standard,GMJ2 ENTERPRISES LLC,8325287082,mobile,trucking/logistics,HOUSTON,TX,fmcsa_census,,,,
standard,ALEJANDRO NOLASQUEZ JR,2814334541,mobile,trucking/logistics,HOUSTON,TX,fmcsa_census,,,,
standard,GO GREEN HOT SHOT LLC,8325570000,mobile,trucking/logistics,HOUSTON,TX,fmcsa_census,,,,
standard,MARMEDSA USA LLC,8323596570,mobile,trucking/logistics,HOUSTON,TX,fmcsa_census,,,,
standard,J LU EXPRESS LLC,6053109043,mobile,trucking/logistics,HOUSTON,TX,fmcsa_census,,,,
standard,SHAW PIPELINE SERVICES,2815902465,mobile,trucking/logistics,HOUSTON,TX,fmcsa_census,,,,
standard,FAMILY GENESIS INCORPORATED,8328805105,mobile,trucking/logistics,HOUSTON,TX,fmcsa_census,,,,
standard,JAMEA ELAN DYER,9792502400,mobile,trucking/logistics,HOUSTON,TX,fmcsa_census,,,,
standard,MANUEL MALDONADO,8326435079,mobile,trucking/logistics,HOUSTON,TX,fmcsa_census,,,,
standard,R & A ROAD BORING LLC,1732051439,mobile,trucking/logistics,HOUSTON,TX,fmcsa_census,,,,
standard,INSIGHT MERCHANDISING INC,9728414162,mobile,trucking/logistics,GRAPEVINE,TX,fmcsa_census,,,,
standard,CONCHO TRANSPORTATION LLC,8179216006,mobile,trucking/logistics,GRAPEVINE,TX,fmcsa_census,,,,
standard,BOSSMAN TRANSPORTATION LLC,8065458071,mobile,trucking/logistics,GRAPEVINE,TX,fmcsa_census,,,,
standard,KENNDA WATKINS,6159447219,mobile,trucking/logistics,GRAPEVINE,TX,fmcsa_census,,,,
standard,STRONG ROTATIONS LLC,4692226914,mobile,trucking/logistics,MANSFIELD,TX,fmcsa_census,,,,
standard,OB LOGISTICS INC,8173205510,mobile,trucking/logistics,GRAPEVINE,TX,fmcsa_census,,,,
standard,ALMONDS AUTO TRANSPORT LLC,6826886122,mobile,trucking/logistics,GRAPVINE,TX,fmcsa_census,,,,
standard,GRAPHICEND LLC,4692502010,mobile,trucking/logistics,GRAPEVINE,TX,fmcsa_census,,,,
standard,LTG LONESTAR TRUCK GROUP EAST,5014280968,mobile,trucking/logistics,GRAPEVINE,TX,fmcsa_census,,,,
standard,KK & Z TRANSPORT INC,6822340786,mobile,trucking/logistics,MANSFIELD,TX,fmcsa_census,,,,
standard,CELERITY ACQUISITIONS INC,9724324394,mobile,trucking/logistics,GRAPEVINE,TX,fmcsa_census,,,,
standard,PYLANT MEDICAL,8173128580,mobile,trucking/logistics,GRAPEVINE,TX,fmcsa_census,,,,
standard,JIREH-SHALOM TRUCKING LLC,8178749290,mobile,trucking/logistics,MANSFIELD,TX,fmcsa_census,,,,
standard,JICE TRANSPORT LLC,8177257455,mobile,trucking/logistics,GRAPEVINE,TX,fmcsa_census,,,,
standard,P&G TRANSPORTATION CO LLC,8179462757,mobile,trucking/logistics,GRAPEVINE,TX,fmcsa_census,,,,
standard,SIMONS PETROLEUM LLC,8178778307,mobile,trucking/logistics,GRAPEVINE,TX,fmcsa_census,,,,
standard,WILLBANKS METALS INC,6824544309,mobile,trucking/logistics,FORT WORTH,TX,fmcsa_census,,,,
standard,1695 TRANSPORT LLC,2147940593,mobile,trucking/logistics,MANSFIELD,TX,fmcsa_census,,,,
standard,SALEH FAMILY GROUP LLC,8178967414,mobile,trucking/logistics,MANSFIELD,TX,fmcsa_census,,,,
standard,TERMINATOR TRUCKING LLC,8178427099,mobile,trucking/logistics,MANSFIELD,TX,fmcsa_census,,,,
standard,MANSFIELD SAND & SELECT LLC,8176003123,mobile,trucking/logistics,MANSFIELD,TX,fmcsa_census,,,,
standard,BTM AUTOMOTIVE & ME TRANSPORT INC,4695710399,mobile,trucking/logistics,MANSFIELD,TX,fmcsa_census,,,,
standard,SHD TRANSPORTATION LLC,6822402117,mobile,trucking/logistics,MANSFIELD,TX,fmcsa_census,,,,
standard,FREIGHT FORWARD TRANSPORTATION LLC,9403128374,mobile,trucking/logistics,GRAPEVINE,TX,fmcsa_census,,,,
standard,HAZPRO SERVICES LLC,4692978448,mobile,trucking/logistics,MANSFIELD,TX,fmcsa_census,,,,
standard,SACRED HEART LLC,7542158888,mobile,trucking/logistics,GRAPEVINE,TX,fmcsa_census,,,,
standard,BOUTIQUE TRANSPORTS LLC,8329396876,mobile,trucking/logistics,HOUSTON,TX,fmcsa_census,,,,
standard,QUALIFIED CONTRACTOR INC,4092569025,mobile,trucking/logistics,HOUSTON,TX,fmcsa_census,,,,
standard,CLIFTON LINDSEY,8326403258,mobile,trucking/logistics,HOUSTON,TX,fmcsa_census,,,,
standard,CUBAN MINI MARKET LLC,5612460901,mobile,trucking/logistics,HOUSTON,TX,fmcsa_census,,,,
standard,GULF COAST ICE CREAM COMPANY INC,2813300227,mobile,trucking/logistics,HOUSTON,TX,fmcsa_census,,,,
standard,J & S TRASH SERVICE INC,7133718317,mobile,trucking/logistics,HOUSTON,TX,fmcsa_census,,,,
standard,SID'S SERVICES LLC,7134593158,mobile,trucking/logistics,HOUSTON,TX,fmcsa_census,,,,
standard,ALFREDOS EXCAVATING INC,2817456955,mobile,trucking/logistics,HOUSTON,TX,fmcsa_census,,,,
standard,KEVIN JOE,2818084421,mobile,trucking/logistics,HOUSTON,TX,fmcsa_census,,,,
standard,SPEEDY HAUL TRANSPORT LLC,3467775715,mobile,trucking/logistics,HOUSTON,TX,fmcsa_census,,,,
standard,SAVIOURS TRUCKING LLC,8326640548,mobile,trucking/logistics,HOUSTON,TX,fmcsa_census,,,,
standard,TBDT TRANSPORT LLC,8323522033,mobile,trucking/logistics,HOUSTON,TX,fmcsa_census,,,,
standard,WCA WASTE CORPORATION,9197109493,mobile,trucking/logistics,HOUSTON,TX,fmcsa_census,,,,
standard,ZODIAC RENTALS LLC,8329026213,mobile,trucking/logistics,HOUSTON,TX,fmcsa_census,,,,
standard,N & A TRUCKING SERVICES LLC,7138299715,mobile,trucking/logistics,HOUSTON,TX,fmcsa_census,,,,
standard,BRFJ TRANSPORT LLC,8326084906,mobile,trucking/logistics,HOUSTON,TX,fmcsa_census,,,,
standard,DANILO ANTONIO CABRERA,7137254642,mobile,trucking/logistics,HOUSTON,TX,fmcsa_census,,,,
standard,TRIPLE M TRUCKING AND LOGISTICS LLC,9793308556,mobile,trucking/logistics,HOUSTON,TX,fmcsa_census,,,,
standard,GARY SMITH JR,2815205474,mobile,trucking/logistics,HOUSTON,TX,fmcsa_census,,,,
standard,AMID CRUDE TRUCKING LLC,7138153900,mobile,trucking/logistics,HOUSTON,TX,fmcsa_census,,,,
standard,SFA TRANSPORT LLC,7138573917,mobile,trucking/logistics,HOUSTON,TX,fmcsa_census,,,,
standard,CESAR PORTILLO,7138596662,mobile,trucking/logistics,HOUSTON,TX,fmcsa_census,,,,
standard,HOUSTON DIGGERS INC,2814507080,mobile,trucking/logistics,HOUSTON,TX,fmcsa_census,,,,
standard,KBD TRUCKING LLC,2259379991,mobile,trucking/logistics,HOUSTON,TX,fmcsa_census,,,,
standard,BEATRIZ BRISENO,7136431363,mobile,trucking/logistics,HOUSTON,TX,fmcsa_census,,,,
standard,RFTSERVICES 365 LLC,8329048490,mobile,trucking/logistics,HOUSTON,TX,fmcsa_census,,,,
standard,NELSON RUDY SOL,8324312478,mobile,trucking/logistics,HOUSTON,TX,fmcsa_census,,,,
standard,BRICKS AND STONES WOOD FIRE FIRED PIZZA,9374590499,mobile,trucking/logistics,HOUSTON,TX,fmcsa_census,,,,
standard,RUSSBEL DAVILA,2816870408,mobile,trucking/logistics,HOUSTON,TX,fmcsa_census,,,,
standard,DANY HERNANDEZ,2819746234,mobile,trucking/logistics,HOUSTON,TX,fmcsa_census,,,,
standard,KIMBERLY ZANE GEORGE,7132618128,mobile,trucking/logistics,HOUSTON,TX,fmcsa_census,,,,
standard,ALCIDES AMAYA,8323646323,mobile,trucking/logistics,HOUSTON,TX,fmcsa_census,,,,
standard,ACE TRUCKING ACADEMY LLC,8326724514,mobile,trucking/logistics,HOUSTON,TX,fmcsa_census,,,,
standard,MTZ92 EXPRESS LLC,8328290767,mobile,trucking/logistics,HOUSTON,TX,fmcsa_census,,,,
standard,PBE LLC,7136716000,mobile,trucking/logistics,HOUSTON,TX,fmcsa_census,,,,
standard,APACHE STEEL WORKS,8324734525,mobile,trucking/logistics,HOUSTON,TX,fmcsa_census,,,,
standard,FRANCISCO RENDON,8325176229,mobile,trucking/logistics,HOUSTON,TX,fmcsa_census,,,,
standard,CANYON EXPRESS TRUCKING LLC,8323868746,mobile,trucking/logistics,HOUSTON,TX,fmcsa_census,,,,
standard,EXPERTS EMPIRE LOGISTICS LLC,2814153403,mobile,trucking/logistics,HOUSTON,TX,fmcsa_census,,,,
standard,BUPOLE DIDIER,8322987910,mobile,trucking/logistics,HOUSTON,TX,fmcsa_census,,,,
standard,JUSTIN EUGENE ROBERSON,8328691776,mobile,trucking/logistics,HOUSTON,TX,fmcsa_census,,,,
standard,JOSE BOTELLO RANGEL,8324554899,mobile,trucking/logistics,HOUSTON,TX,fmcsa_census,,,,
standard,RAFAEL REYES ODUARDO,8326592817,mobile,trucking/logistics,HOUSTON,TX,fmcsa_census,,,,
standard,OZ FREIGHT LLC,4053065914,mobile,trucking/logistics,HOUSTON,TX,fmcsa_census,,,,
standard,LESTER E TRUJILLO PUERTAS,2819234356,mobile,trucking/logistics,HOUSTON,TX,fmcsa_census,,,,
standard,ELINAM LYIMO,8322488215,mobile,trucking/logistics,HOUSTON,TX,fmcsa_census,,,,
standard,BEST ECONOMICAL STUDENT TRAINING- DRIVING LLC,7136971845,mobile,trucking/logistics,HOUSTON,TX,fmcsa_census,,,,
standard,E P TRANSPORTATION INC,4848382933,mobile,trucking/logistics,HOUSTON,TX,fmcsa_census,,,,
standard,CABALLERO TRUCKING TX LLC,8327987238,mobile,trucking/logistics,HOUSTON,TX,fmcsa_census,,,,
standard,ATA XPRESS LLC,8323312911,mobile,trucking/logistics,HOUSTON,TX,fmcsa_census,,,,
standard,HIS & HERS LOGISTICS LLC,8327752435,mobile,trucking/logistics,HOUSTON,TX,fmcsa_census,,,,
standard,YOSDANY ANTUNEZ MARTINEZ,7137372590,mobile,trucking/logistics,HOUSTON,TX,fmcsa_census,,,,
standard,TORAL MOTOR LLC,4696937512,mobile,trucking/logistics,HOUSTON,TX,fmcsa_census,,,,
standard,MICROSEISMIC INC,7137254806,mobile,trucking/logistics,HOUSTON,TX,fmcsa_census,,,,
standard,DONALD GALL,7136735927,mobile,trucking/logistics,HOUSTON,TX,fmcsa_census,,,,
standard,EXEMPT CORP LLC,8327565567,mobile,trucking/logistics,HOUSTON,TX,fmcsa_census,,,,
standard,SANMIGUEL SHIPPING LLC,2817850645,mobile,trucking/logistics,HOUSTON,TX,fmcsa_census,,,,
standard,DT EXPRESS LOGISTICS LLC,8322936281,mobile,trucking/logistics,HOUSTON,TX,fmcsa_census,,,,
standard,JBW LOGISTICS LLC,8324556116,mobile,trucking/logistics,HOUSTON,TX,fmcsa_census,,,,
standard,DAGO A LARA,8329645403,mobile,trucking/logistics,HOUSTON,TX,fmcsa_census,,,,
standard,OH NATIONAL TRUCKING LLC,7135044865,mobile,trucking/logistics,HOUSTON,TX,fmcsa_census,,,,
standard,DALTON KELLY JR,8326476013,mobile,trucking/logistics,HOUSTON,TX,fmcsa_census,,,,
standard,IMANI B S L S LLC,8326936751,mobile,trucking/logistics,HOUSTON,TX,fmcsa_census,,,,
standard,WASTE TRANSFER PARTNERS LLC,7138828850,mobile,trucking/logistics,HOUSTON,TX,fmcsa_census,,,,
standard,ARTHUR E MEEKS JR,8323853009,mobile,trucking/logistics,HOUSTON,TX,fmcsa_census,,,,
standard,JUSTIN JEVON SIMMONS,2813097415,mobile,trucking/logistics,HOUSTON,TX,fmcsa_census,,,,
standard,GILMORE TECHNOLOGIES LLC,2819353336,mobile,trucking/logistics,HOUSTON,TX,fmcsa_census,,,,
standard,KINGDOM CONNECT LC,6825522977,mobile,trucking/logistics,MANSFIELD,TX,fmcsa_census,,,,
standard,GDIAZLOGISTICS,9453346845,mobile,trucking/logistics,GRAPEVINE,TX,fmcsa_census,,,,
standard,EXCELLENCE N MANAGEMENT LLC,2146004735,mobile,trucking/logistics,GRAPEVINE,TX,fmcsa_census,,,,
standard,MALWA TRUCK LINE LLC,8178258627,mobile,trucking/logistics,MANSFIELD,TX,fmcsa_census,,,,
standard,ONYX WEARHOUSE LLC,2545631910,mobile,trucking/logistics,GRAPEVINE,TX,fmcsa_census,,,,
standard,HATLEY LOGISTICS,8175287689,mobile,trucking/logistics,GRAPEVINE,TX,fmcsa_census,,,,
standard,VICKY TRANSPORT LLC,8172982283,mobile,trucking/logistics,MANSFIELD,TX,fmcsa_census,,,,
standard,CF DUMPSTERS LLC,8178058688,mobile,trucking/logistics,MANSFIELD,TX,fmcsa_census,,,,
standard,BATEN STEEL ERECTORS LLC,2148016440,mobile,trucking/logistics,HURST,TX,fmcsa_census,,,,
standard,SOUTHERN SHIPMENT LLC,8178082204,mobile,trucking/logistics,FORT WORTH,TX,fmcsa_census,,,,
standard,JASON AUDREY HILLIARD,9362751088,mobile,trucking/logistics,SAN AUGUSTINE,TX,fmcsa_census,,,,
standard,FDM LOGISTICS LLC,2543666321,mobile,trucking/logistics,FORT WORTH,TX,fmcsa_census,,,,
standard,EURO TRUCKING INC,8176099329,mobile,trucking/logistics,FORTWORTH,TX,fmcsa_census,,,,
standard,JIMMY AVETT ENTERPRISES LP,8173074493,mobile,trucking/logistics,FORT WORTH,TX,fmcsa_census,,,,
standard,OIL HILL LOGISTICS LLC,2142409911,mobile,trucking/logistics,FOREST HILL,TX,fmcsa_census,,,,
standard,JUAN PEREZ JR,8174701902,mobile,trucking/logistics,FORT WORTH,TX,fmcsa_census,,,,
standard,ABOVEBEST SOLUTIONS LLC,8176069732,mobile,trucking/logistics,FORT WORTH,TX,fmcsa_census,,,,
standard,LGIAE LLC,8177615589,mobile,trucking/logistics,FORT WORTH,TX,fmcsa_census,,,,
standard,EDGAR OMAR AGUERO ACOSTA,8176883637,mobile,trucking/logistics,FORT WORTH,TX,fmcsa_census,,,,
standard,SILVIA BLANCO,8172697351,mobile,trucking/logistics,FORT WORTH,TX,fmcsa_census,,,,
standard,DFW AUTO TRANSPORTER LLC,2146821086,mobile,trucking/logistics,HALTOM CITY,TX,fmcsa_census,,,,
standard,AUTOBUSES RIO GRANDE,2142320141,mobile,trucking/logistics,FORT WORTH,TX,fmcsa_census,,,,
standard,J&V XPRESS CARRIER LLC,6822509544,mobile,trucking/logistics,FORT WORTH,TX,fmcsa_census,,,,
standard,LA COLONIA TRANSPORT LLC,8179925630,mobile,trucking/logistics,FORT WORTH,TX,fmcsa_census,,,,
standard,JUAN J GUERRERO,8178910970,mobile,trucking/logistics,FORT WORTH,TX,fmcsa_census,,,,
standard,GENDELIVERY LLC,16823994635,mobile,trucking/logistics,FORT WORTH,TX,fmcsa_census,,,,
standard,ARCO CONTRACTORS SUPPLY CO,8178196603,mobile,trucking/logistics,FORT WORTH,TX,fmcsa_census,,,,
standard,ADVANCED CONSTRUCTION & DEMOLITION INC,8179993831,mobile,trucking/logistics,FORT WORTH,TX,fmcsa_census,,,,
standard,EZ MANNY TRUCKING LLC,6822386375,mobile,trucking/logistics,BLUE MOUND,TX,fmcsa_census,,,,
standard,ROYAL EXPRESS TRUCKING,6823210337,mobile,trucking/logistics,FORT WORTH,TX,fmcsa_census,,,,
standard,LOS VENTURAS LOGISTICS & TRANSPORTATION LLC,8174046606,mobile,trucking/logistics,FORT WORTH,TX,fmcsa_census,,,,
standard,MARTIN MADDEX TRANSPORT LLC,8178966218,mobile,trucking/logistics,FORT WORTH,TX,fmcsa_census,,,,
standard,WOODCREST AUTOMOTIVE LP,8177299657,mobile,trucking/logistics,FORT WORTH,TX,fmcsa_census,,,,
standard,MICRO TRANSPORTATION LOGISTICS,8175577203,mobile,trucking/logistics,FORT WORTH,TX,fmcsa_census,,,,
standard,RICHARD C MOODY,8174469911,mobile,trucking/logistics,FT WORTH,TX,fmcsa_census,,,,
standard,CRAIG THOMAS EXPEDITERS LLC,8173203937,mobile,trucking/logistics,FORT WORTH,TX,fmcsa_census,,,,
standard,GTO TRANSPORT EXPRESS CORP,3457991824,mobile,trucking/logistics,FORT WORTH,TX,fmcsa_census,,,,
standard,ROSARIO ZAPATA,8179266145,mobile,trucking/logistics,FORT WORTH,TX,fmcsa_census,,,,
standard,EZ TRANSPORT,6823370352,mobile,trucking/logistics,HALTOM CITY,TX,fmcsa_census,,,,
standard,AGUSTIN INIGUEZ-RUIA,6825645566,mobile,trucking/logistics,FT WORTH,TX,fmcsa_census,,,,
standard,TONEY DEWAYNE ROSS,8175217218,mobile,trucking/logistics,FORT WORTH,TX,fmcsa_census,,,,
standard,AIRBUS TRANSPORTATION LLC,8178256781,mobile,trucking/logistics,FORT WORTH,TX,fmcsa_census,,,,
standard,TT & B CONSTRUCTION LLC,8175222008,mobile,trucking/logistics,FORT WORTH,TX,fmcsa_census,,,,
standard,JEAN PAUL KASSA,8174494821,mobile,trucking/logistics,FORTWORTH,TX,fmcsa_census,,,,
standard,EARL EUGENE PULLEY,8178258919,mobile,trucking/logistics,FORT WORTH,TX,fmcsa_census,,,,
standard,LIGHTNING TRANSPORTATION SERVICE LLC,8322099863,mobile,trucking/logistics,FORT WORTH,TX,fmcsa_census,,,,
standard,BIG TOPP TRUCKING LLC,6825578829,mobile,trucking/logistics,FORT WORTH,TX,fmcsa_census,,,,
standard,RAPID CHARGE LLC,3468019746,mobile,trucking/logistics,HOUSTON,TX,fmcsa_census,,,,
standard,PRESTIGE SCRAP AND METAL LLC,7135016597,mobile,trucking/logistics,HOUSTON,TX,fmcsa_census,,,,
standard,EASY WAY LOGISTICS INC,5125805168,mobile,trucking/logistics,HOUSTON,TX,fmcsa_census,,,,
standard,EXPEDITORS TRANSPORTATION GROUP LLC,8328005740,mobile,trucking/logistics,HOUSTON,TX,fmcsa_census,,,,
standard,ALEXHAM FINANCIAL GROUP,8323476849,mobile,trucking/logistics,HOUSTON,TX,fmcsa_census,,,,
standard,C & R LOGISTICS LLC,8323646965,mobile,trucking/logistics,HOUSTON,TX,fmcsa_census,,,,
standard,ALVARADO TRANSPORT LLC,8324578992,mobile,trucking/logistics,HOUSTON,TX,fmcsa_census,,,,
standard,LUIS A UMANZOR,8322839636,mobile,trucking/logistics,HOUSTON,TX,fmcsa_census,,,,
standard,HOLY & HOLY TRANSPORT LLC,8323709278,mobile,trucking/logistics,HOUSTON,TX,fmcsa_census,,,,
standard,MARCO TULIO VANEGAS,3464759800,mobile,trucking/logistics,HOUSTON,TX,fmcsa_census,,,,
standard,YESICA ASUCENA CHACON BARILLAS,3463549538,mobile,trucking/logistics,HOUSTON,TX,fmcsa_census,,,,
standard,SAVAGE EXPRESS LLC,8327231119,mobile,trucking/logistics,HOUSTON,TX,fmcsa_census,,,,
standard,PABLO ALBERTO CASTILLO,8325252476,mobile,trucking/logistics,HOUSTON,TX,fmcsa_census,,,,
standard,BRAZOS FENCE INC,2818022044,mobile,trucking/logistics,HOUSTON,TX,fmcsa_census,,,,
standard,PATEWAY LOGISTICS LLC,8322582172,mobile,trucking/logistics,HOUSTON,TX,fmcsa_census,,,,
standard,MULE WORKS LOGISTICS LLC,3467089026,mobile,trucking/logistics,HOUSTON,TX,fmcsa_census,,,,
standard,TIMLANEAUTO LLC,7138351240,mobile,trucking/logistics,HOUSTON,TX,fmcsa_census,,,,
standard,YOBY TRANSPORT LLC,8328558000,mobile,trucking/logistics,HOUSTON,TX,fmcsa_census,,,,
standard,YHT TRANSPORT LLC,7866436028,mobile,trucking/logistics,HOUSTON,TX,fmcsa_census,,,,
standard,INOTEK SAFETY CONSULTANTS LLC,2818884283,mobile,trucking/logistics,HOUSTON,TX,fmcsa_census,,,,
standard,DELGADO DELIVERY LLC,3467791116,mobile,trucking/logistics,HOUSTON,TX,fmcsa_census,,,,
standard,GENESIS TRUCKERS LLC,7137052864,mobile,trucking/logistics,HOUSTON,TX,fmcsa_census,,,,
standard,TRANSIT MOON LLC,8324411018,mobile,trucking/logistics,HOUSTON,TX,fmcsa_census,,,,
standard,RAYS FOOD IMPORTS LLC,2107249616,mobile,trucking/logistics,HOUSTON,TX,fmcsa_census,,,,
standard,PTS TRANSPORTATION LLC,7138199830,mobile,trucking/logistics,HOUSTON,TX,fmcsa_census,,,,
standard,BULLZEYE TANK SERVICE LP,7134650447,mobile,trucking/logistics,HOUSTON,TX,fmcsa_census,,,,
standard,BULLZEYE TANK SERVICE LP,9792298590,mobile,trucking/logistics,HOUSTON,TX,fmcsa_census,,,,
standard,MARTHA YADIMIRA GARZA,8323894396,mobile,trucking/logistics,HOUSTON,TX,fmcsa_census,,,,
standard,EDWIN ROMERO,8325411137,mobile,trucking/logistics,HOUSTON,TX,fmcsa_census,,,,
standard,FIVE STAR TRANSPORTATION,8322168652,mobile,trucking/logistics,HOUSTON,TX,fmcsa_census,,,,
standard,JTS DISPATCHING & FREIGHT SERVICES,2813868900,mobile,trucking/logistics,HOUSTON,TX,fmcsa_census,,,,
standard,VARGAS SALAZAR LLC,7138357505,mobile,trucking/logistics,HOUSTON,TX,fmcsa_census,,,,
standard,TSP TRUCKING LLC,7134679800,mobile,trucking/logistics,HOUSTON,TX,fmcsa_census,,,,
standard,ERICA HARRISON BROKERING,8326021872,mobile,trucking/logistics,HOUSTON,TX,fmcsa_census,,,,
standard,CARLOS EDUARDO CASTRO,7135053987,mobile,trucking/logistics,HOUSTON,TX,fmcsa_census,,,,
standard,ARIEL TRANSPORT LLC,5616324502,mobile,trucking/logistics,HOUSTON,TX,fmcsa_census,,,,
standard,H&H MOTORCYCLE HAULING SERVICE LLC,8324467004,mobile,trucking/logistics,HOUSTON,TX,fmcsa_census,,,,
standard,MARCUS LEWIS TRUCKING LLC,8323866853,mobile,trucking/logistics,HOUSTON,TX,fmcsa_census,,,,
standard,TIM MASA TRANSPORTATION LLC,9132515248,mobile,trucking/logistics,HOUSTON,TX,fmcsa_census,,,,
standard,ERICA RUIZ,8328924867,mobile,trucking/logistics,HOUSTON,TX,fmcsa_census,,,,
standard,AMERICAN THUNDERBIRD ENTERPRISES INC,7136889393,mobile,trucking/logistics,HOUSTON,TX,fmcsa_census,,,,
standard,FAUSTO S COREAS,8323478138,mobile,trucking/logistics,HOUSTON,TX,fmcsa_census,,,,
standard,HDP LTD,8327472000,mobile,trucking/logistics,HOUSTON,TX,fmcsa_census,,,,
standard,BLUE ORIGIN LOGISTICS LLC,8329716347,mobile,trucking/logistics,HOUSTON,TX,fmcsa_census,,,,
standard,YOUR BUSINESS IN MOTION LLC,8324523602,mobile,trucking/logistics,HOUSTON,TX,fmcsa_census,,,,
standard,IFEANYI NWANKPA,8062817880,mobile,trucking/logistics,HOUSTON,TX,fmcsa_census,,,,
standard,USA TOP ESTIMATORS INC,8326612369,mobile,trucking/logistics,HOUSTON,TX,fmcsa_census,,,,
standard,1 VATO HOT SHOT LLC,7132010805,mobile,trucking/logistics,HOUSTON,TX,fmcsa_census,,,,
standard,ZHURAVLEV TRANSPORTATION SERVICES LLC,8327631112,mobile,trucking/logistics,HOUSTON,TX,fmcsa_census,,,,
standard,DEDICATED-DELIVERY SERVICE INC,8329955141,mobile,trucking/logistics,HOUSTON,TX,fmcsa_census,,,,
standard,DEM FAM ENT LLC,7132270958,mobile,trucking/logistics,HOUSTON,TX,fmcsa_census,,,,
standard,CARL JAMES ELKINS,3467730450,mobile,trucking/logistics,HOUSTON,TX,fmcsa_census,,,,
standard,PENA PRIME TRUCKING LLC,8324747139,mobile,trucking/logistics,HOUSTON,TX,fmcsa_census,,,,
standard,HO DONG LLEE,8322830334,mobile,trucking/logistics,HOUSTON,TX,fmcsa_census,,,,
standard,ZAYA FREIGHT SOLUTION LLC,8323860777,mobile,trucking/logistics,HOUSTON,TX,fmcsa_census,,,,
standard,CEDRIC GRIFFIN,7132568440,mobile,trucking/logistics,HOUSTON,TX,fmcsa_census,,,,
standard,TRIPLE G CARRIERS LLC,8324136866,mobile,trucking/logistics,HOUSTON,TX,fmcsa_census,,,,
standard,F AND I UTILITIES INC,8329621365,mobile,trucking/logistics,HOUSTON,TX,fmcsa_census,,,,
standard,HAMIRGARH TRANSPORT INC,2818652159,mobile,trucking/logistics,HOUSTON,TX,fmcsa_census,,,,
standard,BAGO LOGISTICS LLC,8328736010,mobile,trucking/logistics,HOUSTON,TX,fmcsa_census,,,,
standard,MORNING LIGHT LLC,8323714192,mobile,trucking/logistics,HOUSTON,TX,fmcsa_census,,,,
standard,AMERICO GARZA,2814604181,mobile,trucking/logistics,HOUSTON,TX,fmcsa_census,,,,
standard,RAMON ANTONIO ENAMORADO,7135043207,mobile,trucking/logistics,HOUSTON,TX,fmcsa_census,,,,
standard,JUMPSTART ENERGY SERVICES LLC,2813528646,mobile,trucking/logistics,HOUSTON,TX,fmcsa_census,,,,
standard,LEONIDAS PINEDA,8325123531,mobile,trucking/logistics,HOUSTON,TX,fmcsa_census,,,,
standard,PROSOURCE BUILDER SUPPLY LTD,7138961500,mobile,trucking/logistics,HOUSTON,TX,fmcsa_census,,,,
standard,TEAM1FREIGHT LLC,7135385893,mobile,trucking/logistics,HOUSTON,TX,fmcsa_census,,,,
standard,ALEJANDRO MORALES,8322980413,mobile,trucking/logistics,HOUSTON,TX,fmcsa_census,,,,
standard,AMERICA BEST LOGISTICS LLC,7028317661,mobile,trucking/logistics,HOUSTON,TX,fmcsa_census,,,,
standard,ANAIYA'S TRUCKING & TRANSPORTATION,8323322407,mobile,trucking/logistics,HOUSTON,TX,fmcsa_census,,,,
standard,GERARDO M MARTINEZ,8328679376,mobile,trucking/logistics,HOUSTON,TX,fmcsa_census,,,,
standard,FORCE TRANSPORTATION INC,7134738378,mobile,trucking/logistics,HOUSTON,TX,fmcsa_census,,,,
standard,TERKOD INC,7133040540,mobile,trucking/logistics,HOUSTON,TX,fmcsa_census,,,,
standard,CATALINO GOVEA,8323509000,mobile,trucking/logistics,HOUSTON,TX,fmcsa_census,,,,
standard,PRECISION FREIGHT WAYS LLC,2813560973,mobile,trucking/logistics,HOUSTON,TX,fmcsa_census,,,,
standard,ALEX & AJG TRUCKING,7134383428,mobile,trucking/logistics,HOUSTON,TX,fmcsa_census,,,,
standard,AL SOL TRANSPORTATION LLC,7865161567,mobile,trucking/logistics,HOUSTON,TX,fmcsa_census,,,,
standard,CATHERINE MWANGI,8328634990,mobile,trucking/logistics,HOUSON,TX,fmcsa_census,,,,
standard,GRAY & MC LLC,8066770840,mobile,trucking/logistics,HOUSTON,TX,fmcsa_census,,,,
standard,WELDFIT CORPORATION,7134603700,mobile,trucking/logistics,HOUSTON,TX,fmcsa_census,,,,
standard,ADRIAN PENA HERNANDEZ,8329786202,mobile,trucking/logistics,HOUSTON,TX,fmcsa_census,,,,
standard,EINACIO HENRIQUEZ,2812263040,mobile,trucking/logistics,HOUSTON,TX,fmcsa_census,,,,
standard,CONSTANTINO TIZNADO SOSA,8326228680,mobile,trucking/logistics,HOUSTON,TX,fmcsa_census,,,,
standard,GNPT LLC,8322471519,mobile,trucking/logistics,HOUSTON,TX,fmcsa_census,,,,
standard,SOUTHWEST ENERGY METALS INC,7138292149,mobile,trucking/logistics,HOUSTON,TX,fmcsa_census,,,,
standard,TRUBELLE ENTERPRISE LLC,2819652071,mobile,trucking/logistics,HOUSTON,TX,fmcsa_census,,,,
standard,BEMIS EMPIRE LLC,2817337429,mobile,trucking/logistics,HOUSTON,TX,fmcsa_census,,,,
standard,PRESTIGE PRESIDENTIALS LLC,7133716762,mobile,trucking/logistics,HOUSTON,TX,fmcsa_census,,,,
standard,319 LOGISTICS LLC,3187379121,mobile,trucking/logistics,HOUSTON,TX,fmcsa_census,,,,
standard,ISVAN MUNOZ PORTELA,8329395913,mobile,trucking/logistics,HOUSTON,TX,fmcsa_census,,,,
standard,MENDOZA DELIVERY LLC,2816196494,mobile,trucking/logistics,HOUSTON,TX,fmcsa_census,,,,
standard,CARDARET WHOLESALE,2812173783,mobile,trucking/logistics,HOUSTON,TX,fmcsa_census,,,,
standard,NEW FAMILY TRANSPORT LLC,7874530081,mobile,trucking/logistics,HOUSTON,TX,fmcsa_census,,,,
standard,LAMA INC,7136731757,mobile,trucking/logistics,HOUSTON,TX,fmcsa_census,,,,
standard,LAM TRUCKING COMPANY LLC,2817987257,mobile,trucking/logistics,HOUSTON,TX,fmcsa_census,,,,
standard,SOURCE ONE FREIGHT,8237216201,mobile,trucking/logistics,HOUSTON,TX,fmcsa_census,,,,
standard,GHA LOGISTICS INC,7133140354,mobile,trucking/logistics,HOUSTON,TX,fmcsa_census,,,,
standard,PEDRO M LUNA,8322743863,mobile,trucking/logistics,HOUSTON,TX,fmcsa_census,,,,
standard,ESCOBEDO TRANSPORTATION LLC,7132890163,mobile,trucking/logistics,HOUSTON,TX,fmcsa_census,,,,
standard,WWF TRUCKING,7132403392,mobile,trucking/logistics,HOUSTON,TX,fmcsa_census,,,,
standard,51 TRUCKING LLC,8327323261,mobile,trucking/logistics,HOUSTON,TX,fmcsa_census,,,,
standard,FRESNO LOGISTICS LLC,4142341422,mobile,trucking/logistics,HOUSTON,TX,fmcsa_census,,,,
standard,CARLOS ANGEL SANCHEZ,2814582236,mobile,trucking/logistics,HOUSTON,TX,fmcsa_census,,,,
standard,STANFIELD TRUCKING,7133924930,mobile,trucking/logistics,HOUSTON,TX,fmcsa_census,,,,
standard,MITCHELL EXPRESS INC,8302132162,mobile,trucking/logistics,HOUSTON,TX,fmcsa_census,,,,
standard,PUMA TOWING SERVICES,8322486312,mobile,trucking/logistics,HOUSTON,TX,fmcsa_census,,,,
standard,UNIFIED LOGISTICS SERVICES LLC,3467600445,mobile,trucking/logistics,HOUSTON,TX,fmcsa_census,,,,
standard,ATOMIC FREIGHT LINES LLC,3465305300,mobile,trucking/logistics,HOUSTON,TX,fmcsa_census,,,,
standard,ALERT BULK AND FREIGHT CARRIERS LLC,8324233116,mobile,trucking/logistics,HOUSTON,TX,fmcsa_census,,,,
standard,DESMOND GRANVILLE ARTHURS,8329076531,mobile,trucking/logistics,HOUSTON,TX,fmcsa_census,,,,
standard,DAVID LEWIS,8322756881,mobile,trucking/logistics,HOUSTON,TX,fmcsa_census,,,,
standard,TYF GROUP LLC,8325773553,mobile,trucking/logistics,HOUSTON,TX,fmcsa_census,,,,
standard,KERENS TRUCKING,2817598490,mobile,trucking/logistics,HOUSTON,TX,fmcsa_census,,,,
standard,JOSE I FUENTES,7138751633,mobile,trucking/logistics,HOUSTON,TX,fmcsa_census,,,,
standard,ZOLARA GLOBAL TECH LLC,8638522692,mobile,trucking/logistics,HOUSTON,TX,fmcsa_census,,,,
standard,WILLIAM LASHUN ENGLISH,8329204614,mobile,trucking/logistics,HOUSTON,TX,fmcsa_census,,,,
standard,ARTEMIS GLOBAL BUSINESS INC,7134449999,mobile,trucking/logistics,HOUSTON,TX,fmcsa_census,,,,
standard,AO LOGISTICS SOLUTIONS LLC,8322125573,mobile,trucking/logistics,HOUSTON,TX,fmcsa_census,,,,
standard,Z & E TRANSPORTATION LLC,7135303594,mobile,trucking/logistics,HOUSTON,TX,fmcsa_census,,,,
standard,TOLBERT TRUCKING INC,8327463702,mobile,trucking/logistics,HOUSTON,TX,fmcsa_census,,,,
standard,ISAIAS M CANTORAN,7133841830,mobile,trucking/logistics,HOUSTON,TX,fmcsa_census,,,,
standard,PUCHI & ALDY TRUCK LLC,8322926992,mobile,trucking/logistics,HOUSTON,TX,fmcsa_census,,,,
standard,A&S CONVEYANCE LLC,7134544886,mobile,trucking/logistics,HOUSTON,TX,fmcsa_census,,,,
standard,DAMIAN TZUNUX,3463191999,mobile,trucking/logistics,HOUSTON,TX,fmcsa_census,,,,
standard,JOSE M VILLARREAL,8328682979,mobile,trucking/logistics,HOUSTON,TX,fmcsa_census,,,,
standard,YFM DELIVERY LLC,3055195829,mobile,trucking/logistics,HOUSTON,TX,fmcsa_census,,,,
standard,HAITIAN DREAM KING LLC,3464202081,mobile,trucking/logistics,HOUSTON,TX,fmcsa_census,,,,
standard,S ROLEX TRANSPORTATION LLC,7138299234,mobile,trucking/logistics,JERSEY VILLAGE,TX,fmcsa_census,,,,
standard,KEEP PUSHIN TOWING AND RECOVERY LLC,2256367394,mobile,trucking/logistics,HOUSTON,TX,fmcsa_census,,,,
standard,PAUL BURKHARDT,2819311400,mobile,trucking/logistics,HOUSTON,TX,fmcsa_census,,,,
standard,JOSE B MEDRANO SANTOS,8323676625,mobile,trucking/logistics,HOUSTON,TX,fmcsa_census,,,,
standard,JOSE MAURICO GUZMAN,8325765471,mobile,trucking/logistics,HOUSTON,TX,fmcsa_census,,,,
standard,LOPEZ BROTHERS ENTERPRISES INC,8326408920,mobile,trucking/logistics,HOUSTON,TX,fmcsa_census,,,,
standard,ALLSTATE BRICK CO,7135578564,mobile,trucking/logistics,HOUSTON,TX,fmcsa_census,,,,
standard,BLANCA SANDOVAL,2814454675,mobile,trucking/logistics,HOUSTON,TX,fmcsa_census,,,,
standard,TELL CONSTRUCTION AND PROJECTS LLC,8327760304,mobile,trucking/logistics,HOUSTON,TX,fmcsa_census,,,,
standard,TELL CONSTRUCTION AND PROJECTS LLC,5056302672,mobile,trucking/logistics,HOUSTON,TX,fmcsa_census,,,,
standard,LUIS G VALDEZ,8322431552,mobile,trucking/logistics,HOUSTON,TX,fmcsa_census,,,,
standard,STUBBS TRANSPORTATION INC,8324078571,mobile,trucking/logistics,HOUSTON,TX,fmcsa_census,,,,
standard,NDWLLC,2252703373,mobile,trucking/logistics,HOUSTON,TX,fmcsa_census,,,,
standard,BACK2BACK COURIER SERVICE LLC,2817052379,mobile,trucking/logistics,HOUSTON,TX,fmcsa_census,,,,
standard,LUIS A BARAHONA,8327013798,mobile,trucking/logistics,HOUSTON,TX,fmcsa_census,,,,
standard,TC RENFROW COMPANIES LLC,2818320856,mobile,trucking/logistics,HOUSTON,TX,fmcsa_census,,,,
standard,ARIEL KEITH,7138193189,mobile,trucking/logistics,HOUSTON,TX,fmcsa_census,,,,
standard,A-MOTTO TRANSPORT INC,8324754040,mobile,trucking/logistics,HOUSTON,TX,fmcsa_census,,,,
standard,LOOI LLC,7028454676,mobile,trucking/logistics,HOUSTON,TX,fmcsa_census,,,,
standard,SARJAL FREIGHT INC,6825596898,mobile,trucking/logistics,FORT WORTH,TX,fmcsa_census,,,,
standard,PAMIS EAGLE EXPRESS LLC,6821376055,mobile,trucking/logistics,FORT WORTH,TX,fmcsa_census,,,,
standard,HAMTYME SERVICES LLC,6822132122,mobile,trucking/logistics,FORT WORTH,TX,fmcsa_census,,,,
standard,REDBUOY TRUCKING LLC,7573626070,mobile,trucking/logistics,BENBROOK,TX,fmcsa_census,,,,
standard,INTEGRITY PRODUCTION LLC,2144811232,mobile,trucking/logistics,FORT WORTH,TX,fmcsa_census,,,,
standard,LEVELEDUP LOGISTIX LLC,8177295653,mobile,trucking/logistics,FORT WORTH,TX,fmcsa_census,,,,
standard,EVI AURELIO ZAMARRON,8179915769,mobile,trucking/logistics,FORT WORTH,TX,fmcsa_census,,,,
standard,AMERICA TRUCKING LOGISTICS LLC,8174809556,mobile,trucking/logistics,FORT WORTH,TX,fmcsa_census,,,,
standard,LIBERTY SHOE WAREHOUSE LLC,8178911244,mobile,trucking/logistics,FORT WORTH,TX,fmcsa_census,,,,
standard,KHADER BROTHERS LLC,6827044467,mobile,trucking/logistics,FOREST HILL,TX,fmcsa_census,,,,
standard,CADENCE LOGISTICS LLC,8177931743,mobile,trucking/logistics,FORT WORTH,TX,fmcsa_census,,,,
standard,VICTOR A TORRES,9363493001,mobile,trucking/logistics,FT WORTH,TX,fmcsa_census,,,,
standard,BLANDON CARGO EXPRESS LLC,8177147572,mobile,trucking/logistics,FORT WORTH,TX,fmcsa_census,,,,
standard,TWJ TRUCKING LLC,4352199636,mobile,trucking/logistics,HURST,TX,fmcsa_census,,,,
standard,AXVI TRANSPORT LLC,6825601547,mobile,trucking/logistics,FORT WORTH,TX,fmcsa_census,,,,
standard,STIFFER TRANSPORT LLC,8177930557,mobile,trucking/logistics,FORT WORTH,TX,fmcsa_census,,,,
standard,747 LOGISTICS LLC,4692430695,mobile,trucking/logistics,FORT WORTH,TX,fmcsa_census,,,,
standard,FAMILY FREIGHT WAY LLC,3139295998,mobile,trucking/logistics,HOUSTON,TX,fmcsa_census,,,,
standard,X10 LOGISTICS LLC,8325401806,mobile,trucking/logistics,HOUSTON,TX,fmcsa_census,,,,
standard,BROUSSARDS LEGACY GROUP LLC,3462609987,mobile,trucking/logistics,HOUSTON,TX,fmcsa_census,,,,
standard,L B FOSTER CO INC,7134662700,mobile,trucking/logistics,HOUSTON,TX,fmcsa_census,,,,
standard,CENTRAL TRUCK PARTS DIESEL INC,7132997489,mobile,trucking/logistics,HOUSTON,TX,fmcsa_census,,,,
standard,HENOK AUTO LLC,8322644953,mobile,trucking/logistics,HOUSTON,TX,fmcsa_census,,,,
standard,JR TRANSPORT LLC,7135050337,mobile,trucking/logistics,HOUSTON,TX,fmcsa_census,,,,
standard,MIGUEL S LOPEZ,2819147470,mobile,trucking/logistics,HOUSTON,TX,fmcsa_census,,,,
standard,4G ORGANIZATION LLC,8323986153,mobile,trucking/logistics,HOUSTON,TX,fmcsa_census,,,,
standard,STELLA MOTUS SERVICES LLC,8323713999,mobile,trucking/logistics,HOUSTON,TX,fmcsa_census,,,,
standard,DAVID BRIAN CLIBURN,6483674074,mobile,trucking/logistics,HOUSTON,TX,fmcsa_census,,,,
standard,EGGLESTON LIVESTOCK LLC,3253965854,mobile,trucking/logistics,MENARD,TX,fmcsa_census,,,,
standard,M&C29 TRANSPORT LLC,7136145873,mobile,trucking/logistics,HOUSTON,TX,fmcsa_census,,,,
standard,POLANCOS MOVERS LLC,7139797650,mobile,trucking/logistics,HOUSTON,TX,fmcsa_census,,,,
standard,OPE AUTO TRANSPORT LLC,8323889238,mobile,trucking/logistics,HOUSTON,TX,fmcsa_census,,,,
standard,EURO TRANSPORT LLC,8323884530,mobile,trucking/logistics,HOUSTON,TX,fmcsa_census,,,,
standard,FARVILL TRANSPORTATION LLC,8329352695,mobile,trucking/logistics,HOUSTON,TX,fmcsa_census,,,,
standard,KYB TRUCKERS LLC,4077151511,mobile,trucking/logistics,HOUSTON,TX,fmcsa_census,,,,
standard,TOP COACH FREIGHT,8325412969,mobile,trucking/logistics,HOUSTON,TX,fmcsa_census,,,,
standard,AUTOMOBILE RECOVERY BUREAU,9728771130,mobile,trucking/logistics,HOUSTON,TX,fmcsa_census,,,,
standard,GAG FLEET TRANSPORTATION LLC,2818153069,mobile,trucking/logistics,HOUSTON,TX,fmcsa_census,,,,
standard,LS READY MIX LLC,2819369858,mobile,trucking/logistics,HOUSTON,TX,fmcsa_census,,,,
standard,MOUSS AUTO TRANSPORTATION LLC,8327642272,mobile,trucking/logistics,HOUSTON,TX,fmcsa_census,,,,
standard,ARROW MIRROR & GLASS INC,8325388456,mobile,trucking/logistics,HOUSTON,TX,fmcsa_census,,,,
standard,DANNY CRISP & CHARLES CRISP,3254568039,mobile,trucking/logistics,MENARD,TX,fmcsa_census,,,,
standard,TRUCKER DISTRICT LLC,8328007591,mobile,trucking/logistics,HOUSTON,TX,fmcsa_census,,,,
standard,CARLOS A CARRION,7137028225,mobile,trucking/logistics,HOUSTON,TX,fmcsa_census,,,,
standard,WESTERNGECO LLC,8327828751,mobile,trucking/logistics,HOUSTON,TX,fmcsa_census,,,,
standard,BROWN TRUCKING,2819051190,mobile,trucking/logistics,HOUSTON,TX,fmcsa_census,,,,
standard,IRIS YAMILETH PERLA MOLINA,8322288269,mobile,trucking/logistics,HOUSTON,TX,fmcsa_census,,,,
standard,LDHENERGY PIPELINE LP,7136346220,mobile,trucking/logistics,HOUSTON,TX,fmcsa_census,,,,
standard,ALLTEXAS TRUCKING INC,2815017040,mobile,trucking/logistics,HOUSTON,TX,fmcsa_census,,,,
standard,HIGHER LEVEL TRUCKING LLC,8329943732,mobile,trucking/logistics,HOUSTON,TX,fmcsa_census,,,,
standard,SYNERGY NATIONWIDE LOGISTICS INC,8328070178,mobile,trucking/logistics,HOUSTON,TX,fmcsa_census,,,,
standard,CARLOS ZAVALA,8327524326,mobile,trucking/logistics,HOUSTON,TX,fmcsa_census,,,,
standard,CARLOS ZAVALA,6024470777,mobile,trucking/logistics,HOUSTON,TX,fmcsa_census,,,,
standard,AZTECA GUNITE CO,7134625566,mobile,trucking/logistics,HOUSTON,TX,fmcsa_census,,,,
standard,CARPORTS OROZCOS LLC,8326339746,mobile,trucking/logistics,HOUSTON,TX,fmcsa_census,,,,
standard,JOCELYN EVANS,7132088865,mobile,trucking/logistics,HOUSTON,TX,fmcsa_census,,,,
standard,ORLANDO ALARCON,7863168602,mobile,trucking/logistics,HOUSTON,TX,fmcsa_census,,,,
standard,THE GERION MOVERS AND DELIVERY,2817028127,mobile,trucking/logistics,HOUSTON,TX,fmcsa_census,,,,
standard,LEONARDO GUTIERREZ,2813002281,mobile,trucking/logistics,HOUSTON,TX,fmcsa_census,,,,
standard,LEONARDO GUTIERREZ,9282466680,mobile,trucking/logistics,HOUSTON,TX,fmcsa_census,,,,
standard,D J R E TRUCKING LLC,8326120748,mobile,trucking/logistics,HOUSTON,TX,fmcsa_census,,,,
standard,CRMC TRANSPORT LLC,7132406600,mobile,trucking/logistics,HOUSTON,TX,fmcsa_census,,,,
standard,PULL FREIGHT LLC,8327065781,mobile,trucking/logistics,HOUSTON,TX,fmcsa_census,,,,
standard,AMERICAN PRIME LOGISTICS LLC,2815914745,mobile,trucking/logistics,HOUSTON,TX,fmcsa_census,,,,
standard,CARDINAL DELIVERY SERVICE LLC,7132186400,mobile,trucking/logistics,HOUSTON,TX,fmcsa_census,,,,
standard,HIGHER RIDER LLC,8323031004,mobile,trucking/logistics,HOUSTON,TX,fmcsa_census,,,,
standard,YORDANKA A QUINONES HERNANDEZ,7134465884,mobile,trucking/logistics,HOUSTON,TX,fmcsa_census,,,,
standard,EDWARD G DICKENSON,5124131241,mobile,trucking/logistics,HOUSTON,TX,fmcsa_census,,,,
standard,HAND OVER FIST TRANSPORT LLC,4789728550,mobile,trucking/logistics,HOUSTON,TX,fmcsa_census,,,,
standard,FREEWAY FREIGHT LLC,7138020995,mobile,trucking/logistics,HOUSTON,TX,fmcsa_census,,,,
standard,DOUBLE O DRILLING SERVICES INC,8325244495,mobile,trucking/logistics,HOUSTON,TX,fmcsa_census,,,,
standard,DAMY TRUCK LLC,7135912530,mobile,trucking/logistics,HOUSTON,TX,fmcsa_census,,,,
standard,AUC GROUP LP,7139833255,mobile,trucking/logistics,HOUSTON,TX,fmcsa_census,,,,
standard,TIBURON TRANSPORT LLC,8327948096,mobile,trucking/logistics,HOUSTON,TX,fmcsa_census,,,,
standard,US TRUCKING EXPERTS LLC,3054259792,mobile,trucking/logistics,HOUSTON,TX,fmcsa_census,,,,
standard,JUAN CARRANZA,7133303039,mobile,trucking/logistics,HOUSTON,TX,fmcsa_census,,,,
standard,VERYSMART TRUCKING INC,8328663110,mobile,trucking/logistics,HOUSTON,TX,fmcsa_census,,,,
standard,ATKINSON CONSTRUCTION INCORPERATED,2814600604,mobile,trucking/logistics,HOUSTON,TX,fmcsa_census,,,,
standard,DOUBLE D EXPRESS LOGISTICS LLC,8324056677,mobile,trucking/logistics,HOUSTON,TX,fmcsa_census,,,,
standard,ELISABETH CARGO LOGISTICS,7134489590,mobile,trucking/logistics,HOUSTON,TX,fmcsa_census,,,,
standard,WILLIAM B ARMSTRONG,7138280795,mobile,trucking/logistics,HOUSTON,TX,fmcsa_census,,,,
standard,MONIKA ROBERTS,2819449546,mobile,trucking/logistics,HOUSTON,TX,fmcsa_census,,,,
standard,EKR LOGISTICS LLC,8328186409,mobile,trucking/logistics,HOUSTON,TX,fmcsa_census,,,,
standard,VIDAL TRUCKING,8327224947,mobile,trucking/logistics,HOUSTON,TX,fmcsa_census,,,,
standard,MIDNI BLUE TRUCKING INC,2818305611,mobile,trucking/logistics,HOUSTON,TX,fmcsa_census,,,,
standard,PINNACLE BUSINESS SOLUTIONS LLC,2817317971,mobile,trucking/logistics,HOUSTON,TX,fmcsa_census,,,,
standard,ALPHA & OMEGA AMERICAN LOGISTICS LLC,8325335613,mobile,trucking/logistics,HOUSTON,TX,fmcsa_census,,,,
standard,WILSON DIRECT INC,8324993273,mobile,trucking/logistics,HOUSTON,TX,fmcsa_census,,,,
standard,WILLIS WAY TRUCKING LLC,8325337946,mobile,trucking/logistics,HOUSTON TX,TX,fmcsa_census,,,,
standard,CURRIE TRANSPORTATION LLC,2818893222,mobile,trucking/logistics,HOUSTON,TX,fmcsa_census,,,,
standard,IN BOOGIE WE TRUST LLC,7137253507,mobile,trucking/logistics,HOUSTON,TX,fmcsa_census,,,,
standard,TRUCKING JC LLC,6824504217,mobile,trucking/logistics,BLUE MOUND,TX,fmcsa_census,,,,
standard,LUIS JORGE MONTELONGO,8174434582,mobile,trucking/logistics,FORT WORTH,TX,fmcsa_census,,,,
standard,TITAN TOWING,8177292926,mobile,trucking/logistics,FORT WORTH,TX,fmcsa_census,,,,
standard,SMG ROYAL TRANSPORTATION LLC,6825543808,mobile,trucking/logistics,FORT WORTH,TX,fmcsa_census,,,,
standard,LUIS RUVALCABA,8177918089,mobile,trucking/logistics,FORT WORTH,TX,fmcsa_census,,,,
standard,STRUCTURAL & STEEL PRODUCTS INC,8173332267,mobile,trucking/logistics,FORT WORTH,TX,fmcsa_census,,,,
standard,TRUCK N HAUL BROKER LLC,8174202132,mobile,trucking/logistics,FORT WORTH,TX,fmcsa_census,,,,
standard,DQV TRUCKING LLC,8178995613,mobile,trucking/logistics,FORT WORTH,TX,fmcsa_census,,,,
standard,RD HOWARD LC,8172286276,mobile,trucking/logistics,FORT WORTH,TX,fmcsa_census,,,,
standard,MABE SHIPPING LLC,8176756416,mobile,trucking/logistics,FORT WORTH,TX,fmcsa_census,,,,
standard,RPC TRUCKING INC,8172440601,mobile,trucking/logistics,FORT WORTH,TX,fmcsa_census,,,,
standard,JSARGENT TRUCKING,8172471744,mobile,trucking/logistics,FORT WORTH,TX,fmcsa_census,,,,
standard,M&K HOTSHOTS LLC,2146877535,mobile,trucking/logistics,HURST,TX,fmcsa_census,,,,
standard,WILLIAMS FLATBED LLC,8173900179,mobile,trucking/logistics,FORT WORTH,TX,fmcsa_census,,,,
standard,MARQUEZ LOGISTICS LLC,6825839778,mobile,trucking/logistics,SAGINAW,TX,fmcsa_census,,,,
standard,D&E LEGACY LOGISTICS LLC,8176474766,mobile,trucking/logistics,FORT WORTH,TX,fmcsa_census,,,,
standard,WILLIAMS & SONS TRUCKING,8177815362,mobile,trucking/logistics,FOREST HILL,TX,fmcsa_census,,,,
standard,KANKAI TRANS,6822271762,mobile,trucking/logistics,FORT WORTH,TX,fmcsa_census,,,,
standard,SNOW WOLF TRUCKING LLC,6827156341,mobile,trucking/logistics,FORT WORTH,TX,fmcsa_census,,,,
standard,JUAN DELEON,8178518992,mobile,trucking/logistics,FORT WORTH,TX,fmcsa_census,,,,
standard,G&Y TRUCKING LLC,2149065034,mobile,trucking/logistics,FOREST HILL,TX,fmcsa_census,,,,
standard,SOUTHERN LUXURY LLC,6828049313,mobile,trucking/logistics,FORT WORTH,TX,fmcsa_census,,,,
standard,LEOBARDO GARCIA,8174203421,mobile,trucking/logistics,FORT WORTH,TX,fmcsa_census,,,,
standard,PML TRUCKING COMPANY LLC,8175057080,mobile,trucking/logistics,FORT WORTH,TX,fmcsa_census,,,,
standard,IMAGINE EXPRESS INC,8176278957,mobile,trucking/logistics,FT WORTH,TX,fmcsa_census,,,,
standard,EVERESTIA VENTURES LLC,6824641308,mobile,trucking/logistics,FORT WORTH,TX,fmcsa_census,,,,
standard,MARKY LEE FLORES,6825978650,mobile,trucking/logistics,FORT WORTH,TX,fmcsa_census,,,,
standard,TAYFAM,8178893743,mobile,trucking/logistics,FORT WORTH,TX,fmcsa_census,,,,
standard,AJA EQUIPMENT LLC,8174296107,mobile,trucking/logistics,FORT WORTH,TX,fmcsa_census,,,,
standard,PLUSH TRUCKLINE INC,9722156184,mobile,trucking/logistics,FORT WORTH,TX,fmcsa_census,,,,
standard,FAILS TRUCKING LLC,2149294578,mobile,trucking/logistics,FORT WORTH,TX,fmcsa_census,,,,
standard,WILLIAM S DANIEL,8172988996,mobile,trucking/logistics,FORT WORTH,TX,fmcsa_census,,,,
standard,ANDY CARLEGIS INC,8174808101,mobile,trucking/logistics,HURST,TX,fmcsa_census,,,,
standard,VERVE INNOVATIONS LLC,2148100065,mobile,trucking/logistics,FT WORTH,TX,fmcsa_census,,,,
standard,SHARP TRANSPORT LLC,3609868315,mobile,trucking/logistics,HURST,TX,fmcsa_census,,,,
standard,RTG EXPRESS INC,8178965826,mobile,trucking/logistics,HURST,TX,fmcsa_census,,,,
standard,JEERY'S PIER DRILLING,8178213129,mobile,trucking/logistics,HURST,TX,fmcsa_census,,,,
standard,TLS CARGO EXPRESS LLC,2164708684,mobile,trucking/logistics,FORT WORTH,TX,fmcsa_census,,,,
standard,HERON INDUSTRIES INC,8175710578,mobile,trucking/logistics,HURST,TX,fmcsa_census,,,,
standard,GEARHEAD HAULING LLC,8177049723,mobile,trucking/logistics,FORT WORTH,TX,fmcsa_census,,,,
standard,NORTH STAR TRUCKING SERVICES INC,8178192806,mobile,trucking/logistics,FORT WORTH,TX,fmcsa_census,,,,
standard,C & R TRANSPORT INC,2147891996,mobile,trucking/logistics,HURST,TX,fmcsa_census,,,,
standard,817 TRUCKING LLC,6822402394,mobile,trucking/logistics,FORT WORTH,TX,fmcsa_census,,,,
standard,CMW LOGISTICS LLC,6822346201,mobile,trucking/logistics,FORT WORTH,TX,fmcsa_census,,,,
standard,RZ EXPRESS,2197960949,mobile,trucking/logistics,FORT WORTH,TX,fmcsa_census,,,,
standard,LA TRANSPORTATION,6823659079,mobile,trucking/logistics,FORT WORTH,TX,fmcsa_census,,,,
standard,NUBA EXPRESS LLC,6825219406,mobile,trucking/logistics,HURST,TX,fmcsa_census,,,,
standard,SMITHPARK TRANSPORT LLC,8176000912,mobile,trucking/logistics,HURST,TX,fmcsa_census,,,,
standard,HAWK FREIGHT LLC,8329771842,mobile,trucking/logistics,HOUSTON,TX,fmcsa_census,,,,
standard,JR AUTO TRANSPORT LLC,3344623230,mobile,trucking/logistics,HOUSTON,TX,fmcsa_census,,,,
standard,HIGH POINT TRUCKING LLC,6513540523,mobile,trucking/logistics,HOUSTON,TX,fmcsa_census,,,,
standard,COMMERCE LOGISTICS GROUP LLC,3465437105,mobile,trucking/logistics,HOUSTON,TX,fmcsa_census,,,,
standard,JOSE C RAMOS,8326078040,mobile,trucking/logistics,HOUSTON,TX,fmcsa_census,,,,
standard,DINAH SCOPE INC,8326026467,mobile,trucking/logistics,HOUSTON,TX,fmcsa_census,,,,
standard,GOLDEN BOY TRANSPORT INC,3057314191,mobile,trucking/logistics,HOUSTON,TX,fmcsa_census,,,,
standard,VAUGHN ENTERPRISES,5172047789,mobile,trucking/logistics,HOUSTON,TX,fmcsa_census,,,,
standard,SUGAR BUNCH TRANSPORTATION LLC,7134933277,mobile,trucking/logistics,HOUSTON,TX,fmcsa_census,,,,
standard,SIMM & MESA LLC,7134189525,mobile,trucking/logistics,HOUSTON,TX,fmcsa_census,,,,
standard,MTZ TRANSPORTATION SERVICES LLC,7137054164,mobile,trucking/logistics,HOUSTON,TX,fmcsa_census,,,,
standard,FAST LANE LOGISTICS INC,2817603574,mobile,trucking/logistics,HOUSTON,TX,fmcsa_census,,,,
standard,FACAI HOUSTON LLC,6789088826,mobile,trucking/logistics,HOUSTON,TX,fmcsa_census,,,,
standard,JOSE ASCENCIO,7138849532,mobile,trucking/logistics,HOUSTON,TX,fmcsa_census,,,,
standard,JOSE ASCENCIO,7138992767,mobile,trucking/logistics,HOUSTON,TX,fmcsa_census,,,,
standard,JOSE ASCENCIO,8328896898,mobile,trucking/logistics,HOUSTON,TX,fmcsa_census,,,,
standard,BOZE ENTERPRISES II LLC,7132992316,mobile,trucking/logistics,HOUSTON,TX,fmcsa_census,,,,
standard,W Y M TRANSPORT LLC,8329026839,mobile,trucking/logistics,HOUSTON,TX,fmcsa_census,,,,
standard,RISE N GRIND TRANSPORTATION LLC,3374410514,mobile,trucking/logistics,HOUSTON,TX,fmcsa_census,,,,
standard,WHITTIER TRANSPORT LLC,3127095886,mobile,trucking/logistics,HOUSTON,TX,fmcsa_census,,,,
standard,KENDALL ASHMORE,8327219815,mobile,trucking/logistics,HOUSTON,TX,fmcsa_census,,,,
standard,RALOSYL GLOBAL SERVICES INC,3467543751,mobile,trucking/logistics,HOUSTON,TX,fmcsa_census,,,,
standard,AUTOPLEX MOVERS LLC,8327991776,mobile,trucking/logistics,HOUSTON,TX,fmcsa_census,,,,
standard,ALEXJY LOGISTICS LLC,3462284111,mobile,trucking/logistics,HOUSTON,TX,fmcsa_census,,,,
standard,COREY BABBITT,7133890599,mobile,trucking/logistics,HOUSTON,TX,fmcsa_census,,,,
standard,UNION CARRIERS LLC,8322190886,mobile,trucking/logistics,HOUSTON,TX,fmcsa_census,,,,
standard,LNC LOGISTICS LLC,8327771789,mobile,trucking/logistics,HOUSTON,TX,fmcsa_census,,,,
standard,D&G COURIERS & TRANSPORTS LLC,8327707575,mobile,trucking/logistics,HOUSTON,TX,fmcsa_census,,,,
standard,MENTER & SONS TRUCKING INC,2818407519,mobile,trucking/logistics,HOUSTON,TX,fmcsa_census,,,,
standard,AGUETAS TRANSPORTATIONS LLC,7813322665,mobile,trucking/logistics,HOUSTON,TX,fmcsa_census,,,,
standard,QUEST CHEMICAL CORPORATION,7138968188,mobile,trucking/logistics,HOUSTON,TX,fmcsa_census,,,,
standard,ANTHONY ONEAL DENNIS JR,7132774598,mobile,trucking/logistics,HOUSTON,TX,fmcsa_census,,,,
standard,ANTHONY'S FREIGHTLINERS LLC,8329692674,mobile,trucking/logistics,HOUSTON,TX,fmcsa_census,,,,
standard,ASA TRANSPORTATION LLC,2013567450,mobile,trucking/logistics,HOUSTON,TX,fmcsa_census,,,,
standard,ANGIE ANGELS FREIGHT BROKERAGE LLC,8322639284,mobile,trucking/logistics,HOUSTON,TX,fmcsa_census,,,,
standard,ALB ANOINTED LOGISTICS LLC,2818305510,mobile,trucking/logistics,HOUSTON,TX,fmcsa_census,,,,
standard,ARSENIO EVERILDO VARELA,8324390383,mobile,trucking/logistics,HOUSTON,TX,fmcsa_census,,,,
standard,M A HAULING LLC,7133679482,mobile,trucking/logistics,HOUSTON,TX,fmcsa_census,,,,
standard,DLT LOGISTICS LLC,2814512397,mobile,trucking/logistics,HOUSTON,TX,fmcsa_census,,,,
standard,PACKERS UNITED,8322440114,mobile,trucking/logistics,HOUSTON,TX,fmcsa_census,,,,
standard,TREISTMAN LOGISTICS LLC,7138261886,mobile,trucking/logistics,HOUSTON,TX,fmcsa_census,,,,
standard,MORIS G SANCHEZ,2815879289,mobile,trucking/logistics,HOUSTON,TX,fmcsa_census,,,,
standard,JHEPTE SALOMON HERRERA,8324368887,mobile,trucking/logistics,HOUSTON,TX,fmcsa_census,,,,
standard,RELOCATION LOGISTICS LLC,9544945660,mobile,trucking/logistics,HOUSTON,TX,fmcsa_census,,,,
standard,CRISMARC LOGISTICS INC,9367140838,mobile,trucking/logistics,HOUSTON,TX,fmcsa_census,,,,
standard,R&K COLLECTIVE LLC,8324594506,mobile,trucking/logistics,HOUSTON,TX,fmcsa_census,,,,
standard,APACHE FLEET SERVICES LLC,2819997777,mobile,trucking/logistics,HOUSTON,TX,fmcsa_census,,,,
standard,TRAYLORTRAP INC,3462024394,mobile,trucking/logistics,HOUSTON,TX,fmcsa_census,,,,
standard,OSTRIGO RECYCLING LLC,7326371300,mobile,trucking/logistics,HOUSTON,TX,fmcsa_census,,,,
standard,WALLBOARD STOCKERS INC,7134666070,mobile,trucking/logistics,HOUSTON,TX,fmcsa_census,,,,
standard,OLASIMI OLAWOLE SOBOMEHIN,8324728945,mobile,trucking/logistics,HOUSTON,TX,fmcsa_census,,,,
standard,SERGIO BARRAGAN,2818020325,mobile,trucking/logistics,HOUSTON,TX,fmcsa_census,,,,
standard,ARISTOCRATIC ENTERPRISE LLC,8325241922,mobile,trucking/logistics,HOUSTON,TX,fmcsa_census,,,,
standard,ESTRADA LOGISTIC SOLUTIONS LLC,7134713404,mobile,trucking/logistics,HOUSTON,TX,fmcsa_census,,,,
standard,PHOENIX ENVIRONMENTAL SERVICES CORP,8326554047,mobile,trucking/logistics,HOUSTON,TX,fmcsa_census,,,,
standard,DL INTERNATIONAL LLC,7139888810,mobile,trucking/logistics,HOUSTON,TX,fmcsa_census,,,,
standard,MAJESTY LOGISTICS LLC,8325745718,mobile,trucking/logistics,HOUSTON,TX,fmcsa_census,,,,
standard,GILBERT JR PAZ,2817365582,mobile,trucking/logistics,HOUSTON,TX,fmcsa_census,,,,
standard,KOSACH ENERGY LLC,8324542680,mobile,trucking/logistics,HOUSTON,TX,fmcsa_census,,,,
standard,ALOTINMOTION INDUSTRIES LLC,9546811740,mobile,trucking/logistics,HOUSTON,TX,fmcsa_census,,,,
standard,CG EXPEDITING SERVICES LLC,7862673461,mobile,trucking/logistics,HOUSTON,TX,fmcsa_census,,,,
standard,PARKWAY INVESTMENT AND HOLDING GROUP LLC,7134990927,mobile,trucking/logistics,HOUSTON,TX,fmcsa_census,,,,
standard,MAIKEL TRUCKING LLC,7869060650,mobile,trucking/logistics,HOUSTON,TX,fmcsa_census,,,,
standard,US EXPRESS FREIGHT LLC,8324194005,mobile,trucking/logistics,HOUSTON,TX,fmcsa_census,,,,
standard,OCTOBER OWNED TRUCKING LLC,8328573795,mobile,trucking/logistics,HOUSTON,TX,fmcsa_census,,,,
standard,DAUGHTER AND SON TRUCKING LLC,8326596196,mobile,trucking/logistics,HOUSTON,TX,fmcsa_census,,,,
standard,ROEL RIOS,9565669396,mobile,trucking/logistics,HOUSTON,TX,fmcsa_census,,,,
standard,FRANCISCO FERNANDEZ HERNANDEZ,2819175106,mobile,trucking/logistics,HOUSTON,TX,fmcsa_census,,,,
standard,IESHA BROWN,8322929226,mobile,trucking/logistics,HOUSTON,TX,fmcsa_census,,,,
standard,BMFHOTSHOT,2253242030,mobile,trucking/logistics,HOUSTON,TX,fmcsa_census,,,,
standard,PEDRO NOVO ROMERO,8326304655,mobile,trucking/logistics,HOUSTOH,TX,fmcsa_census,,,,
standard,GARY RAMSEY,2819234945,mobile,trucking/logistics,HOUSTON,TX,fmcsa_census,,,,
standard,WILLIAM N BURROUGHS111,8327147999,mobile,trucking/logistics,HOUSTON,TX,fmcsa_census,,,,
standard,REAL TIME DELIVERY TRUCKING LLC,7138588894,mobile,trucking/logistics,HOUSTON,TX,fmcsa_census,,,,
standard,NEBL EXPRESS LLC,8327986445,mobile,trucking/logistics,HOUSTON,TX,fmcsa_census,,,,
standard,PYNKLINE TRUCKING LLC,3463828925,mobile,trucking/logistics,HOUSTON,TX,fmcsa_census,,,,
standard,IM ROLLING TRANSPORTATION,3342948397,mobile,trucking/logistics,BENBROOK,TX,fmcsa_census,,,,
standard,CELESTIN KABULA PUNGWE,8173495670,mobile,trucking/logistics,FORT WORTH,TX,fmcsa_census,,,,
standard,ASPHALT PAVING,8108131868,mobile,trucking/logistics,FORT WORTH,TX,fmcsa_census,,,,
standard,TRINITY EQUIPMENT SOLUTIONS INC,9133700808,mobile,trucking/logistics,FORTH WORTH,TX,fmcsa_census,,,,
standard,TRIPLE P INDUSTRIES LLC,8178972807,mobile,trucking/logistics,FORT WORTH,TX,fmcsa_census,,,,
standard,BBR INTERNATIONAL IMPORT EXPORT CONSULTING INC,9728979075,mobile,trucking/logistics,FORT WORTH,TX,fmcsa_census,,,,
standard,GJ TRANSPORTATION LLC,2144031947,mobile,trucking/logistics,FORT WORTH,TX,fmcsa_census,,,,
standard,PONYTAIL EXPRESS INC,2145623887,mobile,trucking/logistics,FORT WORTH,TX,fmcsa_census,,,,
standard,FREEDOM TRUCKING LLC,6789015525,mobile,trucking/logistics,FORT WORTH,TX,fmcsa_census,,,,
standard,TEXAN PRIORITY SAFETY LLC,9188175755,mobile,trucking/logistics,FORT WORTH,TX,fmcsa_census,,,,
standard,BROADBAND TELECOM SERVICES INC,2104718839,mobile,trucking/logistics,FORT WORTH,TX,fmcsa_census,,,,
standard,TRANZPORT TRUCKING LLC,6018500878,mobile,trucking/logistics,FORT WORTH,TX,fmcsa_census,,,,
standard,REINALDO RESENDIZ,8178976296,mobile,trucking/logistics,SAGINAW,TX,fmcsa_census,,,,
standard,MICHAEL D NEAL,8179922516,mobile,trucking/logistics,HURST,TX,fmcsa_census,,,,
standard,BEVERAGE TRUCK & TRAILER LLC,8179441213,mobile,trucking/logistics,BLUE MOUND,TX,fmcsa_census,,,,
standard,RELIABLE MOVERS INCORPORATED,8174510671,mobile,trucking/logistics,FORT WORTH,TX,fmcsa_census,,,,
standard,ELGAR A GARCIA,8177238514,mobile,trucking/logistics,FT WORTH,TX,fmcsa_census,,,,
standard,YELLOW ENGINE SERVICE,8174293208,mobile,trucking/logistics,FORT WORTH,TX,fmcsa_census,,,,
standard,GUSTAF ONESMO GUGA TRANSPORT INC,4692167772,mobile,trucking/logistics,FORT WORTH,TX,fmcsa_census,,,,
standard,LUIS A NAVARRO,6822252681,mobile,trucking/logistics,FORT WORTH,TX,fmcsa_census,,,,
standard,MICHAEL MATTHEWS,8179156930,mobile,trucking/logistics,FORT WORTH,TX,fmcsa_census,,,,
standard,SAMKAY LOGISTICS LLC,8172693770,mobile,trucking/logistics,FORT WORTH,TX,fmcsa_census,,,,
standard,SHIFT MOVING COMPANY LLC,4055967914,mobile,trucking/logistics,NORTH RICHLAND HILLS,TX,fmcsa_census,,,,
standard,IT'S HARD TO FIND GOOD HELP LLC,9405973623,mobile,trucking/logistics,DENTON,TX,fmcsa_census,,,,
standard,STRICTLY BUSINESS TRANSPORTATION LLC,6823288334,mobile,trucking/logistics,FORT WORTH,TX,fmcsa_census,,,,
standard,WARJN FREIGHT LLC,6823659349,mobile,trucking/logistics,FORT WORTH,TX,fmcsa_census,,,,
standard,DENTON COUNTY ELECTRIC COOPERATIVE INCORPORATED,9403689294,mobile,trucking/logistics,CORINTH,TX,fmcsa_census,,,,
standard,ANGELICA RECIO,8178810339,mobile,trucking/logistics,FORT WORTH,TX,fmcsa_census,,,,
standard,TACO TRUCKING LLC,8178623252,mobile,trucking/logistics,FORT WORTH,TX,fmcsa_census,,,,
standard,MOTORCITY TRUCKING LLC,4697327426,mobile,trucking/logistics,FORT WORTH,TX,fmcsa_census,,,,
standard,HOLY WHEELS TRUCKING LLC,6825526076,mobile,trucking/logistics,NORTH RICHLAND HILLS,TX,fmcsa_census,,,,
standard,ROYAL M TRUCKING LLC,9453525284,mobile,trucking/logistics,DENTON,TX,fmcsa_census,,,,
standard,VICTOR M DORADO-MARTINEZ,8172102317,mobile,trucking/logistics,FORT WORTH,TX,fmcsa_census,,,,
standard,T & L SEPTIC SERVICES LLC,9403914934,mobile,trucking/logistics,DENTON,TX,fmcsa_census,,,,
standard,RECARO AIRCRAFT SEATING INC,8174909160,mobile,trucking/logistics,FT WORTH,TX,fmcsa_census,,,,
standard,JASMIN OYERVIDES,9404658172,mobile,trucking/logistics,DENTON,TX,fmcsa_census,,,,
standard,EARTHWORKS CONSTRUCTION LLC,6823056141,mobile,trucking/logistics,FORT WORTH,TX,fmcsa_census,,,,
standard,JOHN ANTHONY REMSZA,8176886856,mobile,trucking/logistics,FORT WORTH,TX,fmcsa_census,,,,
standard,BLUE SKY MOVERS INC,9403802900,mobile,trucking/logistics,DENTON,TX,fmcsa_census,,,,
standard,RICARDO ALVAREZ,9033506026,mobile,trucking/logistics,FOREST HILL,TX,fmcsa_census,,,,
standard,SATURNV DEVELOPMENTS LLC,9727933017,mobile,trucking/logistics,DENTON,TX,fmcsa_census,,,,
standard,KPT ENTERPRISES UNLIMITED LLC,8178934790,mobile,trucking/logistics,NORTH RICHLAND HILLS,TX,fmcsa_census,,,,
standard,BYT BROS YANEZ TOURS LLC,8174014414,mobile,trucking/logistics,FORT WORTH,TX,fmcsa_census,,,,
standard,ROBERT CASSEL,8179250249,mobile,trucking/logistics,FORT WORTH,TX,fmcsa_census,,,,
standard,RRB TRANSPORT LLC,8324210489,mobile,trucking/logistics,HOUSTON,TX,fmcsa_census,,,,
standard,SHARANDEEP SINGH MANN,2817368110,mobile,trucking/logistics,HOUSTON,TX,fmcsa_census,,,,
standard,JORDAN VAUGHN LLC,6019511376,mobile,trucking/logistics,HOUSTON,TX,fmcsa_census,,,,
standard,NOLOGY LOGISTICS LLC,2817067598,mobile,trucking/logistics,HOUSTON,TX,fmcsa_census,,,,
standard,JNI LOGISTICS LLC,7136799502,mobile,trucking/logistics,HOUSTON,TX,fmcsa_census,,,,
standard,SPICE N' MORE TEXAS LTD,6825514677,mobile,trucking/logistics,HOUSTON,TX,fmcsa_census,,,,
standard,PRIVATE SOCIETY LLC,2817945494,mobile,trucking/logistics,HOUSTON,TX,fmcsa_census,,,,
standard,MERCELI TRANSPORT LLC,7137329418,mobile,trucking/logistics,HOUSTON,TX,fmcsa_census,,,,
standard,CASTELLO ENERGY SERVICES LLC,3057530202,mobile,trucking/logistics,HOUSTON,TX,fmcsa_census,,,,
standard,ORDONEZ TRUCK LINES LLC,8327954134,mobile,trucking/logistics,HOUSTON,TX,fmcsa_census,,,,
standard,ENVIROKLEAN PRODUCT DEVELOPMENT INC,2818946500,mobile,trucking/logistics,HOUSTON,TX,fmcsa_census,,,,
standard,BMC TRUCKING INC,8324419717,mobile,trucking/logistics,HOUSTON,TX,fmcsa_census,,,,
standard,REC SHIPPING SERVICES LLC,2819066114,mobile,trucking/logistics,HOUSTON,TX,fmcsa_census,,,,
standard,W M DEWEY AND SON INC,8327079780,mobile,trucking/logistics,HOUSTON,TX,fmcsa_census,,,,
standard,ANTHONY REED,8322659581,mobile,trucking/logistics,HOUSTON,TX,fmcsa_census,,,,
standard,SLICKS TRUCKING LLC,3463637191,mobile,trucking/logistics,HOUSTON,TX,fmcsa_census,,,,
standard,GPXPRESS LOGISTICS LLC,3466734172,mobile,trucking/logistics,HOUSTON,TX,fmcsa_census,,,,
standard,COLVILLE TRUCKING CO INC,9194341068,mobile,trucking/logistics,HOUSTON,TX,fmcsa_census,,,,
standard,TEZENO TRANSPORTATION LLC,8323764423,mobile,trucking/logistics,HOUSTON,TX,fmcsa_census,,,,
standard,3D ELITE TRANSPORTATION SERVICES LLC,8324691499,mobile,trucking/logistics,HOUSTON,TX,fmcsa_census,,,,
standard,THE ESTATE AND TRUST OF DR LAWRENCE J INGRAM,7879452287,mobile,trucking/logistics,HOUSTON,TX,fmcsa_census,,,,
standard,EFFICIENT CARGO DELIVERIES LLC,8323506252,mobile,trucking/logistics,HOUSTON,TX,fmcsa_census,,,,
standard,FAUSTO M NAVARRO MONDEJAR,8322776112,mobile,trucking/logistics,HOUSTON,TX,fmcsa_census,,,,
standard,PRICE IS RIGHT CONCRETE SERVICE,7135156971,mobile,trucking/logistics,HOUSTON,TX,fmcsa_census,,,,
standard,DANG H TRAN,7132649999,mobile,trucking/logistics,HOUSTON,TX,fmcsa_census,,,,
standard,RGH STRONG LLC,7864452200,mobile,trucking/logistics,HOUSTON,TX,fmcsa_census,,,,
standard,CLIFTON HAYDEN,7139883425,mobile,trucking/logistics,HOUSTON,TX,fmcsa_census,,,,
standard,CASTELLA A WHITE,2812365201,mobile,trucking/logistics,HOUSTON,TX,fmcsa_census,,,,
standard,DONNY RAY ROGERS,3464794188,mobile,trucking/logistics,HOUSTON,TX,fmcsa_census,,,,
standard,A1 SHREDDING INC,8324434024,mobile,trucking/logistics,HOUSTON,TX,fmcsa_census,,,,
standard,AGAPITO OROZCO PEREZ,2814674046,mobile,trucking/logistics,HOUSTON,TX,fmcsa_census,,,,
standard,EM V P TRUCKING LLC,8327163971,mobile,trucking/logistics,HOUSTON,TX,fmcsa_census,,,,
standard,USA TOP CONTRACTORS INC,8325129989,mobile,trucking/logistics,PASADENA,TX,fmcsa_census,,,,
standard,ELIOBER BELTRAN GONZALEZ,3463420889,mobile,trucking/logistics,HOUSTON,TX,fmcsa_census,,,,
standard,GOLD COAST LOGISTICS LLC,8329150755,mobile,trucking/logistics,HOUSTON,TX,fmcsa_census,,,,
standard,KEM-LINE TRANSPORTATION LLC,3122859401,mobile,trucking/logistics,HOUSTON,TX,fmcsa_census,,,,
standard,JOSE ANTONIO ZEPEDA,8323395767,mobile,trucking/logistics,HOUSTON,TX,fmcsa_census,,,,
standard,UNITED TRADE TEXAS INC,2027149835,mobile,trucking/logistics,HOUSTON,TX,fmcsa_census,,,,
standard,MUNDO EXPRESS LOGISTIC LLC,8327602461,mobile,trucking/logistics,HOUSTON,TX,fmcsa_census,,,,
standard,FREDDY C TRANSPORTS LLC,4698181092,mobile,trucking/logistics,HOUSTON,TX,fmcsa_census,,,,
standard,TRM CHUBB LOGISTICS LLC,8328516890,mobile,trucking/logistics,HOUSTON,TX,fmcsa_census,,,,
standard,C COLLIGAN TRUCKING LLC,8324068741,mobile,trucking/logistics,HOUSTON,TX,fmcsa_census,,,,
standard,JJ BROTHERS READY MIX LLC,2814130606,mobile,trucking/logistics,HOUSTON,TX,fmcsa_census,,,,
standard,MIAMI PARTY TIME RIDE LLC,8608902336,mobile,trucking/logistics,HOUSTON,TX,fmcsa_census,,,,
standard,A & N FLORES TRANSPORTATION,2817031501,mobile,trucking/logistics,HOUSTON,TX,fmcsa_census,,,,
standard,ERMEJIL ESQUEDA,7139407139,mobile,trucking/logistics,HOUSTON,TX,fmcsa_census,,,,
standard,FLEITAS TRANSPORTATION LLC,8328126794,mobile,trucking/logistics,HOUSTON,TX,fmcsa_census,,,,
standard,DONNY R ROGERS,2818046742,mobile,trucking/logistics,HOUSTON,TX,fmcsa_census,,,,
standard,GLEM LOGISTICS,7133982596,mobile,trucking/logistics,HOUSTON,TX,fmcsa_census,,,,
standard,FRANCISCO MANCIA FERNANDEZ,8327412255,mobile,trucking/logistics,HOUSTON,TX,fmcsa_census,,,,
standard,MONTALBANO LUMBER COMPANY,7132289011,mobile,trucking/logistics,HOUSTON,TX,fmcsa_census,,,,
standard,RPS DEVELOPMENT LLC,2819155604,mobile,trucking/logistics,HOUSTON,TX,fmcsa_census,,,,
standard,EDUARDO A SALINAS,8322599059,mobile,trucking/logistics,HOUSTON,TX,fmcsa_census,,,,
standard,JLI LLC,8324230120,mobile,trucking/logistics,HOUSTON,TX,fmcsa_census,,,,
standard,SAWANTHIA TAYLOR,8326926127,mobile,trucking/logistics,HOUSTON,TX,fmcsa_census,,,,
standard,WILLIAMS HOLDING CORPORATION,8325639502,mobile,trucking/logistics,HOUSTON,TX,fmcsa_census,,,,
standard,ALAIN ULACIA,7863433186,mobile,trucking/logistics,HOUSTON,TX,fmcsa_census,,,,
standard,ALL IN MOTION TRUCKING LLC,8327573189,mobile,trucking/logistics,HOUSTON,TX,fmcsa_census,,,,
standard,LAKEESHA YVETTE HAGAN,2817434453,mobile,trucking/logistics,HOUSTON,TX,fmcsa_census,,,,
standard,MANAGING SOLUTION INC,2816906773,mobile,trucking/logistics,HOUSTON,TX,fmcsa_census,,,,
standard,MARIA E TORRES,8327672249,mobile,trucking/logistics,HOUSTON,TX,fmcsa_census,,,,
standard,ELMER TRUCKING LLC,3466743046,mobile,trucking/logistics,HOUSTON,TX,fmcsa_census,,,,
standard,PRECISION FLEET SERVICES LLC,5056460454,mobile,trucking/logistics,HOUSTON,TX,fmcsa_census,,,,
standard,STRIVERS SUPPORT LLC,2818652129,mobile,trucking/logistics,HOUSTON,TX,fmcsa_census,,,,
standard,KEY FORTUNES,3463648422,mobile,trucking/logistics,JERSEY VILLAGE,TX,fmcsa_census,,,,
standard,HERBERT A SANCHEZ,8327553192,mobile,trucking/logistics,HOUSTON,TX,fmcsa_census,,,,
standard,C & T GLOBAL POWER ENTERPRISES LLC,8325476463,mobile,trucking/logistics,HOUSTON,TX,fmcsa_census,,,,
standard,ARTURO CAVAZOS,8325736746,mobile,trucking/logistics,HOUSTON,TX,fmcsa_census,,,,
standard,SILVERBACK DELIVERY LLC,2814086778,mobile,trucking/logistics,HOUSTON,TX,fmcsa_census,,,,
standard,INTEGRATED DISTRIBUTION PARTNERS LLC,3462913512,mobile,trucking/logistics,HOUSTON,TX,fmcsa_census,,,,
standard,YBY TRANSPORT INC,8134697894,mobile,trucking/logistics,HOUSTON,TX,fmcsa_census,,,,
standard,JACKSON BABISA KAGEZA,7132919012,mobile,trucking/logistics,HOUSTON,TX,fmcsa_census,,,,
standard,GALLAR TRCUK & TRAILER GROUP LLC,8328052894,mobile,trucking/logistics,HOUSTON,TX,fmcsa_census,,,,
standard,OSCAR A BOJORQUEZ,8323705491,mobile,trucking/logistics,HOUSTON,TX,fmcsa_census,,,,
standard,VICTORIA OZENNE JOHNSON,2813002263,mobile,trucking/logistics,HOUSTON,TX,fmcsa_census,,,,
standard,MJ350 EXPRESS LLC,3373429571,mobile,trucking/logistics,HOUSTON,TX,fmcsa_census,,,,
standard,N-FAB INC,2818806322,mobile,trucking/logistics,HOUSTON,TX,fmcsa_census,,,,
standard,EMPEROR COACHES,6822564179,mobile,trucking/logistics,NORTH RICHLAND HILLS,TX,fmcsa_census,,,,
standard,ERNIE LEE WHITE,8179055034,mobile,trucking/logistics,FORT WORTH,TX,fmcsa_census,,,,
standard,FRESRO LIMITED LIABILITY COMPANY,2145241403,mobile,trucking/logistics,N RICHLAND HILLS,TX,fmcsa_census,,,,
standard,CHAPARRAL OG LLC,6822325664,mobile,trucking/logistics,FORT WORTH,TX,fmcsa_census,,,,
standard,LONE STAR TRACTOR AND EQUIPMENT LLC,9403678177,mobile,trucking/logistics,DENTON,TX,fmcsa_census,,,,
standard,EUBANK LOGISTICS LLC,8179079624,mobile,trucking/logistics,NORTH RICHLAND HILLS,TX,fmcsa_census,,,,
standard,ABE'S TOWING DFW LLC,6827778681,mobile,trucking/logistics,FORT WORTH,TX,fmcsa_census,,,,
standard,ALPHA CREW CONSTRUCTION LLC,8177939141,mobile,trucking/logistics,FORT WORTH,TX,fmcsa_census,,,,
standard,NOLIMITS CORP LLC,7084076744,mobile,trucking/logistics,FORT WORTH,TX,fmcsa_census,,,,
standard,COURTLEND ANDERSON,6828087191,mobile,trucking/logistics,FORT WORTH,TX,fmcsa_census,,,,
standard,DANNY CANALES,8178252325,mobile,trucking/logistics,FORT WORTH,TX,fmcsa_census,,,,
standard,MIGUEL FRASCO,2814097479,mobile,trucking/logistics,HOUSTON,TX,fmcsa_census,,,,
standard,SAMUEL R MYERS,8323584637,mobile,trucking/logistics,HOUSTON,TX,fmcsa_census,,,,
standard,TRANSPORTES REAL TOUR USA LLC,4055635403,mobile,trucking/logistics,HOUSTON,TX,fmcsa_census,,,,
standard,SSTEVENSON LOGISTICS,9732626510,mobile,trucking/logistics,HOUSTON,TX,fmcsa_census,,,,
standard,CARTER COX LOGISTICS LLC,2816839574,mobile,trucking/logistics,HOUSTON,TX,fmcsa_census,,,,
standard,JD 1ST CLASS SERVICES LLC,8325736760,mobile,trucking/logistics,HOUSTON,TX,fmcsa_census,,,,
standard,CUAUHTEMOC ALFONSO GUILLEN,7136890285,mobile,trucking/logistics,HOUSTON,TX,fmcsa_census,,,,
standard,NDJ INVESTMENTS INCORPORATION,8322736307,mobile,trucking/logistics,HOUSTON,TX,fmcsa_census,,,,
standard,ERNESTO TORRADO,2815705657,mobile,trucking/logistics,HOUSTON,TX,fmcsa_census,,,,
standard,NBN TRUCKING LLC,8324594815,mobile,trucking/logistics,HOUSTON,TX,fmcsa_census,,,,
standard,MANUEL ROMERO,8323982796,mobile,trucking/logistics,HOUSTON,TX,fmcsa_census,,,,
standard,TRI-COUNTY TOWING,7137326034,mobile,trucking/logistics,HOUSTON,TX,fmcsa_census,,,,
standard,SAFE TRANSPORT DFC LLC,6035544801,mobile,trucking/logistics,HOUSTON,TX,fmcsa_census,,,,
standard,BAWSIE & GORILLA HOLDINGS INC,8326669664,mobile,trucking/logistics,HOUSTON,TX,fmcsa_census,,,,
standard,OTW LOGISTICS LLC,3453158747,mobile,trucking/logistics,HOUSTON,TX,fmcsa_census,,,,
standard,RNT RESOURCES LLC,8505974523,mobile,trucking/logistics,HOUSTON,TX,fmcsa_census,,,,
standard,CITATION OIL & GAS CORP,7132490732,mobile,trucking/logistics,HOUSTON,TX,fmcsa_census,,,,
standard,WHITE FANG TRANSPORTATION LLC,7133809863,mobile,trucking/logistics,HOUSTON,TX,fmcsa_census,,,,
standard,ELLIOTT TAYLOR,8326913071,mobile,trucking/logistics,HOUSTON,TX,fmcsa_census,,,,
standard,KIRK D SUMNER,7133800087,mobile,trucking/logistics,HOUSTON,TX,fmcsa_census,,,,
standard,CHAMPION FREIGHT SOLUTIONS LLC,2819447449,mobile,trucking/logistics,HOUSTON,TX,fmcsa_census,,,,
standard,JM TRUCKING HTX LLC,8323616470,mobile,trucking/logistics,HOUSTON,TX,fmcsa_census,,,,
standard,HENRY EVANS & JANICE COLVIN-EVANS,8327448767,mobile,trucking/logistics,HOUSTON,TX,fmcsa_census,,,,
standard,H & H DYNASTY LOGISTIX LLC,3465788491,mobile,trucking/logistics,HOUSTON,TX,fmcsa_census,,,,
standard,KIJE VENTURES LLC,8323900058,mobile,trucking/logistics,HOUSTON,TX,fmcsa_census,,,,
standard,LOOK AT ERIC ENTERPRISE,2813875320,mobile,trucking/logistics,HOUSTON,TX,fmcsa_census,,,,
standard,ELMER R RODRIGUEZ,3463703225,mobile,trucking/logistics,CLEVELAND,TX,fmcsa_census,,,,
standard,BW TRANSPORTS,7132026142,mobile,trucking/logistics,HOUSTON,TX,fmcsa_census,,,,
standard,DAIRON LOPEZ SOLANO,2816672139,mobile,trucking/logistics,HOUSTON,TX,fmcsa_census,,,,
standard,ALFREDO GARRIGA MARTINEZ,8325576612,mobile,trucking/logistics,HOUSTON,TX,fmcsa_census,,,,
standard,LOCKED & LOADED LOGISTICS LLC,8329462070,mobile,trucking/logistics,HOUSTON,TX,fmcsa_census,,,,
standard,GOVERNED SERVICES LLC,6016782399,mobile,trucking/logistics,HOUSTON,TX,fmcsa_census,,,,
standard,WILBERT ROBINSON,3462884966,mobile,trucking/logistics,HOUSTON,TX,fmcsa_census,,,,
standard,HERALDO J SILVA,8327929033,mobile,trucking/logistics,HOUSTON,TX,fmcsa_census,,,,
standard,R&S ELITE TRANSPORT LLC,4074618287,mobile,trucking/logistics,HOUSTON,TX,fmcsa_census,,,,
standard,S&A CONNECTION LLC,3464344803,mobile,trucking/logistics,HOUSTON,TX,fmcsa_census,,,,
standard,MARGNUS IBE,7133200445,mobile,trucking/logistics,HOUSTON,TX,fmcsa_census,,,,
standard,MDO LOGISTICS LLC,8326786692,mobile,trucking/logistics,HOUSTON,TX,fmcsa_census,,,,
standard,BUREAU VERITAS COMMODITIES AND TRADE,8328302202,mobile,trucking/logistics,HOUSTON,TX,fmcsa_census,,,,
standard,ALAMOS TRUCKING LLC,8323664688,mobile,trucking/logistics,HOUSTON,TX,fmcsa_census,,,,
standard,TANKBOTS LLC,7134960400,mobile,trucking/logistics,HOUSTON,TX,fmcsa_census,,,,
standard,PCLARK LOGISTICS LLC,7138753725,mobile,trucking/logistics,HOUSTON,TX,fmcsa_census,,,,
standard,MARIO CARRILLO MARIN,8328843070,mobile,trucking/logistics,HOUSTON,TX,fmcsa_census,,,,
standard,UNIQUE LOGISTICS INC,8326601791,mobile,trucking/logistics,HOUSTON,TX,fmcsa_census,,,,
standard,FIRST CHOICE FREIGHT LLC,2817460563,mobile,trucking/logistics,HOUSTON,TX,fmcsa_census,,,,
standard,BETHANY EXPRESS LLC,7138350845,mobile,trucking/logistics,HOUSTON,TX,fmcsa_census,,,,
standard,HOUSTON DISTRIBUTING COMPANY INC,2818802721,mobile,trucking/logistics,HOUSTON,TX,fmcsa_census,,,,
standard,VM&A TRANSPORTATION LLC,8652836100,mobile,trucking/logistics,HOUSTON,TX,fmcsa_census,,,,
standard,OMAR MAREN-GUEVARA,8323503636,mobile,trucking/logistics,HOUSTON,TX,fmcsa_census,,,,
standard,HTX LOGISTICS LLC,2814367651,mobile,trucking/logistics,HOUSTON,TX,fmcsa_census,,,,
standard,LB EQUIPMENT,7134786723,mobile,trucking/logistics,HOUSTON,TX,fmcsa_census,,,,
standard,LIQUIDS IN MOTION USA INC,7808196732,mobile,trucking/logistics,HOUSTON,TX,fmcsa_census,,,,
standard,LESTER BRYANT & BRIDGET BRYANT,2815870794,mobile,trucking/logistics,HOUSTON,TX,fmcsa_census,,,,
standard,TARUNG ENTERPRISES INCORPORATED,8322333342,mobile,trucking/logistics,HOUSTON,TX,fmcsa_census,,,,
standard,DMD TRUCKING INC,8326511302,mobile,trucking/logistics,HOUSTON,TX,fmcsa_census,,,,
standard,PROLOAD SERVICES,8324104509,mobile,trucking/logistics,HOUSTON,TX,fmcsa_census,,,,
standard,MOM-N-POPS MOVING LLC,8324700740,mobile,trucking/logistics,HOUSTON,TX,fmcsa_census,,,,
standard,NATURES TREE REMOVAL,7138249036,mobile,trucking/logistics,HOUSTON,TX,fmcsa_census,,,,
standard,MELIAH LLC,8322287139,mobile,trucking/logistics,HOUSTON,TX,fmcsa_census,,,,
standard,JUNIUS HOLLAND EAGLIN,2817097959,mobile,trucking/logistics,HOUSTON,TX,fmcsa_census,,,,
standard,LUIS ACOSTA HERNANDEZ,3464003020,mobile,trucking/logistics,HOUSTON,TX,fmcsa_census,,,,
standard,VP FREIGHT SOLUTIONS LLC,4146769206,mobile,trucking/logistics,HOUSTON,TX,fmcsa_census,,,,
standard,INNOVATION MOBILE SIMULATOR LLC,2816400310,mobile,trucking/logistics,HOUSTON,TX,fmcsa_census,,,,
standard,REYES M TRUCKING ENTERPRISE LLC,3052447553,mobile,trucking/logistics,HOUSTON,TX,fmcsa_census,,,,
standard,PREMIER INTERSTATE LOGISTICS LLC,2814162612,mobile,trucking/logistics,HOUSTON,TX,fmcsa_census,,,,
standard,RIGHT CHOICE TRANSPORTATION LLC,8322563743,mobile,trucking/logistics,HOUSTON,TX,fmcsa_census,,,,
standard,FLYGUY COURIER SERVICE LLC,2817813597,mobile,trucking/logistics,HOUSTON,TX,fmcsa_census,,,,
standard,CABOS MARGARITO JIMENEZ,7136356912,mobile,trucking/logistics,HOUSTON,TX,fmcsa_census,,,,
standard,TEAM G & K TRUCKING LLC,7139936850,mobile,trucking/logistics,HOUSTON,TX,fmcsa_census,,,,
standard,SUBLET TRANSPORT SERVICES LLC,8174497269,mobile,trucking/logistics,FORT WORTH,TX,fmcsa_census,,,,
standard,JE TURNER TRANSPORT,8179078274,mobile,trucking/logistics,FORT WORTH,TX,fmcsa_census,,,,
standard,MUSCLE STAR TRANSPORT LLC,8179836993,mobile,trucking/logistics,FORT WORTH,TX,fmcsa_census,,,,
standard,METRO TRANSPORT INC,8175898338,mobile,trucking/logistics,RICHANDLAND HILLS,TX,fmcsa_census,,,,
standard,VERONICA VALADARES,8329432150,mobile,trucking/logistics,HOUSTON,TX,fmcsa_census,,,,
standard,OBI TRANSPORT INC,8325445112,mobile,trucking/logistics,HOUSTON,TX,fmcsa_census,,,,
standard,DOERS FREIGHT SOLUTIONS LLC,8324107236,mobile,trucking/logistics,HOUSTON,TX,fmcsa_census,,,,
standard,DKAAAK TRUCKING LLC,2812533280,mobile,trucking/logistics,HOUSTON,TX,fmcsa_census,,,,
standard,JAT INTEREST LLC,8328180357,mobile,trucking/logistics,HOUSTON,TX,fmcsa_census,,,,
standard,OMICRON ELECTRONICS CORP USA,7135427153,mobile,trucking/logistics,HOUSTON,TX,fmcsa_census,,,,
standard,TOMAS BRIONES,7138629999,mobile,trucking/logistics,HOUSTON,TX,fmcsa_census,,,,
standard,DJ TRANSPORTATION LLC,8328884034,mobile,trucking/logistics,HOUSTON,TX,fmcsa_census,,,,
standard,DOUBLE R BRAND FOODS,2813423749,mobile,trucking/logistics,HOUSTON,TX,fmcsa_census,,,,
standard,RAYA GLOBAL LLC,7132020589,mobile,trucking/logistics,HOUSTON,TX,fmcsa_census,,,,
standard,HELICAL PIER SYSTEMS INC,2817427755,mobile,trucking/logistics,HOUSTON,TX,fmcsa_census,,,,
standard,LEO'S TRANSPORT LLC,2815941491,mobile,trucking/logistics,HOUSTON,TX,fmcsa_census,,,,
standard,25OURSLOGISTICSLLC,8327055453,mobile,trucking/logistics,HOUSTON,TX,fmcsa_census,,,,
standard,A&E THE RICH TWIN LLC,8144319378,mobile,trucking/logistics,HOUSTON,TX,fmcsa_census,,,,
standard,VICTOR ANTONIO GUTIERREZ,8325386120,mobile,trucking/logistics,HOUSTON,TX,fmcsa_census,,,,
standard,ROY BUSBY TRUCKING LLC,2814587827,mobile,trucking/logistics,HOUSTON,TX,fmcsa_census,,,,
standard,RJB LEGACY GROUP LLC,2817360801,mobile,trucking/logistics,HOUSTON,TX,fmcsa_census,,,,
standard,JESSICA ORTIZ,7132899171,mobile,trucking/logistics,HOUSTON,TX,fmcsa_census,,,,
standard,ABYR TRUCKING CO,2813039107,mobile,trucking/logistics,HOUSTON,TX,fmcsa_census,,,,
standard,DUCK FORCE LLC,3464532823,mobile,trucking/logistics,HOUSTON,TX,fmcsa_census,,,,
standard,ISNOIDES DOMINGUEZ PENA,8328059010,mobile,trucking/logistics,HOUSTON,TX,fmcsa_census,,,,
standard,A K C ENTERPRISES INC,8326056714,mobile,trucking/logistics,HOUSTON,TX,fmcsa_census,,,,
standard,SUPERGOLD TRUCKING LLC,6785712088,mobile,trucking/logistics,HOUSTON,TX,fmcsa_census,,,,
standard,BARNES AND WADE LLC,7132016941,mobile,trucking/logistics,HOUSTON,TX,fmcsa_census,,,,
standard,P&P EXPRESS SHIPPING LLC,8327717623,mobile,trucking/logistics,HOUSTON,TX,fmcsa_census,,,,
standard,SALVADOR M ARGUETA,8327166996,mobile,trucking/logistics,HOUSTON,TX,fmcsa_census,,,,
standard,TOMNESHA-MICHELLE GALENTINE,8329291095,mobile,trucking/logistics,HOUSTON,TX,fmcsa_census,,,,
standard,SIDNEY JONES LLC,2813159080,mobile,trucking/logistics,HOUSTON,TX,fmcsa_census,,,,
standard,GENESIS PAOLA COTO GALDAMEZ,7133674715,mobile,trucking/logistics,HOUSTON,TX,fmcsa_census,,,,
standard,TRU TRANSPORT LLC,5707307720,mobile,trucking/logistics,HOUSTON,TX,fmcsa_census,,,,
standard,MC SURFACES INC,2817841700,mobile,trucking/logistics,HOUSTON,TX,fmcsa_census,,,,
standard,R&M CAR HAULER LLC,3463375821,mobile,trucking/logistics,HOUSTON,TX,fmcsa_census,,,,
standard,HC HAULING LLC,8327548916,mobile,trucking/logistics,HOUSTON,TX,fmcsa_census,,,,
standard,ICECOLD DELIVERY LLC,8179199208,mobile,trucking/logistics,HOUSTON,TX,fmcsa_census,,,,
standard,C&E FREIGHT SERVICES CO,2816205568,mobile,trucking/logistics,HOUSTON,TX,fmcsa_census,,,,
standard,DGC TRUCKING SERVICES LLC,7864705751,mobile,trucking/logistics,HOUSTON,TX,fmcsa_census,,,,
standard,JUMPSTART MOVERS,8329940878,mobile,trucking/logistics,HOUSTON,TX,fmcsa_census,,,,
standard,GARUDA GROUP LLC,8324753134,mobile,trucking/logistics,HOUSTON,TX,fmcsa_census,,,,
standard,BO BO TRANSPORTATION LLC,8328617777,mobile,trucking/logistics,HOUSTON,TX,fmcsa_census,,,,
standard,DIZOE TRUCKING LLC,2818314533,mobile,trucking/logistics,HOUSTON,TX,fmcsa_census,,,,
standard,VELEZ CONSTRUCTION SERVICES LLC,8325262879,mobile,trucking/logistics,HOUSTON,TX,fmcsa_census,,,,
standard,SUPER EXCEED EXPRESS LLC,8325780796,mobile,trucking/logistics,HOUSTON,TX,fmcsa_census,,,,
standard,GABRIEL A CANIZALEZ,8327979685,mobile,trucking/logistics,HOUSTON,TX,fmcsa_census,,,,
standard,M.N.M ENTERPRISES,8329842172,mobile,trucking/logistics,HOUSTON,TX,fmcsa_census,,,,
standard,D&Q TRANSPORTATION SERVICES LLC,8177032256,mobile,trucking/logistics,SAGINAW,TX,fmcsa_census,,,,
standard,ME&V INDUSTRIES LLC,8284178272,mobile,trucking/logistics,FORT WORTH,TX,fmcsa_census,,,,
standard,MMG EXPRESS LLC,6822988007,mobile,trucking/logistics,FORT WORTH,TX,fmcsa_census,,,,
standard,DHUROOPAN LLC,6823511810,mobile,trucking/logistics,NORTH RICHLAND HILLS,TX,fmcsa_census,,,,
standard,LAP TRANSIT LLC,6825572750,mobile,trucking/logistics,FORT WORTH,TX,fmcsa_census,,,,
standard,JOVANY SORIANO,7865177204,mobile,trucking/logistics,FORT WORTH,TX,fmcsa_census,,,,
standard,KILLER MOTORSPORTS LLC,6822382689,mobile,trucking/logistics,FORT WORTH,TX,fmcsa_census,,,,
standard,BLUE FROG MOVERS LLC,8133910299,mobile,trucking/logistics,DENTON,TX,fmcsa_census,,,,
standard,A&A TRUCKING WORX,8177136409,mobile,trucking/logistics,FORT WORTH,TX,fmcsa_census,,,,
standard,JIMMY STRONG,8179177760,mobile,trucking/logistics,FOREST HILL,TX,fmcsa_census,,,,
standard,MFMC FINANCIAL SERVICES INC,8177264677,mobile,trucking/logistics,NORTH RICHLAND HILLS,TX,fmcsa_census,,,,
standard,TRJ TRUCKING INC,8174834569,mobile,trucking/logistics,FORT WORTH,TX,fmcsa_census,,,,
standard,D&J TRUCKING 4095 LLC,8322891170,mobile,trucking/logistics,HOUSTON,TX,fmcsa_census,,,,
standard,ALBERTO V DIGAT,8324078092,mobile,trucking/logistics,HOUSTON,TX,fmcsa_census,,,,
standard,ANAISA RODRIGUEZ,2813305530,mobile,trucking/logistics,HOUSTON,TX,fmcsa_census,,,,
standard,OBED VACA MORALES,7134809358,mobile,trucking/logistics,HOUSTON,TX,fmcsa_census,,,,
standard,PHOENECIAN MERITIME,2815416440,mobile,trucking/logistics,HOUSTON,TX,fmcsa_census,,,,
standard,HIGHWAY BOND EXPRESS LLC,8329491036,mobile,trucking/logistics,HOUSTON,TX,fmcsa_census,,,,
standard,M & F TRUCKING LLC,8323106350,mobile,trucking/logistics,HOUSTON,TX,fmcsa_census,,,,
standard,ACE GLO TRANSPORT LLC,8323734611,mobile,trucking/logistics,HOUSTON,TX,fmcsa_census,,,,
standard,JULIO BONILLA,8323842616,mobile,trucking/logistics,HOUSTON,TX,fmcsa_census,,,,
standard,ROLLING BILLBOARDS INC,7138682821,mobile,trucking/logistics,HOUSTON,TX,fmcsa_census,,,,
standard,MATTCO TRUCKING LLC,8324998157,mobile,trucking/logistics,HOUSTON,TX,fmcsa_census,,,,
standard,LAZARO M PENA,8322739270,mobile,trucking/logistics,HOUSTON,TX,fmcsa_census,,,,
standard,FOXX MOVERS FOXX BOXX INC,2818281000,mobile,trucking/logistics,HOUSTON,TX,fmcsa_census,,,,
standard,CARLOS PICHARDO,8327460191,mobile,trucking/logistics,HOUSTON,TX,fmcsa_census,,,,
standard,DEONTE THOMAS,2815968843,mobile,trucking/logistics,HOUSTON,TX,fmcsa_census,,,,
standard,LIGHT LOAD SERVICES TRANSPORT AND CARRIER LLC,2814336887,mobile,trucking/logistics,HOUSTON,TX,fmcsa_census,,,,
standard,FIDATO INTER-CARRIER LLC,8323080588,mobile,trucking/logistics,HOUSTON,TX,fmcsa_census,,,,
standard,IM EXPRESS LLC,8328800680,mobile,trucking/logistics,HOUSTON,TX,fmcsa_census,,,,
standard,XIOMARA IVON RAMOS,5404088125,mobile,trucking/logistics,HOUSTON,TX,fmcsa_census,,,,
standard,ANDRE L WHITFIELD,8328168343,mobile,trucking/logistics,HOUSTON,TX,fmcsa_census,,,,
standard,TODOR DIMITROV KIRKOV,8326058265,mobile,trucking/logistics,HOUSTON,TX,fmcsa_census,,,,
standard,CINGA TRANSPORT LLC,8328019724,mobile,trucking/logistics,HOUSTON,TX,fmcsa_census,,,,
standard,HERMER VASQUEZ,2817733485,mobile,trucking/logistics,HOUSTON,TX,fmcsa_census,,,,
standard,JIMMY TRUCKING INC,8326226167,mobile,trucking/logistics,HOUSTON,TX,fmcsa_census,,,,
standard,CESRA C ARGUETA,8322310466,mobile,trucking/logistics,HOUSTON,TX,fmcsa_census,,,,
standard,MOSHOOD OLAWALE KAREEM,8322421583,mobile,trucking/logistics,HOUSTON,TX,fmcsa_census,,,,
standard,BENJAMIN ROSALES ALVAREZ,8324341450,mobile,trucking/logistics,HOUSTON,TX,fmcsa_census,,,,
standard,E S TRANSPORTATION LLC,8325743647,mobile,trucking/logistics,HOUSTON,TX,fmcsa_census,,,,
standard,J'BROMFIELD TRUCKING LLC,7135390306,mobile,trucking/logistics,HOUSTON,TX,fmcsa_census,,,,
standard,G RELIABLE TRANSPORTATION LLC,7028568168,mobile,trucking/logistics,HOUSTON,TX,fmcsa_census,,,,
standard,MYG LOGISTICS LLC,7138583425,mobile,trucking/logistics,HOUSTON,TX,fmcsa_census,,,,
standard,MARTIN SALAZAR JR,8327184469,mobile,trucking/logistics,HOUSTON,TX,fmcsa_census,,,,
standard,PROTEX TRANSPORTATION LLC,2817957851,mobile,trucking/logistics,HOUSTON,TX,fmcsa_census,,,,
standard,3RD COAST LOGISTICS LLC,2817778251,mobile,trucking/logistics,HOUSTON,TX,fmcsa_census,,,,
standard,UBALDO ESPARZA,2815209596,mobile,trucking/logistics,HOUSTON,TX,fmcsa_census,,,,
standard,LOZA'S TRUCKING,8326613805,mobile,trucking/logistics,HOUSTON,TX,fmcsa_census,,,,
standard,ELMAR TRANSPORT LLC,3462816952,mobile,trucking/logistics,HOUSTON,TX,fmcsa_census,,,,
standard,BLUE MOON CARGO LLC,8323982758,mobile,trucking/logistics,HOUSTON,TX,fmcsa_census,,,,
standard,MCQUEEN TRUCKING CO,5046235687,mobile,trucking/logistics,HOUSTON,TX,fmcsa_census,,,,
standard,EASY CAR HAULER,2816624819,mobile,trucking/logistics,HOUSTON,TX,fmcsa_census,,,,
standard,MAURO CALDERON MENDIOLA,8325262626,mobile,trucking/logistics,HOUSTON,TX,fmcsa_census,,,,
standard,MBPS TRUCKING LLC,3463238028,mobile,trucking/logistics,HOUSTON,TX,fmcsa_census,,,,
standard,MARISOL CORRALES SURIS,8323221288,mobile,trucking/logistics,HOUSTON,TX,fmcsa_census,,,,
standard,JASON F ARCIDIACONO,2814603067,mobile,trucking/logistics,HOUSTON,TX,fmcsa_census,,,,
standard,NNNNNNNNNNNNNNNNNNN,7135432211,mobile,trucking/logistics,HOUSTON,TX,fmcsa_census,,,,
standard,FREIGHTWAY TRUCKING LLC,7139983711,mobile,trucking/logistics,HOUSTON,TX,fmcsa_census,,,,
standard,QUAN H VU,7132401035,mobile,trucking/logistics,HOUSTON,TX,fmcsa_census,,,,
standard,TRIPLE J HAULER LLC,8326794441,mobile,trucking/logistics,HOUSTON,TX,fmcsa_census,,,,
standard,PRIME TEX TRANSPORT LLC,3463499187,mobile,trucking/logistics,HOUSTON,TX,fmcsa_census,,,,
standard,WILMAR MONROY,2819895776,mobile,trucking/logistics,HOUSTON,TX,fmcsa_census,,,,
standard,KBELLE-1 LLC,7134594122,mobile,trucking/logistics,HOUSTON,TX,fmcsa_census,,,,
standard,TURNKEY HOSPITALITY SOLUTIONS LLC,8329197174,mobile,trucking/logistics,HOUSTON,TX,fmcsa_census,,,,
standard,ADARDI EXPRESS LLC,8323285336,mobile,trucking/logistics,HOUSTON,TX,fmcsa_census,,,,
standard,PDW 7 TRUCKING LLC,2817453676,mobile,trucking/logistics,HOUSTON,TX,fmcsa_census,,,,
standard,CLEANWAVE SOLUTIONS LLC,8329524462,mobile,trucking/logistics,HOUSTON,TX,fmcsa_census,,,,
standard,M R DAVISON LOGISTICS LLC,2817571765,mobile,trucking/logistics,HOUSTON,TX,fmcsa_census,,,,
standard,JTS LAND WORKS LLC,8329288365,mobile,trucking/logistics,HOUSTON,TX,fmcsa_census,,,,
standard,JUNIOR'S TRUCKING CORPORATION,3462973417,mobile,trucking/logistics,HOUSTON,TX,fmcsa_census,,,,
standard,SERVIN ZARAGOZA TRUCKING LLC,8177145883,mobile,trucking/logistics,FORT WORTH,TX,fmcsa_census,,,,
standard,A-KALILE LLC,4023029086,mobile,trucking/logistics,FORT WORTH,TX,fmcsa_census,,,,
standard,FRANCO'S HAULING & TRUCKING LLC,6824501212,mobile,trucking/logistics,FORT WORTH,TX,fmcsa_census,,,,
standard,JUAN JOSE FRANCO,8179297683,mobile,trucking/logistics,FORT WORTH,TX,fmcsa_census,,,,
standard,LYFT5 LLC,8179383832,mobile,trucking/logistics,FORT WORTH,TX,fmcsa_census,,,,
standard,TEXAS TRAILS TRUCKING LLC,2142566650,mobile,trucking/logistics,FORT WORTH,TX,fmcsa_census,,,,
standard,UNITED EXPRESS TRANSPORT LLC,9402977955,mobile,trucking/logistics,CORINTH,TX,fmcsa_census,,,,
standard,KGA GLOBAL LOGISTICS LLC,4328882596,mobile,trucking/logistics,N RICHLND HLS,TX,fmcsa_census,,,,
standard,BY GRACE TRANSPORTATION LLC,8178994318,mobile,trucking/logistics,FORT WORTH,TX,fmcsa_census,,,,
standard,OSIKANII LOGISTICS INCORPORATED,2145865270,mobile,trucking/logistics,FORT WORTH,TX,fmcsa_census,,,,
standard,IJA TRANSPORTATION LLC,8178451747,mobile,trucking/logistics,HALTOM CITY,TX,fmcsa_census,,,,
standard,MC LUMBER CO,8173715760,mobile,trucking/logistics,FORT WORTH,TX,fmcsa_census,,,,
standard,J CORWIN ENTERPRISES LLC,8177214548,mobile,trucking/logistics,CORINTH,TX,fmcsa_census,,,,
standard,AVG TRANSPORT LLC,9726790132,mobile,trucking/logistics,CORINTH,TX,fmcsa_census,,,,
standard,LUX TRANSPORT INC,2144009317,mobile,trucking/logistics,CORINTH,TX,fmcsa_census,,,,
standard,SOUTHERN RENEWABLES LLC,6822777391,mobile,trucking/logistics,FORT WORTH,TX,fmcsa_census,,,,
standard,WORLDS OF WOW INC,8173804215,mobile,trucking/logistics,ARGYLE,TX,fmcsa_census,,,,
standard,STRUP TRANSPORT LLC,8179051582,mobile,trucking/logistics,FORT WORTH,TX,fmcsa_census,,,,
standard,OKIE COACH LLC,9186505018,mobile,trucking/logistics,CORINTH,TX,fmcsa_census,,,,
standard,ADVANTAGEOUS MANAGEMENT LLC,9724412159,mobile,trucking/logistics,FORT WORTH,TX,fmcsa_census,,,,
standard,MONTOYA'S TRUCKING AND TRANSPORTATION LLC,9403893953,mobile,trucking/logistics,FORT WORTH,TX,fmcsa_census,,,,
standard,D&E TRUCKING,8176809312,mobile,trucking/logistics,FORT WORTH,TX,fmcsa_census,,,,
standard,LOUIS AMBROSE JR,6822036474,mobile,trucking/logistics,FORT WORTH,TX,fmcsa_census,,,,
standard,WBVENTURECAPITAL LLC,7756714678,mobile,trucking/logistics,FORT WORTH,TX,fmcsa_census,,,,
standard,VERSATILE LOGISTICS LLC,8177238501,mobile,trucking/logistics,FORT WORTH,TX,fmcsa_census,,,,
standard,PIONEER TRANSPORTATION & LOGISTICS LLC,2146935273,mobile,trucking/logistics,FORT WORTH,TX,fmcsa_census,,,,
standard,WESLEY JOE CROSSLIN,8172019311,mobile,trucking/logistics,FORT WORTH,TX,fmcsa_census,,,,
standard,SWEET DUMPS LLC,8176770040,mobile,trucking/logistics,FORT WORTH,TX,fmcsa_census,,,,
standard,JOSUE JALAPA,8176633054,mobile,trucking/logistics,FT WORTH,TX,fmcsa_census,,,,
standard,NGK CONSTRUCTION LLC,2144939423,mobile,trucking/logistics,ARGYLE,TX,fmcsa_census,,,,
standard,JAM TRANZ LLC,8179943108,mobile,trucking/logistics,FORT WORTH,TX,fmcsa_census,,,,
standard,RAMACHER TRANSPORT,9402089965,mobile,trucking/logistics,DENTON,TX,fmcsa_census,,,,
standard,REAL LIFTERS LLC,4143123303,mobile,trucking/logistics,SAGINAW,TX,fmcsa_census,,,,
standard,AZIZI HUSSEIN,4023015256,mobile,trucking/logistics,NORTH RICHLAND HILLS,TX,fmcsa_census,,,,
standard,INTEGRITY WELDING SERVICES LLC,9403902707,mobile,trucking/logistics,BARTOVILLE,TX,fmcsa_census,,,,
standard,HUITRON TRUCKING LLC,8177049408,mobile,trucking/logistics,FORT WORTH,TX,fmcsa_census,,,,
standard,ROMANO LOGISTICS LLC,8322676394,mobile,trucking/logistics,HOUSTON,TX,fmcsa_census,,,,
standard,FARD FLY INC,3176665522,mobile,trucking/logistics,HOUSTON,TX,fmcsa_census,,,,
standard,MARCO ANTONIO RODRIGUEZ FOREIGN GRANTOR TRUST,9566057392,mobile,trucking/logistics,HOUSTON,TX,fmcsa_census,,,,
standard,WILLIAM SMITH ASPHALT PAVING LLC,8324737283,mobile,trucking/logistics,HOUSTON,TX,fmcsa_census,,,,
standard,TEXAS INTERNATIONAL OILFIELD TOOLS LTD,2814473980,mobile,trucking/logistics,HOUSTON,TX,fmcsa_census,,,,
standard,RT TRANSPORT EXPRESS LLC,3463993657,mobile,trucking/logistics,HOUSTON,TX,fmcsa_census,,,,
standard,TRANSREGIO11 LLC,8324053431,mobile,trucking/logistics,HOUSTON,TX,fmcsa_census,,,,
standard,GLAMOK INC,8328903406,mobile,trucking/logistics,HOUSTON,TX,fmcsa_census,,,,
standard,ROSH TRANSPORTATION LLC,8327549658,mobile,trucking/logistics,HOUSTON,TX,fmcsa_census,,,,
standard,TEFANI TRUCKING LLC,8328478539,mobile,trucking/logistics,HOUSTON,TX,fmcsa_census,,,,
standard,GULF COAST ENTERPRISES LLC,9364435436,mobile,trucking/logistics,HOUSTON,TX,fmcsa_census,,,,
standard,ALOHA TRANSPORTATION SERVICES INC,7136265466,mobile,trucking/logistics,HOUSTON,TX,fmcsa_census,,,,
standard,SM TRUCKING & LOGISTICS LLC,7132983918,mobile,trucking/logistics,HOUSTON,TX,fmcsa_census,,,,
standard,BRADLEY J FISH INC,7139412800,mobile,trucking/logistics,HOUSTON,TX,fmcsa_census,,,,
standard,SEGUNDO ABREGO JR,7136459681,mobile,trucking/logistics,HOUSTON,TX,fmcsa_census,,,,
standard,EZ HAUL,8134222675,mobile,trucking/logistics,HOUSTON,TX,fmcsa_census,,,,
standard,MOUSS & NASS TRANSPORTATION LLC,2815338079,mobile,trucking/logistics,HOUSTON,TX,fmcsa_census,,,,
standard,INALVIS BORDES DEL TORO,8326545267,mobile,trucking/logistics,HOUSTON,TX,fmcsa_census,,,,
standard,KC TRANSPORT LLC,3462704410,mobile,trucking/logistics,HOUSTON,TX,fmcsa_census,,,,
standard,OJEI TRANSPORT LLC,3462820063,mobile,trucking/logistics,HOUSTON,TX,fmcsa_census,,,,
standard,RANGER SPECIALIZED GLASS INC,2818213777,mobile,trucking/logistics,HOUSTON,TX,fmcsa_census,,,,
standard,1ST HAND DELIVERY SERVICE,2813001690,mobile,trucking/logistics,HOUSTON,TX,fmcsa_census,,,,
standard,DOUBLE J EXPRESS,8326751557,mobile,trucking/logistics,HOUSTON,TX,fmcsa_census,,,,
standard,J&M TRUCKING,8323590718,mobile,trucking/logistics,HOUSTON,TX,fmcsa_census,,,,
standard,FLAVIO BALTAZAR CISNEROS,2818580797,mobile,trucking/logistics,HOUSTON,TX,fmcsa_census,,,,
standard,LUCY SARAHI RODRIGUEZ AUCEDA,7134431313,mobile,trucking/logistics,HOUSTON,TX,fmcsa_census,,,,
standard,SUKHMAN TRANSPORT LLC,8329076612,mobile,trucking/logistics,HOUSTON,TX,fmcsa_census,,,,
standard,F J A TRANSPORT LLC,7139798461,mobile,trucking/logistics,HOUSTON,TX,fmcsa_census,,,,
standard,PLCJ TRANSPORTATION LLC,8325933539,mobile,trucking/logistics,HOUSTON,TX,fmcsa_census,,,,
standard,OEO FREIGHT LLC,7136203314,mobile,trucking/logistics,HOUSTON,TX,fmcsa_census,,,,
standard,MOUNTAIN KING 20 LLC,3053319222,mobile,trucking/logistics,HOUSTON,TX,fmcsa_census,,,,
standard,ZERPARRAIZ TRANSPORTATION LLC,3464655677,mobile,trucking/logistics,HOUSTON,TX,fmcsa_census,,,,
standard,O&M TRUCKING LLC,8329881851,mobile,trucking/logistics,HOUSTON,TX,fmcsa_census,,,,
standard,J&M FREIGHT SOLUTIONS LLC,2813486310,mobile,trucking/logistics,HOUSTON,TX,fmcsa_census,,,,
standard,ALEJANDRO CARS AND TRUCKS INC,7138478201,mobile,trucking/logistics,HOUSTON,TX,fmcsa_census,,,,
standard,CKKL TRANSPORTATION LLC,8323066135,mobile,trucking/logistics,HOUSTON,TX,fmcsa_census,,,,
standard,J N C AUTO LLC,2819228912,mobile,trucking/logistics,HOUSTON,TX,fmcsa_census,,,,
standard,BLESSED DELIVERY LLC,7134014061,mobile,trucking/logistics,HOUSTON,TX,fmcsa_census,,,,
standard,JORGE ALBERTO CHAVEZ,8322863453,mobile,trucking/logistics,HOUSTON,TX,fmcsa_census,,,,
standard,ALBERTO ISAAC GRAU,7135725496,mobile,trucking/logistics,HOUSTON,TX,fmcsa_census,,,,
standard,3TREES LOGISTICS INC,7134223255,mobile,trucking/logistics,HOUSTON,TX,fmcsa_census,,,,
standard,JMC TRUCK LLC,8324384167,mobile,trucking/logistics,HOUSTON,TX,fmcsa_census,,,,
standard,ELADIO MONTANTE GUAJARDO,8322029996,mobile,trucking/logistics,HOUSTON,TX,fmcsa_census,,,,
standard,TRUCKING GC LOGISTICS LLC,8322902377,mobile,trucking/logistics,HOUSTON,TX,fmcsa_census,,,,
standard,EHS LOGISTICS LLC,2815478223,mobile,trucking/logistics,HOUSTON,TX,fmcsa_census,,,,
standard,G 3 TRANSPORTING LLC,6015967070,mobile,trucking/logistics,HOUSTON,TX,fmcsa_census,,,,
standard,HENVIC LOGISTICS LLC,7132986797,mobile,trucking/logistics,HOUSTON,TX,fmcsa_census,,,,
standard,IRUZ LOGISTICS LLC,7133924852,mobile,trucking/logistics,HOUSTON,TX,fmcsa_census,,,,
standard,KLIQUE ENGINEERING AND LOGISTICS INC,3462273211,mobile,trucking/logistics,HOUSTON,TX,fmcsa_census,,,,
standard,JOAQUINA MEJIA,7138588817,mobile,trucking/logistics,HOUSTON,TX,fmcsa_census,,,,
standard,KPI ENERGY SERVICES LLC,2145007956,mobile,trucking/logistics,HOUSTON,TX,fmcsa_census,,,,
standard,CONFIDENCE TRANSPORTS LLC,8328180540,mobile,trucking/logistics,HOUSTON,TX,fmcsa_census,,,,
standard,GSD SCRAP LLC,2814544400,mobile,trucking/logistics,HOUSTON,TX,fmcsa_census,,,,
standard,CALLAO LOGISTICS LLC,5515562608,mobile,trucking/logistics,HOUSTON,TX,fmcsa_census,,,,
standard,HOUSTON CARGO EXPRESS LLC,3468229574,mobile,trucking/logistics,HOUSTON,TX,fmcsa_census,,,,
standard,QUICKANDFASTLOGISTICS LLC,3463418696,mobile,trucking/logistics,HOUSTON,TX,fmcsa_census,,,,
standard,C & A TRUCK EXPRESS LLC,8324208040,mobile,trucking/logistics,HOUSTON,TX,fmcsa_census,,,,
standard,ONS TRANSPORTATION LLC,8324706590,mobile,trucking/logistics,HOUSTON,TX,fmcsa_census,,,,
standard,BLACK LIGHTING LOGISTICS LLC,8325777316,mobile,trucking/logistics,HOUSTON,TX,fmcsa_census,,,,
standard,SANDERS LOGISTICS LLC,8329498941,mobile,trucking/logistics,HOUSTON,TX,fmcsa_census,,,,
standard,WHIZ TRANSPORT LLC,2818468811,mobile,trucking/logistics,HOUSTON,TX,fmcsa_census,,,,
standard,B&R TRANSPORT SERVICES LLC,8323190355,mobile,trucking/logistics,HOUSTON,TX,fmcsa_census,,,,
standard,MAELAND XPRESS INC,8328927356,mobile,trucking/logistics,HOUSTON,TX,fmcsa_census,,,,
standard,PABLO M LEYVA,8326429638,mobile,trucking/logistics,HOUSTON,TX,fmcsa_census,,,,
standard,MGF US INC,7138570112,mobile,trucking/logistics,HOUSTON,TX,fmcsa_census,,,,
standard,H&CJ TRUCKING LLC,3465043936,mobile,trucking/logistics,HOUSTON,TX,fmcsa_census,,,,
standard,THOM TRANSPORT LLC,7134985948,mobile,trucking/logistics,HOUSTON,TX,fmcsa_census,,,,
standard,SHS TRUCKING LLC,7864009942,mobile,trucking/logistics,HOUSTON,TX,fmcsa_census,,,,
standard,NOHEY CANAS,7138196178,mobile,trucking/logistics,HOUSTON,TX,fmcsa_census,,,,
standard,C E TRANSPORT LLC,2017138722,mobile,trucking/logistics,HOUSTON,TX,fmcsa_census,,,,
standard,JYM TRANSPORTATION LLC,7542360201,mobile,trucking/logistics,HOUSTON,TX,fmcsa_census,,,,
standard,NO LIMIT MOVING AND STORAGE LLC,3462175195,mobile,trucking/logistics,HOUSTON,TX,fmcsa_census,,,,
standard,REPIPE CONSTRUCTION LLC,8323896966,mobile,trucking/logistics,HOUSTON,TX,fmcsa_census,,,,
standard,MLK LOGISTICS AND SERVICES LLC,6824443827,mobile,trucking/logistics,FORT WORTH,TX,fmcsa_census,,,,
standard,VKAY KINGDOM LOGISTICS LLC,6823380630,mobile,trucking/logistics,ARGYLE,TX,fmcsa_census,,,,
standard,JESSE XAVIER CARBAJAL,5126600513,mobile,trucking/logistics,FORT WORTH,TX,fmcsa_census,,,,
standard,SEE ME TRANSPORT LTD,7017939190,mobile,trucking/logistics,LANTANA,TX,fmcsa_census,,,,
standard,DE LA TORRE HOLDINGS AND INVESTMENTS LLC,9407657928,mobile,trucking/logistics,CORINTH,TX,fmcsa_census,,,,
standard,OCTOLINE LLC,9734746497,mobile,trucking/logistics,FORT WORTH,TX,fmcsa_census,,,,
standard,ATMG TRUCKING LLC,3342210756,mobile,trucking/logistics,FORT WORTH,TX,fmcsa_census,,,,
standard,ENRX INC,2149231379,mobile,trucking/logistics,ARGYLE,TX,fmcsa_census,,,,
standard,COR TRANSPORTATION GROUP LLC,8177185976,mobile,trucking/logistics,FORT WORTH,TX,fmcsa_census,,,,
standard,HARMONY TRUCKING LLC,4695561296,mobile,trucking/logistics,DENTON,TX,fmcsa_census,,,,
standard,FAST ACCURACIE CORRECT TRANSPORTING SERVICE LLC,3464006977,mobile,trucking/logistics,N RICHLND HLS,TX,fmcsa_census,,,,
standard,MASON HOTSHOTS LLC,9402300429,mobile,trucking/logistics,DENTON,TX,fmcsa_census,,,,
standard,BTS HOT SHOT LLC,9405946339,mobile,trucking/logistics,CORINTH,TX,fmcsa_census,,,,
standard,DELISSA GAINES CONSULTING LLC,5056468101,mobile,trucking/logistics,DENTON,TX,fmcsa_census,,,,
standard,CHAIN DISTRIBUTION SERVICES LLC,8178768760,mobile,trucking/logistics,FORT WORTH,TX,fmcsa_census,,,,
standard,MILLS TRANSPORTS LLC,8174043462,mobile,trucking/logistics,FORT WORTH,TX,fmcsa_census,,,,
standard,LUIS TORRES TRUCK LLC,8173432344,mobile,trucking/logistics,FORT WORTH,TX,fmcsa_census,,,,
standard,LIVEJOY LOGISTICS LLC,8177043116,mobile,trucking/logistics,ARGYLE,TX,fmcsa_census,,,,
standard,XOTKDEPT LLC,2145003359,mobile,trucking/logistics,FORT WORTH,TX,fmcsa_census,,,,
standard,KEL C TRUCKING LLC,2149386783,mobile,trucking/logistics,FORT WORTH,TX,fmcsa_census,,,,
standard,E & Y GARCIA,2143170577,mobile,trucking/logistics,DENTON,TX,fmcsa_census,,,,
standard,CHARLES HART,9404842494,mobile,trucking/logistics,DENTON,TX,fmcsa_census,,,,
standard,KNOCKOUT MOVING SERVICES,8178525069,mobile,trucking/logistics,FOREST HILL,TX,fmcsa_census,,,,
standard,IHI KIEWIT COVE POINT JOINT VENTURE,2147273747,mobile,trucking/logistics,FORT WORHT,TX,fmcsa_census,,,,
standard,LTIT TRUCKING LLC,8173430745,mobile,trucking/logistics,FORT WORTH,TX,fmcsa_census,,,,
standard,EDUARDO ZERTUCHE,9728771398,mobile,trucking/logistics,DENTON,TX,fmcsa_census,,,,
standard,ACCOMMODATING INC,8174840164,mobile,trucking/logistics,FORT WORTH,TX,fmcsa_census,,,,
standard,BRUSH GRINDERS LAND MAINTENANCE LLC,9038156469,mobile,trucking/logistics,GORDONVILLE,TX,fmcsa_census,,,,
standard,BIGSHIPPING LLC,8178457100,mobile,trucking/logistics,FORT WORTH,TX,fmcsa_census,,,,
standard,ARLEGROVE TRANSPORTATION,3126227597,mobile,trucking/logistics,FORT WORTH,TX,fmcsa_census,,,,
standard,MAAN BROTHER TRANSPORT LLC,2144577917,mobile,trucking/logistics,FORT WORTH,TX,fmcsa_census,,,,
standard,BENNORA LP,2142806002,mobile,trucking/logistics,CORINTH,TX,fmcsa_census,,,,
standard,SILVER-OAK FREIGHT LLC,2148848172,mobile,trucking/logistics,FORT WORTH,TX,fmcsa_census,,,,
standard,OKOFO TRANSPORT LLC,8172016637,mobile,trucking/logistics,FORT WORTH,TX,fmcsa_census,,,,
standard,JOSE FLORES,9402201945,mobile,trucking/logistics,DENTON,TX,fmcsa_census,,,,
standard,S&J QUALITY TANSPORT INC,9405772323,mobile,trucking/logistics,DECATUR,TX,fmcsa_census,,,,
standard,MARCOMS MOWING SERVICE LLC,9403660028,mobile,trucking/logistics,AUBREY,TX,fmcsa_census,,,,
standard,THOROUGH-BREDTRUCK LTD COMPANY,7708736377,mobile,trucking/logistics,FORT WORTH,TX,fmcsa_census,,,,
standard,GODWIN TRANSPORT LLC,8178831674,mobile,trucking/logistics,RICHLAND HILLS,TX,fmcsa_census,,,,
standard,GRATEFUL TRANSPORT INC,2146319519,mobile,trucking/logistics,FORT WORTH,TX,fmcsa_census,,,,
standard,J R SANTIAGO TRUCKING LLC,6822079755,mobile,trucking/logistics,FORT WORTH,TX,fmcsa_census,,,,
standard,FL & SONS LLC,8179194725,mobile,trucking/logistics,FORT WORTH,TX,fmcsa_census,,,,
standard,TH PAVING,9403998183,mobile,trucking/logistics,DECATUR,TX,fmcsa_census,,,,
standard,ON TIME CARGO VAN SOLUTIONS LLC,8176376853,mobile,trucking/logistics,RICHLAND HILLS,TX,fmcsa_census,,,,
standard,HERITAGE TRANSPORTATION INC,9406279495,mobile,trucking/logistics,DECATUR,TX,fmcsa_census,,,,
standard,AUDRECULUS TRANSPORT LLC,3463324390,mobile,trucking/logistics,SAGINAW,TX,fmcsa_census,,,,
standard,TAV EXPRESS LLC,2198783351,mobile,trucking/logistics,FORT WORTH,TX,fmcsa_census,,,,
standard,HEAVY GOLD TRUCKING LLC,8172053273,mobile,trucking/logistics,FORT WORTH,TX,fmcsa_census,,,,
standard,ADDA TRANSPORT LLC,7867928515,mobile,trucking/logistics,FORT WORTH,TX,fmcsa_census,,,,
standard,PI CONSULTING LLC,8173051599,mobile,trucking/logistics,FORT WORTH,TX,fmcsa_census,,,,
standard,TEXAS BEST TRUCKING & EXCAVATION INC,4696821129,mobile,trucking/logistics,AUBREY,TX,fmcsa_census,,,,
standard,LONESTAR HOTSHOT LLC,9725103322,mobile,trucking/logistics,RICHLAND HLS,TX,fmcsa_census,,,,
standard,LUIS ORDONEZ,9745977432,mobile,trucking/logistics,DECATUR,TX,fmcsa_census,,,,
standard,LARRY MCCASKEY,8178087269,mobile,trucking/logistics,KELLER,TX,fmcsa_census,,,,
standard,UNITY BROKERING LLC,8177331211,mobile,trucking/logistics,SAGINAW,TX,fmcsa_census,,,,
standard,PULSE RANCHES TEXAS INC,8179960117,mobile,trucking/logistics,DECATUR,TX,fmcsa_census,,,,
standard,DGO CONSTRUCTION LLC,8176029695,mobile,trucking/logistics,RICHLAND HILLS,TX,fmcsa_census,,,,
standard,CHIEF TRANSPORTATION INC,8177038875,mobile,trucking/logistics,FORT WORTH,TX,fmcsa_census,,,,
standard,JORGE MUNOZ SANDOVAL,6825834597,mobile,trucking/logistics,FORT WORTH,TX,fmcsa_census,,,,
standard,SOUTHERN CROSS TRANSPORTATION,8177297677,mobile,trucking/logistics,KELLER,TX,fmcsa_census,,,,
standard,DB TRANSPORT SVCS LLC,8173601365,mobile,trucking/logistics,DECATUR,TX,fmcsa_census,,,,
standard,SHIRLEY DENTON,9034296266,mobile,trucking/logistics,COLLINSVILLE,TX,fmcsa_census,,,,
standard,THE RIOS GROUP INC,8179991075,mobile,trucking/logistics,FORT WORTH,TX,fmcsa_census,,,,
standard,H E GARCIA TRUCKING LLC,9402101455,mobile,trucking/logistics,DECATUR,TX,fmcsa_census,,,,
standard,FILEMON MARIN,6822277694,mobile,trucking/logistics,FORT WORTH,TX,fmcsa_census,,,,
standard,AMERICAN ONE DELIVERY LLC,5022006470,mobile,trucking/logistics,FORT WORTH,TX,fmcsa_census,,,,
standard,W B SMITH TRUCKING LLC,6825619995,mobile,trucking/logistics,FORT WORTH,TX,fmcsa_census,,,,
standard,SEKHA TRUCK LINE INC,8177043702,mobile,trucking/logistics,FORT WORTH,TX,fmcsa_census,,,,
standard,DENNIS NETTLES,2547337777,mobile,trucking/logistics,FORT WORTH,TX,fmcsa_census,,,,
standard,TWISTED INDUSTRIES LLC,8179658633,mobile,trucking/logistics,FORT WORTH,TX,fmcsa_census,,,,
standard,EVERARDO DIAZ,9402104022,mobile,trucking/logistics,DECATUR,TX,fmcsa_census,,,,
standard,ROBERT TAMPLIN,9402846603,mobile,trucking/logistics,LINDSAY,TX,fmcsa_census,,,,
standard,HSJ LOGISTICS LLC,3466643857,mobile,trucking/logistics,HOUSTON,TX,fmcsa_census,,,,
standard,ECONOMIC CONSTRUCTION INC,2819994147,mobile,trucking/logistics,HOUSTON,TX,fmcsa_census,,,,
standard,ALCALA'S AND SONS TRANSPORTATION LLC,8324138069,mobile,trucking/logistics,HOUSTON,TX,fmcsa_census,,,,
standard,VALERY TRANSPORT LLC,3466057423,mobile,trucking/logistics,HOUSTON,TX,fmcsa_census,,,,
standard,DEMO'S TRUCKING LLC,8329784229,mobile,trucking/logistics,HOUSTON,TX,fmcsa_census,,,,
standard,LUCIAN TRANSP LLC,7139069310,mobile,trucking/logistics,HOUSTON,TX,fmcsa_census,,,,
standard,JML TRANSPORTATION LLC,8328979861,mobile,trucking/logistics,HOUSTON,TX,fmcsa_census,,,,
standard,JUAN JOSE HERNANDEZ PINEDA,3469780701,mobile,trucking/logistics,HOUSTON,TX,fmcsa_census,,,,
standard,SHRED PRO SERVICES LLC,2815912288,mobile,trucking/logistics,HOUSTON,TX,fmcsa_census,,,,
standard,CIFUENTES TRUCKING,8328870147,mobile,trucking/logistics,HOUSTON,TX,fmcsa_census,,,,
standard,MGM 115 LOGISTICS LLC,8329554730,mobile,trucking/logistics,HOUSTON,TX,fmcsa_census,,,,
standard,LAURICE WILLIAMS,7135401060,mobile,trucking/logistics,HOUSTON,TX,fmcsa_census,,,,
standard,WINDMILL TRANSPORTATION SERVICES INC,8322730326,mobile,trucking/logistics,HOUSTON,TX,fmcsa_census,,,,
standard,ERICK PENA,8328785505,mobile,trucking/logistics,HOUSTON,TX,fmcsa_census,,,,
standard,HB TRANSPORTATION,8322280994,mobile,trucking/logistics,HOUSTON,TX,fmcsa_census,,,,
standard,MANNA CARRIER LLC,7132591234,mobile,trucking/logistics,HOUSTON,TX,fmcsa_census,,,,
standard,AKF LOGISTICS LLC,7863156319,mobile,trucking/logistics,HOUSTON,TX,fmcsa_census,,,,
standard,GOOD SHIP TRANSPORTATION LLC,3465633624,mobile,trucking/logistics,HOUSTON,TX,fmcsa_census,,,,
standard,MCF TRUCKING INC,3058421313,mobile,trucking/logistics,HOUSTON,TX,fmcsa_census,,,,
standard,BRAVO MOTOR CARRIERS INC,7137158232,mobile,trucking/logistics,HOUSTON,TX,fmcsa_census,,,,
standard,JUL&JUZ LOGISTICS LLC,3466912159,mobile,trucking/logistics,HOUSTON,TX,fmcsa_census,,,,
standard,TAHARQA LOGISTICS LLC,8327907336,mobile,trucking/logistics,HOUSTON,TX,fmcsa_census,,,,
standard,JAIME HENRIQUEZ,8327210805,mobile,trucking/logistics,HOUSTON,TX,fmcsa_census,,,,
standard,SOUTHERN COMFORT SOLUTIONS LLC,7133983446,mobile,trucking/logistics,HOUSTON,TX,fmcsa_census,,,,
standard,ALVARO A ORELLANA,7138201315,mobile,trucking/logistics,HOUSTON,TX,fmcsa_census,,,,
standard,RICHARD M RATTLER,2819203080,mobile,trucking/logistics,HOUSTON,TX,fmcsa_census,,,,
standard,INAEL COBO,8322354771,mobile,trucking/logistics,HOUSTON,TX,fmcsa_census,,,,
standard,HECTOR H RIOS,8324346038,mobile,trucking/logistics,HOUSTON,TX,fmcsa_census,,,,
standard,OSARO TRANSPORTER,8328152573,mobile,trucking/logistics,HOUSTON,TX,fmcsa_census,,,,
standard,JOSEPH PIERRE,5042968845,mobile,trucking/logistics,CEDAR HILL,TX,fmcsa_census,,,,
standard,PALMA TRUCKING SERVICE INC,7134838419,mobile,trucking/logistics,HOUSTON,TX,fmcsa_census,,,,
standard,PATRICIO MURILLO,2816735326,mobile,trucking/logistics,HOUSTON,TX,fmcsa_census,,,,
standard,ELIUT FLORES,7139227342,mobile,trucking/logistics,HOUSTON,TX,fmcsa_census,,,,
standard,KEVIN JOSEPH MOSES,5046164115,mobile,trucking/logistics,HOUSTON,TX,fmcsa_census,,,,
standard,NEXT TOWN DELIVERY SERVICES LLC,8324236209,mobile,trucking/logistics,HOUSTON,TX,fmcsa_census,,,,
standard,JAQUELINE BALLARD,2816677561,mobile,trucking/logistics,HOUSTON,TX,fmcsa_census,,,,
standard,RAQUEL RODRIGEUZ,7132269071,mobile,trucking/logistics,HOUSTON,TX,fmcsa_census,,,,
standard,EFRAIN AMEZQUITA,7133869256,mobile,trucking/logistics,HOUSTON,TX,fmcsa_census,,,,
standard,SANDRA M LOZANO,8327682888,mobile,trucking/logistics,HOUSTON,TX,fmcsa_census,,,,
standard,DRAGON CARGO LLC,2814152856,mobile,trucking/logistics,HOUSTON,TX,fmcsa_census,,,,
standard,CRISTELA TAMEZ,7134785889,mobile,trucking/logistics,HOUSTON,TX,fmcsa_census,,,,
standard,HONEY BEE TRUCKING INC,2816424646,mobile,trucking/logistics,HOUSTON,TX,fmcsa_census,,,,
standard,EDGAR ROLANDO RODRIGUEZ,8328777527,mobile,trucking/logistics,HOUSTON,TX,fmcsa_census,,,,
standard,CRISTINA JASSO ROMERO,8328142867,mobile,trucking/logistics,HOUSTON,TX,fmcsa_census,,,,
standard,MICHAEL SCOTT BARTOLF,7135507863,mobile,trucking/logistics,HOUSTON,TX,fmcsa_census,,,,
standard,KALUJA INVESTMENT INC,8322454138,mobile,trucking/logistics,HOUSTON,TX,fmcsa_census,,,,
standard,CONSCIOUS EMPIRE TRUST,8328025413,mobile,trucking/logistics,HOUSTON,TX,fmcsa_census,,,,
standard,MICHEL VIVES,8327211471,mobile,trucking/logistics,HOUSTON,TX,fmcsa_census,,,,
standard,REGINALD SCOTT,8322776179,mobile,trucking/logistics,HOUSTON,TX,fmcsa_census,,,,
standard,D & R FREIGHT LLC,8324703374,mobile,trucking/logistics,HOUSTON,TX,fmcsa_census,,,,
standard,JORGE A LAZO,7135573040,mobile,trucking/logistics,HOUSTON,TX,fmcsa_census,,,,
standard,PRINCELEO LLC,8322751134,mobile,trucking/logistics,HOUSTON,TX,fmcsa_census,,,,
standard,FRANCISCO MAGANA,2819484805,mobile,trucking/logistics,HOUSTON,TX,fmcsa_census,,,,
standard,FABIAN LIGARDO HERNANDEZ,2816502343,mobile,trucking/logistics,HOUSTON,TX,fmcsa_census,,,,
standard,ARGENYS DONATILO MELENDEZ,8323986399,mobile,trucking/logistics,HOUSTON,TX,fmcsa_census,,,,
standard,ARADIY LLC,7202498205,mobile,trucking/logistics,HOUSTON,TX,fmcsa_census,,,,
standard,AFJ TRANSPORT LLC,3468126468,mobile,trucking/logistics,HOUSTON,TX,fmcsa_census,,,,
standard,FREEDOM MANAGEMENT TRUCKING,6157617960,mobile,trucking/logistics,HOUSTON,TX,fmcsa_census,,,,
standard,BULL TRANSPORTATION LLC,3126370479,mobile,trucking/logistics,HOUSTON,TX,fmcsa_census,,,,
standard,DELORES HARRISON THOMAS,7134760079,mobile,trucking/logistics,HOUSTON,TX,fmcsa_census,,,,
standard,ERVIN WALKER,7137320913,mobile,trucking/logistics,HOUSTON,TX,fmcsa_census,,,,
standard,SCHOLL FOREST INDUSTRIES,7133295300,mobile,trucking/logistics,HOUSTON,TX,fmcsa_census,,,,
standard,OSLENDY F FERNANDEZ,7136471005,mobile,trucking/logistics,HOUSTON,TX,fmcsa_census,,,,
standard,TAD TRANSPORT LLC,8176813712,mobile,trucking/logistics,HOUSTON,TX,fmcsa_census,,,,
standard,WALTER ADOLFO HERNANDEZ,7138386609,mobile,trucking/logistics,HOUSTON,TX,fmcsa_census,,,,
standard,DESSELLE LOGISTICS LLC,3462218868,mobile,trucking/logistics,HOUSTON,TX,fmcsa_census,,,,
standard,K&S CONSTRUCTION SERVICES LLC,7138991702,mobile,trucking/logistics,HOUSTON,TX,fmcsa_census,,,,
standard,DESTINY DELIVERY SERVICES LLC,8325527448,mobile,trucking/logistics,HOUSTON,TX,fmcsa_census,,,,
standard,DOMINATOR TRUCKING LLC,7868799302,mobile,trucking/logistics,HOUSTON,TX,fmcsa_census,,,,
standard,SPIDER TRUCKING & MOVER COMPANY LLC,8329888098,mobile,trucking/logistics,HOUSTON,TX,fmcsa_census,,,,
standard,BAOKU ISE OTAN AUTO,8327740504,mobile,trucking/logistics,HOUSTON,TX,fmcsa_census,,,,
standard,JAS TRUCK LINES LLC,8324797162,mobile,trucking/logistics,HOUSTON,TX,fmcsa_census,,,,
standard,JAIME TAMEZ,7132900044,mobile,trucking/logistics,HOUSTON,TX,fmcsa_census,,,,
standard,JOSE MARRERO,9569807356,mobile,trucking/logistics,HOUSTON,TX,fmcsa_census,,,,
standard,VAZQUEZ 23 TRUCKING LLC,8328589268,mobile,trucking/logistics,HOUSTON,TX,fmcsa_census,,,,
standard,COBA ENTERPRISES LLC,3468080618,mobile,trucking/logistics,HOUSTON,TX,fmcsa_census,,,,
standard,ALPHA PLUS TRANSPORT LLC,8325479835,mobile,trucking/logistics,HOUSTON,TX,fmcsa_census,,,,
standard,BEICER PEREZ CANO,8327929630,mobile,trucking/logistics,HOUSTON,TX,fmcsa_census,,,,
standard,A&A LOGISTICS AND TRANS LLC,3053937526,mobile,trucking/logistics,HOUSTON,TX,fmcsa_census,,,,
standard,SAA LOGISTICS LLC,8325315131,mobile,trucking/logistics,HOUSTON,TX,fmcsa_census,,,,
standard,ALLPRO DELTA INC,8327792073,mobile,trucking/logistics,HOUSTON,TX,fmcsa_census,,,,
standard,DURWIN KENDELL WHITE,8329228085,mobile,trucking/logistics,HOUSTON,TX,fmcsa_census,,,,
standard,BENAVIDES TRUCKING LLC,2819952150,mobile,trucking/logistics,HOUSTON,TX,fmcsa_census,,,,
standard,UPJACK LOGISTICS LLC,2818274797,mobile,trucking/logistics,HOUSTON,TX,fmcsa_census,,,,
standard,WOODROW JAMES RIGGS,7135980240,mobile,trucking/logistics,HOUSTON,TX,fmcsa_census,,,,
standard,SVWEST LOGISTICS LLC,8328922535,mobile,trucking/logistics,HOUSTON,TX,fmcsa_census,,,,
standard,DAVID HERRERA,9728721547,mobile,trucking/logistics,GREENVILLE,TX,fmcsa_census,,,,
standard,DAVID HERRERA,3612186595,mobile,trucking/logistics,GREENVILLE,TX,fmcsa_census,,,,
standard,GOLDEN EAGLE MOTOR COACHES LLC,7134602232,mobile,trucking/logistics,HOUSTON,TX,fmcsa_census,,,,
standard,YUNIED ALVAREZ PINO,3462700096,mobile,trucking/logistics,HOUSTON,TX,fmcsa_census,,,,
standard,GARY DWAIN BECK JR,4052196413,mobile,trucking/logistics,DECATUR,TX,fmcsa_census,,,,
standard,LMC TRUCKING LLC,8177705908,mobile,trucking/logistics,FORT WORTH,TX,fmcsa_census,,,,
standard,MWARO EXPRESS LLC,2073479873,mobile,trucking/logistics,KELLER,TX,fmcsa_census,,,,
standard,BUBBANET LLC,9403669540,mobile,trucking/logistics,MONTAGUE,TX,fmcsa_census,,,,
standard,GABRIEL LUIS BANDA,2142151016,mobile,trucking/logistics,DENTON,TX,fmcsa_census,,,,
standard,RDT TRANSPORTATION LLC,2144935659,mobile,trucking/logistics,PROVIDENCE VILLAGE,TX,fmcsa_census,,,,
standard,GEMINI TWINS TRANSPORT LLC,2148431916,mobile,trucking/logistics,AUBREY,TX,fmcsa_census,,,,
standard,RANDAL & DEBORA SNOW,8178812191,mobile,trucking/logistics,KELLER,TX,fmcsa_census,,,,
standard,AMSHIPEXPORT LLC,8173379445,mobile,trucking/logistics,KELLER,TX,fmcsa_census,,,,
standard,JOHNNY SMOTHERMON,9725715720,mobile,trucking/logistics,COLLINSVILLE,TX,fmcsa_census,,,,
standard,BL HILL TRANSPORTATION LLC,8176839600,mobile,trucking/logistics,DECATUR,TX,fmcsa_census,,,,
standard,BARRY TAYLOR,9403894481,mobile,trucking/logistics,DECATUR,TX,fmcsa_census,,,,
standard,ALAY LLC,8172105801,mobile,trucking/logistics,KELLER,TX,fmcsa_census,,,,
standard,SERENA WALTERSCHEID,9405773763,mobile,trucking/logistics,DECATUR,TX,fmcsa_census,,,,
standard,ADIRA LLC,9134849933,mobile,trucking/logistics,AUBREY,TX,fmcsa_census,,,,
standard,STRONG TOWER HOTSHOT LLC,7875957137,mobile,trucking/logistics,FORT WORTH,TX,fmcsa_census,,,,
standard,DSG UNITED TRANSPORT LLC,2145575047,mobile,trucking/logistics,SAGINAW,TX,fmcsa_census,,,,
standard,MYEN ENTERPRISE LLC,8176594247,mobile,trucking/logistics,FORT WORTH,TX,fmcsa_census,,,,
standard,CUDA XX LLC,9722016743,mobile,trucking/logistics,AUBREY,TX,fmcsa_census,,,,
standard,MIDAN FREIGHT INC,6824470360,mobile,trucking/logistics,KELLER,TX,fmcsa_census,,,,
standard,FAST LOAD LOGISTICS LLC,4694793639,mobile,trucking/logistics,KELLER,TX,fmcsa_census,,,,
standard,NATIONAL TOURS & TRAVEL LLC,6829360514,mobile,trucking/logistics,SAGINAW,TX,fmcsa_census,,,,
standard,YOSEMITE INVESTMENTS LLC,2154350988,mobile,trucking/logistics,KELLER,TX,fmcsa_census,,,,
standard,SHADEMAKER LP,8178253327,mobile,trucking/logistics,COLLINSVILLE,TX,fmcsa_census,,,,
standard,DNA TRUCKIN LLC,8178322302,mobile,trucking/logistics,FORT WORTH,TX,fmcsa_census,,,,
standard,SPENCER WEATBROOK,5037137465,mobile,trucking/logistics,FORT WORTH,TX,fmcsa_census,,,,
standard,SUPERIOR ULTIMATE MOTORS LLC,9033875678,mobile,trucking/logistics,FORT WORTH,TX,fmcsa_census,,,,
standard,CUTTIN EDGE LAWN CARE AND CONSTRUCTION LLC,9402101683,mobile,trucking/logistics,DECATUR,TX,fmcsa_census,,,,
standard,PATRIOT HOT SHOT SERVICE LLC,9403903177,mobile,trucking/logistics,COLLINSVILLE,TX,fmcsa_census,,,,
standard,JOE'S EXCAVATING & PAVING,9404422066,mobile,trucking/logistics,COLLINSVILLE,TX,fmcsa_census,,,,
standard,V D B EQUIPMENT,8176800065,mobile,trucking/logistics,KELLER,TX,fmcsa_census,,,,
standard,EAGLE PIER LOGISTICS LLC,8177524763,mobile,trucking/logistics,FORT WORTH,TX,fmcsa_census,,,,
standard,JAVIER CARBAJAL JR,4322383257,mobile,trucking/logistics,FORT WORTH,TX,fmcsa_census,,,,
standard,LONE STAR LOGISTICS PR LLC,7879297259,mobile,trucking/logistics,FORT WORTH,TX,fmcsa_census,,,,
standard,AMARBIR MALHI,2062904484,mobile,trucking/logistics,KELLER,TX,fmcsa_census,,,,
standard,TIBERIUS OLIVER MOGA,8178251928,mobile,trucking/logistics,KELLER,TX,fmcsa_census,,,,
standard,GATEWAY CONCRETE INC,9406483033,mobile,trucking/logistics,JUSTIN,TX,fmcsa_census,,,,
standard,JUAN CARLOS CORONADO,8172309618,mobile,trucking/logistics,JUSTIN,TX,fmcsa_census,,,,
standard,RICKEY BLACK,9402319385,mobile,trucking/logistics,KRUM,TX,fmcsa_census,,,,
standard,JUS-TEX ENTERPRISES INC,9406482724,mobile,trucking/logistics,JUSTIN,TX,fmcsa_census,,,,
standard,JOSEPH DOUGLAS HALLEY,4695342038,mobile,trucking/logistics,KELLER,TX,fmcsa_census,,,,
standard,FIDELIS TRANSPORT INC,2147026933,mobile,trucking/logistics,FORT WORTH,TX,fmcsa_census,,,,
standard,TIN STAR FENCING LLC,8179921300,mobile,trucking/logistics,FORT WORTH,TX,fmcsa_census,,,,
standard,CLARKS CALVARY LLC,9404653331,mobile,trucking/logistics,DECATUR,TX,fmcsa_census,,,,
standard,BENNIE E STANDRIDGE,8172403454,mobile,trucking/logistics,NOCONA,TX,fmcsa_census,,,,
standard,ALBERTO PONCE ARIZPE,9564665173,mobile,trucking/logistics,KRUM,TX,fmcsa_census,,,,
standard,KELEX TRANSPORTATION LLC,7134746705,mobile,trucking/logistics,HOUSTON,TX,fmcsa_census,,,,
standard,HABANA ENTERPRISES LLC,9367019342,mobile,trucking/logistics,HOUSTON,TX,fmcsa_census,,,,
standard,CASTRO'S DELIVERY FREIGHT LLC,3468422030,mobile,trucking/logistics,HOUSTON,TX,fmcsa_census,,,,
standard,MARM TRUCKING INC,8328552530,mobile,trucking/logistics,HOUSTON,TX,fmcsa_census,,,,
standard,E & A 85 HOTSHOT SERVICES LLC,7138161425,mobile,trucking/logistics,HOUSTON,TX,fmcsa_census,,,,
standard,RENE VILLATORO,7132032584,mobile,trucking/logistics,HOUSTON,TX,fmcsa_census,,,,
standard,THE TIGER FREIGHT LLC,8329353335,mobile,trucking/logistics,HOUSTON,TX,fmcsa_census,,,,
standard,WALTER OSMIN CABRERA,8322489505,mobile,trucking/logistics,HOUSTON,TX,fmcsa_census,,,,
standard,SIGMA MARBLE AND GRANITE HOUSTON INC,2815417608,mobile,trucking/logistics,HOUSTON,TX,fmcsa_census,,,,
standard,ACCU LOGISTICS LLC,3464922494,mobile,trucking/logistics,HOUSTON,TX,fmcsa_census,,,,
standard,EDWIN ALVARADO,9082904219,mobile,trucking/logistics,HOUSTON,TX,fmcsa_census,,,,
standard,JOSE MILTON ALFARO,8324365139,mobile,trucking/logistics,HOUSTON,TX,fmcsa_census,,,,
standard,TONYA HICKS,8322505630,mobile,trucking/logistics,HOUSTON,TX,fmcsa_census,,,,
standard,JUAN M MOLINA,7132983681,mobile,trucking/logistics,HOUSTON,TX,fmcsa_census,,,,
standard,JAMES W BARTON,7134409449,mobile,trucking/logistics,HOUSTON,TX,fmcsa_census,,,,
standard,VALERIES TRUCKING LLC,8325259865,mobile,trucking/logistics,HOUSTON,TX,fmcsa_census,,,,
standard,ANTONIO PEREZ PARRA,7132928758,mobile,trucking/logistics,HOUSTON,TX,fmcsa_census,,,,
standard,TAMERAT NADAW,3465287710,mobile,trucking/logistics,HOUSTON,TX,fmcsa_census,,,,
standard,MISTY MOUNTAIN EXPRESS LLC,8325848320,mobile,trucking/logistics,HOUSTON,TX,fmcsa_census,,,,
standard,ANJAYL LLC,5045700141,mobile,trucking/logistics,HOUSTON,TX,fmcsa_census,,,,
standard,SUNOCO ENERGY SERVICES LLC,9409023293,mobile,trucking/logistics,HOUSTON,TX,fmcsa_census,,,,
standard,AB HENDERSON EXPRESS LLC,7134719922,mobile,trucking/logistics,HOUSTON,TX,fmcsa_census,,,,
standard,GREEN TRAILS LOGISTICS LLC,9795957189,mobile,trucking/logistics,HOUSTON,TX,fmcsa_census,,,,
standard,ODYSSEY NATIONWIDE TRANSPORTATION LLC,3462855283,mobile,trucking/logistics,HOUSTON,TX,fmcsa_census,,,,
standard,YUNITY MANAGEMENT LLC,8327738126,mobile,trucking/logistics,HOUSTON,TX,fmcsa_census,,,,
standard,SALVADOR ANTONIO GONZALEZ,2819350212,mobile,trucking/logistics,HOUSTON,TX,fmcsa_census,,,,
standard,"WFS CONSTRUCTION COMPANY, LLC.",2816751300,mobile,trucking/logistics,HOUSTON,TX,fmcsa_census,,,,
standard,D'ANDREA'S LOGISTICS LLC,7135919828,mobile,trucking/logistics,HOUSTON,TX,fmcsa_census,,,,
standard,MARTIN RODRIGUEZ LARA,8327219410,mobile,trucking/logistics,HOUSTON,TX,fmcsa_census,,,,
standard,AUNCHI GROUP LLC,7205150011,mobile,trucking/logistics,HOUSTON,TX,fmcsa_census,,,,
standard,AUNCHI GROUP LLC,2817160185,mobile,trucking/logistics,HOUSTON,TX,fmcsa_census,,,,
standard,PHOELIFE LOGISTICS LLC,8328798900,mobile,trucking/logistics,HOUSTON,TX,fmcsa_census,,,,
standard,NVR TRANSPORT & LOGISTICS LLC,8327909467,mobile,trucking/logistics,HOUSTON,TX,fmcsa_census,,,,
standard,ROQUEMORE WILLIAMS TRANSPORT LLC,8322729037,mobile,trucking/logistics,HOUSTON,TX,fmcsa_census,,,,
standard,PHONE APPETIT 365 LLC,3462844813,mobile,trucking/logistics,HOUSTON,TX,fmcsa_census,,,,
standard,AFRIPRISE LOGISTICS LLC,5134039851,mobile,trucking/logistics,HOUSTON,TX,fmcsa_census,,,,
standard,FALCON IMPORTS LANDSCAPE & BUILDING MATERIALS INC,2818812700,mobile,trucking/logistics,HOUSTON,TX,fmcsa_census,,,,
standard,ACE TELECOM INC,2817990318,mobile,trucking/logistics,HOUSTON,TX,fmcsa_census,,,,
standard,KENNETH NORWOOD,2817882393,mobile,trucking/logistics,HOUSTON,TX,fmcsa_census,,,,
standard,SLIDER FREIGHT & CO LLC,3464053679,mobile,trucking/logistics,HOUSTON,TX,fmcsa_census,,,,
standard,C I T DELIVERY PICK UP INC,7132136909,mobile,trucking/logistics,HOUSTON,TX,fmcsa_census,,,,
standard,FORTYFOUR ACRES LLC,8324534263,mobile,trucking/logistics,HOUSTON,TX,fmcsa_census,,,,
standard,SWAFFORD LOGISTICS LLC,7134921505,mobile,trucking/logistics,HOUSTON,TX,fmcsa_census,,,,
standard,UNLIMITED BROKERAGE SERVICES LLC,8324572551,mobile,trucking/logistics,HOUSTON,TX,fmcsa_census,,,,
standard,ANDRES R AMADOR LEYVA,3464755464,mobile,trucking/logistics,HOUSTON,TX,fmcsa_census,,,,
standard,THI DINH TRAN,8327921443,mobile,trucking/logistics,HOUSTON,TX,fmcsa_census,,,,
standard,TAFO LOGISTICS LLC,8327525354,mobile,trucking/logistics,HOUSTON,TX,fmcsa_census,,,,
standard,D TEJANATRANSPORT,8329293736,mobile,trucking/logistics,HOUSTON,TX,fmcsa_census,,,,
standard,SMART DRIVERS INC,2816860961,mobile,trucking/logistics,HOUSTON,TX,fmcsa_census,,,,
standard,JUAN JOSE GUILLEN ALFARO,8328907709,mobile,trucking/logistics,HOUSTON,TX,fmcsa_census,,,,
standard,G&D EXPRESS LLC,2819006661,mobile,trucking/logistics,SOMERVILLE,TX,fmcsa_census,,,,
standard,READY TRANSPORT,8328741607,mobile,trucking/logistics,HOUSTON,TX,fmcsa_census,,,,
standard,FIRST HOUSTON DELIVERY INC,7139721900,mobile,trucking/logistics,HOUSTON,TX,fmcsa_census,,,,
standard,MARCELA TRINIDAD OCHOA,7136280905,mobile,trucking/logistics,HOUSTON,TX,fmcsa_census,,,,
standard,LEVI AMACKER,2816862731,mobile,trucking/logistics,HOUSTON,TX,fmcsa_census,,,,
standard,KARAMOKO M KABA,8322174503,mobile,trucking/logistics,HOUSTON,TX,fmcsa_census,,,,
standard,MICHEL DELGADO,8324199636,mobile,trucking/logistics,HOUSTON,TX,fmcsa_census,,,,
standard,GEOFFREY SIERRA,8134468177,mobile,trucking/logistics,HOUSTON,TX,fmcsa_census,,,,
standard,FLORES FAM LOGISTICS LLC,7134271660,mobile,trucking/logistics,HOUSTON,TX,fmcsa_census,,,,
standard,MISJO TRANSPORTATION LLC,7132068633,mobile,trucking/logistics,HOUSTON,TX,fmcsa_census,,,,
standard,FIRST PRIORITY TRANSPORTATION,8326838832,mobile,trucking/logistics,HOUSTON,TX,fmcsa_census,,,,
standard,JF 40 TRUCKING LLC,8323061750,mobile,trucking/logistics,HOUSTON,TX,fmcsa_census,,,,
standard,NESTOR GALVEZ TEJADA,2813308137,mobile,trucking/logistics,HOUSTON,TX,fmcsa_census,,,,
standard,CLINT MILLER,2818468194,mobile,trucking/logistics,HOUSTON,TX,fmcsa_census,,,,
standard,RYAN WHEELER,9403917867,mobile,trucking/logistics,KRUM,TX,fmcsa_census,,,,
standard,CIRCLE H COMMODITIES LLC,8176293963,mobile,trucking/logistics,DECATUR,TX,fmcsa_census,,,,
standard,STEWART'S DELIVERY LLC,9727547057,mobile,trucking/logistics,KELLER,TX,fmcsa_census,,,,
standard,FUTURE GATE,8177578883,mobile,trucking/logistics,FORT WORTH,TX,fmcsa_census,,,,
standard,ARI TRANSPORT LLC,4694759390,mobile,trucking/logistics,FORT WORTH,TX,fmcsa_census,,,,
standard,RAW MATERIALS HAULING LLC,6828470257,mobile,trucking/logistics,FORT WORTH,TX,fmcsa_census,,,,
standard,TEXAS GRIT HAULING SERVICES LLC,8177916927,mobile,trucking/logistics,FORT WORTH,TX,fmcsa_census,,,,
standard,LANCE LOGISTICS LLC,8176386762,mobile,trucking/logistics,KRUM,TX,fmcsa_census,,,,
standard,DREAMCAST PRODUCTION LLC,8175255480,mobile,trucking/logistics,FORT WORTH,TX,fmcsa_census,,,,
standard,ADEPT FLEET SERVICES,3252015465,mobile,trucking/logistics,FORT WORTH,TX,fmcsa_census,,,,
standard,ML3 SOLUTIONS LLC,4692379179,mobile,trucking/logistics,KRUM,TX,fmcsa_census,,,,
standard,ALDO A ESPINOSA,6822395523,mobile,trucking/logistics,FORT WORTH,TX,fmcsa_census,,,,
standard,COBB RENTAL AND EQUIPMENT INC,9403899808,mobile,trucking/logistics,DECATUR,TX,fmcsa_census,,,,
standard,FLETCHER FEED & GRAIN,9403933625,mobile,trucking/logistics,DECATUR,TX,fmcsa_census,,,,
standard,ALIANZA LOGISTICS LLC,4692892500,mobile,trucking/logistics,FORT WORTH,TX,fmcsa_census,,,,
standard,JUAN CARLOS MONGE,8173432518,mobile,trucking/logistics,KELLER,TX,fmcsa_census,,,,
standard,GILBERTO CORTES,2145464055,mobile,trucking/logistics,JUSTIN,TX,fmcsa_census,,,,
standard,LUIS ANGEL HUERTA,9402108466,mobile,trucking/logistics,DECATUR,TX,fmcsa_census,,,,
standard,DOUBLE L HOME CONSTRUCTON INC,9403999256,mobile,trucking/logistics,DECATUR,TX,fmcsa_census,,,,
standard,MARY ESTER GOMEZ,9402332112,mobile,trucking/logistics,NOCONA,TX,fmcsa_census,,,,
standard,ANIMAL SOURCE TEXAS INC,9404823382,mobile,trucking/logistics,KRUM,TX,fmcsa_census,,,,
standard,DANIEL FAIRMAN,2549181010,mobile,trucking/logistics,KRUM,TX,fmcsa_census,,,,
standard,JOAT EMPIRE LC,8176808135,mobile,trucking/logistics,KELLER,TX,fmcsa_census,,,,
standard,BILLY ENOCH,9405973777,mobile,trucking/logistics,KRUM,TX,fmcsa_census,,,,
standard,GARY LAYNE HOWARD,9403894988,mobile,trucking/logistics,DECATUR,TX,fmcsa_census,,,,
standard,JK & W TRUCKING LLC,9403660044,mobile,trucking/logistics,NOCONA,TX,fmcsa_census,,,,
standard,YOSDEL ALIPIO CALDERIUS REYES,8322167819,mobile,trucking/logistics,HOUSTON,TX,fmcsa_census,,,,
standard,WAGNER OCHOA,8326614974,mobile,trucking/logistics,HOUSTON,TX,fmcsa_census,,,,
standard,JOSE CARLOS IRAHETA,7136348862,mobile,trucking/logistics,CHANNLEVIEW,TX,fmcsa_census,,,,
standard,STEWART WEBB,8326595470,mobile,trucking/logistics,HOUSTON,TX,fmcsa_census,,,,
standard,UA TRANSCAR SERVICES LLC,3463920372,mobile,trucking/logistics,HOUSTON,TX,fmcsa_census,,,,
standard,LRB TRANSPORTATION LLC,7136240088,mobile,trucking/logistics,HOUSTON,TX,fmcsa_census,,,,
standard,SKYWAYZ LOGISTICS LLC,8322694817,mobile,trucking/logistics,HOUSTON,TX,fmcsa_census,,,,
standard,TAJAR TRUCKS LLC,7132612072,mobile,trucking/logistics,HOUSTON,TX,fmcsa_census,,,,
standard,VELOCITY EXPRESS INC,7133469100,mobile,trucking/logistics,HOUSTON,TX,fmcsa_census,,,,
standard,AMERICAN ALLOY STEEL INC,7134628081,mobile,trucking/logistics,HOUSTON,TX,fmcsa_census,,,,
standard,EDGAR ONAN VILLELA,7132313198,mobile,trucking/logistics,HOUSTON,TX,fmcsa_census,,,,
standard,CORMIER EXPRESS BOX FREIGHT AND LOGISTICS LLC,7137891051,mobile,trucking/logistics,HOUSTON,TX,fmcsa_census,,,,
standard,TROY D JEMISON,8327412353,mobile,trucking/logistics,HOUSTON,TX,fmcsa_census,,,,
standard,RLB LOGISTICS LLC,8325133208,mobile,trucking/logistics,HOUSTON,TX,fmcsa_census,,,,
standard,TIME WISE FREIGHT SYSTEM LLC,4044934433,mobile,trucking/logistics,HOUSTON,TX,fmcsa_census,,,,
standard,KWATCO LOGISTICS LLC,4344299115,mobile,trucking/logistics,HOUSTON,TX,fmcsa_census,,,,
standard,DIRECT POINT CARRIERS LLC,8326939490,mobile,trucking/logistics,HOUSOTN,TX,fmcsa_census,,,,
standard,PARTY SHUTTLE TOURS LLC,7322364800,mobile,trucking/logistics,HOUSTON,TX,fmcsa_census,,,,
standard,BAYOU CITY SOUND LLC,7133857870,mobile,trucking/logistics,HOUSTON,TX,fmcsa_census,,,,
standard,JIMMY TRANSPORTATION LLC,8622374849,mobile,trucking/logistics,HOUSTON,TX,fmcsa_census,,,,
standard,SEBASTIAN ZAMORA,8325608557,mobile,trucking/logistics,HOUSTON,TX,fmcsa_census,,,,
standard,CLAURECE LEONARD JONES,8324172315,mobile,trucking/logistics,HOUSTON,TX,fmcsa_census,,,,
standard,DAVID TRANSPORTATION LLC,8328842001,mobile,trucking/logistics,HOUSTON,TX,fmcsa_census,,,,
standard,AUNER V HERNANDEZ,2819604915,mobile,trucking/logistics,HOUSTON,TX,fmcsa_census,,,,
standard,XTREME NET INC,2818938863,mobile,trucking/logistics,HOUSTON,TX,fmcsa_census,,,,
standard,F & M TRANSPORT LLC,8328147170,mobile,trucking/logistics,HOUSTON,TX,fmcsa_census,,,,
standard,DINORA ACEVEDO,2816395008,mobile,trucking/logistics,HOUSTON,TX,fmcsa_census,,,,
standard,DOMINGUEZ HOLDINGS LLC,8322422850,mobile,trucking/logistics,HOUSTON,TX,fmcsa_census,,,,
standard,HARLEY GOLDEN TRUCKING,8322527779,mobile,trucking/logistics,HOUSTON,TX,fmcsa_census,,,,
standard,LEONARDO ROJAS,8328662880,mobile,trucking/logistics,HOUSTON,TX,fmcsa_census,,,,
standard,BOXSIR TRANSPORT HOUSTON INC,8325918055,mobile,trucking/logistics,HOUSTON,TX,fmcsa_census,,,,
standard,ORTIZ FERNANDEZ TRANSPORTATION LLC,8324239983,mobile,trucking/logistics,HOUSTON,TX,fmcsa_census,,,,
standard,ROLLING EAGLE LOGISTICS LLC,3462405276,mobile,trucking/logistics,HOUSTON,TX,fmcsa_census,,,,
standard,BLACKMON TRUCKING CO,2813875516,mobile,trucking/logistics,HOUSTON,TX,fmcsa_census,,,,
standard,ADOYI GLOBAL LLC,8329000011,mobile,trucking/logistics,HOUSTON,TX,fmcsa_census,,,,
standard,LS CARGO LOGISTICS USA CORP,8324512845,mobile,trucking/logistics,HOUSTON,TX,fmcsa_census,,,,
standard,MENASIE T TAFLA,7132188092,mobile,trucking/logistics,HOUSTON,TX,fmcsa_census,,,,
standard,REMUS TRANSPORT LLC,3463890106,mobile,trucking/logistics,HOUSTON,TX,fmcsa_census,,,,
standard,ENIO ELY CAMEROS,8322312267,mobile,trucking/logistics,HOUSTON,TX,fmcsa_census,,,,
standard,JAVIER P AREVALO,2817487793,mobile,trucking/logistics,HOUSTON,TX,fmcsa_census,,,,
standard,N & S ENTERPRISE GROUP LLC,5046380827,mobile,trucking/logistics,HOUSTON,TX,fmcsa_census,,,,
standard,CHARLES GREGORY DRUMMOND,8323300023,mobile,trucking/logistics,HOUSTON,TX,fmcsa_census,,,,
standard,JOSE DE JESUS RIVERA,2817401592,mobile,trucking/logistics,HOUSTON,TX,fmcsa_census,,,,
standard,8HORSMAN LLC,5129092166,mobile,trucking/logistics,HOUSTON,TX,fmcsa_census,,,,
standard,AAP FUENTES HOME DELIVERY LLC,8324890937,mobile,trucking/logistics,HOUSTON,TX,fmcsa_census,,,,
standard,OQUITEX FREIGHTWAYS LOGISTICS INC,7134259557,mobile,trucking/logistics,HOUSTON,TX,fmcsa_census,,,,
standard,MUHIDIN MILANOVIC,8326464131,mobile,trucking/logistics,HOUSTON,TX,fmcsa_census,,,,
standard,RONALD MUSE,2818723440,mobile,trucking/logistics,HOUSTON,TX,fmcsa_census,,,,
standard,CADE'S FAMILY TRANSPORT LLC,9046976938,mobile,trucking/logistics,CONROE,TX,fmcsa_census,,,,
standard,THOMAS R RATHER,9366893354,mobile,trucking/logistics,CONROE,TX,fmcsa_census,,,,
standard,HAUL A FREIGHT TRUCKING LLC,8323663246,mobile,trucking/logistics,CONROE,TX,fmcsa_census,,,,
standard,MJ KING TRUCKING LLC,3467927965,mobile,trucking/logistics,HOUSTON,TX,fmcsa_census,,,,
standard,TNT CONSTRUCTION TX LLC,9366471590,mobile,trucking/logistics,CONROE,TX,fmcsa_census,,,,
standard,MAX DELIVERY SERVICE,8325974887,mobile,trucking/logistics,HOUSTON,TX,fmcsa_census,,,,
standard,RENEA VAUGHAN,9362940400,mobile,trucking/logistics,HUNTSVILLE,TX,fmcsa_census,,,,
standard,JIMMY DWAYNE WHITFIELD,9365260404,mobile,trucking/logistics,CONROE,TX,fmcsa_census,,,,
standard,NORBERTO FLORENTINO PERERA,9362079914,mobile,trucking/logistics,CONROE,TX,fmcsa_census,,,,
standard,LONESTAR TRUCKING JA LLC,2816015132,mobile,trucking/logistics,CONROE,TX,fmcsa_census,,,,
standard,WILLIAM CASTILLO,9366975229,mobile,trucking/logistics,CONROE,TX,fmcsa_census,,,,
standard,TOMMIE LEE FOSTER JR,9364055470,mobile,trucking/logistics,CONROE,TX,fmcsa_census,,,,
standard,SHORELINE SERVICES INC,9368564880,mobile,trucking/logistics,WILLIS,TX,fmcsa_census,,,,
standard,ROYLAND T BAILEY,9364395371,mobile,trucking/logistics,HUNTSVILLE,TX,fmcsa_census,,,,
standard,MOSES FREIGHTWAYS LLC,3464525061,mobile,trucking/logistics,HOUSTON,TX,fmcsa_census,,,,
standard,ATTRACTIONS UNLIMITED INC,2815411366,mobile,trucking/logistics,HOUSTON,TX,fmcsa_census,,,,
standard,ON TYME DISPATCH,2819485860,mobile,trucking/logistics,HOUSTON,TX,fmcsa_census,,,,
standard,DH SITE & MATERIAL LLC,9405953852,mobile,trucking/logistics,PILOT POINT,TX,fmcsa_census,,,,
standard,SPECIALITY ENVIROMENTAL SERVICES OF TEXAS,9404335120,mobile,trucking/logistics,DECATUR,TX,fmcsa_census,,,,
standard,JACKIE CROXTON,9405008951,mobile,trucking/logistics,NOCONA,TX,fmcsa_census,,,,
standard,MJM TRANSFERS LLC,7875506084,mobile,trucking/logistics,FORT WORTH,TX,fmcsa_census,,,,
standard,ARMADA PRESSURE CONTROL LLC,4323523769,mobile,trucking/logistics,DECATUR,TX,fmcsa_census,,,,
standard,JUAN DELATORRE,2148692810,mobile,trucking/logistics,KRUM,TX,fmcsa_census,,,,
standard,R & H LOGISTICS INC,2144637800,mobile,trucking/logistics,KELLER,TX,fmcsa_census,,,,
standard,RICHARD PENA,9405942934,mobile,trucking/logistics,KRUM,TX,fmcsa_census,,,,
standard,TEXAS RURAL WASTE INC,9036242182,mobile,trucking/logistics,WHITESBORO,TX,fmcsa_census,,,,
standard,GRIFFIN RESTORATION INC,9409020471,mobile,trucking/logistics,WHITESBORO,TX,fmcsa_census,,,,
standard,JUVENCIO LOPEZ OROZCO,9408829542,mobile,trucking/logistics,WICHITA FALLS,TX,fmcsa_census,,,,
standard,ERRAND LLC,3185108440,mobile,trucking/logistics,FORT WORTH,TX,fmcsa_census,,,,
standard,TEXOMA FREIGHT INC,9407235681,mobile,trucking/logistics,WICHITA FALLS,TX,fmcsa_census,,,,
standard,LIMAYAMA CARGO LLC,8329883902,mobile,trucking/logistics,HOUSTON,TX,fmcsa_census,,,,
standard,OSCAR PRIETO,2819610222,mobile,trucking/logistics,HOUSTON,TX,fmcsa_census,,,,
standard,CMO SERVICES LLC,8326831066,mobile,trucking/logistics,CONROE,TX,fmcsa_census,,,,
standard,RLT TRANSPORTATION SERVICES LLC,9546369270,mobile,trucking/logistics,HOUSTON,TX,fmcsa_census,,,,
standard,LUNAR CONTROLS LLC,2812369642,mobile,trucking/logistics,HOUSTON,TX,fmcsa_census,,,,
standard,WYNNE TRANSPORTATION I LLC,9365816705,mobile,trucking/logistics,HUNTSVILLE,TX,fmcsa_census,,,,
standard,ENDGAME LOGISTICS LLC,9364435263,mobile,trucking/logistics,WILLIS,TX,fmcsa_census,,,,
standard,C&C TRANSPORT INC,2819231368,mobile,trucking/logistics,CLEVELAND,TX,fmcsa_census,,,,
standard,ROY LEE MADDOUX,2817343944,mobile,trucking/logistics,CLEVELAND,TX,fmcsa_census,,,,
standard,INOVATIVE LOGISTIC LLC,8327185199,mobile,trucking/logistics,HOUSTON,TX,fmcsa_census,,,,
standard,WILLIAM TOMMIE RODGERS,2815939574,mobile,trucking/logistics,CLEVELAND,TX,fmcsa_census,,,,
standard,URIAH CONSIGNMENT TRUCKING CO LLC,8324804131,mobile,trucking/logistics,CONROE,TX,fmcsa_census,,,,
standard,REPUBLIC LAND SERVICES LLC,4097901101,mobile,trucking/logistics,CONROE,TX,fmcsa_census,,,,
standard,GBL TRANSPORT LLC,9362172549,mobile,trucking/logistics,CONROE,TX,fmcsa_census,,,,
standard,GUADALUPE GARICA,8323867418,mobile,trucking/logistics,CLEVELAND,TX,fmcsa_census,,,,
standard,THE SOUTHERN LOAD LLC,2819758826,mobile,trucking/logistics,HOUSTON,TX,fmcsa_census,,,,
standard,JAXON LOGISTICS LLC,8328804056,mobile,trucking/logistics,HOUSTON,TX,fmcsa_census,,,,
standard,JAMES CARTER JR,2815939138,mobile,trucking/logistics,CLEVELAND,TX,fmcsa_census,,,,
standard,PERCENTAGE LLC,9362177054,mobile,trucking/logistics,CONROE,TX,fmcsa_census,,,,
standard,MAITE DENIS CASTILLO,3465165682,mobile,trucking/logistics,HOUSTON,TX,fmcsa_census,,,,
standard,FOSTER CLEANING SERVICES INC,2818084800,mobile,trucking/logistics,CONROE,TX,fmcsa_census,,,,
standard,TRUCKING YO WAY LLC,9362032336,mobile,trucking/logistics,WILLIS,TX,fmcsa_census,,,,
standard,B & C LOGISTICS INC,8322965018,mobile,trucking/logistics,HOUSTON,TX,fmcsa_census,,,,
standard,CEDRIC W JOSEPH,2818278692,mobile,trucking/logistics,HOUSTON,TX,fmcsa_census,,,,
standard,EGNO ACEITUNO,7132870375,mobile,trucking/logistics,HOUSTON,TX,fmcsa_census,,,,
standard,DLM TRUCKING LLC,7137398652,mobile,trucking/logistics,HOUSTON,TX,fmcsa_census,,,,
standard,EXCELL DISPOSAL WASTE CONTAINERS INC,7138249118,mobile,trucking/logistics,HOUSTON,TX,fmcsa_census,,,,
standard,BORIS L HERNANDEZ,8322179245,mobile,trucking/logistics,HOUSTON,TX,fmcsa_census,,,,
standard,MELITON SERRANO CRUZ,8326206360,mobile,trucking/logistics,HOUSTON,TX,fmcsa_census,,,,
standard,KARE & LEXX LLC,7135535807,mobile,trucking/logistics,HOUSTON,TX,fmcsa_census,,,,
standard,BAP TRANSPORT LLC,3462040000,mobile,trucking/logistics,HOUSTON,TX,fmcsa_census,,,,
standard,MICHAEL LEE COMSTOCK,8325796364,mobile,trucking/logistics,CLEVELAND,TX,fmcsa_census,,,,
standard,ADELEK LLC,6822301940,mobile,trucking/logistics,CONROE,TX,fmcsa_census,,,,
standard,ALBERTO GRAU ISAAC,2818544703,mobile,trucking/logistics,HOUSTON,TX,fmcsa_census,,,,
standard,JCAT TRANSPORT LLC,3465686799,mobile,trucking/logistics,HOUSTON,TX,fmcsa_census,,,,
standard,ACOSTA AND COMPANY TRUCKING,2819027246,mobile,trucking/logistics,HOUSTON,TX,fmcsa_census,,,,
standard,SAYYID GROUP INT LLC,8324166150,mobile,trucking/logistics,HOUSTON,TX,fmcsa_census,,,,
standard,OSHAWN C PARKER,8322339174,mobile,trucking/logistics,HUNTSVILLE,TX,fmcsa_census,,,,
standard,AMILCAR A ALVAREZ ROMERO,3017897431,mobile,trucking/logistics,HOUSTON,TX,fmcsa_census,,,,
standard,WILDER DOZER SERVICE LLC,9366614886,mobile,trucking/logistics,HUNTSVILLE,TX,fmcsa_census,,,,
standard,SIX G TRUCKING COMPANY,9364355577,mobile,trucking/logistics,HUNTSVILLE,TX,fmcsa_census,,,,
standard,JOSE RICARDO ORTIZ,3464145911,mobile,trucking/logistics,HOUSTON,TX,fmcsa_census,,,,
standard,ICSO LLC,3463703514,mobile,trucking/logistics,WILLIS,TX,fmcsa_census,,,,
standard,LEUDYS GARCIA,7135130570,mobile,trucking/logistics,HOUSTON,TX,fmcsa_census,,,,
standard,JULIANA GUEVARA EFRAIN GUEVARA,8328609758,mobile,trucking/logistics,CLEVELAND,TX,fmcsa_census,,,,
standard,GLOBAL INTEGRAL SERVICES LLC,8328764256,mobile,trucking/logistics,HOUSTON,TX,fmcsa_census,,,,
standard,PRO MOVER LLC,2814094804,mobile,trucking/logistics,HOUSTON,TX,fmcsa_census,,,,
standard,I & P TRANSPORT LLC,7864435347,mobile,trucking/logistics,HOUSTON,TX,fmcsa_census,,,,
standard,MOLINA'S TRUCKING,2817485598,mobile,trucking/logistics,HOUSTON,TX,fmcsa_census,,,,
standard,CLAUDIO & SON LOGISTICS LLC,2819280003,mobile,trucking/logistics,CLEVELAND,TX,fmcsa_census,,,,
standard,EAGLE R ENTERPRISES LLC,8323521929,mobile,trucking/logistics,CLEVELAND,TX,fmcsa_census,,,,
standard,PHENAROL LLC,7138309830,mobile,trucking/logistics,HOUSTON,TX,fmcsa_census,,,,
standard,IMPERIO LOGISTICS LLC,7872223667,mobile,trucking/logistics,HOUSTON,TX,fmcsa_census,,,,
standard,ROBERT E HOLMES JR,9362031646,mobile,trucking/logistics,COLDSPRING,TX,fmcsa_census,,,,
standard,TERRA FLIGHT ONE LLC,8329177118,mobile,trucking/logistics,HOUSTON,TX,fmcsa_census,,,,
standard,WE SHIP FOR YOU CORP,8723557109,mobile,trucking/logistics,HOUSTON,TX,fmcsa_census,,,,
standard,A BONILLA TRANSPORTATION LLC,3463005063,mobile,trucking/logistics,HUNTSVILLE,TX,fmcsa_census,,,,
standard,BIG K HAULING LLC,2813172888,mobile,trucking/logistics,HOUSTON,TX,fmcsa_census,,,,
standard,HOOT-N-HOLLER SERVICES LLC,2103869458,mobile,trucking/logistics,HUNTSVILLE,TX,fmcsa_census,,,,
standard,JOSE ISRAEL MEJIA,9366615879,mobile,trucking/logistics,HUNTSVILLE,TX,fmcsa_census,,,,
standard,GEOVANIS PUPO MARTINEZ,5124303560,mobile,trucking/logistics,HOUSTON,TX,fmcsa_census,,,,
standard,DONNIE MOORE,9365373735,mobile,trucking/logistics,CONROE,TX,fmcsa_census,,,,
standard,FATHER & SON TRANSPORTATIONS LLC,2016914013,mobile,trucking/logistics,HOUSTON,TX,fmcsa_census,,,,
standard,R & Y DELIVERY EXPRESS LLC,8325731264,mobile,trucking/logistics,HOUSTON,TX,fmcsa_census,,,,
standard,PUPO'S LLC,8328331655,mobile,trucking/logistics,HOUSTON,TX,fmcsa_census,,,,
standard,STEPHEN NORMAN,9364355520,mobile,trucking/logistics,HUNTSVILLE,TX,fmcsa_census,,,,
standard,HS TRUCKING LLC,8323189857,mobile,trucking/logistics,CLEVELAND,TX,fmcsa_census,,,,
standard,TEXAS XPRESS TRANSPORTS LLC,8324891405,mobile,trucking/logistics,HOUSTON,TX,fmcsa_census,,,,
standard,RANDY JOE RICHARD,7138750868,mobile,trucking/logistics,COLDSPRING,TX,fmcsa_census,,,,
standard,LMZ TRUCKING SERVICES LLC,3057633479,mobile,trucking/logistics,CLEVELAND,TX,fmcsa_census,,,,
standard,LALO MANZANO TRUCKING LLC,2817633562,mobile,trucking/logistics,HOUSTON,TX,fmcsa_census,,,,
standard,DWILLIAMS LLC,8327451880,mobile,trucking/logistics,WITCHTA FALLS,TX,fmcsa_census,,,,
standard,M DURRETT,9406681906,mobile,trucking/logistics,WHITESBORO,TX,fmcsa_census,,,,
standard,448 INVESTMENTS & LOGISTIC SERVICES LLC,9408678217,mobile,trucking/logistics,WICHITA FALLS,TX,fmcsa_census,,,,
standard,FRANCISCO VILLA,9038185560,mobile,trucking/logistics,WHITESBORO,TX,fmcsa_census,,,,
standard,13L SERVICES INC,9038140820,mobile,trucking/logistics,WHITESBORO,TX,fmcsa_census,,,,
standard,TRANSPORT LOGISTICS INC,9407238117,mobile,trucking/logistics,WICHITA FALLS,TX,fmcsa_census,,,,
standard,PRIMO FEEDS LLC,9408289006,mobile,trucking/logistics,WICHITA FALLS,TX,fmcsa_census,,,,
standard,AL'S AUTOMOTIVE,9407232522,mobile,trucking/logistics,WICHITA FALLS,TX,fmcsa_census,,,,
standard,AP MOVES LLC,9402494537,mobile,trucking/logistics,WICHITA FALLS,TX,fmcsa_census,,,,
standard,WOLFSONG ENTERPRISES LLC,9402246320,mobile,trucking/logistics,WICHITA FALLS,TX,fmcsa_census,,,,
standard,T SQUARE LOGISTICS SERVICES CORPORATION,9409230851,mobile,trucking/logistics,SHEPPARD AFB,TX,fmcsa_census,,,,
standard,TONY SHUGART,9403683738,mobile,trucking/logistics,WHITESBORO,TX,fmcsa_census,,,,
standard,PIONEER ASPHALT RESTORATION INC,9403008096,mobile,trucking/logistics,SANGER,TX,fmcsa_census,,,,
standard,MATT HAMMOND,9407274147,mobile,trucking/logistics,WHITESBORO,TX,fmcsa_census,,,,
standard,CASEY HINTON QUARTER HORSES INC,9038219743,mobile,trucking/logistics,WHITESBORO,TX,fmcsa_census,,,,
standard,ADVANTAGE MOVING & DELIVERY INC,9403222126,mobile,trucking/logistics,WICHITA FALLS,TX,fmcsa_census,,,,
standard,TAMMY D GONZALES,9404583904,mobile,trucking/logistics,SANGER,TX,fmcsa_census,,,,
standard,JASON RIEFLER,4693239736,mobile,trucking/logistics,SANGER,TX,fmcsa_census,,,,
standard,KEVIN RENEAU DBA,9406316810,mobile,trucking/logistics,ARCHER CITY,TX,fmcsa_census,,,,
standard,MCG DRILLING & COMPLETING LLC,9405742417,mobile,trucking/logistics,ARCHER CITY,TX,fmcsa_census,,,,
standard,JAMES RYAN STAFFORD JAMES RONALD STAFFORD,9032676764,mobile,trucking/logistics,WHITESBORO,TX,fmcsa_census,,,,
standard,KB DIVERSIFIED INC,8175388454,mobile,trucking/logistics,KELLER,TX,fmcsa_census,,,,
standard,PRIME 9 LOGISTICS LLC,8173829796,mobile,trucking/logistics,FORT WORTH,TX,fmcsa_census,,,,
standard,JULIO'S LONESTAR TRUCKING LLC,6822552042,mobile,trucking/logistics,WHT SETTLEMT,TX,fmcsa_census,,,,
standard,A TRUCK LOAD LLC,6825973330,mobile,trucking/logistics,FORT WORTH,TX,fmcsa_census,,,,
standard,TERRY MCALISTER AND KEVIN MCALISTER,9407330822,mobile,trucking/logistics,ELECTRA,TX,fmcsa_census,,,,
standard,4G HAULING SERVICES LLC,3254502834,mobile,trucking/logistics,FORT WORTH,TX,fmcsa_census,,,,
standard,JASON RIEFLER LLC,9402997687,mobile,trucking/logistics,SANGER,TX,fmcsa_census,,,,
standard,DARRELL REID,9406318554,mobile,trucking/logistics,ELECTRA,TX,fmcsa_census,,,,
standard,TRAINHAM ICE LLC,9404225321,mobile,trucking/logistics,GOREE,TX,fmcsa_census,,,,
standard,TRAINHAM ICE LLC,9402030698,mobile,trucking/logistics,GOREE,TX,fmcsa_census,,,,
standard,JOE MITCHELL FLEMING,7135023483,mobile,trucking/logistics,ELECTRA,TX,fmcsa_census,,,,
standard,CARLOS CAMPOS HERNANDEZ,8172981092,mobile,trucking/logistics,FORT WORTH,TX,fmcsa_census,,,,
standard,P AND R TRUCKING SERVICES LLC,9153142757,mobile,trucking/logistics,SEMINOLE,TX,fmcsa_census,,,,
standard,PETROSTAR OIL CO LLC,4697134030,mobile,trucking/logistics,ELECTRA,TX,fmcsa_census,,,,
standard,CARL J WIGGINS,9404952974,mobile,trucking/logistics,ELECTRA,TX,fmcsa_census,,,,
standard,BETTY SWANSON,9404953971,mobile,trucking/logistics,ELECTRA,TX,fmcsa_census,,,,
standard,ONEDERFUL LOGISTICS AND DISPATCH LLC,3183533338,mobile,trucking/logistics,FORT WORTH,TX,fmcsa_census,,,,
standard,B & B HAULING LLC,9407816650,mobile,trucking/logistics,WICHITA FALLS,TX,fmcsa_census,,,,
standard,DISCOVERY TRUCKING LLC,8064432744,mobile,trucking/logistics,WICHITA FALLS,TX,fmcsa_census,,,,
standard,GRAVITY LOGISTICS LLC,6825648632,mobile,trucking/logistics,FORT WORTH,TX,fmcsa_census,,,,
standard,SPRUIELL DRILLING CO INC,9405925471,mobile,trucking/logistics,HOLLIDAY,TX,fmcsa_census,,,,
standard,MICHAEL LAVENDER,8178293111,mobile,trucking/logistics,WICHITA FALLS,TX,fmcsa_census,,,,
standard,TEXAS DIGGER SERVICE INC,9406317887,mobile,trucking/logistics,WICHITA FALLS,TX,fmcsa_census,,,,
standard,DONAHOE & JACKSON TRUCKING COMPANY INC,4096534220,mobile,trucking/logistics,COLDSPRING,TX,fmcsa_census,,,,
standard,JERRY ELLISOR,9362936151,mobile,trucking/logistics,HUNTSVILLE,TX,fmcsa_census,,,,
standard,BLACKMON MOORING OF HOUSTON LLC,2813368493,mobile,trucking/logistics,HOUSTON,TX,fmcsa_census,,,,
standard,DANIEL HOLIFIELD,2817095565,mobile,trucking/logistics,CLEVELAND,TX,fmcsa_census,,,,
standard,ISRAEL LEON,8322608424,mobile,trucking/logistics,HOUSTON,TX,fmcsa_census,,,,
standard,LANCE HUGHES TRUCKING LLC,7137751291,mobile,trucking/logistics,CONROE,TX,fmcsa_census,,,,
standard,CAROLINA CUSTOM BUILDERS,9365947607,mobile,trucking/logistics,HUNTSVILLE,TX,fmcsa_census,,,,
standard,GOMIS-JAMBAAR LLC,3465626512,mobile,trucking/logistics,CONROE,TX,fmcsa_census,,,,
standard,JOSE MAURICIO AMAYA,8326883214,mobile,trucking/logistics,CLEVELAND,TX,fmcsa_census,,,,
standard,WEBSTER RECOVERY SERVICES LLC,2814336334,mobile,trucking/logistics,HOUSTON,TX,fmcsa_census,,,,
standard,VNA HAULERS LLC,8329310191,mobile,trucking/logistics,HOUSTON,TX,fmcsa_census,,,,
standard,RONNIE GENE PATRICK,9367145158,mobile,trucking/logistics,HUNTSVILLE,TX,fmcsa_census,,,,
standard,OSLAY TRANSPORT LLC,8329442771,mobile,trucking/logistics,HOUSTON,TX,fmcsa_census,,,,
standard,FAST DELIVERY TRANSPORT LLC,7863339273,mobile,trucking/logistics,CLEVELAND,TX,fmcsa_census,,,,
standard,TEXASCO SERVICES LLC,8329522556,mobile,trucking/logistics,HOUSTON,TX,fmcsa_census,,,,
standard,NATIONWIDE TRUCKING LLC,8325203060,mobile,trucking/logistics,HOUSTON,TX,fmcsa_census,,,,
standard,LBK LOGISTICS LLC,8325992941,mobile,trucking/logistics,CLEVELAND,TX,fmcsa_census,,,,
standard,JIREH TRANSPORT SOLUTIONS LLC,9792885253,mobile,trucking/logistics,CONROE,TX,fmcsa_census,,,,
standard,MGC AUTO CORPORATION LLC,8326382138,mobile,trucking/logistics,CLEVELAND,TX,fmcsa_census,,,,
standard,BILL WOOD,9366611455,mobile,trucking/logistics,HUNTSVILLE,TX,fmcsa_census,,,,
standard,C GUZMAN CONSTRUCTION LLC,8322771111,mobile,trucking/logistics,CLEVELAND,TX,fmcsa_census,,,,
standard,AURORA CONSTRUCTION GROUP LLC,8322281355,mobile,trucking/logistics,HOUSTON,TX,fmcsa_census,,,,
standard,KENDAL ROBERTS TRANSPORT INC,2818068253,mobile,trucking/logistics,COLDSPRING,TX,fmcsa_census,,,,
standard,JOSE A PORTILLO,8328781268,mobile,trucking/logistics,HOUSTON,TX,fmcsa_census,,,,
standard,JOSE A PORTILLO,2817613482,mobile,trucking/logistics,HOUSTON,TX,fmcsa_census,,,,
standard,BLACKJACK 7-7-7 EXPRESS LLC,8327079158,mobile,trucking/logistics,HOUSTON,TX,fmcsa_census,,,,
standard,JCM HOTSHOTS LLC,8327740494,mobile,trucking/logistics,CLEVELAND,TX,fmcsa_census,,,,
standard,JUAN CARLOS ROZO,8323126528,mobile,trucking/logistics,HOUSTON,TX,fmcsa_census,,,,
standard,RICKY TRUCKING FIVE LLC,9087646601,mobile,trucking/logistics,CONROE,TX,fmcsa_census,,,,
standard,CARLOTA CAPETILLO CHAVEZ,8326653017,mobile,trucking/logistics,HOUSTON,TX,fmcsa_census,,,,
standard,EDUARDO DE JESUS ROMO,3465331799,mobile,trucking/logistics,HUMBLE,TX,fmcsa_census,,,,
standard,JOHN W COTTON,3373164292,mobile,trucking/logistics,HOUSTON,TX,fmcsa_census,,,,
standard,J&C TRANSPORT LOGISTICS LLC,9564589295,mobile,trucking/logistics,HOUSTON,TX,fmcsa_census,,,,
standard,KNIGHT LOGISTICS LLC,8323475261,mobile,trucking/logistics,HOUSTON,TX,fmcsa_census,,,,
standard,LOGIC 1 TRANSPORTATION LLC,7134173010,mobile,trucking/logistics,HOUSTON,TX,fmcsa_census,,,,
standard,GLAN TRANSPORT CORP,7864241484,mobile,trucking/logistics,CLEVELAND,TX,fmcsa_census,,,,
standard,RDBSR LIMITED LIABILITY COMPANY,2815935796,mobile,trucking/logistics,CLEVELAND,TX,fmcsa_census,,,,
standard,OLENOX CORP,9402051257,mobile,trucking/logistics,CONROE,TX,fmcsa_census,,,,
standard,J & H TRUCKING POWER LLC,5314953082,mobile,trucking/logistics,CLEVELAND,TX,fmcsa_census,,,,
standard,VALU LOGISTICS AND SUPPLY CHAIN LLC,8329223799,mobile,trucking/logistics,CONROE,TX,fmcsa_census,,,,
standard,GEORGE BASKIN BASKIN TRUCKING,8325560984,mobile,trucking/logistics,HOUSTON,TX,fmcsa_census,,,,
standard,WELDEN LYMONE SIMON,8322052272,mobile,trucking/logistics,HOUSTON,TX,fmcsa_census,,,,
standard,GEORGE TANGUMA,8326386509,mobile,trucking/logistics,HOUSTON,TX,fmcsa_census,,,,
standard,MRT TRUCKING SERVICES LLC,9799226145,mobile,trucking/logistics,HOUSTON,TX,fmcsa_census,,,,
standard,JOSUE PECORA HERNANDEZ,8322450000,mobile,trucking/logistics,HOUSTON,TX,fmcsa_census,,,,
standard,KT HAULING LLC,7138238211,mobile,trucking/logistics,CLEVELAND,TX,fmcsa_census,,,,
standard,CLEMENTE MORAN,2819247883,mobile,trucking/logistics,HOUSTON,TX,fmcsa_census,,,,
standard,2011 B&T SERVICES LLC,9364149564,mobile,trucking/logistics,MONTGOMERY,TX,fmcsa_census,,,,
standard,GH4 LOGISTICS CORPORATION,9362425527,mobile,trucking/logistics,CONROE,TX,fmcsa_census,,,,
standard,GRAHAM FREIGHT LLC,6602290468,mobile,trucking/logistics,CONROE,TX,fmcsa_census,,,,
standard,T&E LOGISTICS LLC,3464007155,mobile,trucking/logistics,CLEVELAND,TX,fmcsa_census,,,,
standard,KERRY T DAVIS,7137336616,mobile,trucking/logistics,HOUSTON,TX,fmcsa_census,,,,
standard,ADRIAN PADRON FERNANDEZ,8324934645,mobile,trucking/logistics,HOUSTON,TX,fmcsa_census,,,,
standard,LISROBERT TRANSPORT LLC,8329391634,mobile,trucking/logistics,HUMBLE,TX,fmcsa_census,,,,
standard,EAST BRANCH INC,2815924691,mobile,trucking/logistics,CLEVELAND,TX,fmcsa_census,,,,
standard,JUAN JOSE COLOP,7136773975,mobile,trucking/logistics,HOUSTON,TX,fmcsa_census,,,,
standard,GUZMAN EXPRESS,8324831307,mobile,trucking/logistics,HOUSTON,TX,fmcsa_census,,,,
standard,DOUBLE J LAND CLEARING & CONST INC,9366726566,mobile,trucking/logistics,CONROE,TX,fmcsa_census,,,,
standard,DARNELL FRANK,8322939388,mobile,trucking/logistics,HOUSTON,TX,fmcsa_census,,,,
standard,JOHN HANDY,7132999772,mobile,trucking/logistics,HOUSTON,TX,fmcsa_census,,,,
standard,CHARLES E GOINGS,9366892893,mobile,trucking/logistics,CONROE,TX,fmcsa_census,,,,
standard,JOHN W RONE,5029948265,mobile,trucking/logistics,KINGWOOD,TX,fmcsa_census,,,,
standard,S HEREBIAS TRUCKING LLC,8328123446,mobile,trucking/logistics,HOUSTON,TX,fmcsa_census,,,,
standard,77FOXTROT LLC,7132314373,mobile,trucking/logistics,HOUSTON,TX,fmcsa_census,,,,
standard,BTMT TRUCKING LLC,7132565486,mobile,trucking/logistics,HUMBLE,TX,fmcsa_census,,,,
standard,ISAIAH PETERS,8328551333,mobile,trucking/logistics,CLEVELAND,TX,fmcsa_census,,,,
standard,DONALD LEE DIXON II,8323183283,mobile,trucking/logistics,CLEVELAND,TX,fmcsa_census,,,,
standard,ALPHONSE SIMPLE JR,7134980115,mobile,trucking/logistics,HOUSTON,TX,fmcsa_census,,,,
standard,STEVE SCHWARZ,8323300069,mobile,trucking/logistics,KINGWOOD,TX,fmcsa_census,,,,
standard,TRIPLE D TRANSPORT INC,2815921474,mobile,trucking/logistics,CLEVELAND,TX,fmcsa_census,,,,
standard,UNITED MASONRY INC,2813585200,mobile,trucking/logistics,KINGWOOD,TX,fmcsa_census,,,,
standard,BULLDOG HYDRO MULCHING LLC,2815939436,mobile,trucking/logistics,CLEVELAND,TX,fmcsa_census,,,,
standard,JIMMY SWANSON,8172470784,mobile,trucking/logistics,WICHITA FALLS,TX,fmcsa_census,,,,
standard,800 ASPHALT TEXAS LLC,8177572507,mobile,trucking/logistics,WICHITA FALLS,TX,fmcsa_census,,,,
standard,S P Z TRANSPORTATION LLC,8177915080,mobile,trucking/logistics,FORT WORTH,TX,fmcsa_census,,,,
standard,KNS TRANSPORT LLC,9407041705,mobile,trucking/logistics,WICHITA FALLS,TX,fmcsa_census,,,,
standard,MEADOR PRODUCTS INC,9407678541,mobile,trucking/logistics,WICHITA FALLS,TX,fmcsa_census,,,,
standard,RICARDO MOSES AGUILAR JR,6824771852,mobile,trucking/logistics,FORT WORTH,TX,fmcsa_census,,,,
standard,RANCH OF AMERICA INVESTMENTS LLC,9035647700,mobile,trucking/logistics,WHITESBORO,TX,fmcsa_census,,,,
standard,PAUL A MARTINEZ,5056469883,mobile,trucking/logistics,FORT WORTH,TX,fmcsa_census,,,,
standard,TACTICS AND LOGISTICS LLC,4322697292,mobile,trucking/logistics,FORT WORTH,TX,fmcsa_census,,,,
standard,RICKEY G FOREMAN,9406319793,mobile,trucking/logistics,ARCHER CITY,TX,fmcsa_census,,,,
standard,JP CONCRETE,8176738961,mobile,trucking/logistics,FORT WORTH,TX,fmcsa_census,,,,
standard,ANCHONDO TRUCKING 1 LLC,8177985516,mobile,trucking/logistics,FORT WORTH,TX,fmcsa_census,,,,
standard,DONNIE R AKIN,9403916102,mobile,trucking/logistics,SANGER,TX,fmcsa_census,,,,
standard,J & D TRUCKING INC,6184441928,mobile,trucking/logistics,WICHITA FALLS,TX,fmcsa_census,,,,
standard,GRAYSON LOGISTICS LLC,9405354458,mobile,trucking/logistics,SANGER,TX,fmcsa_census,,,,
standard,ALLY FREIGHT LINES LLC,4697666351,mobile,trucking/logistics,FORT WORTH,TX,fmcsa_census,,,,
standard,SIX PINS TRANSPORTATION LLC,9403674688,mobile,trucking/logistics,SANGER,TX,fmcsa_census,,,,
standard,3B UPFIT LLC,9037711671,mobile,trucking/logistics,WHITESBORO,TX,fmcsa_census,,,,
standard,ANA LUCRECIA SANCHEZ,6822399708,mobile,trucking/logistics,FORT WORTH,TX,fmcsa_census,,,,
standard,"STABILE & WINN, INC.",8178295854,mobile,trucking/logistics,SAGINAW,TX,fmcsa_census,,,,
standard,ADVANTAGE OIL TRUCKING LLC,9406890001,mobile,trucking/logistics,WICHITA FALLS,TX,fmcsa_census,,,,
standard,CLINT LYDE,9407614136,mobile,trucking/logistics,WICHITA FALLS,TX,fmcsa_census,,,,
standard,WICHITA FALLS BUILDER'S WHOLESALE INC,9407813904,mobile,trucking/logistics,WICHITA FALLS,TX,fmcsa_census,,,,
standard,MICHAEL CASTRO,9407812298,mobile,trucking/logistics,WICHITA FALLS,TX,fmcsa_census,,,,
standard,RED VANGUARD LOGISTICS LLC,9402281302,mobile,trucking/logistics,WICHITA FALLS,TX,fmcsa_census,,,,
standard,SHARP IRON GROUP LLC,9406873087,mobile,trucking/logistics,WICHITA FALLS,TX,fmcsa_census,,,,
standard,FREIGHT LYNX CORPORATION,8178914788,mobile,trucking/logistics,FORT WORTH,TX,fmcsa_census,,,,
standard,ODEN MECHANICAL CONTRACTORS INC,9402281779,mobile,trucking/logistics,WICHITA FALLS,TX,fmcsa_census,,,,
standard,RK AIR & LAND INVESTMENTS LLC,9405002807,mobile,trucking/logistics,WICHITA FALLS,TX,fmcsa_census,,,,
standard,FALLS TECH INC DBA MIDWEST DENTAL EQUIPMENT & SUPPLY,9403224592,mobile,trucking/logistics,WICHITA FALLS,TX,fmcsa_census,,,,
standard,KENNETH HUDSON,9375723036,mobile,trucking/logistics,WICHITA FALLS,TX,fmcsa_census,,,,
standard,KENNETH HUDSON,9406136185,mobile,trucking/logistics,WICHITA FALLS,TX,fmcsa_census,,,,
standard,RED RIVER WASTE MANAGEMENT LLC,9406317094,mobile,trucking/logistics,WICHITA FALLS,TX,fmcsa_census,,,,
standard,DOZIER TOWING & TRANSPORTING LLC,2148367484,mobile,trucking/logistics,FORT WORTH,TX,fmcsa_census,,,,
standard,QUALITY HOTSHOTS LLC,9402571983,mobile,trucking/logistics,WICHITA FALLS,TX,fmcsa_census,,,,
standard,LUIS ROJO,8179054818,mobile,trucking/logistics,FT WORTH,TX,fmcsa_census,,,,
standard,JAMES DARRELL REID,9404952480,mobile,trucking/logistics,ELECTRA,TX,fmcsa_census,,,,
standard,J V CONCRETE CONSTRUCTION INC,9403225455,mobile,trucking/logistics,WICHITA FALLS,TX,fmcsa_census,,,,
standard,AGNES FREIGHT & LOGISTICS INC,9402572025,mobile,trucking/logistics,WICHITA FALLS,TX,fmcsa_census,,,,
standard,NATANAEL LOPEZ,8178180061,mobile,trucking/logistics,FORT WORTH,TX,fmcsa_census,,,,
standard,JIM PENDERGRASS,9406928875,mobile,trucking/logistics,WICHITA FALLS,TX,fmcsa_census,,,,
standard,SOUTHWEST BUYERS OF TEXAS LTD,9406911112,mobile,trucking/logistics,WICHITA FALLS,TX,fmcsa_census,,,,
standard,CLARENCE RAY DERRICK,9403373741,mobile,trucking/logistics,WICHITA FALLS,TX,fmcsa_census,,,,
standard,ITR APP LLC,7543059234,mobile,trucking/logistics,WICHITA FALLS,TX,fmcsa_census,,,,
standard,SKYMAK TRUCKING LLC,8175282194,mobile,trucking/logistics,WHITE SETTLEMENT,TX,fmcsa_census,,,,
standard,ELITE ROADRUNNERS LLC,8177337932,mobile,trucking/logistics,FORT WORTH,TX,fmcsa_census,,,,
standard,HATCO CATTLE COMPANY INC,9408398728,mobile,trucking/logistics,ELECTRA,TX,fmcsa_census,,,,
standard,MILLERS MID TEX GENERAL CONSTRUCTION LLC,8177135368,mobile,trucking/logistics,FORT WORTH,TX,fmcsa_census,,,,
standard,DOUBLE NICKEL TRANSPORTATION LLC,9403906613,mobile,trucking/logistics,SANGER,TX,fmcsa_census,,,,
standard,BOBBY D MELTON,9406427134,mobile,trucking/logistics,WICHITA FALLS,TX,fmcsa_census,,,,
standard,CALVERLEY TRANSPORT LLC,8178001454,mobile,trucking/logistics,FORT WORTH,TX,fmcsa_census,,,,
standard,MUSTANG WIRELINE SERVICES LLC,8177817402,mobile,trucking/logistics,WICHITA FALLS,TX,fmcsa_census,,,,
standard,HIGHT MARINE PRODUCTS INC,8179949491,mobile,trucking/logistics,KELLER,TX,fmcsa_census,,,,
standard,WESTAR TRANSPORTATION INC,9403666614,mobile,trucking/logistics,WICHITA FALLS,TX,fmcsa_census,,,,
standard,ARTHUR GAONA,3612182532,mobile,trucking/logistics,WICHITA FALLS,TX,fmcsa_census,,,,
standard,MIDWEST WASTE SERVICES LLC,9406139419,mobile,trucking/logistics,WICHITA FALLS,TX,fmcsa_census,,,,
standard,QUATRO OIL & GAS INC,2145515138,mobile,trucking/logistics,WICHITA FALLS,TX,fmcsa_census,,,,
standard,BURNIN DAYLIGHT LLC,9407200540,mobile,trucking/logistics,WICHITA FALLS,TX,fmcsa_census,,,,
standard,ONA INTERNATIONAL LLC,8177813990,mobile,trucking/logistics,FORT WORTH,TX,fmcsa_census,,,,
standard,KYON TRANSPORTATION LLC,8175027559,mobile,trucking/logistics,FORT WORTH,TX,fmcsa_census,,,,
standard,JACK'S ROOFING LLC,6414357854,mobile,trucking/logistics,WHITE SETTLEMENT,TX,fmcsa_census,,,,
standard,NORTH STAR TRUCKING LLC,9402289554,mobile,trucking/logistics,WICHITA FALLS,TX,fmcsa_census,,,,
standard,REED'S 24HR TOWING LLC,3024871362,mobile,trucking/logistics,FORTH WORTH,TX,fmcsa_census,,,,
standard,FRONTIER EXPRESS LLC,8179461818,mobile,trucking/logistics,KELLER,TX,fmcsa_census,,,,
standard,LLOYD ELI JR,9402574614,mobile,trucking/logistics,WICHITA FALLS,TX,fmcsa_census,,,,
standard,SKYLARK TRANSPORTATION INC,8173221354,mobile,trucking/logistics,WICHITA FALLS,TX,fmcsa_census,,,,
standard,PAWPAW GENE FARMS LLC,9404476238,mobile,trucking/logistics,WICHITA FALLS,TX,fmcsa_census,,,,
standard,TEXAN PRIDE TRANSPORTATION LLC,8175138595,mobile,trucking/logistics,WICHITA FALLS,TX,fmcsa_census,,,,
standard,JAMES GREGORY ROSS,7042524016,mobile,trucking/logistics,HUNTSVILLE,TX,fmcsa_census,,,,
standard,GUILLERMO LUNA,7134189536,mobile,trucking/logistics,HOUSTON,TX,fmcsa_census,,,,
standard,MENADE INC,2813480853,mobile,trucking/logistics,KINGWOOD,TX,fmcsa_census,,,,
standard,GULF TRUCKING LLC,8326710410,mobile,trucking/logistics,HOUSTON,TX,fmcsa_census,,,,
standard,IVAN HIDALGO,8324388863,mobile,trucking/logistics,HOUSTON,TX,fmcsa_census,,,,
standard,ANDY HUY TRAN,4695067310,mobile,trucking/logistics,KINGWOOD,TX,fmcsa_census,,,,
standard,DURON & SONS LLC,9365815179,mobile,trucking/logistics,HUNTSVILLE,TX,fmcsa_census,,,,
standard,ALMARTIN TRANSPORTATION INC,8327262375,mobile,trucking/logistics,CLEVELAND,TX,fmcsa_census,,,,
standard,IVORY MOORE DESIGN GROUP LLC,2814681562,mobile,trucking/logistics,HUMBLE,TX,fmcsa_census,,,,
standard,RM CASTLE LOGISTICS LLC,8322282951,mobile,trucking/logistics,HOUSTON,TX,fmcsa_census,,,,
standard,CHARLES W BRANCH JR,7137296625,mobile,trucking/logistics,HOUSTON,TX,fmcsa_census,,,,
standard,CONDE TRUCKING LLC,8069227563,mobile,trucking/logistics,HOUSTON,TX,fmcsa_census,,,,
standard,BRIAN MARTINEZ,4697338617,mobile,trucking/logistics,HUNTSVILLE,TX,fmcsa_census,,,,
standard,A1 LOGISTICS AND TRANSPORTATION LLC,5042950637,mobile,trucking/logistics,HUMBLE,TX,fmcsa_census,,,,
standard,DANIEL NARANJO,8327393896,mobile,trucking/logistics,HOUSTON,TX,fmcsa_census,,,,
standard,AUTO HOG TRANSPORT LLC,2816203404,mobile,trucking/logistics,KINGWOOD,TX,fmcsa_census,,,,
standard,FULLER EXPRESS INC,8328167801,mobile,trucking/logistics,KINGWOOD,TX,fmcsa_census,,,,
standard,LIVAN HERNANDEZ,8328847331,mobile,trucking/logistics,HOUSTON,TX,fmcsa_census,,,,
standard,QUICK LANE LOGISTICS LLC,8322138701,mobile,trucking/logistics,HOUSTON,TX,fmcsa_census,,,,
standard,ONYX LIMOUSINE SERVICE INC,8326419771,mobile,trucking/logistics,HOUSTON,TX,fmcsa_census,,,,
standard,JOHNNY AUGUSTIN,3057988635,mobile,trucking/logistics,KINGWOOD,TX,fmcsa_census,,,,
standard,HENRY DARRELL VAUGHN,2816225656,mobile,trucking/logistics,CLEVELAND,TX,fmcsa_census,,,,
standard,3 BRO'S TRANSPORTATION LLC,3464232244,mobile,trucking/logistics,KINGWOOD,TX,fmcsa_census,,,,
standard,JCIII LOGISTICS LLC,7135949912,mobile,trucking/logistics,HUMBLE,TX,fmcsa_census,,,,
standard,GENERATION HIVE AND HONEY INC,2815419751,mobile,trucking/logistics,CLEVELAND,TX,fmcsa_census,,,,
standard,BYRON NOE PEREZ,8326077829,mobile,trucking/logistics,HOUSTON,TX,fmcsa_census,,,,
standard,MATE INC,2818550045,mobile,trucking/logistics,HOUSTON,TX,fmcsa_census,,,,
standard,KNA STEEL ERECTORS,8324719833,mobile,trucking/logistics,HOUSTON,TX,fmcsa_census,,,,
standard,KING UP LOGISTICS LLC,3463072717,mobile,trucking/logistics,KINGWOOD,TX,fmcsa_census,,,,
standard,FAST AND EASY INC,8322941041,mobile,trucking/logistics,HOUSTON,TX,fmcsa_census,,,,
standard,AMAZIN TRANSPORT LLC,9366680078,mobile,trucking/logistics,CONROE,TX,fmcsa_census,,,,
standard,ORAMIS ALONSO MEDINAS,7136771301,mobile,trucking/logistics,HOUSTON,TX,fmcsa_census,,,,
standard,KELLER KONNECTION LLC,5046553429,mobile,trucking/logistics,KINGWOOD,TX,fmcsa_census,,,,
standard,MAJOR TRANSPORTATION LLC,8326051806,mobile,trucking/logistics,KINGWOOD,TX,fmcsa_census,,,,
standard,IRISNDT THERMAL INC,3462425993,mobile,trucking/logistics,HOUSTON,TX,fmcsa_census,,,,
standard,EDGAR R GAMBOA,8327719545,mobile,trucking/logistics,HOUSTON,TX,fmcsa_census,,,,
standard,STREAM RIVER LOGISTICS INC,8327321678,mobile,trucking/logistics,HOUSTON,TX,fmcsa_census,,,,
standard,DIGZAN GONZALEZ,7864738605,mobile,trucking/logistics,HOUSTON,TX,fmcsa_census,,,,
standard,GP HOTSHOT EXPRESS LLC,7138253977,mobile,trucking/logistics,CLEVELAND,TX,fmcsa_census,,,,
standard,DAY & KNIGHT LOGISTICS SERVICES LLC,2819648954,mobile,trucking/logistics,HUMBLE,TX,fmcsa_census,,,,
standard,B 6 CONSTRUCTION & SEPTIC SERVICES INC,9362918700,mobile,trucking/logistics,HUNTSVILLE,TX,fmcsa_census,,,,
standard,ATTA ENTERPRISE INC,7137803484,mobile,trucking/logistics,HOUSTON,TX,fmcsa_census,,,,
standard,GULF COAST CARGO LLC,7133210116,mobile,trucking/logistics,HOUSTON,TX,fmcsa_census,,,,
standard,JAMES ELLA LOGISTICS LLC,8328162471,mobile,trucking/logistics,HOUSTON,TX,fmcsa_census,,,,
standard,JCM TRANSPORTATION SERVICES LLC,8327411297,mobile,trucking/logistics,KINGWOOD,TX,fmcsa_census,,,,
standard,KNS LOGISTICS LLC,4053069096,mobile,trucking/logistics,KINGWOOD,TX,fmcsa_census,,,,
standard,ROCS 24-7 TRANSPORT LLC,8323509835,mobile,trucking/logistics,KINGWOOD,TX,fmcsa_census,,,,
standard,FRANCISCO ERNESTO SUAREZ,2818811085,mobile,trucking/logistics,KINGWOOD,TX,fmcsa_census,,,,
standard,JOSE DE JESUS HERNANDEZ LEON,2814329912,mobile,trucking/logistics,CLEVELAND,TX,fmcsa_census,,,,
standard,TRANSPORTES LATINOS INC,7133218667,mobile,trucking/logistics,HOUSTON,TX,fmcsa_census,,,,
standard,ARCOSA STABILIZED MATERIALS LLC,2818247517,mobile,trucking/logistics,HOUSTON,TX,fmcsa_census,,,,
standard,ANTONIO PALACIOS III,8325196986,mobile,trucking/logistics,HOUSTON,TX,fmcsa_census,,,,
standard,J W RHODES JR,7137332547,mobile,trucking/logistics,HOUSTON,TX,fmcsa_census,,,,
standard,KEEFSCORPIOIN EXCLUSIVE MINDS LLC,8324073134,mobile,trucking/logistics,HOUSTON,TX,fmcsa_census,,,,
standard,AMERICA ON THE ROAD LLC,7868031457,mobile,trucking/logistics,HOUSTON,TX,fmcsa_census,,,,
standard,SEA-LAND LLC,5049132523,mobile,trucking/logistics,HOUSTON,TX,fmcsa_census,,,,
standard,1369 TRUCKING LLC,2819050577,mobile,trucking/logistics,HOUSTON,TX,fmcsa_census,,,,
standard,ODALIS ZAMORA RAMIREZ,8326562679,mobile,trucking/logistics,HOUSTON,TX,fmcsa_census,,,,
standard,FRAZER LTD,7137725511,mobile,trucking/logistics,HOUSTON,TX,fmcsa_census,,,,
standard,CESAR J RODRIGUEZ,8327778416,mobile,trucking/logistics,HOUSTON,TX,fmcsa_census,,,,
standard,JJ TEAM TRUCKING LLC,8325048673,mobile,trucking/logistics,HOUSTON,TX,fmcsa_census,,,,
standard,GOLDEN EAGLE ENTERPRISE INC,7134192828,mobile,trucking/logistics,KINGWOOD,TX,fmcsa_census,,,,
standard,POWERHOUSE BATTERY INC,7139232246,mobile,trucking/logistics,HOUSTON,TX,fmcsa_census,,,,
standard,BOTITAS LLC,2813803158,mobile,trucking/logistics,HOUSTON,TX,fmcsa_census,,,,
standard,HEYDI MARTINEZ OWNER OPERATOR,2818651788,mobile,trucking/logistics,HOUSTON,TX,fmcsa_census,,,,
standard,NOBBIE'S TRANSPORTATION LLC,9363201659,mobile,trucking/logistics,HUNTSVILLE,TX,fmcsa_census,,,,
standard,M&A REMODELING & MAINTENANCE LLC,2816595417,mobile,trucking/logistics,CLEVELAND,TX,fmcsa_census,,,,
standard,STANLEY J CONNELL,9366894444,mobile,trucking/logistics,MONTGOMERY,TX,fmcsa_census,,,,
standard,POLK'S COURIER SERVICE LLC,4143223961,mobile,trucking/logistics,HUMBLE,TX,fmcsa_census,,,,
standard,GETAHUN TEWODROS,2812368032,mobile,trucking/logistics,HOUSTON,TX,fmcsa_census,,,,
standard,ARCILA FREIGHT SERVICES LLC,2815737359,mobile,trucking/logistics,CLEVELAND,TX,fmcsa_census,,,,
standard,CONCRETEX READY MIX LLC,2814334105,mobile,trucking/logistics,HOUSTON,TX,fmcsa_census,,,,
standard,CARLOS A CONTRERAS TORRES,8325885691,mobile,trucking/logistics,HOUSTON,TX,fmcsa_census,,,,
standard,CLAUDE E RICHARDSON,2819749024,mobile,trucking/logistics,HOUSTON,TX,fmcsa_census,,,,
standard,WHITE EAGLE,2818446657,mobile,trucking/logistics,HOUSTON,TX,fmcsa_census,,,,
standard,K & J TRUCKING LLC,7133807130,mobile,trucking/logistics,HOUSTON,TX,fmcsa_census,,,,
standard,NAVJOT SINGH,2814499946,mobile,trucking/logistics,HUMBLE,TX,fmcsa_census,,,,
standard,OMAR VILLARREAL JR,7133916858,mobile,trucking/logistics,HUMBLE,TX,fmcsa_census,,,,
standard,TEXAS RMK ENTERPRISES INC,9406960686,mobile,trucking/logistics,WICHITA FALLS,TX,fmcsa_census,,,,
standard,JOHNNIE C TURNBOW JR,9407828096,mobile,trucking/logistics,WICHITA FALLS,TX,fmcsa_census,,,,
standard,RONNIE BIGGS,9406319771,mobile,trucking/logistics,WICHITA FALLS,TX,fmcsa_census,,,,
standard,CST RESTORATIONS,9407234722,mobile,trucking/logistics,WICHITA FALLS,TX,fmcsa_census,,,,
standard,3 16 TRANSPORT LLC,7202029734,mobile,trucking/logistics,WHITE SETTLEMENT,TX,fmcsa_census,,,,
standard,MILFORD LOUIS WRIGHT JR,8178083508,mobile,trucking/logistics,WHT SETTLEMT,TX,fmcsa_census,,,,
standard,ANTONIO BRUNET AND YUSUF JOHNSON,9406917753,mobile,trucking/logistics,WICHITA FALLS,TX,fmcsa_census,,,,
standard,PETER GORMAN,4696734948,mobile,trucking/logistics,FORT WORTH,TX,fmcsa_census,,,,
standard,DELLIN QUARTER HORSES,9403681619,mobile,trucking/logistics,SANGER,TX,fmcsa_census,,,,
standard,OLMOS TRANSPORT SERVICES LLC,8179960788,mobile,trucking/logistics,FORT WORTH,TX,fmcsa_census,,,,
standard,APEX CONCRETE INC,8174541996,mobile,trucking/logistics,KELLER,TX,fmcsa_census,,,,
standard,EDGAR AGUILAR,7134708068,mobile,trucking/logistics,HUMBLE,TX,fmcsa_census,,,,
standard,ROSTRAN VELASQUEZ DAVID JOSE,8328186097,mobile,trucking/logistics,CLEVELAND,TX,fmcsa_census,,,,
standard,JRSS TRUCKING LLC,8326896845,mobile,trucking/logistics,HUMBLE,TX,fmcsa_census,,,,
standard,SOLITARIO TRANSPORT LLC,8329046077,mobile,trucking/logistics,PINEHURST,TX,fmcsa_census,,,,
standard,ABEL ANDRADE,8322891532,mobile,trucking/logistics,HOUSTON,TX,fmcsa_census,,,,
standard,NANCY VALLEJO,7132834272,mobile,trucking/logistics,HOUSTON,TX,fmcsa_census,,,,
standard,MARIO LIRA,8322322994,mobile,trucking/logistics,HOUSTON,TX,fmcsa_census,,,,
standard,MARIO LIRA,6232279650,mobile,trucking/logistics,HOUSTON,TX,fmcsa_census,,,,
standard,WALKER'S TOTAL SOLUTIONS LLC,8324166081,mobile,trucking/logistics,MONTGOMERY,TX,fmcsa_census,,,,
standard,BANKS FAMILY GLOBAL SOLUTIONS LLC,8323654144,mobile,trucking/logistics,HUMBLE,TX,fmcsa_census,,,,
standard,YOIMYR ABREU,8327298410,mobile,trucking/logistics,CLEVELAND,TX,fmcsa_census,,,,
standard,SUPREME ERA TRUCKING LLC,8329071101,mobile,trucking/logistics,HOUSTON,TX,fmcsa_census,,,,
standard,ROLANDO MOORE-RODRIGUEZ,2817390770,mobile,trucking/logistics,HOUSTON,TX,fmcsa_census,,,,
standard,HFS UNITED LLC,2816178913,mobile,trucking/logistics,HOUSTON,TX,fmcsa_census,,,,
standard,RICARDO A BURGOS,7862697754,mobile,trucking/logistics,HUMBLE,TX,fmcsa_census,,,,
standard,JOSE M SANTIESTEBAN PENA,8328773641,mobile,trucking/logistics,HOUSTON,TX,fmcsa_census,,,,
standard,DAVID EXPRESS LLC,7134081617,mobile,trucking/logistics,HOUSTON,TX,fmcsa_census,,,,
standard,FRANK & JESS LOGISTICS LLC,2818864746,mobile,trucking/logistics,HOUSTON,TX,fmcsa_census,,,,
standard,ECOMED DISPOSAL SOLUTIONS LLC,7134437310,mobile,trucking/logistics,MONTGOMERY,TX,fmcsa_census,,,,
standard,RACK TRANSPORTERS LLC,8324936654,mobile,trucking/logistics,HUMBLE,TX,fmcsa_census,,,,
standard,NELSON TRUJILLO,8329324527,mobile,trucking/logistics,HOUSTON,TX,fmcsa_census,,,,
standard,ANRA TRANSPORTATION LLC,8326546069,mobile,trucking/logistics,HOUSTON,TX,fmcsa_census,,,,
standard,BLUE ACE LOGISTICS LLC,6622423474,mobile,trucking/logistics,HOUSTON,TX,fmcsa_census,,,,
standard,CTG TRUCKING CO,9365480588,mobile,trucking/logistics,MONTGOMERY,TX,fmcsa_census,,,,
standard,DAVID LEE RODRIGUEZ,8326900656,mobile,trucking/logistics,HUMBLE,TX,fmcsa_census,,,,
standard,TNR SHIPPING SOLUTIONS,5042370986,mobile,trucking/logistics,HUMBLE,TX,fmcsa_census,,,,
standard,DESTINATION SUCCESS KING LLC,3252689221,mobile,trucking/logistics,HOUSTON,TX,fmcsa_census,,,,
standard,STONEGATE TRANSPORT INC,7132035523,mobile,trucking/logistics,HOUSTON,TX,fmcsa_census,,,,
standard,MUNEZ COURIER LLC,3465589660,mobile,trucking/logistics,HOUSTON,TX,fmcsa_census,,,,
standard,CATERING TO PEOPLE LLC,4692792952,mobile,trucking/logistics,HUMBLE,TX,fmcsa_census,,,,
standard,ROLAND ROBERTS,2818515758,mobile,trucking/logistics,PLANTERSVILLE,TX,fmcsa_census,,,,
standard,GOAL GROUP TRANSPORT INC,8327165116,mobile,trucking/logistics,HOUSTON,TX,fmcsa_census,,,,
standard,LAWRENCE C STEPHENS III,2816737082,mobile,trucking/logistics,HUMBLE,TX,fmcsa_census,,,,
standard,JAP1 TRUCKING LLC,3465617597,mobile,trucking/logistics,HOUSTON,TX,fmcsa_census,,,,
standard,ELITE MULTISERVICES LLC,8329646504,mobile,trucking/logistics,HOUSTON,TX,fmcsa_census,,,,
standard,JJC LLC,8328981787,mobile,trucking/logistics,HOUSTON,TX,fmcsa_census,,,,
standard,HNG EXPRESS LLC,2819234524,mobile,trucking/logistics,HUMBLE,TX,fmcsa_census,,,,
standard,J CHIRINOS TRUCKING LLC,8328936260,mobile,trucking/logistics,CLEVELAND,TX,fmcsa_census,,,,
standard,DSC TRANSPORTATION LLC,3462199033,mobile,trucking/logistics,HOUSTON,TX,fmcsa_census,,,,
standard,1620 SABILLON TRANSPORTATION AND IMPORTS LLC,9858177610,mobile,trucking/logistics,HOUSTON,TX,fmcsa_census,,,,
standard,COAST USA COAST LOGISTICS LLC,9364428023,mobile,trucking/logistics,MONTGOMERY,TX,fmcsa_census,,,,
standard,READY SPEED TRANSPORT LLC,8325820472,mobile,trucking/logistics,HOUSTON,TX,fmcsa_census,,,,
standard,JABEZ REAL ESTATE INVESTMENTS INC,2813767474,mobile,trucking/logistics,POINTBLANK,TX,fmcsa_census,,,,
standard,SUPER SONIC HAULING SERVICES LLC,3468122455,mobile,trucking/logistics,HOUSTON,TX,fmcsa_census,,,,
standard,BROUER TRUCKING COMPANY LLC,8322985991,mobile,trucking/logistics,POINT BLANK,TX,fmcsa_census,,,,
standard,NAVCOM TRUCKS & EQUIPMENT LLC,7252439759,mobile,trucking/logistics,HOUSTON,TX,fmcsa_census,,,,
standard,LAZER ENERGY COMPANY INC,8326411706,mobile,trucking/logistics,HOUSTON,TX,fmcsa_census,,,,
standard,MAJEK DELIVERY LLC,7135306499,mobile,trucking/logistics,HOUSTON,TX,fmcsa_census,,,,
standard,JAIME A DELA FUENTE,8326479665,mobile,trucking/logistics,HOUSTON,TX,fmcsa_census,,,,
standard,TRIPOINT FREIGHT SOLUTIONS LLC,3464775006,mobile,trucking/logistics,HUMBLE,TX,fmcsa_census,,,,
standard,BERNARDO SILVA,8326893989,mobile,trucking/logistics,HOUSTON,TX,fmcsa_census,,,,
standard,RAMIREZ CANON TRANSPORT LLC,8329337954,mobile,trucking/logistics,HOUSTON,TX,fmcsa_census,,,,
standard,SOUTHEAST COAST TRUCKING LLC,8328209625,mobile,trucking/logistics,HOUSTON,TX,fmcsa_census,,,,
standard,JOSH DIVIN,8326421581,mobile,trucking/logistics,PLANTERSVILLE,TX,fmcsa_census,,,,
standard,JEFFERY WARWICK,2817441778,mobile,trucking/logistics,PLANTERSVILLE,TX,fmcsa_census,,,,
standard,MEDRANO TRANSPORT LLC,8325794314,mobile,trucking/logistics,CLEVELAND,TX,fmcsa_census,,,,
standard,SPACE EXPRESS INC,2037102626,mobile,trucking/logistics,HOUSTON,TX,fmcsa_census,,,,
standard,FUMERO TRANSPORT SERVICES LLC,7866565927,mobile,trucking/logistics,HOUSTON,TX,fmcsa_census,,,,
standard,UNITED BUS TRANSPORTATION LLC,7132046928,mobile,trucking/logistics,HOUSTON,TX,fmcsa_census,,,,
standard,RHINO CARRIERS INC,2814423712,mobile,trucking/logistics,HOUSTON,TX,fmcsa_census,,,,
standard,RENATO D DOMINGUEZ,7134549423,mobile,trucking/logistics,HOUSTON,TX,fmcsa_census,,,,
standard,LEANNE KILLEN,8325993808,mobile,trucking/logistics,CLEVELAND,TX,fmcsa_census,,,,
standard,PATRICIA DEL FIERRO,7138852694,mobile,trucking/logistics,HOUSTON,TX,fmcsa_census,,,,
standard,VINCENT JEFFERSON,8322332377,mobile,trucking/logistics,HUMBLE,TX,fmcsa_census,,,,
standard,AK FARM & RANCH LLC,7578806835,mobile,trucking/logistics,PLANTERSVILLE,TX,fmcsa_census,,,,
standard,GAYTAN TRANSPORT LLC,7132029909,mobile,trucking/logistics,HOUSTON,TX,fmcsa_census,,,,
standard,EDWIN YOBANY LINO,8322984553,mobile,trucking/logistics,CLEVELAND,TX,fmcsa_census,,,,
standard,WAGNER MILTON QUIJANO,2815462493,mobile,trucking/logistics,HOUSTON,TX,fmcsa_census,,,,
standard,RUBEN D URIBE,8326966808,mobile,trucking/logistics,HOUSTON,TX,fmcsa_census,,,,
standard,D AND R FOUNDATION DRILLING CO INC,7132019044,mobile,trucking/logistics,HOUSTON,TX,fmcsa_census,,,,
standard,CHRISTOPHER D WILLIAMS,2814570615,mobile,trucking/logistics,HOUSTON,TX,fmcsa_census,,,,
standard,JASON GRAY,9032494068,mobile,trucking/logistics,VERNON,TX,fmcsa_census,,,,
standard,PCL TRANSPORTATION LLC,6824147263,mobile,trucking/logistics,OLNEY,TX,fmcsa_census,,,,
standard,WELLFLEX ENERGY PARTNERS FORT WORTH,8175839477,mobile,trucking/logistics,FORT WORTH,TX,fmcsa_census,,,,
standard,BIG COUNTRY & SONS TRANSPORT LLC,9726581333,mobile,trucking/logistics,GAINESVILLE,TX,fmcsa_census,,,,
standard,SCOTT OES LLC,9406681079,mobile,trucking/logistics,GAINESVILLE,TX,fmcsa_census,,,,
standard,TEXAS ALLIANCE TRANSPORT LLC,8177780581,mobile,trucking/logistics,FORT WORTH,TX,fmcsa_census,,,,
standard,ROGER WIGGINS,8177099200,mobile,trucking/logistics,FORT WORTH,TX,fmcsa_census,,,,
standard,CURTIS LEWIS DISTRIBUTION,8179661222,mobile,trucking/logistics,FORT WORTH,TX,fmcsa_census,,,,
standard,K SARAI LOGISTICS LLC,6824006914,mobile,trucking/logistics,KELLER,TX,fmcsa_census,,,,
standard,JOHN KNEZEK ENTERPRISES LLC,9405526851,mobile,trucking/logistics,VERNON,TX,fmcsa_census,,,,
standard,COY CITY LOGISTICS LLC,6829995505,mobile,trucking/logistics,FORT WORTH,TX,fmcsa_census,,,,
standard,BLANCA H BENAVIDES,7135511237,mobile,trucking/logistics,HOUSTON,TX,fmcsa_census,,,,
standard,TOP QUALITY FREIGHT SERVICES LLC,8329552273,mobile,trucking/logistics,HOUSTON,TX,fmcsa_census,,,,
standard,GOBUS TRUCKING INC,8326479831,mobile,trucking/logistics,HOUSTON,TX,fmcsa_census,,,,
standard,RKD INTERESTS LLC,3466164601,mobile,trucking/logistics,HUMBLE,TX,fmcsa_census,,,,
standard,JRIVERA VIDAL TRUCKING LLC,8327268361,mobile,trucking/logistics,ATASCOCITA,TX,fmcsa_census,,,,
standard,CREWDOG TRANSPORTATION LLC,9362183664,mobile,trucking/logistics,PLANTERSVILLE,TX,fmcsa_census,,,,
standard,FRANCISCO RIOS,7132426663,mobile,trucking/logistics,HOUSTON,TX,fmcsa_census,,,,
standard,FRANCISCO RIOS,5756051205,mobile,trucking/logistics,HOUSTON,TX,fmcsa_census,,,,
standard,D&G TRANSPORT LLC,7133848468,mobile,trucking/logistics,HOUSTON,TX,fmcsa_census,,,,
standard,YULIS COMPANY LLC,3468169922,mobile,trucking/logistics,HOUSTON,TX,fmcsa_census,,,,
standard,LT DIRT LLC,9369948314,mobile,trucking/logistics,POINT BLANK,TX,fmcsa_census,,,,
standard,EDWIN A FUENTES,7135849535,mobile,trucking/logistics,HOUSTON,TX,fmcsa_census,,,,
standard,KAIROS TRUCKING,9083319121,mobile,trucking/logistics,CLEVELAND,TX,fmcsa_census,,,,
standard,GM FREIGHT SYSTEMS LLC,8322599540,mobile,trucking/logistics,HOUSTON,TX,fmcsa_census,,,,
standard,EARLY BIRD CARRIERS LLC,7137141177,mobile,trucking/logistics,PLANTERSVILLE,TX,fmcsa_census,,,,
standard,DG TRUCKING LLC,2817307309,mobile,trucking/logistics,HUMBLE,TX,fmcsa_census,,,,
standard,A & I WATER WELL SERVICES INC,9366723716,mobile,trucking/logistics,PLANTERSVILLE,TX,fmcsa_census,,,,
standard,JUAN T PEREZ,2819354231,mobile,trucking/logistics,HOUSTON,TX,fmcsa_census,,,,
standard,NJA HOMES INC,7134192432,mobile,trucking/logistics,HOUSTON,TX,fmcsa_census,,,,
standard,LUIS LOPEZ,7132080322,mobile,trucking/logistics,HOUSTON,TX,fmcsa_census,,,,
standard,GROUNDUP LAND LLC,2818086955,mobile,trucking/logistics,PLANTERSVILLE,TX,fmcsa_census,,,,
standard,JULIO ALANIS,8325448448,mobile,trucking/logistics,HOUSTON,TX,fmcsa_census,,,,
standard,K & Y TRANSPORT LLC,3465018182,mobile,trucking/logistics,HOUSTON,TX,fmcsa_census,,,,
standard,CONCRETE RAISING CORPORATION,7139911777,mobile,trucking/logistics,HOUSTON,TX,fmcsa_census,,,,
standard,ORTIZMELICAMI LLC,8327816601,mobile,trucking/logistics,HOUSTON,TX,fmcsa_census,,,,
standard,ALFONSO BOLANOS,8325357740,mobile,trucking/logistics,HOUSTON,TX,fmcsa_census,,,,
standard,KEVIN R BROWN DBA K&L TRANSPORTATION,8322288992,mobile,trucking/logistics,HOUSTON,TX,fmcsa_census,,,,
standard,ROSA PADRON,8326146476,mobile,trucking/logistics,HOUSTON,TX,fmcsa_census,,,,
standard,KMB LOGISTICS LLC,3463173450,mobile,trucking/logistics,HOUSTON,TX,fmcsa_census,,,,
standard,NELSON SAMBULA,8325829639,mobile,trucking/logistics,HOUSTON,TX,fmcsa_census,,,,
standard,MARA CARGO LLC,9543054623,mobile,trucking/logistics,HUMBLE,TX,fmcsa_census,,,,
standard,ULTIMATE GROUND LOGISTICS LLC,8323929208,mobile,trucking/logistics,HOUSTON,TX,fmcsa_census,,,,
standard,NUBANI TRUCKING LLC,4016884582,mobile,trucking/logistics,HOUSTON,TX,fmcsa_census,,,,
standard,TLD TRANSPORT,8328981556,mobile,trucking/logistics,HOUSTON,TX,fmcsa_census,,,,
standard,OJ ENTERPRISE,6155548986,mobile,trucking/logistics,HOUSTON,TX,fmcsa_census,,,,
standard,ALVIN THIBODEAUX,2254544829,mobile,trucking/logistics,HOUSTON,TX,fmcsa_census,,,,
standard,JL KNIGHT OWL LOGISTIC LLC,2817854523,mobile,trucking/logistics,HUMBLE,TX,fmcsa_census,,,,
standard,BEST CHOICE SHIPMENTS LLC,6787882926,mobile,trucking/logistics,HUMBLE,TX,fmcsa_census,,,,
standard,JTB SERVICES INC,7139414141,mobile,trucking/logistics,HOUSTON,TX,fmcsa_census,,,,
standard,AUTO KRAFT TRANSPORTER LLC,8323746706,mobile,trucking/logistics,HOUSTON,TX,fmcsa_census,,,,
standard,BAKER'S BOX LOGISTICS LLC,2818832165,mobile,trucking/logistics,HUMBLE,TX,fmcsa_census,,,,
standard,ELLA LOGISTICS LLC,8326052939,mobile,trucking/logistics,HOUSTON,TX,fmcsa_census,,,,
standard,JONA S CONCRETE PUMP INC,7133973634,mobile,trucking/logistics,HOUSTON,TX,fmcsa_census,,,,
standard,A G E CONSTRUCTION LLC,2818502081,mobile,trucking/logistics,HOUSTON,TX,fmcsa_census,,,,
standard,K2O LOGISTICS LLC,2817890352,mobile,trucking/logistics,HOUSTON,TX,fmcsa_census,,,,
standard,HECTOR MAZARIEGOS,7132987059,mobile,trucking/logistics,HOUSTON,TX,fmcsa_census,,,,
standard,JOSE RANGEL,7138840840,mobile,trucking/logistics,HOUSTON,TX,fmcsa_census,,,,
standard,JAI XAVIER CHANEY,7138573106,mobile,trucking/logistics,HOUSTON,TX,fmcsa_census,,,,
standard,JT UNDERGROUND BORING LLC,8325078809,mobile,trucking/logistics,HOUSTON,TX,fmcsa_census,,,,
standard,NICHOLS LOGISTICS LLC,2818815363,mobile,trucking/logistics,HOUSTON,TX,fmcsa_census,,,,
standard,THAT'S FOO TRUCKING,3462128107,mobile,trucking/logistics,HUMBLE,TX,fmcsa_census,,,,
standard,A AND J TRUCKING LOGISTICS LLC,2817707911,mobile,trucking/logistics,HUMBLE,TX,fmcsa_census,,,,
standard,MOTION TRANSPORTING LLC,8324442634,mobile,trucking/logistics,HUMBLE,TX,fmcsa_census,,,,
standard,CABRERA TRANSPORT LLC,6169011445,mobile,trucking/logistics,HOUSTON,TX,fmcsa_census,,,,
standard,CELAYA TRANSPORTATION LLC,7138208880,mobile,trucking/logistics,HOUSTON,TX,fmcsa_census,,,,
standard,SHAMIM-D LLC,8327480009,mobile,trucking/logistics,HOUSTON,TX,fmcsa_census,,,,
standard,VANGUARD TRUCKING LLC,8328726038,mobile,trucking/logistics,CLEVELAND,TX,fmcsa_census,,,,
standard,BARWILL TRUCKIN LLC,2819084804,mobile,trucking/logistics,HUMBLE,TX,fmcsa_census,,,,
standard,EMILIO QUINTERO-AREVALO,8326720127,mobile,trucking/logistics,HOUSTON,TX,fmcsa_census,,,,
standard,ALSALEM TRANSPORT LLC,8325469492,mobile,trucking/logistics,HOUSTON,TX,fmcsa_census,,,,
standard,DAG LEGACY & CO LLC,8327733434,mobile,trucking/logistics,HUMBLE,TX,fmcsa_census,,,,
standard,HARDIN LOGISTICS INCORPORATED,4097799675,mobile,trucking/logistics,HUMBLE,TX,fmcsa_census,,,,
standard,KJ FREIGHT LLC,7133768486,mobile,trucking/logistics,HOUSTON,TX,fmcsa_census,,,,
standard,MARIA D RODRIGUEZ DE REYES,8850552500,mobile,trucking/logistics,HOUSTON,TX,fmcsa_census,,,,
standard,BIG BOX TRUCKING LLC,7133987520,mobile,trucking/logistics,HUMBLE,TX,fmcsa_census,,,,
standard,ALL DAY APARTMENT MOVERS & HOBBY MOVERS,7135920831,mobile,trucking/logistics,HOUSTON,TX,fmcsa_census,,,,
standard,TURBO G HOT SHOT LLC,3467157759,mobile,trucking/logistics,HOUSTON,TX,fmcsa_census,,,,
standard,JESUS CANTU,2819870097,mobile,trucking/logistics,HOUSTON,TX,fmcsa_census,,,,
standard,OG CANTU TRUCKING LLC,2817365799,mobile,trucking/logistics,CLEVELAND,TX,fmcsa_census,,,,
standard,JAMES CEPHUS,7133303327,mobile,trucking/logistics,HOUSTON,TX,fmcsa_census,,,,
standard,J-WES LOGISTIC LLP,6018426976,mobile,trucking/logistics,HUMBLE,TX,fmcsa_census,,,,
standard,JAZ TRUCKING INC,2817707571,mobile,trucking/logistics,HOUSTON,TX,fmcsa_census,,,,
standard,GERARDO MEJORADO,2819080152,mobile,trucking/logistics,HOUSTON,TX,fmcsa_census,,,,
standard,IPM HAULERS LLC,7138852628,mobile,trucking/logistics,HOUSTON,TX,fmcsa_census,,,,
standard,JOSE ANGEL MARTINEZ,7132918474,mobile,trucking/logistics,HOUSTON,TX,fmcsa_census,,,,
standard,GUEVARA-PEREZ INC,7135165420,mobile,trucking/logistics,HOUSTON,TX,fmcsa_census,,,,
standard,GM DAILY PRODUCE LLC,8322832228,mobile,trucking/logistics,HOUSTON,TX,fmcsa_census,,,,
standard,MAVI EXPRESS LLC,3464797385,mobile,trucking/logistics,HOUSTON,TX,fmcsa_census,,,,
standard,AMILCAR VILLALTA,9362358444,mobile,trucking/logistics,HOUSTON,TX,fmcsa_census,,,,
standard,ORLANDO AMADOR,7132043104,mobile,trucking/logistics,HOUSTON,TX,fmcsa_census,,,,
standard,BAKERS XXPRESS LOGISTICS LLC,8328990317,mobile,trucking/logistics,HUMBLE,TX,fmcsa_census,,,,
standard,RED HURRICANE EXPRESS LLC,2818252137,mobile,trucking/logistics,HUMBLE,TX,fmcsa_census,,,,
standard,JOE THOMPSON,2817871596,mobile,trucking/logistics,HOUSTON,TX,fmcsa_census,,,,
standard,TECHNIP FMC UMBILICALS INC,2812492800,mobile,trucking/logistics,HOUSTON,TX,fmcsa_census,,,,
standard,WILLIAM ALBERTO DE LEON SELVA,8328658446,mobile,trucking/logistics,HOUSTON,TX,fmcsa_census,,,,
standard,EMECIO RODRIGUEZ,2819997896,mobile,trucking/logistics,HOUSTON,TX,fmcsa_census,,,,
standard,4J INTEREST INC,2814509129,mobile,trucking/logistics,RIVERSIDE,TX,fmcsa_census,,,,
standard,CJT TRANSPORT LLC,2259385812,mobile,trucking/logistics,HUMBLE,TX,fmcsa_census,,,,
standard,KEVOS TRUCKING LLC,8328964711,mobile,trucking/logistics,HOUSTON,TX,fmcsa_census,,,,
standard,MARTELL A&C SERVICES LLC,7133643589,mobile,trucking/logistics,HUMBLE,TX,fmcsa_census,,,,
standard,THREE THREE LOGISTICS LLC,2815843501,mobile,trucking/logistics,HUMBLE,TX,fmcsa_census,,,,
standard,NG HOLDING INC,7135137140,mobile,trucking/logistics,HOUSTON,TX,fmcsa_census,,,,
standard,AVI TRANSPORT LLC,7867480882,mobile,trucking/logistics,HOUSTON,TX,fmcsa_census,,,,
standard,JC'S TRUCKING LLC,7135048710,mobile,trucking/logistics,HOUSTON,TX,fmcsa_census,,,,
standard,DUFF G NELSON,9364023090,mobile,trucking/logistics,THICKET,TX,fmcsa_census,,,,
standard,SLOW AND EZ TRUCKING LLC,7135609142,mobile,trucking/logistics,HOUSTON,TX,fmcsa_census,,,,
standard,ANOINTED 1 LLC,2256201848,mobile,trucking/logistics,HOUSTON,TX,fmcsa_census,,,,
standard,DUKE LEAL TRANSPORTATION GROUP LLC,8325048831,mobile,trucking/logistics,HOUSTON,TX,fmcsa_census,,,,
standard,S&D HAULING LLC,8326893809,mobile,trucking/logistics,HUMBLE,TX,fmcsa_census,,,,
standard,GLENN D PARSON,8327228092,mobile,trucking/logistics,SPRING,TX,fmcsa_census,,,,
standard,CHESTER DWAYNE TANTON,9363462859,mobile,trucking/logistics,RYE,TX,fmcsa_census,,,,
standard,LOS BUHOS LLC,2819193226,mobile,trucking/logistics,HOUSTON,TX,fmcsa_census,,,,
standard,RICARDO MACIAS,7139722300,mobile,trucking/logistics,HOUSTON,TX,fmcsa_census,,,,
standard,TEKRA LOGISTICS LLC,2818739945,mobile,trucking/logistics,HOUSTON,TX,fmcsa_census,,,,
standard,JASON DAVID STOKES,8324837746,mobile,trucking/logistics,MAGNOLIA,TX,fmcsa_census,,,,
standard,OWM TRANSPORT LLC,2053701624,mobile,trucking/logistics,HUMBLE,TX,fmcsa_census,,,,
standard,LIQUIDMETAL COATING ENTERPRISES LLC,8323817584,mobile,trucking/logistics,SPRING,TX,fmcsa_census,,,,
standard,KENNETH E RICHTER,3617019116,mobile,trucking/logistics,MAGNOLIA,TX,fmcsa_census,,,,
standard,GULF OF TEXAS CARRIERS LLC,8325283237,mobile,trucking/logistics,HOUSTON,TX,fmcsa_census,,,,
standard,TEXAS TEMPERED GLASS INC,7136972828,mobile,trucking/logistics,HOUSTON,TX,fmcsa_census,,,,
standard,ADVANCED NUCLEAR CONSULTANTS LLC,2816158022,mobile,trucking/logistics,HOUSTON,TX,fmcsa_census,,,,
standard,LTB CONSTRUCTION INC,2817056531,mobile,trucking/logistics,SPLENDORA,TX,fmcsa_census,,,,
standard,JOHN C WIEMERS,9363461047,mobile,trucking/logistics,THICKET,TX,fmcsa_census,,,,
standard,FEED ME IRON & METAL,2816898444,mobile,trucking/logistics,NEW CANEY,TX,fmcsa_census,,,,
standard,JULIO CESAR ROBLES,7132832056,mobile,trucking/logistics,HOUSTON,TX,fmcsa_census,,,,
standard,LT SITEWORK LLC,2812524304,mobile,trucking/logistics,MAGNOLIA,TX,fmcsa_census,,,,
standard,PITBULL FREIGHT LLC,7709104280,mobile,trucking/logistics,HUMBLE,TX,fmcsa_census,,,,
standard,AVILA AND SONS TRUCKING LLC,8328451915,mobile,trucking/logistics,NEW CANEY,TX,fmcsa_census,,,,
standard,ABRON MARTIN,7133590671,mobile,trucking/logistics,HOUSTON,TX,fmcsa_census,,,,
standard,RICHARD SALONIUS,7135155100,mobile,trucking/logistics,MAGNOLIA,TX,fmcsa_census,,,,
standard,AMERICAN BEANBAG COMPANY INC,2816202587,mobile,trucking/logistics,HOUSTON,TX,fmcsa_census,,,,
standard,EVOLVE LOGISTICS SERVICES LLC,3462584421,mobile,trucking/logistics,HOUSTON,TX,fmcsa_census,,,,
standard,UDAL ECHEVERRIA,2812263136,mobile,trucking/logistics,MAGNOLIA,TX,fmcsa_census,,,,
standard,CASTILLO GRASS INC,9368705197,mobile,trucking/logistics,MAGNOLIA,TX,fmcsa_census,,,,
standard,LARRY POSEY,8329715200,mobile,trucking/logistics,HOUSTON,TX,fmcsa_census,,,,
standard,SCOTT'S MANICURED LAWNS,2816504688,mobile,trucking/logistics,SPLENDORA,TX,fmcsa_census,,,,
standard,J BAR OILFIELD SERVICES,2817448807,mobile,trucking/logistics,MAGNOLIA,TX,fmcsa_census,,,,
standard,MIKE ALLEN,2815415680,mobile,trucking/logistics,NEW CANEY,TX,fmcsa_census,,,,
standard,K C S UNITED ENTERPRISE LLC,4043817707,mobile,trucking/logistics,HUMBLE,TX,fmcsa_census,,,,
standard,BYRON LEKEITH FOREMAN,2816083975,mobile,trucking/logistics,HUMBLE,TX,fmcsa_census,,,,
standard,MICHAEL A GRIZZLE,5122890441,mobile,trucking/logistics,HOUSTON,TX,fmcsa_census,,,,
standard,TOY TRANSPORTATION LLC,2814513334,mobile,trucking/logistics,HOUSTON,TX,fmcsa_census,,,,
standard,DOHROAD TRUCKING LLC,8327296882,mobile,trucking/logistics,HOUSTON,TX,fmcsa_census,,,,
standard,ROBERTO HERNANDEZ GONZALEZ,7133661825,mobile,trucking/logistics,HOUSTON,TX,fmcsa_census,,,,
standard,MACK ARTHUR HARRIS,8328161855,mobile,trucking/logistics,HOUSTON,TX,fmcsa_census,,,,
standard,ANTOINE WOODLEY,2813003560,mobile,trucking/logistics,HUMBLE,TX,fmcsa_census,,,,
standard,JAVIER HERNANDEZ MARTINEZ,3464440795,mobile,trucking/logistics,HUMBLE,TX,fmcsa_census,,,,
standard,AD RUIZ TRUCKING LLC,7049858657,mobile,trucking/logistics,NEW CANEY,TX,fmcsa_census,,,,
standard,BOBBY JOE SIMMONS,9363555567,mobile,trucking/logistics,MAGNOLIA,TX,fmcsa_census,,,,
standard,JL YOUNG TRANSPORT SERVICES,2817362853,mobile,trucking/logistics,HUMBLE,TX,fmcsa_census,,,,
standard,WC SITE WORK INC,2816893686,mobile,trucking/logistics,NEW CANEY,TX,fmcsa_census,,,,
standard,YORJANDY GARCIA PENA,8594754611,mobile,trucking/logistics,HOUSTON,TX,fmcsa_census,,,,
standard,YG TRUCKER HOTSHOTS LLC,8328891964,mobile,trucking/logistics,SPLENDORA,TX,fmcsa_census,,,,
standard,JOSE ANTONIO SERPAS,8324184517,mobile,trucking/logistics,NEW CANEY,TX,fmcsa_census,,,,
standard,WHITE-WILLIAMS LLC,5013660114,mobile,trucking/logistics,HUMBLE,TX,fmcsa_census,,,,
standard,FREIGHT SPUR TRANSPORT LLC,8325713066,mobile,trucking/logistics,SPLENDORA,TX,fmcsa_census,,,,
standard,CAROLYN K HILL,7135575214,mobile,trucking/logistics,HOUSTON,TX,fmcsa_census,,,,
standard,JOSE GAMEZ-PALOMO,7138347697,mobile,trucking/logistics,HOUSTON,TX,fmcsa_census,,,,
standard,GRANMA TRUCKING LLC,8325413544,mobile,trucking/logistics,HOUSTON,TX,fmcsa_census,,,,
standard,NEW GENESIS FREIGHT INC,2813186375,mobile,trucking/logistics,HUMBLE,TX,fmcsa_census,,,,
standard,STAMM TRUCKING LLC,5703163255,mobile,trucking/logistics,SPLENDORA,TX,fmcsa_census,,,,
standard,ROBERT DICKERSON,8325159556,mobile,trucking/logistics,MAGNOLIA,TX,fmcsa_census,,,,
standard,INBESA AMERICA INC,2814520063,mobile,trucking/logistics,HOUSTON,TX,fmcsa_census,,,,
standard,RAYMOND BEASLEY,7134470870,mobile,trucking/logistics,SPRING,TX,fmcsa_census,,,,
standard,NOGUERA TRANSPORT LLC,3464913263,mobile,trucking/logistics,HOUSTON,TX,fmcsa_census,,,,
standard,TITAN ENVIRONMENTAL USA LLC,7138491311,mobile,trucking/logistics,NEW CANEY,TX,fmcsa_census,,,,
standard,BLUE STAR NAVIGATOR LLC,8328350228,mobile,trucking/logistics,HOUSTON,TX,fmcsa_census,,,,
standard,RAMSHUR AND SONS CONTRACTING INC,2816396192,mobile,trucking/logistics,HUMBLE,TX,fmcsa_census,,,,
standard,WRIGHT TRANSPORT LLC,7132493581,mobile,trucking/logistics,TOMBALL,TX,fmcsa_census,,,,
standard,DARREN K WHITE,8322082075,mobile,trucking/logistics,SPRING,TX,fmcsa_census,,,,
standard,CONTROL SERVICE CHEMICAL CORP,2813517749,mobile,trucking/logistics,TOMBAL,TX,fmcsa_census,,,,
standard,LEONOR ZAVALA,8326922086,mobile,trucking/logistics,NEW CANEY,TX,fmcsa_census,,,,
standard,D O T TRUCKING LLC,7135183491,mobile,trucking/logistics,SPRING,TX,fmcsa_census,,,,
standard,CAA PRIME TRUCKING LLC,3463703105,mobile,trucking/logistics,SPLENDORA,TX,fmcsa_census,,,,
standard,JHDZ TRANSPORT LLC,7138947404,mobile,trucking/logistics,HOUSTON,TX,fmcsa_census,,,,
standard,PRIMUS TRANSPORTATION,2814557370,mobile,trucking/logistics,HOUSTON,TX,fmcsa_census,,,,
standard,AMERICAN GROUND SHIPPING LLC,2818460031,mobile,trucking/logistics,SPRING,TX,fmcsa_census,,,,
standard,EMERSON MYRE ENTERPRISES LTD,2818509895,mobile,trucking/logistics,TOMBALL,TX,fmcsa_census,,,,
standard,VAR MEL TRUCKING INC,7136362980,mobile,trucking/logistics,HOUSTON,TX,fmcsa_census,,,,
standard,YASSER AYALA IGLESIAS,3462354912,mobile,trucking/logistics,NEW CANEY,TX,fmcsa_census,,,,
standard,ELLIANA LOGISTICS SERVICES LLC,8329930621,mobile,trucking/logistics,HOUSTON,TX,fmcsa_census,,,,
standard,D LYNN CARRIERS LLC,8323523194,mobile,trucking/logistics,SPRING,TX,fmcsa_census,,,,
standard,CISCO R TRANSPORT LLC,7139279663,mobile,trucking/logistics,HOUSTON,TX,fmcsa_census,,,,
standard,DOMINGO MORENO,2816861713,mobile,trucking/logistics,HOUSTON,TX,fmcsa_census,,,,
standard,ROSEHILL EXPRESS INC,7132069251,mobile,trucking/logistics,TOMBALL,TX,fmcsa_census,,,,
standard,MPA CARRIERS CORP,3053326348,mobile,trucking/logistics,TOMBALL,TX,fmcsa_census,,,,
standard,IFRANE TRANSPORTATION LLC,8322107538,mobile,trucking/logistics,HOUSTON,TX,fmcsa_census,,,,
standard,A-1 WHEEL INC,2813515994,mobile,trucking/logistics,TOMBALL,TX,fmcsa_census,,,,
standard,360 LOGISTIC SOLUTIONS LLC,8328057505,mobile,trucking/logistics,SPRING,TX,fmcsa_census,,,,
standard,BUCKSHOT EXPRESS LLC,8326090541,mobile,trucking/logistics,HOUSTON,TX,fmcsa_census,,,,
standard,ALDEN DELGADO MARRERO,8325426462,mobile,trucking/logistics,HOUSTON,TX,fmcsa_census,,,,
standard,JOSE A ARGOTE-VIDAL,9793085467,mobile,trucking/logistics,HOUSTON,TX,fmcsa_census,,,,
standard,SHAMZ TRANSCON LLC,3605228257,mobile,trucking/logistics,HUMBLE,TX,fmcsa_census,,,,
standard,GALVESTON PILING LLC,9728322585,mobile,trucking/logistics,HOUSTON,TX,fmcsa_census,,,,
standard,GALVESTON PILING LLC,9105814046,mobile,trucking/logistics,HOUSTON,TX,fmcsa_census,,,,
standard,MZ SERVICES LLC,3466092747,mobile,trucking/logistics,SPRING,TX,fmcsa_census,,,,
standard,BEY EL LOGISTICS LLC,8172258847,mobile,trucking/logistics,SPRING,TX,fmcsa_census,,,,
standard,PEYTONS TRUCKING LLC,2054529783,mobile,trucking/logistics,HOUSTON,TX,fmcsa_census,,,,
standard,LOCKBEND LOGISTICS LLC,2816248317,mobile,trucking/logistics,SPRING,TX,fmcsa_census,,,,
standard,NR MOVING & INSTALLATION LLC,7138756291,mobile,trucking/logistics,HOUSTON,TX,fmcsa_census,,,,
standard,MUDIR LLC,3464952088,mobile,trucking/logistics,PORTER,TX,fmcsa_census,,,,
standard,JOSE RENE CARMONA,8326922143,mobile,trucking/logistics,TOMBALL,TX,fmcsa_census,,,,
standard,E&T ELITE LOGISTICS LLC,5013662677,mobile,trucking/logistics,SPRING,TX,fmcsa_census,,,,
standard,JORGE LUIS CASTRO PEREZ,3462212754,mobile,trucking/logistics,HOUSTON,TX,fmcsa_census,,,,
standard,DOMBART TRADING LLC,2813026331,mobile,trucking/logistics,SPRING,TX,fmcsa_census,,,,
standard,GRAY AND BOSLEY ENTERPRISES LLC,9364437283,mobile,trucking/logistics,WILLIS,TX,fmcsa_census,,,,
standard,CANDICE SMITH,8329948071,mobile,trucking/logistics,SPRING,TX,fmcsa_census,,,,
standard,GARZA TRUCKING,8323715788,mobile,trucking/logistics,HOUSTON,TX,fmcsa_census,,,,
standard,GOODNIGHT TRUCKING INC,9368562860,mobile,trucking/logistics,WILLIS,TX,fmcsa_census,,,,
standard,Y&J TRANSPORTATION LLC,8322065821,mobile,trucking/logistics,PORTER,TX,fmcsa_census,,,,
standard,Y&J TRANSPORTATION LLC,8329021280,mobile,trucking/logistics,PORTER,TX,fmcsa_census,,,,
standard,TOWN AND COUNTRY BRICK AND SUPPLY,2813516356,mobile,trucking/logistics,TOMBALL,TX,fmcsa_census,,,,
standard,PHILIP MARTIN ANDERER,7135304881,mobile,trucking/logistics,MAGNOLIA,TX,fmcsa_census,,,,
standard,ERNESTO GONZALES JR,7135171906,mobile,trucking/logistics,HOUSTON,TX,fmcsa_census,,,,
standard,LAURA NELLY GAMEZ,2818310000,mobile,trucking/logistics,HOUSTON,TX,fmcsa_census,,,,
standard,PARLAY VIBERS ONLY CLUB LLC,3462970781,mobile,trucking/logistics,TOMBAL,TX,fmcsa_census,,,,
standard,HENRY CERNA,7134762367,mobile,trucking/logistics,HOUSTON,TX,fmcsa_census,,,,
standard,BMC TRUCKS LLC,3467826433,mobile,trucking/logistics,PORTER,TX,fmcsa_census,,,,
standard,HERACLIO IBARRA,7134091659,mobile,trucking/logistics,TOMBALL,TX,fmcsa_census,,,,
standard,FIRST TO FREIGHT LLC,2812237835,mobile,trucking/logistics,SPRING,TX,fmcsa_census,,,,
standard,FRIDEL READY MIX LLC,7138995072,mobile,trucking/logistics,PORTER,TX,fmcsa_census,,,,
standard,MCALPIN ENTERPRISES LLC,2817536600,mobile,trucking/logistics,TOMBALL,TX,fmcsa_census,,,,
standard,TRIPLE J TRUE TRANSPORT CO LLC,8322070725,mobile,trucking/logistics,HOUSTON,TX,fmcsa_census,,,,
standard,HOOK N BOOK LOGISTICS LLC,8322575150,mobile,trucking/logistics,MAGNOLIA,TX,fmcsa_census,,,,
standard,KVNG TRANSPORTS LLC,3463206091,mobile,trucking/logistics,HOUSTON,TX,fmcsa_census,,,,
standard,ANICETO MURILLO ESPINOZA,2817028717,mobile,trucking/logistics,HOUSTON,TX,fmcsa_census,,,,
standard,TOTAL MAT SOLUTION LLC,8324588998,mobile,trucking/logistics,SPRING,TX,fmcsa_census,,,,
standard,BRAXTON C CREWS,8327250846,mobile,trucking/logistics,HOUSTON,TX,fmcsa_census,,,,
standard,ERICK FRANCISCO TURCIOS,8326108423,mobile,trucking/logistics,PORTER,TX,fmcsa_census,,,,
standard,C R WATER SUPPLY,9368287222,mobile,trucking/logistics,WILLIS,TX,fmcsa_census,,,,
standard,WILKO TRANSPORT LLC,7863267973,mobile,trucking/logistics,PORTER,TX,fmcsa_census,,,,
standard,2222 EXPEDITING LLC,7736084967,mobile,trucking/logistics,TOMBALL,TX,fmcsa_census,,,,
standard,PHASE ONE SERVICES LLC,8329310871,mobile,trucking/logistics,HUMBLE,TX,fmcsa_census,,,,
standard,VMGB SERVICES LLC,7132950671,mobile,trucking/logistics,TOMBALL,TX,fmcsa_census,,,,
standard,JOY H BARNES,7135399273,mobile,trucking/logistics,HOUSTON,TX,fmcsa_census,,,,
standard,DIAZ CONCRETE LLC,8325305322,mobile,trucking/logistics,HOUSTON,TX,fmcsa_census,,,,
standard,PICK'S TRANSPORT LLC,8322577644,mobile,trucking/logistics,TOMBALL,TX,fmcsa_census,,,,
standard,JACER TRANSPORT LLC,8327886975,mobile,trucking/logistics,HUMBLE,TX,fmcsa_census,,,,
standard,POZO TRANSPORT INC,7138902957,mobile,trucking/logistics,HOUSTON,TX,fmcsa_census,,,,
standard,DIRTBAG OTM,8322731879,mobile,trucking/logistics,HOUSTON,TX,fmcsa_census,,,,
standard,RUN THIS BROKERAGE LLC,7134987732,mobile,trucking/logistics,TOMBALL,TX,fmcsa_census,,,,
standard,REYES M HOME TRANSPORT LLC,7036123119,mobile,trucking/logistics,WILLIS,TX,fmcsa_census,,,,
standard,CLOVIS BUSINESS LLC,6822226932,mobile,trucking/logistics,FORT WORTH,TX,fmcsa_census,,,,
standard,DEVIN KIESCHNICK,9403571896,mobile,trucking/logistics,VERNON,TX,fmcsa_census,,,,
standard,SAM R JUDD JR,9408396297,mobile,trucking/logistics,VERNON,TX,fmcsa_census,,,,
standard,CURTIS RUTLEDGE,9408868040,mobile,trucking/logistics,VERNON,TX,fmcsa_census,,,,
standard,MAC DALLAS MCCARTY,9403579712,mobile,trucking/logistics,VERNON,TX,fmcsa_census,,,,
standard,JERRY B WILKINSON,9407815824,mobile,trucking/logistics,VERNON,TX,fmcsa_census,,,,
standard,TERRY DON COLLINSWORTH,9402562010,mobile,trucking/logistics,SEYMOUR,TX,fmcsa_census,,,,
standard,7EVEN OUT LLC,8177098856,mobile,trucking/logistics,FORT WORTH,TX,fmcsa_census,,,,
standard,ON POINT DRILLING LLC,9409029769,mobile,trucking/logistics,GAINESVILLE,TX,fmcsa_census,,,,
standard,WALTER G KOCH,9408868324,mobile,trucking/logistics,VERNON,TX,fmcsa_census,,,,
standard,DC WHITE TRUCKING CO LLC,9408879082,mobile,trucking/logistics,VERNON,TX,fmcsa_census,,,,
standard,ECOMBUSTION LLC,2146038624,mobile,trucking/logistics,KELLER,TX,fmcsa_census,,,,
standard,DICKEY COUCH,8179335965,mobile,trucking/logistics,FORT WORTH,TX,fmcsa_census,,,,
standard,VIRIDE LLC,6823664230,mobile,trucking/logistics,WHITE SETTLEMENT,TX,fmcsa_census,,,,
standard,FORWARD LOGISTICS LLC,4696347569,mobile,trucking/logistics,KELLER,TX,fmcsa_census,,,,
standard,PRESTIGE WORLDWIDE TRUCKING LLC,9402611823,mobile,trucking/logistics,VERNON,TX,fmcsa_census,,,,
standard,RUEZ LLC,9405800381,mobile,trucking/logistics,GAINESVILLE,TX,fmcsa_census,,,,
standard,NARROW PATH TRUCKING LLC,7195107394,mobile,trucking/logistics,FORT WORTH,TX,fmcsa_census,,,,
standard,NEXTGEN LOGISTICS SERVICES LLC,2146050279,mobile,trucking/logistics,VERNON,TX,fmcsa_census,,,,
standard,BK CONSTRUCTION CLEANUP,8178209739,mobile,trucking/logistics,KELLER,TX,fmcsa_census,,,,
standard,VERNON LIVESTOCK MARKET LLC,9405526000,mobile,trucking/logistics,VERNON,TX,fmcsa_census,,,,
standard,HOLY TRANSPORTATION,8179927069,mobile,trucking/logistics,KELLER,TX,fmcsa_census,,,,
standard,ROCKY EXPRESS LLC,2144363815,mobile,trucking/logistics,FORT WORTH,TX,fmcsa_census,,,,
standard,TROY ALTON CHAPMAN JR,9408397667,mobile,trucking/logistics,VERNON,TX,fmcsa_census,,,,
standard,ASSURANCE TRUCKING & LOGISTICS LLC,6823244242,mobile,trucking/logistics,FORT WORTH,TX,fmcsa_census,,,,
standard,N T A TX TRUCKING LLC,6822003840,mobile,trucking/logistics,FORT WORTH,TX,fmcsa_census,,,,
standard,GERALD W FRANK,9403571823,mobile,trucking/logistics,VERNON,TX,fmcsa_census,,,,
standard,ISAACS WELL SERVICE LLC,9402843785,mobile,trucking/logistics,GAINESVILLE,TX,fmcsa_census,,,,
standard,APEX CONCRETE CONSTRUCTION INC,8174541995,mobile,trucking/logistics,FORT WORTH,TX,fmcsa_census,,,,
standard,ER RESPONSE TRUCKING LLC,9039082678,mobile,trucking/logistics,FORT WORTH,TX,fmcsa_census,,,,
standard,DOUG STEINBERGER TRUCKING,9402328807,mobile,trucking/logistics,SCOTLAND,TX,fmcsa_census,,,,
standard,STEVE HENDRICKSON,9408988923,mobile,trucking/logistics,GAINESVILLE,TX,fmcsa_census,,,,
standard,3 POINT TRUCKING LLC,9402827944,mobile,trucking/logistics,NEWCASTLE,TX,fmcsa_census,,,,
standard,JAMES M GRAHAM,3257624299,mobile,trucking/logistics,ALBANY,TX,fmcsa_census,,,,
standard,PACIFIC INTERNATIONAL TRUCKING LLC,4692888581,mobile,trucking/logistics,KELLER,TX,fmcsa_census,,,,
standard,NR SWANKS FREIGHT BROKERAGE LLC,8328898293,mobile,trucking/logistics,HUMBLE,TX,fmcsa_census,,,,
standard,JAXS TRUCKING EXPRESS LLC,8328933172,mobile,trucking/logistics,PORTER,TX,fmcsa_census,,,,
standard,JSM EXPRESS TRANSPORT LLC,7137253889,mobile,trucking/logistics,PORTER,TX,fmcsa_census,,,,
standard,CRANE MASTERS INC,2814507602,mobile,trucking/logistics,HOUSTON,TX,fmcsa_census,,,,
standard,EDWIN O MARTINEZ,7134439685,mobile,trucking/logistics,HOUSTON,TX,fmcsa_census,,,,
standard,ZOMBIE TRUCKING INC,2816302067,mobile,trucking/logistics,SPRING,TX,fmcsa_census,,,,
standard,EAST COUNTY FREIGHT LLC,8327779124,mobile,trucking/logistics,PORTER,TX,fmcsa_census,,,,
standard,SILVER CROWN LOGISTICS LLC,9364421199,mobile,trucking/logistics,WILLIS,TX,fmcsa_census,,,,
standard,DUN-RITE TRANSPORT LLC,8328186138,mobile,trucking/logistics,HUMBLE,TX,fmcsa_census,,,,
standard,JORGE MAURICIO QUINTEROS,8325337671,mobile,trucking/logistics,HOUSTON,TX,fmcsa_census,,,,
standard,EAF VENTURES LLC,8327041783,mobile,trucking/logistics,MAGNOLIA,TX,fmcsa_census,,,,
standard,MR SIPPI TRANSPORT LLC,2624986401,mobile,trucking/logistics,SPRING,TX,fmcsa_census,,,,
standard,HOLMES HAULING AND DUMPING LLC,2153595752,mobile,trucking/logistics,HUMBLE,TX,fmcsa_census,,,,
standard,APEX EXPENDITURES LLC,3462137559,mobile,trucking/logistics,TOMBALL,TX,fmcsa_census,,,,
standard,BALDEMAR BENAVIDES,7136442526,mobile,trucking/logistics,HOUSTON,TX,fmcsa_census,,,,
standard,LUZ M MORALES,7134712497,mobile,trucking/logistics,TOMBALL,TX,fmcsa_census,,,,
standard,MIGUEL ROBINSON,8328897704,mobile,trucking/logistics,HOUSTON,TX,fmcsa_census,,,,
standard,ZIP SHARK LOGISTICS LLC,8326028767,mobile,trucking/logistics,TOMBALL,TX,fmcsa_census,,,,
standard,RISE OPERATING LLC,8328751927,mobile,trucking/logistics,TOMBALL,TX,fmcsa_census,,,,
standard,AG BROS LOGISTIC & SOLUTIONS LLC,6789793542,mobile,trucking/logistics,TOMBALL,TX,fmcsa_census,,,,
standard,PITBULL EXPRESS TRUCKING LLC,8322897837,mobile,trucking/logistics,HOUSTON,TX,fmcsa_census,,,,
standard,BIG COUNTRY TRANSPORTATION LLC,7133443416,mobile,trucking/logistics,SPRING,TX,fmcsa_census,,,,
standard,BLUEBONNET HAULING LLC,9033994296,mobile,trucking/logistics,WILLIS,TX,fmcsa_census,,,,
standard,SLAM LOGISTICS INC,2816550399,mobile,trucking/logistics,SPRING,TX,fmcsa_census,,,,
standard,MARTIN GARZA TREVINO,8325773674,mobile,trucking/logistics,HOUSTON,TX,fmcsa_census,,,,
standard,DRZ TRANSPORT LLC,5619323291,mobile,trucking/logistics,WILLIS,TX,fmcsa_census,,,,
standard,PREMIUM TRANSPORTATION SERVICES LLC,8327763025,mobile,trucking/logistics,TOMBALL,TX,fmcsa_census,,,,
standard,HLZ BROTHERS TRANSPORT LLC,2677879305,mobile,trucking/logistics,SPRING,TX,fmcsa_census,,,,
standard,FERNANDO AMEZCUA,8328669028,mobile,trucking/logistics,HOUSTON,TX,fmcsa_census,,,,
standard,LEATHERNECK LOGISTICS,7044413430,mobile,trucking/logistics,HOUSTON,TX,fmcsa_census,,,,
standard,JOSE L JUAREZ,7139248884,mobile,trucking/logistics,HOUSTON,TX,fmcsa_census,,,,
standard,SCA LLC,7137912464,mobile,trucking/logistics,HOUSTON,TX,fmcsa_census,,,,
standard,DC EXPRESS LLC,9363330915,mobile,trucking/logistics,TOMBALL,TX,fmcsa_census,,,,
standard,DUNCAN TRANSPORT LLC,9852872068,mobile,trucking/logistics,SPRING,TX,fmcsa_census,,,,
standard,MAYCO RAMON VELASQUEZ-AMAYA,2816714731,mobile,trucking/logistics,HOUSTON,TX,fmcsa_census,,,,
standard,ULJ TRANSPORT LLC,2815715967,mobile,trucking/logistics,MAGNOLIA,TX,fmcsa_census,,,,
standard,3 PILARS LLC,6129907587,mobile,trucking/logistics,CONROE,TX,fmcsa_census,,,,
standard,KIKKER LOGISTICS LLC,9365376185,mobile,trucking/logistics,HOUSTON,TX,fmcsa_census,,,,
standard,FERMIN BARRERA,3059866384,mobile,trucking/logistics,SPRING,TX,fmcsa_census,,,,
standard,SAMARAS TRANSPORTATION SERVICES LLC,7865531968,mobile,trucking/logistics,SPRING,TX,fmcsa_census,,,,
standard,J VENTURA SANCHEZ,9364428918,mobile,trucking/logistics,WILLIS,TX,fmcsa_census,,,,
standard,FIRST STEP TRANSPORT LLC,5044530076,mobile,trucking/logistics,SPRING,TX,fmcsa_census,,,,
standard,RENE ARGUELLO MENDOZA,8323687251,mobile,trucking/logistics,HOUSTON,TX,fmcsa_census,,,,
standard,ADAN SOLACHE,7134802492,mobile,trucking/logistics,HOUSTON,TX,fmcsa_census,,,,
standard,JESUS ALEJANDRO PERRETT,2827454111,mobile,trucking/logistics,HOUSTON,TX,fmcsa_census,,,,
standard,TRIPLE ALLIANCE CARGO,8328530269,mobile,trucking/logistics,HOUSTON,TX,fmcsa_census,,,,
standard,ROSA SALMERON,7135302762,mobile,trucking/logistics,HOUSTON,TX,fmcsa_census,,,,
standard,WINCO MASONRY LP,2813542515,mobile,trucking/logistics,PORTER,TX,fmcsa_census,,,,
standard,JACINTO ACOSTA AND AMIR ACOSTA,8327449430,mobile,trucking/logistics,CONROE,TX,fmcsa_census,,,,
standard,MAD-J ENTERPRISE LLC,9364431672,mobile,trucking/logistics,WILLIS,TX,fmcsa_census,,,,
standard,COLLINS J MILLER,2818350258,mobile,trucking/logistics,TOMBALL,TX,fmcsa_census,,,,
standard,JARRETT BOREN,4075011890,mobile,trucking/logistics,SPRING,TX,fmcsa_census,,,,
standard,FAIR DEAL FREIGHT SOLUTIONS LLC,2818896175,mobile,trucking/logistics,HOUSTON,TX,fmcsa_census,,,,
standard,INDEPENDENT DIRT & DOZER INC,3466004322,mobile,trucking/logistics,PORTER,TX,fmcsa_census,,,,
standard,ALEXANDER BRUZAIN PEREIRA,8323182050,mobile,trucking/logistics,HOUSTON,TX,fmcsa_census,,,,
standard,VICTOR PORCAYO,8323026411,mobile,trucking/logistics,HOUSTON,TX,fmcsa_census,,,,
standard,E & L TRANSFER LLC,9362660973,mobile,trucking/logistics,CONROE,TX,fmcsa_census,,,,
standard,ARRAY LOGISTICS INC,7138980381,mobile,trucking/logistics,CONROE,TX,fmcsa_census,,,,
standard,GERARDO GUERRA,8325089691,mobile,trucking/logistics,HOUSTON,TX,fmcsa_census,,,,
standard,TRELINA NAULING,7132987746,mobile,trucking/logistics,HUMBLE,TX,fmcsa_census,,,,
standard,IDRELAN WATTS,8326510379,mobile,trucking/logistics,SPRING,TX,fmcsa_census,,,,
standard,OLWILCH MIRACLE,2816626721,mobile,trucking/logistics,HOUSTON,TX,fmcsa_census,,,,
standard,FALCON LOGISTICS COMPANY,2816017773,mobile,trucking/logistics,SPRING,TX,fmcsa_census,,,,
standard,HY TURF SEEDING COMPANY,7138982714,mobile,trucking/logistics,SPRING,TX,fmcsa_census,,,,
standard,ADOLFO RIOS,8326614750,mobile,trucking/logistics,HOUSTON,TX,fmcsa_census,,,,
standard,DONALD H BERTRAND JR,8323678110,mobile,trucking/logistics,HUMBLE,TX,fmcsa_census,,,,
standard,BROTHERS D AND A TRUCKING LLC,8322820147,mobile,trucking/logistics,NEW CANEY,TX,fmcsa_census,,,,
standard,GV TRANSPORTE INC,4693438511,mobile,trucking/logistics,SPRING,TX,fmcsa_census,,,,
standard,ROADWAY EXPRESS,8328470748,mobile,trucking/logistics,HOUSTON,TX,fmcsa_census,,,,
standard,JESUS R GARCIA,8328564710,mobile,trucking/logistics,PORTER,TX,fmcsa_census,,,,
standard,TONESE M WOODS,3174008094,mobile,trucking/logistics,HUMBLE,TX,fmcsa_census,,,,
standard,AVILA CONSTRUCTION TRANSPORTS LLC,3463825139,mobile,trucking/logistics,PORTER,TX,fmcsa_census,,,,
standard,POP LOGISTICS LLC,8323160737,mobile,trucking/logistics,SPRING,TX,fmcsa_census,,,,
standard,H & B CONCRETE LLC,2814502502,mobile,trucking/logistics,CONROE,TX,fmcsa_census,,,,
standard,J J J AND C EXPRESS INC,2819234182,mobile,trucking/logistics,SPRING,TX,fmcsa_census,,,,
standard,RICHARD AYALA ALONSO,7865992169,mobile,trucking/logistics,SPRING,TX,fmcsa_census,,,,
standard,CORNELIUS C ADDISON JR,8327954955,mobile,trucking/logistics,SPRING,TX,fmcsa_census,,,,
standard,EXCALIBUR EXCAVATION LP,2813532311,mobile,trucking/logistics,SPRING,TX,fmcsa_census,,,,
standard,TR&D TRUCKING,9402030052,mobile,trucking/logistics,WEINERT,TX,fmcsa_census,,,,
standard,TIMMY STUBBLEFIELD,9403782480,mobile,trucking/logistics,WINDTHORST,TX,fmcsa_census,,,,
standard,STEINBERGER DRILLING COMPANY LTD,9407338240,mobile,trucking/logistics,WINDTHORST,TX,fmcsa_census,,,,
standard,MENCHACA CONSTRUCTION,9407836564,mobile,trucking/logistics,GAINESVILLE,TX,fmcsa_census,,,,
standard,RCRJD HAULING,9403680437,mobile,trucking/logistics,GAINESVILLE,TX,fmcsa_census,,,,
standard,RONALD WADE RAYNES,9402561953,mobile,trucking/logistics,WEINERT,TX,fmcsa_census,,,,
standard,DAVID GLYNDEL ESTES,9402849663,mobile,trucking/logistics,GAINESVILLE,TX,fmcsa_census,,,,
standard,G & T TRUCKING LLC,8173201995,mobile,trucking/logistics,FORT WORTH,TX,fmcsa_census,,,,
standard,SCOTT OPERATING INCORPORATED,3257629097,mobile,trucking/logistics,ALBANY,TX,fmcsa_census,,,,
standard,ARROGANT QUEEN LLC,6824147142,mobile,trucking/logistics,FORT WORTH,TX,fmcsa_census,,,,
standard,THOMAS,9402846012,mobile,trucking/logistics,GAINEVILLE,TX,fmcsa_census,,,,
standard,RAFTER D CONSTRUCTION LLC,9407361198,mobile,trucking/logistics,GAINESVILLE,TX,fmcsa_census,,,,
standard,CONCRETE ROSE LOGISTICS LLC,3122212396,mobile,trucking/logistics,FORT WORTH,TX,fmcsa_census,,,,
standard,PACHECO PRO TRUCKING LLC,9402848002,mobile,trucking/logistics,GAINESVILLE,TX,fmcsa_census,,,,
standard,BRAMMER PIPE & STEEL INC,9406654807,mobile,trucking/logistics,GAINESVILLE,TX,fmcsa_census,,,,
standard,BOBBY G LEMONS,9407364695,mobile,trucking/logistics,GAINESVILLE,TX,fmcsa_census,,,,
standard,WAYNE ALLEN HUTCHINSON,9406738324,mobile,trucking/logistics,WEINERT,TX,fmcsa_census,,,,
standard,ACE PLUGGING SERVICES LLC,3257624594,mobile,trucking/logistics,ALBANY,TX,fmcsa_census,,,,
standard,KIRKLAND LOGISTICS LLC,8305699810,mobile,trucking/logistics,FORT WORTH,TX,fmcsa_census,,,,
standard,COOKE COUNTY WINAIR COMPANY,9407274520,mobile,trucking/logistics,GAINESVILLE,TX,fmcsa_census,,,,
standard,MCCANN DISTRIBUTING INC,9406325603,mobile,trucking/logistics,WINDTHORST,TX,fmcsa_census,,,,
standard,STARK ENTERPRISES INC,2148862068,mobile,trucking/logistics,GAINESVILLE,TX,fmcsa_census,,,,
standard,LMH INDUSTRIES LLC,8177150770,mobile,trucking/logistics,FORT WORTH,TX,fmcsa_census,,,,
standard,5 STAR LIMO SERVICE LLC,6824044054,mobile,trucking/logistics,FORT WORTH,TX,fmcsa_census,,,,
standard,JERMAINE GEORGE WASHINGTON,3127858355,mobile,trucking/logistics,FORT WORTH,TX,fmcsa_census,,,,
standard,BILLY R BLAND,2545221629,mobile,trucking/logistics,BRECKENRIDGE,TX,fmcsa_census,,,,
standard,MGTRUCKING LLC,8177291996,mobile,trucking/logistics,FORT WORTH,TX,fmcsa_census,,,,
standard,FIRST CHOICE LEGACY SERIES,4694383874,mobile,trucking/logistics,FORT WORTH,TX,fmcsa_census,,,,
standard,SHAWN POWER,2545590300,mobile,trucking/logistics,BRECKENRIDGE,TX,fmcsa_census,,,,
standard,BRICO OIL CO INC,2545225593,mobile,trucking/logistics,BRECKENRIDGE,TX,fmcsa_census,,,,
standard,LONI LAWSON TRUCKING,8177078690,mobile,trucking/logistics,FORT WORTH,TX,fmcsa_census,,,,
standard,ROJE TRANSPORTATION,9727623237,mobile,trucking/logistics,FORT WORTH,TX,fmcsa_census,,,,
standard,PROVENCE TRUCKING INC,8172911486,mobile,trucking/logistics,BRIDGEPORT,TX,fmcsa_census,,,,
standard,NORTH TEXAS COMPRESSION INC,9403931940,mobile,trucking/logistics,BRIDGEPORT,TX,fmcsa_census,,,,
standard,SAMMY FAMBRO,2545594278,mobile,trucking/logistics,BRECKENRIDGE,TX,fmcsa_census,,,,
standard,BIG COUNTRY LOOMIX LLC,2544773540,mobile,trucking/logistics,BRECKENRIDGE,TX,fmcsa_census,,,,
standard,SCOTT OPERATING INC,3253389717,mobile,trucking/logistics,ALBANY,TX,fmcsa_census,,,,
standard,DABO TRUCKING INC,2542461976,mobile,trucking/logistics,BRECKENRIDGE,TX,fmcsa_census,,,,
standard,ED FANCHER,9403936733,mobile,trucking/logistics,BRIDGEPORT,TX,fmcsa_census,,,,
standard,JACKIE PHILLIPS TRUCKING,9403935240,mobile,trucking/logistics,BRIDGEPORT,TX,fmcsa_census,,,,
standard,KJ HOTSHOT LLC,2542461145,mobile,trucking/logistics,BRECKENRIDGE,TX,fmcsa_census,,,,
standard,ROBERT MOODY,9406833007,mobile,trucking/logistics,BRIDGEPORT,TX,fmcsa_census,,,,
standard,SUNSTONE PLASTER & TILE LLC,8177149934,mobile,trucking/logistics,FORT WORTH,TX,fmcsa_census,,,,
standard,TEXAS JUNK AND DUMPSTERS LLC,6823551907,mobile,trucking/logistics,FORT WORTH,TX,fmcsa_census,,,,
standard,BRECK OPERATING CORP,2545593355,mobile,trucking/logistics,BRECKENRIDGE,TX,fmcsa_census,,,,
standard,CONGO IMPORT EXPORT-LLC,6822273950,mobile,trucking/logistics,FORT WORTH,TX,fmcsa_census,,,,
standard,GRN ENTERPRISES INC,9402551302,mobile,trucking/logistics,BRIDGEPORT,TX,fmcsa_census,,,,
standard,JENNY SORIA,9727541515,mobile,trucking/logistics,BRIDGEPORT,TX,fmcsa_census,,,,
standard,CHICO FARM RANCH & NURSERY,9406445228,mobile,trucking/logistics,CHICO,TX,fmcsa_census,,,,
standard,ABRAHAM TORRES,8324137575,mobile,trucking/logistics,CADDO  TX  76429,TX,fmcsa_census,,,,
standard,RAQUEL REYES,2544773112,mobile,trucking/logistics,BRECKENRIDGE,TX,fmcsa_census,,,,
standard,RAUL CORDOVA,9405771017,mobile,trucking/logistics,BRIDGEPORT,TX,fmcsa_census,,,,
standard,VOLKAN TRANSPORTATION LLC,7132459211,mobile,trucking/logistics,SPRING,TX,fmcsa_census,,,,
standard,VALOR LIFT LLC,9364020390,mobile,trucking/logistics,PORTER,TX,fmcsa_census,,,,
standard,DMY EXPRESS LLC,3463666896,mobile,trucking/logistics,HOUSTON,TX,fmcsa_census,,,,
standard,VOILA LOGISTICS LLC,4079129975,mobile,trucking/logistics,HUMBLE,TX,fmcsa_census,,,,
standard,BARRILLEAUX ENERGY SERVICES LLC,7138069543,mobile,trucking/logistics,CONROE,TX,fmcsa_census,,,,
standard,BARRILLEAUX ENERGY SERVICES LLC,2149841878,mobile,trucking/logistics,CONROE,TX,fmcsa_census,,,,
standard,CARLOS RAMIREZ,8324998399,mobile,trucking/logistics,PORTER,TX,fmcsa_census,,,,
standard,ESPACOM TRUCKS LLC,9704739957,mobile,trucking/logistics,HOUSTON,TX,fmcsa_census,,,,
standard,IMAGINE HOTSHOT SERVICE,8324351249,mobile,trucking/logistics,HUMBLE,TX,fmcsa_census,,,,
standard,ROCK SOLID EXPRESS LLC,9362030698,mobile,trucking/logistics,NEW WAVERLY,TX,fmcsa_census,,,,
standard,BHAG HOUSTON LLC,8325247767,mobile,trucking/logistics,SPRING,TX,fmcsa_census,,,,
standard,I E M TRANSPORTATION LLC,8326839366,mobile,trucking/logistics,HUMBLE,TX,fmcsa_census,,,,
standard,EXQUISITE PROFESSIONAL SERVICES LLC,2812356348,mobile,trucking/logistics,HOUSTON,TX,fmcsa_census,,,,
standard,DOUGLAS DEMAS,8326967043,mobile,trucking/logistics,HUMBLE,TX,fmcsa_census,,,,
standard,BW4 TRANSPORT LLC,9032612028,mobile,trucking/logistics,HUMBLE,TX,fmcsa_census,,,,
standard,LUCKY 13 LOGISTICS LLC,8168820422,mobile,trucking/logistics,SPRING,TX,fmcsa_census,,,,
standard,CRUSH CITY TRANSPORT LLC,8325667997,mobile,trucking/logistics,SPRING,TX,fmcsa_census,,,,
standard,PATHWAY GLOBAL LOGISTICS LLC,8324809539,mobile,trucking/logistics,SPRING,TX,fmcsa_census,,,,
standard,CHARLES EVERETT JOHNSON,3466643978,mobile,trucking/logistics,PORTER,TX,fmcsa_census,,,,
standard,LEWIS LEGACY TRUCKING LLC,2816083478,mobile,trucking/logistics,SPRING,TX,fmcsa_census,,,,
standard,L&L EMPIRE LLC,8329770758,mobile,trucking/logistics,SPRING,TX,fmcsa_census,,,,
standard,ERNEST JONES,2819604592,mobile,trucking/logistics,NEW CANEY,TX,fmcsa_census,,,,
standard,FELIPE RODILES VIDALS,8328145291,mobile,trucking/logistics,HUMBLE,TX,fmcsa_census,,,,
standard,DIAMOND WHITE HORSE TRUCKING LLC,3464302861,mobile,trucking/logistics,HOUSTON,TX,fmcsa_census,,,,
standard,VERLIN TRUCK COMPANY LLC,2817829676,mobile,trucking/logistics,NEW WAVERLY,TX,fmcsa_census,,,,
standard,JERRY L HOKE,8322961148,mobile,trucking/logistics,SPRING,TX,fmcsa_census,,,,
standard,RAM TRANSPORT LLC,9362329369,mobile,trucking/logistics,CONROE,TX,fmcsa_census,,,,
standard,PATRIOT CARS & TRUCKS INC,9364993447,mobile,trucking/logistics,PORTER,TX,fmcsa_census,,,,
standard,CONNER & SON'S TRUCKING INC,8326832757,mobile,trucking/logistics,SPRING,TX,fmcsa_census,,,,
standard,LTX ENTERPRISES LLC,8324998040,mobile,trucking/logistics,PORTER,TX,fmcsa_census,,,,
standard,RONALD E MANN III,2812169605,mobile,trucking/logistics,SPRING,TX,fmcsa_census,,,,
standard,RONALD CHAVEZ,2813547040,mobile,trucking/logistics,PORTER,TX,fmcsa_census,,,,
standard,CATAS TRANSPORT LLC,8322664310,mobile,trucking/logistics,HUMBLE,TX,fmcsa_census,,,,
standard,KAKA LOGISTICS LLC,2817616040,mobile,trucking/logistics,SPRING,TX,fmcsa_census,,,,
standard,CERJA LLC,8324227477,mobile,trucking/logistics,NEW WAVERLY,TX,fmcsa_census,,,,
standard,STAN CURRIE,5125579769,mobile,trucking/logistics,RICHMOND,TX,fmcsa_census,,,,
standard,NISSI TRUCKING LLC,7867125078,mobile,trucking/logistics,LOOP SPRING,TX,fmcsa_census,,,,
standard,BENITEZ RIVERS TRANSPORT LLC,2818767896,mobile,trucking/logistics,SPRING TEXAS,TX,fmcsa_census,,,,
standard,ATZ TRANSPORT LLC,7323074320,mobile,trucking/logistics,RICHMOND,TX,fmcsa_census,,,,
standard,AUSTIN DAVIS,2319750888,mobile,trucking/logistics,NEW CANEY,TX,fmcsa_census,,,,
standard,WHITE GLOVE EXPRESS MOVERS INC,7139004725,mobile,trucking/logistics,SPRING,TX,fmcsa_census,,,,
standard,ROBOTEK SOLUTIONS LLC,6176026568,mobile,trucking/logistics,SPRING,TX,fmcsa_census,,,,
standard,MAIN TRANSPORTATION SERVICES,8326833178,mobile,trucking/logistics,HUMBLE,TX,fmcsa_census,,,,
standard,BONILLA LOGISTIC SERVICES LLC,2816084695,mobile,trucking/logistics,HUMBLE,TX,fmcsa_census,,,,
standard,EPIE'S TRANSPORT LLC,8322740053,mobile,trucking/logistics,HUMBLE,TX,fmcsa_census,,,,
standard,PHOENIX FREIGHT CARRIERS LLC,3187517329,mobile,trucking/logistics,CONROE,TX,fmcsa_census,,,,
standard,MKV TRANSPORTATION LLC,2819602610,mobile,trucking/logistics,HOUSTON,TX,fmcsa_census,,,,
standard,MICHAEL A AND CYNTHIA GODWIN,9365778497,mobile,trucking/logistics,NEW WAVERLY,TX,fmcsa_census,,,,
standard,SANCHEZ AND SONS TRANSPORT LLC,8329957051,mobile,trucking/logistics,PORTER,TX,fmcsa_census,,,,
standard,HOUSTON TREE&LAWN SERVICE,8325130444,mobile,trucking/logistics,SPRING,TX,fmcsa_census,,,,
standard,B&C TRANSPORT INC,9366626476,mobile,trucking/logistics,NEW WAVERLY,TX,fmcsa_census,,,,
standard,MIGUEL RUBIO LOREDO,9362310429,mobile,trucking/logistics,PORTER,TX,fmcsa_census,,,,
standard,NATIONWIDE EXPEDITING AND FREIGHT SERVICES LLC,8329101356,mobile,trucking/logistics,SPRING,TX,fmcsa_census,,,,
standard,JOHNSON & BROWN,9364445294,mobile,trucking/logistics,NEW WAVERLY,TX,fmcsa_census,,,,
standard,FARHAT CONTRACTING LLC,8323143952,mobile,trucking/logistics,PORTER,TX,fmcsa_census,,,,
standard,NIGHT HORSE ENTERPRISE LLC,8322362049,mobile,trucking/logistics,HUMBLE,TX,fmcsa_census,,,,
standard,KK TRANS LLC,8324997688,mobile,trucking/logistics,PORTER,TX,fmcsa_census,,,,
standard,RIGOBERTO QUINTANILLA,7138946627,mobile,trucking/logistics,HUMBLE,TX,fmcsa_census,,,,
standard,ADELINAS SERVICES LLC,2812813301,mobile,trucking/logistics,PORTER,TX,fmcsa_census,,,,
standard,JOHNNY L BARR,7134089988,mobile,trucking/logistics,PORTER,TX,fmcsa_census,,,,
standard,NCM TRUCKING CORP,8322596982,mobile,trucking/logistics,RICHMOND,TX,fmcsa_census,,,,
standard,1841 TRUCKING COMPANY LLC,5043589909,mobile,trucking/logistics,SPRING,TX,fmcsa_census,,,,
standard,RJN MOTORSPORTS,7133890536,mobile,trucking/logistics,CONROE,TX,fmcsa_census,,,,
standard,SOLID BRIDGE CONSTRUCTION LLC,9365811345,mobile,trucking/logistics,NEW WAVERLY,TX,fmcsa_census,,,,
standard,FLEET SERVICES OF HOUSTON,2817589422,mobile,trucking/logistics,CONROE,TX,fmcsa_census,,,,
standard,FORDALOW,8329957738,mobile,trucking/logistics,HOUSTON,TX,fmcsa_census,,,,
standard,PHOENIX RISING OILFIELD SERVICES LLC,3053358185,mobile,trucking/logistics,HOUSTON,TX,fmcsa_census,,,,
standard,RIG RYDER TRUCKING LLC,8326579785,mobile,trucking/logistics,RICHMOND,TX,fmcsa_census,,,,
standard,SHIPOPO LLC,3612280030,mobile,trucking/logistics,RICHMOND,TX,fmcsa_census,,,,
standard,INDEPENDENT FREIGHT OPERATORS GROUP LLC,7192329725,mobile,trucking/logistics,SPRING,TX,fmcsa_census,,,,
standard,RAYMUNDO LAZARO,2143989790,mobile,trucking/logistics,CADDO,TX,fmcsa_census,,,,
standard,BRECKENRIDGE TRANSPORT SERVICES LLC,2545598357,mobile,trucking/logistics,BRECKENRIDGE,TX,fmcsa_census,,,,
standard,TRIPLE 7 DIRTWORX LLC,2542469676,mobile,trucking/logistics,BRECKENRIDGE,TX,fmcsa_census,,,,
standard,C N S TRANSPORT,2545928007,mobile,trucking/logistics,CARLTON,TX,fmcsa_census,,,,
standard,EDGAR DIAZ-DELEON,9403891376,mobile,trucking/logistics,CHICO,TX,fmcsa_census,,,,
standard,JAVCO INC,2545594692,mobile,trucking/logistics,BRECKENRIDGE,TX,fmcsa_census,,,,
standard,CHARLEY MARTIN TRUCKING LLC,9403680769,mobile,trucking/logistics,CHICO,TX,fmcsa_census,,,,
standard,B & G FARMS INC,3256434642,mobile,trucking/logistics,BLANKET,TX,fmcsa_census,,,,
standard,ENGLE CONSTRUCTION LLC,8302633994,mobile,trucking/logistics,BLANKET,TX,fmcsa_census,,,,
standard,YELLOW ROSE OF TEXAS TRUCKING LLC,9403893828,mobile,trucking/logistics,BRIDGEPORT,TX,fmcsa_census,,,,
standard,HOEKSTRA TRUCKING LLC,2545952746,mobile,trucking/logistics,BLUFF DALE,TX,fmcsa_census,,,,
standard,P&K STONE LLC,8172476746,mobile,trucking/logistics,CHICO,TX,fmcsa_census,,,,
standard,JDA LOGISTICS LLC,9406269957,mobile,trucking/logistics,BRIDGEPORT,TX,fmcsa_census,,,,
standard,ELITE EQUINE TRANSPORTATION LLC,8088558193,mobile,trucking/logistics,BLUFF DALE,TX,fmcsa_census,,,,
standard,4T CATTLE & LAND COMPANY LLC,8175595770,mobile,trucking/logistics,BLUFF DALE,TX,fmcsa_census,,,,
standard,STEPHEN BENIFIEL,8175845758,mobile,trucking/logistics,BRECKENRIDGE,TX,fmcsa_census,,,,
standard,F2 WELL SERVICES,9726727585,mobile,trucking/logistics,BRIDGEPORT,TX,fmcsa_census,,,,
standard,M AND D PILOT CAR,6084873029,mobile,trucking/logistics,BRIDGEPORT,TX,fmcsa_census,,,,
standard,PATH OILFIELD SERVICES LLC,9402109843,mobile,trucking/logistics,CHICO,TX,fmcsa_census,,,,
standard,SERGIO FERNANDO ABARCA,9403672701,mobile,trucking/logistics,BRIDGEPORT,TX,fmcsa_census,,,,
standard,GARCIA HAULING CO LLC,2545221430,mobile,trucking/logistics,BRECKENRIDGE,TX,fmcsa_census,,,,
standard,SERGIO DANIEL REYES,9407997710,mobile,trucking/logistics,CHICO,TX,fmcsa_census,,,,
standard,CIRCLE E TRUCKING INC,9403896590,mobile,trucking/logistics,CHICO,TX,fmcsa_census,,,,
standard,ANDY MCCLURE,2146735348,mobile,trucking/logistics,MAYPEARL,TX,fmcsa_census,,,,
standard,ANASTACIO B VILLANEDA,9403896347,mobile,trucking/logistics,CHICO,TX,fmcsa_census,,,,
standard,R M SERVICES,9405771403,mobile,trucking/logistics,CHICO,TX,fmcsa_census,,,,
standard,LEWIS EDWARD HERNANDEZ,6823285547,mobile,trucking/logistics,BRIDGEPORT,TX,fmcsa_census,,,,
standard,TOMMY HUNTER,9407693377,mobile,trucking/logistics,SANTO,TX,fmcsa_census,,,,
standard,JACK REVEY & SON TRUCKING,4692856628,mobile,trucking/logistics,ELIASVILLE,TX,fmcsa_census,,,,
standard,ANZUA TRUCKING LLC,8173532216,mobile,trucking/logistics,SANTO,TX,fmcsa_census,,,,
standard,VICTOR S MERCADO,8177767843,mobile,trucking/logistics,TOLAR,TX,fmcsa_census,,,,
standard,MARK MARSH,2545927334,mobile,trucking/logistics,TOLAR,TX,fmcsa_census,,,,
standard,BO E ALLEN,3256478737,mobile,trucking/logistics,SIDNEY,TX,fmcsa_census,,,,
standard,JOSE JUAN CUELLAR,9403932163,mobile,trucking/logistics,ALVORD,TX,fmcsa_census,,,,
standard,RAFTER B CONCRETE,8178947888,mobile,trucking/logistics,TOLAR,TX,fmcsa_census,,,,
standard,ANTHONY JAMES CONWAY,9402291480,mobile,trucking/logistics,JERMYN,TX,fmcsa_census,,,,
standard,JMR TRANSPORT LLC,7709062405,mobile,trucking/logistics,ALVORD,TX,fmcsa_census,,,,
standard,NADIA O'BRYANT,9366621287,mobile,trucking/logistics,NEW WAVERLY,TX,fmcsa_census,,,,
standard,EXPAND COMPLETION SERVICES LLC,8327967935,mobile,trucking/logistics,SPRING,TX,fmcsa_census,,,,
standard,TOUCH POINT AUTO TRANSPORT LLC,7135600210,mobile,trucking/logistics,RICHMOND,TX,fmcsa_census,,,,
standard,GRANDES TRANSPORT LLC,8328939336,mobile,trucking/logistics,SPRING,TX,fmcsa_census,,,,
standard,GTW TRANSPORT LLC,3467326538,mobile,trucking/logistics,HUMBLE,TX,fmcsa_census,,,,
standard,LYFE LEAGUE LLC,2819014306,mobile,trucking/logistics,SPRING,TX,fmcsa_census,,,,
standard,TYLER RICHARD CARRIERE,3463634579,mobile,trucking/logistics,SPRING,TX,fmcsa_census,,,,
standard,ADCORP SIGN SYSTEMS LLC,2819073455,mobile,trucking/logistics,CONROE,TX,fmcsa_census,,,,
standard,KB & RB CONSTRUCTION LLC,9366619779,mobile,trucking/logistics,NEW WAVERLY,TX,fmcsa_census,,,,
standard,KK JAAMZ LOGISTICS LLC,8328007496,mobile,trucking/logistics,SPRING,TX,fmcsa_census,,,,
standard,OLUMUYIWA MICHAEL MAKINWA,8042431551,mobile,trucking/logistics,HUMBLE,TX,fmcsa_census,,,,
standard,NEAL & FOSTER SERVICES LLC,8325773462,mobile,trucking/logistics,HOUSTON,TX,fmcsa_census,,,,
standard,SUPREME CRANE AND RIGGING LLC,2815774004,mobile,trucking/logistics,PORTER,TX,fmcsa_census,,,,
standard,CARLOS ANDRADE MOVERS,8325732599,mobile,trucking/logistics,HOUSTON,TX,fmcsa_census,,,,
standard,JAUS LOGISTICS LLC,9543830698,mobile,trucking/logistics,SPRING,TX,fmcsa_census,,,,
standard,ALLEN TRANSPORT INC,8327788149,mobile,trucking/logistics,HUMBLE,TX,fmcsa_census,,,,
standard,NEW LION TRANSPORT LLC,8327520275,mobile,trucking/logistics,HUMBLE,TX,fmcsa_census,,,,
standard,WARREN L BARNES,8322533809,mobile,trucking/logistics,CONROE,TX,fmcsa_census,,,,
standard,AGS VENTURES LLC,2147331083,mobile,trucking/logistics,NEW CANEY,TX,fmcsa_census,,,,
standard,HIGDON CONSTRUCTION LLC,2813808335,mobile,trucking/logistics,CONROE,TX,fmcsa_census,,,,
standard,KJN SERVICES LLC,2819082940,mobile,trucking/logistics,SPRING,TX,fmcsa_census,,,,
standard,XTREME CONCRETE CONSTRUCTION,2815946726,mobile,trucking/logistics,PORTER,TX,fmcsa_census,,,,
standard,NCHC LOGISTICS LLC,8324104572,mobile,trucking/logistics,HOUSTON,TX,fmcsa_census,,,,
standard,CENTEX TRANSPORTATION FINAL MILE LLC,2819607259,mobile,trucking/logistics,SPRING,TX,fmcsa_census,,,,
standard,JAMATHA ENTERPRISES LLC,8324928294,mobile,trucking/logistics,PORTER,TX,fmcsa_census,,,,
standard,JOSE J ROSA PEREZ,2816748850,mobile,trucking/logistics,SPRING,TX,fmcsa_census,,,,
standard,IHN HOTSHOT TRANSPORTATION LLC,3464422832,mobile,trucking/logistics,HUMBLE,TX,fmcsa_census,,,,
standard,SKY'S INTERNATIONAL PROPERTIES LLC,8328418895,mobile,trucking/logistics,RICHMOND,TX,fmcsa_census,,,,
standard,CDM AUTOMOBILE LOGISTICS AND SERVICES LLC,8329552848,mobile,trucking/logistics,RICHMOND TEXAS,TX,fmcsa_census,,,,
standard,PANDION CONVEYANCE LLC,8329488761,mobile,trucking/logistics,SPRING,TX,fmcsa_census,,,,
standard,JOSE E NAVARRETE,8329563378,mobile,trucking/logistics,HUMBLE,TX,fmcsa_census,,,,
standard,G T S TRUCKING INC,2819191986,mobile,trucking/logistics,CONROE,TX,fmcsa_census,,,,
standard,HOLLINGSWORTH HOUSE MOVERS LLC,9795783509,mobile,trucking/logistics,BEASLEY,TX,fmcsa_census,,,,
standard,QRUCIAL POWER LLC,7133914531,mobile,trucking/logistics,SPRING,TX,fmcsa_census,,,,
standard,ON-SITE CONCRETE AND MATERIALS LLC,7134944241,mobile,trucking/logistics,BEASLEY,TX,fmcsa_census,,,,
standard,WASHINGTON TRANSPORTATION SERVICES LLC,3463316160,mobile,trucking/logistics,SPRING,TX,fmcsa_census,,,,
standard,RODGER TRANSPORTATION,8325770680,mobile,trucking/logistics,BEASLEY,TX,fmcsa_census,,,,
standard,HERNANDO MARTINEZ DIAZ,7132918549,mobile,trucking/logistics,RICHMOND,TX,fmcsa_census,,,,
standard,HOTT TRANSPORT LLC,7138656937,mobile,trucking/logistics,SPRING,TX,fmcsa_census,,,,
standard,GRACE AUSTEN LP,7138992154,mobile,trucking/logistics,MAGNOLIA,TX,fmcsa_census,,,,
standard,MACH1 DELIVERY,8327202676,mobile,trucking/logistics,RICHMOND,TX,fmcsa_census,,,,
standard,DELIVERED IN ABUNDANCE,8329204631,mobile,trucking/logistics,HUMBLE,TX,fmcsa_census,,,,
standard,JQ TRUCKING LLC,8326100676,mobile,trucking/logistics,SPRING,TX,fmcsa_census,,,,
standard,ABC ENVIRONMENTAL,8324197674,mobile,trucking/logistics,BELLVILLE,TX,fmcsa_census,,,,
standard,DUMP TODAY LLC,3463059026,mobile,trucking/logistics,SPRING,TX,fmcsa_census,,,,
standard,DEMMO ENTERPRISES LLC,3613553120,mobile,trucking/logistics,RICHMOND,TX,fmcsa_census,,,,
standard,SLEE TRUCKER,8327573997,mobile,trucking/logistics,RICHMOND,TX,fmcsa_census,,,,
standard,LS&K LLC,8322350985,mobile,trucking/logistics,SPRING,TX,fmcsa_census,,,,
standard,YBR TRUCKING LLC,5126624630,mobile,trucking/logistics,SPRING,TX,fmcsa_census,,,,
standard,MR NINE TRANSPORT LLC,3462885409,mobile,trucking/logistics,RICHMOND,TX,fmcsa_census,,,,
standard,WELDING SHOP BERRONES MEDINA LLC,7135913647,mobile,trucking/logistics,HUMBLE,TX,fmcsa_census,,,,
standard,ELITE HOTSHOT TRUCKING SERVICES LLC,8328231070,mobile,trucking/logistics,SPRING,TX,fmcsa_census,,,,
standard,KEVIN RAY HENDERSON,5124664015,mobile,trucking/logistics,ALTAIR,TX,fmcsa_census,,,,
standard,SGR ENERGY INC,9037477037,mobile,trucking/logistics,SPRING,TX,fmcsa_census,,,,
standard,ASTOUT TRUCKING LLC,8322590838,mobile,trucking/logistics,MAGNOLIA,TX,fmcsa_census,,,,
standard,EASY SERVICE LLC,8327889227,mobile,trucking/logistics,RICHMOND,TX,fmcsa_census,,,,
standard,SOLIDS RECOVERY SERVICES INC,7134464298,mobile,trucking/logistics,HUMBLE,TX,fmcsa_census,,,,
standard,MS VERSATILE LLC,3463001757,mobile,trucking/logistics,SPRING,TX,fmcsa_census,,,,
standard,LOADITUP LOGISTICS LLC,9366492607,mobile,trucking/logistics,SPRING,TX,fmcsa_census,,,,
standard,TIGER FREIGHT SOLUTIONS INC,2812981127,mobile,trucking/logistics,THE WOODLANDS,TX,fmcsa_census,,,,
standard,KING & ROBINSON TRANSPORTATION INC,8322603271,mobile,trucking/logistics,RICHMOND,TX,fmcsa_census,,,,
standard,ENERGY ALLOYS LLC,8326015800,mobile,trucking/logistics,THE WOODLANDS,TX,fmcsa_census,,,,
standard,GW FREIGHT LLC,7134783564,mobile,trucking/logistics,SPRING,TX,fmcsa_census,,,,
standard,WESTERN MIDSTREAM PARTNERS LP,8326361009,mobile,trucking/logistics,THE WOODLANDS,TX,fmcsa_census,,,,
standard,JOSE A ARGUETA,8326753423,mobile,trucking/logistics,HUMBLE,TX,fmcsa_census,,,,
standard,MOMENTUM TRANSPORTATION SERVICES LLC,8322445066,mobile,trucking/logistics,MAGNOLIA,TX,fmcsa_census,,,,
standard,MARTINEZ SONS TRUCKING LLC,9798778518,mobile,trucking/logistics,BELLVILLE,TX,fmcsa_census,,,,
standard,MIDNIGHT EXPRESS LLC,8325569488,mobile,trucking/logistics,SPRING,TX,fmcsa_census,,,,
standard,JAIME BURNS,9362427209,mobile,trucking/logistics,SPRING,TX,fmcsa_census,,,,
standard,DANIEL DEAN,2818088733,mobile,trucking/logistics,MAGNOLIA,TX,fmcsa_census,,,,
standard,SWB LOGISTICS LLC,2022578762,mobile,trucking/logistics,SPRING,TX,fmcsa_census,,,,
standard,PILLARTRANSPORT LLC,3142652282,mobile,trucking/logistics,RICHMOND,TX,fmcsa_census,,,,
standard,JR'S SOUTHERN CARRIER LLC,2817365038,mobile,trucking/logistics,HUMBLE,TX,fmcsa_census,,,,
standard,RUBALCAVA HOTSHOT DELIVERY LLC,2817501643,mobile,trucking/logistics,SPRING,TX,fmcsa_census,,,,
standard,ELIER VALDIVIA,8323715426,mobile,trucking/logistics,HOUSTON,TX,fmcsa_census,,,,
standard,FELIPE GALVAN,2812249466,mobile,trucking/logistics,BROOKSHIRE,TX,fmcsa_census,,,,
standard,HAYBALL TRANSIT INC,7133060681,mobile,trucking/logistics,MAGNOLIA,TX,fmcsa_census,,,,
standard,MOJLAT SOLUTION SERVICES GROUP LLC,7133408034,mobile,trucking/logistics,RICHMOND,TX,fmcsa_census,,,,
standard,GERSON A WILLIAMS,8322597408,mobile,trucking/logistics,HOUSTON,TX,fmcsa_census,,,,
standard,ALFC ENTERPRISE LLC,3462984411,mobile,trucking/logistics,SPRING,TX,fmcsa_census,,,,
standard,RIVER LLC,7135620639,mobile,trucking/logistics,RICHMOND,TX,fmcsa_census,,,,
standard,GREEN WORLD,2814460405,mobile,trucking/logistics,HUMBLE,TX,fmcsa_census,,,,
standard,TIARA BLACKSHEAR,9796453846,mobile,trucking/logistics,BELLVILLE,TX,fmcsa_census,,,,
standard,ENN ROUTE DELIVERY LLC,7138768110,mobile,trucking/logistics,RICHMOND,TX,fmcsa_census,,,,
standard,HALBISON PLUMBING COMPANY,2813917600,mobile,trucking/logistics,BROOKSHIRE,TX,fmcsa_census,,,,
standard,TWO GUN'S TRUCKING LLC,8174066392,mobile,trucking/logistics,TOLAR,TX,fmcsa_census,,,,
standard,RANDY SWAIM,8172194299,mobile,trucking/logistics,TOLAR,TX,fmcsa_census,,,,
standard,SELECT DIESEL & AUTO LLC,2545923586,mobile,trucking/logistics,TOLAR,TX,fmcsa_census,,,,
standard,4C SOLUTIONS LLC,2104616574,mobile,trucking/logistics,POOLVILLE,TX,fmcsa_census,,,,
standard,BRENT DURHAM,9036490222,mobile,trucking/logistics,POOLVILLE,TX,fmcsa_census,,,,
standard,GIT R DONE TRUCKING INC,8179392418,mobile,trucking/logistics,POOLVILLE,TX,fmcsa_census,,,,
standard,RUBY RED TRANSPORT LLC,4327033788,mobile,trucking/logistics,POOLVILLE,TX,fmcsa_census,,,,
standard,TMT TRUCKING SERVICES LIMITED LIABILITY COMPANY,9403893945,mobile,trucking/logistics,POOLVILLE,TX,fmcsa_census,,,,
standard,GREENFIELD FARMS LLC,8179335002,mobile,trucking/logistics,POOLVILLE,TX,fmcsa_census,,,,
standard,SLM TRUCKING LLC,8176757280,mobile,trucking/logistics,POOLVILLE,TX,fmcsa_census,,,,
standard,PEEKS LOGISTICS TRANSPORT LLC,8175658785,mobile,trucking/logistics,POOLVILLE,TX,fmcsa_census,,,,
standard,BUILD OUT SPECIALIST LLC,5056208203,mobile,trucking/logistics,BARTLETT,TX,fmcsa_census,,,,
standard,SHARON MANSELL,8179465876,mobile,trucking/logistics,POOLVILLE,TX,fmcsa_census,,,,
standard,SCOTT HOFFMAN,5056442154,mobile,trucking/logistics,POOLVILLE,TX,fmcsa_census,,,,
standard,BRUCE RICHARDSON,9408623401,mobile,trucking/logistics,THROCKMORTON,TX,fmcsa_census,,,,
standard,BACKOR TRUCKING,2547604184,mobile,trucking/logistics,TEMPLE,TX,fmcsa_census,,,,
standard,AUGUST J SVEHLAK III,5124611181,mobile,trucking/logistics,BARTLETT,TX,fmcsa_census,,,,
standard,WARDS TOWING LTD,2545345483,mobile,trucking/logistics,TEMPLE,TX,fmcsa_census,,,,
standard,UNIVERSAL SERVICES DOUGLAS FREDENBURG,9188503546,mobile,trucking/logistics,POOLVILLE,TX,fmcsa_census,,,,
standard,BAZZ TRUCKIN LLC,9404521330,mobile,trucking/logistics,PERRIN,TX,fmcsa_census,,,,
standard,ARVIL DANE MINOR III,2142363690,mobile,trucking/logistics,POOLVILLE,TX,fmcsa_census,,,,
standard,TEXSTEEL LLC,2545004646,mobile,trucking/logistics,BUCKHOLTS,TX,fmcsa_census,,,,
standard,ABLE JONS LLC,2547182895,mobile,trucking/logistics,TEMPLE,TX,fmcsa_census,,,,
standard,NSX ENTERPRISE LLC,2546246353,mobile,trucking/logistics,TEMPLE,TX,fmcsa_census,,,,
standard,BYRON WAYNE MATHIS,8179940467,mobile,trucking/logistics,POOLVILLE,TX,fmcsa_census,,,,
standard,TOTAL EQUINE TRANSPORT,9408593066,mobile,trucking/logistics,PERRIN,TX,fmcsa_census,,,,
standard,RUSTIC MARKET RENOVATIONS LLC,8179534767,mobile,trucking/logistics,POOLVILLE,TX,fmcsa_census,,,,
standard,CHELSEA SPINN,2549310405,mobile,trucking/logistics,TEMPLE,TX,fmcsa_census,,,,
standard,CURTIS RANDALL JANKE,2542397538,mobile,trucking/logistics,TEMPLE,TX,fmcsa_census,,,,
standard,BRELAN CHANCELLOR,2542232828,mobile,trucking/logistics,TEMPLE,TX,fmcsa_census,,,,
standard,ABEL ZUBIETA,2547214200,mobile,trucking/logistics,TEMPLE,TX,fmcsa_census,,,,
standard,ROBERT E SMITH,2547420447,mobile,trucking/logistics,TEMPLE,TX,fmcsa_census,,,,
standard,MARTINEZ EARTH MOVERS LLC,3464129578,mobile,trucking/logistics,STRAWN,TX,fmcsa_census,,,,
standard,JOSHUA EDWARD BRENEK,2547606103,mobile,trucking/logistics,TEMPLE,TX,fmcsa_census,,,,
standard,LOUIS DELAROSA,2547180279,mobile,trucking/logistics,TEMPLE,TX,fmcsa_census,,,,
standard,PURSLEY TRUCKING INC,9405671150,mobile,trucking/logistics,JACKSBORO,TX,fmcsa_census,,,,
standard,RZC HOLDINGS LLC,2543169970,mobile,trucking/logistics,TEMPLE,TX,fmcsa_census,,,,
standard,KING'S MARATHON LLC,5127019680,mobile,trucking/logistics,TEMPLE,TX,fmcsa_census,,,,
standard,DARREN FRANCIS,9406821639,mobile,trucking/logistics,PERRIN,TX,fmcsa_census,,,,
standard,CHRISTOPHER DUANE ELDER,7135608399,mobile,trucking/logistics,HOUSTON,TX,fmcsa_census,,,,
standard,MPRP UNITED LLC,8329468301,mobile,trucking/logistics,RICHMOND,TX,fmcsa_census,,,,
standard,THE PLUG LOGISTICS LLC,3465307791,mobile,trucking/logistics,SPRING,TX,fmcsa_census,,,,
standard,FRANCISCO MUNOZ,8328054423,mobile,trucking/logistics,HOUSTON,TX,fmcsa_census,,,,
standard,ELIS CAL,7139224394,mobile,trucking/logistics,HOUSTON,TX,fmcsa_census,,,,
standard,PROZONE TRUCKING LLC,9038334348,mobile,trucking/logistics,RICHMOND,TX,fmcsa_census,,,,
standard,HUDRAM CONCRETE LLC,8324206443,mobile,trucking/logistics,SPRING,TX,fmcsa_census,,,,
standard,JEFF NICKLUS CUSTOMS,2817035367,mobile,trucking/logistics,MAGNOLIA,TX,fmcsa_census,,,,
standard,KEPA TRANSPORT LLC,7133776457,mobile,trucking/logistics,HOUSTON,TX,fmcsa_census,,,,
standard,WINCHESTER TRANSPORTATION LLC,5712513820,mobile,trucking/logistics,HOUSTON,TX,fmcsa_census,,,,
standard,THE ESTATE OF MILDRED ANN GOEYNS MCCULLUM,8328894144,mobile,trucking/logistics,SPRING,TX,fmcsa_census,,,,
standard,AISHA L MARTIN,9364638843,mobile,trucking/logistics,MAGNOLIA,TX,fmcsa_census,,,,
standard,TRUST & LOYALTY TRUCKING LLC,4696235624,mobile,trucking/logistics,SPRING,TX,fmcsa_census,,,,
standard,DAH TRANSPORT EXPRESS LLC,8329987562,mobile,trucking/logistics,SPRING,TX,fmcsa_census,,,,
standard,KAL'S FLATBED SERVICES LLC,7139913554,mobile,trucking/logistics,HOUSTON,TX,fmcsa_census,,,,
standard,SAM SIHARATH,8327212278,mobile,trucking/logistics,HOUSTON,TX,fmcsa_census,,,,
standard,LEMM BROTHERS INC,7138987690,mobile,trucking/logistics,SPRING,TX,fmcsa_census,,,,
standard,JEROME GARRIDO,2812242712,mobile,trucking/logistics,SPRING,TX,fmcsa_census,,,,
standard,N&H LOGISTICS TRANSPORT LLC,8328039145,mobile,trucking/logistics,RICHMOND,TX,fmcsa_census,,,,
standard,GIMA LOGISTICS,7134529200,mobile,trucking/logistics,RICHMOND,TX,fmcsa_census,,,,
standard,STAR QUALITY TRUCKING LLC,5042920038,mobile,trucking/logistics,RICHMOND,TX,fmcsa_census,,,,
standard,MAPPING IT OUT LOGISTICS LLC,6158548174,mobile,trucking/logistics,HOUSTON,TX,fmcsa_census,,,,
standard,JOSE A AMAYA,8328149807,mobile,trucking/logistics,SEALY,TX,fmcsa_census,,,,
standard,JOSE A AMAYA,2815286875,mobile,trucking/logistics,SEALY,TX,fmcsa_census,,,,
standard,GMUTHOLA TRANSPORT LLC,7132561735,mobile,trucking/logistics,RICHMOND,TX,fmcsa_census,,,,
standard,MAXINE H PETTEWAY,7132521465,mobile,trucking/logistics,HUMBLE,TX,fmcsa_census,,,,
standard,K S XPRESS INC,7132927547,mobile,trucking/logistics,BROOKSHIRE,TX,fmcsa_census,,,,
standard,FREIRE LOGISTICS LLC,3463096685,mobile,trucking/logistics,RICHMOND,TX,fmcsa_census,,,,
standard,CHEFS PRODUCE HOUSTON INC,7135010144,mobile,trucking/logistics,HOUSTON,TX,fmcsa_census,,,,
standard,JACOB PLATERO,7138195381,mobile,trucking/logistics,HUMBLE,TX,fmcsa_census,,,,
standard,AAA COURT SERVICES,2817238250,mobile,trucking/logistics,BROOKSHIRE,TX,fmcsa_census,,,,
standard,ROY ALLEN,8048941116,mobile,trucking/logistics,BROOKSHIRE,TX,fmcsa_census,,,,
standard,PLATINUM SHIPPING LLC,9366976391,mobile,trucking/logistics,SPRING,TX,fmcsa_census,,,,
standard,VICO TRANSPORT LLC,3056067548,mobile,trucking/logistics,HOUSTON,TX,fmcsa_census,,,,
standard,REYES SILVA,7135026469,mobile,trucking/logistics,HOUSTON,TX,fmcsa_census,,,,
standard,JLT TRUCKING LLC,8322742235,mobile,trucking/logistics,RICHMOND,TX,fmcsa_census,,,,
standard,RPBENJAMIN LOGISTICS LLC,8325931818,mobile,trucking/logistics,SPRING,TX,fmcsa_census,,,,
standard,TCNZ LOGISTICS LLC,2819281515,mobile,trucking/logistics,THE WOODLANDS,TX,fmcsa_census,,,,
standard,JCT LANDSCAPE MAINTENANCE AND IRRIGATION CORPORATION,2819323498,mobile,trucking/logistics,BROOKSHIRE,TX,fmcsa_census,,,,
standard,CARLOS L ARAMBULA,2812353848,mobile,trucking/logistics,HOUSTON,TX,fmcsa_census,,,,
standard,WALTER ALEXANDER LOPEZ,8322644996,mobile,trucking/logistics,BROOKSHIRE,TX,fmcsa_census,,,,
standard,AG RADCLIFF,7137258497,mobile,trucking/logistics,SHEPHERD,TX,fmcsa_census,,,,
standard,HUMBERTO SERRANO,8328303203,mobile,trucking/logistics,HOUSTON,TX,fmcsa_census,,,,
standard,A MARQUEZ LLC,5022916589,mobile,trucking/logistics,SPRING,TX,fmcsa_census,,,,
standard,LIZBETH NERI,2812560841,mobile,trucking/logistics,CYPRESS,TX,fmcsa_census,,,,
standard,SNB SERVICES LLC,7135504846,mobile,trucking/logistics,SPRING,TX,fmcsa_census,,,,
standard,BLADE RUNNER TURBOMACHINERY SERVICES LLC,7136674579,mobile,trucking/logistics,HOUSTON,TX,fmcsa_census,,,,
standard,WAYNE T BISHOP,7132535000,mobile,trucking/logistics,SPRING,TX,fmcsa_census,,,,
standard,AA TOP SUCCESS LLC,2812874472,mobile,trucking/logistics,HOUSTON,TX,fmcsa_census,,,,
standard,HRH TRANS LLC,8322878750,mobile,trucking/logistics,RICHMOND,TX,fmcsa_census,,,,
standard,HL AUTOMOTIVE,8327664012,mobile,trucking/logistics,SPRING,TX,fmcsa_census,,,,
standard,TX MOVERS,2818395966,mobile,trucking/logistics,HOUSTON,TX,fmcsa_census,,,,
standard,DAYAMI GUERRERO MENDOZA,3462774150,mobile,trucking/logistics,BROOKSHINE,TX,fmcsa_census,,,,
standard,INOCENCIO M CASTANEDA,7133205980,mobile,trucking/logistics,SHEPHERD,TX,fmcsa_census,,,,
standard,EDISON WALTON,8322331776,mobile,trucking/logistics,HUMBLE,TX,fmcsa_census,,,,
standard,BRAESWOOD TRILLION LLC,7135107849,mobile,trucking/logistics,HOUSTON,TX,fmcsa_census,,,,
standard,BOBBY GREEN,8322280893,mobile,trucking/logistics,SPRING,TX,fmcsa_census,,,,
standard,TOP TRANSPORTATION SOLUTIONS LLC,5802228300,mobile,trucking/logistics,SPRING,TX,fmcsa_census,,,,
standard,DIVERSENERGY LLC,2814753023,mobile,trucking/logistics,THE WOODLANDS,TX,fmcsa_census,,,,
standard,JOSE H GARCIA,8325200760,mobile,trucking/logistics,RICHMOND,TX,fmcsa_census,,,,
standard,WILLIAM HAMANN TRUCKING,2815415499,mobile,trucking/logistics,CYPRESS,TX,fmcsa_census,,,,
standard,GREEN PARKS TRANSPORT,8328675945,mobile,trucking/logistics,HUMBLE,TX,fmcsa_census,,,,
standard,DIEGO ALBERTO RIVAS,2819249665,mobile,trucking/logistics,HUMBLE,TX,fmcsa_census,,,,
standard,CALIXTO BARRIENTOS III,2814080078,mobile,trucking/logistics,CYPRESS,TX,fmcsa_census,,,,
standard,FREIGHT APP INC,8326101344,mobile,trucking/logistics,THE WOODLANDS,TX,fmcsa_census,,,,
standard,OFC LOGISTICS LLC,8326377557,mobile,trucking/logistics,SPRING,TX,fmcsa_census,,,,
standard,MILES & GAINS LOGISTICS LLC,9015713085,mobile,trucking/logistics,SPRING,TX,fmcsa_census,,,,
standard,NEMA LOGISTICS LLC,8322760879,mobile,trucking/logistics,BROOKSHIRE,TX,fmcsa_census,,,,
standard,BSOF LLC,3463376736,mobile,trucking/logistics,THE WOODLANDS,TX,fmcsa_census,,,,
standard,PROPHECY LOGISTICS LLC,9453015604,mobile,trucking/logistics,STRAWN,TX,fmcsa_census,,,,
standard,TEXAS BUILDING PRODUCTS INC,8175657769,mobile,trucking/logistics,STRAWN,TX,fmcsa_census,,,,
standard,KINCAID DOZER & CONSTRUCTION LLC,9402299132,mobile,trucking/logistics,PERRIN,TX,fmcsa_census,,,,
standard,FRANCIS FARMS,9402299086,mobile,trucking/logistics,JACKSBORO,TX,fmcsa_census,,,,
standard,STAR TANK TRUCKS LLC,9405311651,mobile,trucking/logistics,JACKSBORO,TX,fmcsa_census,,,,
standard,SV5 LOGISTICS LLC,5512188277,mobile,trucking/logistics,STRAWN,TX,fmcsa_census,,,,
standard,STEVEN LYNN MAY,2546549336,mobile,trucking/logistics,BUCKHOLTS,TX,fmcsa_census,,,,
standard,FLYING M TRANSPORT INC,2545412066,mobile,trucking/logistics,TEMPLE,TX,fmcsa_census,,,,
standard,SMALL TOWN TRUCKING LLC,9403291498,mobile,trucking/logistics,STRAWN,TX,fmcsa_census,,,,
standard,WHIPPLETREE TRANSPORTATION LLC,2549315262,mobile,trucking/logistics,TEMPLE,TX,fmcsa_census,,,,
standard,MICHAEL WARNER,2547600853,mobile,trucking/logistics,TEMPLE,TX,fmcsa_census,,,,
standard,IZAAC ASTEFAN VELASQUEZ,2544882666,mobile,trucking/logistics,STRAWN,TX,fmcsa_census,,,,
standard,MGM GLOBAL TRUCKING LLC,8178469971,mobile,trucking/logistics,JACKSBORO,TX,fmcsa_census,,,,
standard,MB LAND AND EQUIPMENT LLC,2545412774,mobile,trucking/logistics,TEMPLE,TX,fmcsa_census,,,,
standard,ARMOR MOVING LLC,2546541346,mobile,trucking/logistics,TEMPLE,TX,fmcsa_census,,,,
standard,M A K-T TRANSPORT LLC,5129861421,mobile,trucking/logistics,TEMPLE,TX,fmcsa_census,,,,
standard,PEKH LOGISTICS LLC,8042106268,mobile,trucking/logistics,TEMPLE,TX,fmcsa_census,,,,
standard,NICO-LE ENTERPRISES LLC,8325946648,mobile,trucking/logistics,THE WOODLAND,TX,fmcsa_census,,,,
standard,GASPAR MARTINEZ,8325968521,mobile,trucking/logistics,CYPRESS,TX,fmcsa_census,,,,
standard,CARSON WRIGHT KRAFT,2818143213,mobile,trucking/logistics,MAGNOLIA,TX,fmcsa_census,,,,
standard,MIKE'S TRANSPORT LIMITED LIABILITY COMPANY,8327947716,mobile,trucking/logistics,RICHMOND,TX,fmcsa_census,,,,
standard,K&R HAULING LLC,8081457596,mobile,trucking/logistics,LIVINGSTON,TX,fmcsa_census,,,,
standard,CANIBALL LOGISTICS LLC,8324090172,mobile,trucking/logistics,HOUSTON,TX,fmcsa_census,,,,
standard,CANIBALL LOGISTICS LLC,8326083549,mobile,trucking/logistics,HOUSTON,TX,fmcsa_census,,,,
standard,TJT & A TRANSPORT LLC,3463009603,mobile,trucking/logistics,HUMBLE,TX,fmcsa_census,,,,
standard,MONTOYA RENTALS & CONSTRUCTION LLC,9796350815,mobile,trucking/logistics,EL CAMPO,TX,fmcsa_census,,,,
standard,ATHEY DOZER SERVICE,9363286654,mobile,trucking/logistics,LIVINGSTON,TX,fmcsa_census,,,,
standard,MARK WIT,8326752166,mobile,trucking/logistics,CYPRESS,TX,fmcsa_census,,,,
standard,BAY UTILITIES LLC,2813564008,mobile,trucking/logistics,MAGNOLIA,TX,fmcsa_census,,,,
standard,LOUIS FRANK JANIS,8326239834,mobile,trucking/logistics,SPRING,TX,fmcsa_census,,,,
standard,IRON VOW TRANSPORT,8327358253,mobile,trucking/logistics,MAGNOLIA,TX,fmcsa_census,,,,
standard,YOUNG'S CIRCLE LLC,8323424748,mobile,trucking/logistics,HOUSTON,TX,fmcsa_census,,,,
standard,DAVID CADDENHEAD,9362122250,mobile,trucking/logistics,LIVINGSTON,TX,fmcsa_census,,,,
standard,LIONESS WAY LLC,8326106573,mobile,trucking/logistics,SPRING,TX,fmcsa_census,,,,
standard,M&J TREE PROFESSIONALS LLC,5056446936,mobile,trucking/logistics,MAGNOLIA,TX,fmcsa_census,,,,
standard,COTA INVESTMENTS INC,9568931757,mobile,trucking/logistics,LIVINGSTON,TX,fmcsa_census,,,,
standard,DNS LEGACY HOLDINGS LLC,3463825617,mobile,trucking/logistics,HOUSTON,TX,fmcsa_census,,,,
standard,ALEX ANTONIO HERNANDEZ,8323432808,mobile,trucking/logistics,CYPRESS,TX,fmcsa_census,,,,
standard,J2MS EXPRESS LLC,2817362712,mobile,trucking/logistics,CYPRESS,TX,fmcsa_census,,,,
standard,WAYNE F BLALOCK,7134439109,mobile,trucking/logistics,MAGNOLIA,TX,fmcsa_census,,,,
standard,BAR P TRUCKING LLC,9795781077,mobile,trucking/logistics,EL CAMPO,TX,fmcsa_census,,,,
standard,TEXAS QUALITY LEASE SERVICES INC,4096793226,mobile,trucking/logistics,LIVINGSTON,TX,fmcsa_census,,,,
standard,LMC TRUCKING LLC,9792577826,mobile,trucking/logistics,EL CAMPO,TX,fmcsa_census,,,,
standard,JARROD P MAHALITC,8324572161,mobile,trucking/logistics,EL CAMPO,TX,fmcsa_census,,,,
standard,CARTER & SON TRANSPORTATION LLC,2146367123,mobile,trucking/logistics,LIVINGSTON,TX,fmcsa_census,,,,
standard,BROTHERS VACUUM AND TRUCKING LLC,9796160749,mobile,trucking/logistics,EL CAMPO,TX,fmcsa_census,,,,
standard,RND TRUCKING LLC,3467771683,mobile,trucking/logistics,CYPRESS,TX,fmcsa_census,,,,
standard,SOUTHEAST PALLET INC,7136456131,mobile,trucking/logistics,HOUSTON,TX,fmcsa_census,,,,
standard,JBBZ TRANSPORT LLC,2818189176,mobile,trucking/logistics,HUMBLE,TX,fmcsa_census,,,,
standard,BUILDING COMMUNITIES OF TOMORROW LLC,3463716402,mobile,trucking/logistics,LIVINGSTON,TX,fmcsa_census,,,,
standard,FREIGHT CONTRACTORS LLC,7132593192,mobile,trucking/logistics,RICHMOND,TX,fmcsa_census,,,,
standard,C & L TRANSPORT LLC,8326070169,mobile,trucking/logistics,BROOKSHIRE,TX,fmcsa_census,,,,
standard,PEDRO PRIDA,2812132241,mobile,trucking/logistics,CYPRESS,TX,fmcsa_census,,,,
standard,MIKEL J SIMMONS,7136435336,mobile,trucking/logistics,HOUSTON,TX,fmcsa_census,,,,
standard,ROYAL RULA LOGISTICS LLC,3464426488,mobile,trucking/logistics,HOUSTON,TX,fmcsa_census,,,,
standard,RAJDEEP THANDI,7135347436,mobile,trucking/logistics,RICHMOND,TX,fmcsa_census,,,,
standard,RODERICK TRUCKING,2817056862,mobile,trucking/logistics,MAGNOLIA,TX,fmcsa_census,,,,
standard,TROY ALLEN MECHANICAL SERVICES INC,2817030885,mobile,trucking/logistics,MAGNOLIA,TX,fmcsa_census,,,,
standard,ARCHERC ENTERPRISE CORP,9362329725,mobile,trucking/logistics,BROOKSHIRE,TX,fmcsa_census,,,,
standard,KAMS BEAUTY BAR,8323677293,mobile,trucking/logistics,HUMBLE,TX,fmcsa_census,,,,
standard,SIERRA B WILCOX,9362523820,mobile,trucking/logistics,LIVINGSTON,TX,fmcsa_census,,,,
standard,MANUEL ANGEL MEJIA RAMOS,9796160746,mobile,trucking/logistics,EL CAMPO,TX,fmcsa_census,,,,
standard,ROAD RAVEN TRANS INC,8327894020,mobile,trucking/logistics,HOUSTON,TX,fmcsa_census,,,,
standard,K I SERVICES INC,5128488790,mobile,trucking/logistics,ELMATON,TX,fmcsa_census,,,,
standard,M&MC TRUCKING LLC,7865689811,mobile,trucking/logistics,EL CAMPO,TX,fmcsa_census,,,,
standard,J Z & A TRANSPORT,3462120917,mobile,trucking/logistics,EL CAMPO,TX,fmcsa_census,,,,
standard,H&L TRACTOR SERVICES LLC,8322821466,mobile,trucking/logistics,FULSHEAR,TX,fmcsa_census,,,,
standard,JOSE AVILES GONZALEZ,7132695048,mobile,trucking/logistics,BROOKSHIRE,TX,fmcsa_census,,,,
standard,IMG TRUCKING CO LLC,2674385336,mobile,trucking/logistics,FULSHEAR,TX,fmcsa_census,,,,
standard,FREIGHT APE LLC,7137249821,mobile,trucking/logistics,CYPRESS,TX,fmcsa_census,,,,
standard,LEONEL ESPINOZA,7139623809,mobile,trucking/logistics,SPRING,TX,fmcsa_census,,,,
standard,DANIELLE GONZALES,3463361652,mobile,trucking/logistics,MAGNOLIA,TX,fmcsa_census,,,,
standard,JOSEPH DANIEL MOUZAKIS III,3468286387,mobile,trucking/logistics,SPRING,TX,fmcsa_census,,,,
standard,RUSSELL WALTERS,9363291362,mobile,trucking/logistics,LIVINGSTON,TX,fmcsa_census,,,,
standard,RALPH GONZALES,9795419150,mobile,trucking/logistics,EL CAMPO,TX,fmcsa_census,,,,
standard,ENCORE CONCRETE CONSTRUCTION LLC,8323880306,mobile,trucking/logistics,SPRING,TX,fmcsa_census,,,,
standard,N8 RICE,9796376345,mobile,trucking/logistics,EL CAMPO,TX,fmcsa_census,,,,
standard,ATENEA LOGISTICS LLC,8324041509,mobile,trucking/logistics,HOUSTON,TX,fmcsa_census,,,,
standard,PREMIER INTEGRITY GROUP LLC,8328196285,mobile,trucking/logistics,SPRING,TX,fmcsa_census,,,,
standard,JIM PHILLIPS AUTHORIZED DEALER FOR SNAPON TOOLS,8329340271,mobile,trucking/logistics,MAGNOLIA,TX,fmcsa_census,,,,
standard,GONZALEZ TRANSPORT SERVICES LLC,8326709351,mobile,trucking/logistics,CYPRESS,TX,fmcsa_census,,,,
standard,DP CONTRACTING,8327951747,mobile,trucking/logistics,MAGNOLIA,TX,fmcsa_census,,,,
standard,ROADRUNNER AUTO TRANSPORT LLC,7868574128,mobile,trucking/logistics,CYPRESS,TX,fmcsa_census,,,,
standard,ZZ TRUCKING LLC,9793321596,mobile,trucking/logistics,EL CAMPO,TX,fmcsa_census,,,,
standard,CRUDECHEM TECHNOLOGY LLC,8326425269,mobile,trucking/logistics,PATTISON,TX,fmcsa_census,,,,
standard,NEWGISTICSSERVICES LLC,3467573861,mobile,trucking/logistics,CYPRESS,TX,fmcsa_census,,,,
standard,BRANDON ANDERSON,520-458-3388,mobile,trucking/logistics,LIVINGSTON,TX,fmcsa_census,,,,
standard,HUGO A REYES BARAHONA,2816601921,mobile,trucking/logistics,HOUSTON,TX,fmcsa_census,,,,
standard,NATIONAL AMERICAN TRANSPORT INC,8322446148,mobile,trucking/logistics,RICHMOND,TX,fmcsa_census,,,,
standard,SAMUEL LIZAMA GOMEZ,9363140725,mobile,trucking/logistics,HUMBLE,TX,fmcsa_census,,,,
standard,MOSELEY CONSTRUCTION LLC,9363271730,mobile,trucking/logistics,LIVINGSTON,TX,fmcsa_census,,,,
standard,MILAMORE INC,9795788200,mobile,trucking/logistics,EL CAMPO,TX,fmcsa_census,,,,
standard,ISAAC JUAREZ,2819343684,mobile,trucking/logistics,BROOKSHIRE,TX,fmcsa_census,,,,
standard,FAR AND NEAR AUTO TRANSPORT SERVICES INC,2818302156,mobile,trucking/logistics,CYPRESS,TX,fmcsa_census,,,,
standard,B HOBBS TRUCKING LLC,3468576919,mobile,trucking/logistics,HUMBLE,TX,fmcsa_census,,,,
standard,PHILIP HUFF AND DIANA MUELENBROCK,7133047337,mobile,trucking/logistics,CYPRESS,TX,fmcsa_census,,,,
standard,TRADESTAR IMPORT & EXPORTS LLC,2819006767,mobile,trucking/logistics,HOUSTON,TX,fmcsa_census,,,,
standard,MAYRA A VAZQUEZ,8326206903,mobile,trucking/logistics,HUMBLE,TX,fmcsa_census,,,,
standard,STANDARD CEMENT MATERIALS INC,7135455069,mobile,trucking/logistics,CHAPPELL HILL,TX,fmcsa_census,,,,
standard,STANDARD CEMENT MATERIALS INC,7136800482,mobile,trucking/logistics,CHAPPELL HILL,TX,fmcsa_census,,,,
standard,OSBEL TRANSPORTATION LLC,8329526882,mobile,trucking/logistics,CYPRESS,TX,fmcsa_census,,,,
standard,KENNETH BOHACEK FARMS LLC,9795330630,mobile,trucking/logistics,EAST BERNARD,TX,fmcsa_census,,,,
standard,GRM TRANSPORTS LLC,9793321183,mobile,trucking/logistics,EL CAMPO,TX,fmcsa_census,,,,
standard,J GLOBAL TRANSPORT LLC,3463634104,mobile,trucking/logistics,PATTISON,TX,fmcsa_census,,,,
standard,JENNIFER SANCHEZ,8329094173,mobile,trucking/logistics,MAGNOLIA,TX,fmcsa_census,,,,
standard,COLLIS PLACKER TRUCKING,9363287662,mobile,trucking/logistics,LIVINGSTON,TX,fmcsa_census,,,,
standard,RIVERA TRANSPORTS LLC,8327048250,mobile,trucking/logistics,EL CAMPO,TX,fmcsa_census,,,,
standard,POSITIVE FORCE LOGISTICS,2816739499,mobile,trucking/logistics,HOUSTON,TX,fmcsa_census,,,,
standard,KENNETH DWAIN RION JR,9795306774,mobile,trucking/logistics,CHAPPELL HILL,TX,fmcsa_census,,,,
standard,ROCSTAR TRANSPORTATION& LOGISTICS LLC,3466979267,mobile,trucking/logistics,FULSHEAR,TX,fmcsa_census,,,,
standard,JOSE C PEREZ,8302630047,mobile,trucking/logistics,BROOKSHIRE,TX,fmcsa_census,,,,
standard,GAGECO WASTE LLC,2819904422,mobile,trucking/logistics,MAGNOLIA,TX,fmcsa_census,,,,
standard,JBA & SON'S TRUCKING LLC,7133053115,mobile,trucking/logistics,MAGNOLIA,TX,fmcsa_census,,,,
standard,PLAN B LOGISTICS LLC,8322368013,mobile,trucking/logistics,HUMBLE,TX,fmcsa_census,,,,
standard,SMITH TRUCKING,2818062906,mobile,trucking/logistics,LIVINGSTON,TX,fmcsa_census,,,,
standard,PETERS TRACTOR AND EQUIPMENT COMPANY,9369674094,mobile,trucking/logistics,LIVINGSTON,TX,fmcsa_census,,,,
standard,HEAVYWEIGHT TRUCKING LTD CO,4047985614,mobile,trucking/logistics,FULSHEAR,TX,fmcsa_census,,,,
standard,CHANDRA MANSFIELD,2816536906,mobile,trucking/logistics,CYPRESS,TX,fmcsa_census,,,,
standard,KNIGHTS TRUCKING LLC,2816832162,mobile,trucking/logistics,CYPRESS,TX,fmcsa_census,,,,
standard,J GUADALUPE ALVARADO,8324445109,mobile,trucking/logistics,HOUSTON,TX,fmcsa_census,,,,
standard,GOGREEN TRANSPORTATION LLC,8325736581,mobile,trucking/logistics,RICHMOND,TX,fmcsa_census,,,,
standard,ANTHONY WAYNE BURNOM,2819052855,mobile,trucking/logistics,MISSOURI CITY,TX,fmcsa_census,,,,
standard,JLF SPECIALTIES LLC,9794291108,mobile,trucking/logistics,VAN VLECK,TX,fmcsa_census,,,,
standard,ADRIAN BUSTOS JR,8323782206,mobile,trucking/logistics,WALLER,TX,fmcsa_census,,,,
standard,M G P TRUCKING LLC,7135982084,mobile,trucking/logistics,HOUSTON,TX,fmcsa_census,,,,
standard,SUPREME DUMP TRUCKS & TRAILERS LLC,8328675893,mobile,trucking/logistics,SUGARLAND,TX,fmcsa_census,,,,
standard,SELVYN ANDERSON,7137946674,mobile,trucking/logistics,MISSOURI CITY,TX,fmcsa_census,,,,
standard,C&S MONTES FLEET LLC,2814163055,mobile,trucking/logistics,WALLER,TX,fmcsa_census,,,,
standard,KENACO SALES LLC,2819247233,mobile,trucking/logistics,SEALY,TX,fmcsa_census,,,,
standard,JUAN E MEDRANO,7133808316,mobile,trucking/logistics,WHARTON,TX,fmcsa_census,,,,
standard,JOEL GARZA,3252440943,mobile,trucking/logistics,HEMPSTEAD,TX,fmcsa_census,,,,
standard,JOEL GARZA,2812244828,mobile,trucking/logistics,HEMPSTEAD,TX,fmcsa_census,,,,
standard,QUICARGO LLC,3462646952,mobile,trucking/logistics,CYPRESS,TX,fmcsa_census,,,,
standard,HAROLD RAY ALLEN,7139444227,mobile,trucking/logistics,PASADENA,TX,fmcsa_census,,,,
standard,OSMAN CHANQUIN,2013678925,mobile,trucking/logistics,HOUSTON,TX,fmcsa_census,,,,
standard,CFS TRUCKING LLC,7136585465,mobile,trucking/logistics,MISSOURI CITY,TX,fmcsa_census,,,,
standard,JAILINE DIANNA PACHECO,8326701426,mobile,trucking/logistics,WALLER,TX,fmcsa_census,,,,
standard,ERMA JEAN BROWN,9795591628,mobile,trucking/logistics,WHARTON,TX,fmcsa_census,,,,
standard,S&C LOGISTICS 2 LLC,8328480270,mobile,trucking/logistics,CYPRESS,TX,fmcsa_census,,,,
standard,BRY TEXAS LLC,3462491101,mobile,trucking/logistics,HEMPSTEAD,TX,fmcsa_census,,,,
standard,RICHARD ROBERSON JR,9632881050,mobile,trucking/logistics,MISSOURI CITY,TX,fmcsa_census,,,,
standard,ZS TEXAS ENTERPRISES INC,2817501354,mobile,trucking/logistics,SUGAR LAND,TX,fmcsa_census,,,,
standard,PIB ENTERPRISES LLC,2817489002,mobile,trucking/logistics,MISSOURI CITY,TX,fmcsa_census,,,,
standard,MICHAEL KINGSLEY ORANU,2812610360,mobile,trucking/logistics,STAFFORD,TX,fmcsa_census,,,,
standard,JUAN A HERNANDEZ,8326300646,mobile,trucking/logistics,HOUSTON,TX,fmcsa_census,,,,
standard,JIWADSTAR CONCEPT LLC,3464122297,mobile,trucking/logistics,CYPRESS,TX,fmcsa_census,,,,
standard,YELLOW ROSE LOGISTICS INCORPORATED,2546618249,mobile,trucking/logistics,TEMPLE,TX,fmcsa_census,,,,
standard,J C WALL CONSTRUCTION INC,2547741423,mobile,trucking/logistics,TEMPLE,TX,fmcsa_census,,,,
standard,JSJ CORPORATION JSJ FURNITURE CORP,2547609050,mobile,trucking/logistics,BELTON,TX,fmcsa_census,,,,
standard,GER TRUCKING LLC,7134190109,mobile,trucking/logistics,STRAWN,TX,fmcsa_census,,,,
standard,ZIZZO TRUCKING INC,2546986274,mobile,trucking/logistics,BELTON,TX,fmcsa_census,,,,
standard,R5 TRUCKING LLC,9044022394,mobile,trucking/logistics,STRAWN,TX,fmcsa_census,,,,
standard,ROBIN C RENCHLER,2545413381,mobile,trucking/logistics,BELTON,TX,fmcsa_census,,,,
standard,ZYNDA LOGISTICS,2543717794,mobile,trucking/logistics,TEMPLE,TX,fmcsa_census,,,,
standard,TDAS LLC,5129630448,mobile,trucking/logistics,TEMPLE,TX,fmcsa_census,,,,
standard,BRUCEVILLE ESPINOZA STONE INC,5129301398,mobile,trucking/logistics,BRUCEVILLE,TX,fmcsa_census,,,,
standard,WILLMOND LOUIS MARESH JR,2547218795,mobile,trucking/logistics,BURLINGTON,TX,fmcsa_census,,,,
standard,PI TRUCKING LLC,2549314187,mobile,trucking/logistics,BURLINGTON,TX,fmcsa_census,,,,
standard,FLOWERS FOODS,2549392887,mobile,trucking/logistics,BELTON,TX,fmcsa_census,,,,
standard,THOMAS JOSEPH DOSKOCIL,2547212347,mobile,trucking/logistics,BURLINGTON,TX,fmcsa_census,,,,
standard,TBJ TRUCKING LLC,2542318725,mobile,trucking/logistics,CAMERON,TX,fmcsa_census,,,,
standard,J-B OILFIELD SERVICES LLC,2145858804,mobile,trucking/logistics,JACKSBORO,TX,fmcsa_census,,,,
standard,YOKO EXCAVATING LLC,8173191972,mobile,trucking/logistics,BELTON,TX,fmcsa_census,,,,
standard,J-S-S HAULING LLC,5129204329,mobile,trucking/logistics,TEMPLE,TX,fmcsa_census,,,,
standard,NANCY IDALIA MELGAR,2546241668,mobile,trucking/logistics,TEMPLE,TX,fmcsa_census,,,,
standard,SERGIO GUZMAN,2547806501,mobile,trucking/logistics,TEMPLE,TX,fmcsa_census,,,,
standard,MARSHALL SLIMP,8173127805,mobile,trucking/logistics,LIPAN,TX,fmcsa_census,,,,
standard,SLAGEL EXCAVATING LLC,2547603226,mobile,trucking/logistics,BELTON,TX,fmcsa_census,,,,
standard,ARROW R SERVICES LLC,9792033622,mobile,trucking/logistics,CAMERON,TX,fmcsa_census,,,,
standard,JOHNSON TRUCKING&LOGISTICS,3252360550,mobile,trucking/logistics,TEMPLE,TX,fmcsa_census,,,,
standard,LUIS CORTEZ TRUCKING,2549136425,mobile,trucking/logistics,BELTON,TX,fmcsa_census,,,,
standard,JEFFREY HOWARD,3362675736,mobile,trucking/logistics,TEMPLE,TX,fmcsa_census,,,,
standard,L&L PRO SERVICES LLC,7377100813,mobile,trucking/logistics,CAMERON,TX,fmcsa_census,,,,
standard,DONALD R HENDERSON,2542285178,mobile,trucking/logistics,TEMPLE,TX,fmcsa_census,,,,
standard,CHRISTIE BUCK,2544820117,mobile,trucking/logistics,CAMERON,TX,fmcsa_census,,,,
standard,ROCK STEADY LOGISTICS LLC,2547189726,mobile,trucking/logistics,BELTON,TX,fmcsa_census,,,,
standard,CH TRUCKING TX CORP,2549319441,mobile,trucking/logistics,BELTON,TX,fmcsa_census,,,,
standard,DOMINIC LABAY,2546974735,mobile,trucking/logistics,CAMERON,TX,fmcsa_census,,,,
standard,RICK CAMPSEY,9402291067,mobile,trucking/logistics,JACKSBORO,TX,fmcsa_census,,,,
standard,WILLIAM SHAN GRIGG,8179292806,mobile,trucking/logistics,LIPAN,TX,fmcsa_census,,,,
standard,FRUGAL LOGISTICS LLC,2817434709,mobile,trucking/logistics,MISSOURI CITY,TX,fmcsa_census,,,,
standard,SLS TRUCK SERVICE LLC,8324538036,mobile,trucking/logistics,SEALY,TX,fmcsa_census,,,,
standard,LANCON LOGISTICAL TRANSPORT LLC,9798859645,mobile,trucking/logistics,SEALY,TX,fmcsa_census,,,,
standard,FREIGHT MASTER EXPRESS TRANSPORT & LOGISTICS LLC,8328445040,mobile,trucking/logistics,RICHMOND,TX,fmcsa_census,,,,
standard,FELLERS RESOURCES LLC,2816597639,mobile,trucking/logistics,WALLER,TX,fmcsa_census,,,,
standard,JUAN PABLO CANALES,8326180963,mobile,trucking/logistics,MISSOURI CITY,TX,fmcsa_census,,,,
standard,LEONE LOGISTICS LLC,2812240760,mobile,trucking/logistics,SUGAR LAND,TX,fmcsa_census,,,,
standard,GARNAI TRANSPORT LLC,8325417432,mobile,trucking/logistics,MISSOURI CITY,TX,fmcsa_census,,,,
standard,DIAMOND FALLS TRUCKING,8324499494,mobile,trucking/logistics,SUGAR LAND,TX,fmcsa_census,,,,
standard,ALVARO FLORES,8328769649,mobile,trucking/logistics,HOUSTON,TX,fmcsa_census,,,,
standard,ALVARO FLORES,8322023642,mobile,trucking/logistics,HOUSTON,TX,fmcsa_census,,,,
standard,MCDE 2 LLC,3463751692,mobile,trucking/logistics,HOUSTON,TX,fmcsa_census,,,,
standard,LARRY JAMES COLEMAN,9795592009,mobile,trucking/logistics,WHARTON,TX,fmcsa_census,,,,
standard,ROCKIN K HAULING LLC,2812263337,mobile,trucking/logistics,HEMPSTEAD,TX,fmcsa_census,,,,
standard,WORLJOY CARE TRANSPORTATION INC,9793080962,mobile,trucking/logistics,MISSOURI CITY,TX,fmcsa_census,,,,
standard,JOHN TIMOTHY GASSIOTT,9363360712,mobile,trucking/logistics,SEALY,TX,fmcsa_census,,,,
standard,KVC GLOBAL FREIGHT CORP,8322264646,mobile,trucking/logistics,KATY,TX,fmcsa_census,,,,
standard,R & RJ TRANSPORT LLC,7136592995,mobile,trucking/logistics,SEALY,TX,fmcsa_census,,,,
standard,AMERICAN BEST SERVICES LLC,7542817040,mobile,trucking/logistics,CYPRESS,TX,fmcsa_census,,,,
standard,ROCANN LOGISTICS LLC,8322310816,mobile,trucking/logistics,MISSOURI CITY,TX,fmcsa_census,,,,
standard,TEXIAN TRANSPORTATION LLC,9567896869,mobile,trucking/logistics,STAFFORD,TX,fmcsa_census,,,,
standard,SEADA DEDICATED COMPANY,7036258809,mobile,trucking/logistics,HOUSTON,TX,fmcsa_census,,,,
standard,FLEESTER'S TRANSPORTATION LLC,2817076603,mobile,trucking/logistics,MISSOURI CITY,TX,fmcsa_census,,,,
standard,PRECISE TRUCKING LLC,8329280418,mobile,trucking/logistics,KATY,TX,fmcsa_census,,,,
standard,RICARDO MAYORGA,2816770360,mobile,trucking/logistics,MISSOURI CITY,TX,fmcsa_census,,,,
standard,YOYA EXPRESS LLC,8329236049,mobile,trucking/logistics,ROSENBERG,TX,fmcsa_census,,,,
standard,JESUS VELA,2818577148,mobile,trucking/logistics,PASADENA,TX,fmcsa_census,,,,
standard,JORGE BRIZUELA,6828936941,mobile,trucking/logistics,HUSTON,TX,fmcsa_census,,,,
standard,J GAZCON TRUCKING INC,7133731094,mobile,trucking/logistics,PASADENA,TX,fmcsa_census,,,,
standard,AIM OVER-THE-ROAD LLC,7134802936,mobile,trucking/logistics,KATY,TX,fmcsa_census,,,,
standard,K&Z TRANSPORT LLC,7137912830,mobile,trucking/logistics,SUGAR LAND,TX,fmcsa_census,,,,
standard,SIMBA EXPRESS LLC,2024136665,mobile,trucking/logistics,HOUSTON,TX,fmcsa_census,,,,
standard,JOSHUA IS THE WAY LLC,8325371187,mobile,trucking/logistics,KATY,TX,fmcsa_census,,,,
standard,CAMCO CONSTRUCTION INC,2812399404,mobile,trucking/logistics,KATY,TX,fmcsa_census,,,,
standard,GREY'S LOGISTICS LLC,8324539727,mobile,trucking/logistics,RICHMOND,TX,fmcsa_census,,,,
standard,FLX LLC,8329203697,mobile,trucking/logistics,WALLER,TX,fmcsa_census,,,,
standard,UNLS AIR FREIGHT & SEA,7139628791,mobile,trucking/logistics,HOUSTON,TX,fmcsa_census,,,,
standard,ADE SOLUTIONS LLC,2193786712,mobile,trucking/logistics,ROSENBERG,TX,fmcsa_census,,,,
standard,LUDWIN A TRANSPORT LLC,4099953173,mobile,trucking/logistics,WHARTON,TX,fmcsa_census,,,,
standard,CSS POWERHAUL LLC,2813810289,mobile,trucking/logistics,SEALY,TX,fmcsa_census,,,,
standard,APEX GLOBAL TRANSPORT LLC,3468268703,mobile,trucking/logistics,HOUSTON,TX,fmcsa_census,,,,
standard,NK TRANSPORTATION LLC,7089496457,mobile,trucking/logistics,SUGARLAND,TX,fmcsa_census,,,,
standard,EXCEL TEXAS WIRELESS INC,9045470772,mobile,trucking/logistics,WHARTON,TX,fmcsa_census,,,,
standard,GAME PARKS INC,2814387202,mobile,trucking/logistics,MISSOURI CITY,TX,fmcsa_census,,,,
standard,ALMA ROSA AYALA,7139103354,mobile,trucking/logistics,PASADENA,TX,fmcsa_census,,,,
standard,DARRYL G BOUDREAUX III,2819482581,mobile,trucking/logistics,MISSOURI CITY,TX,fmcsa_census,,,,
standard,NEWSOME TRUCKING LLC,9792535876,mobile,trucking/logistics,WHARTON,TX,fmcsa_census,,,,
standard,TONY WILLIAMS,9795319834,mobile,trucking/logistics,WEST COLUMBIA,TX,fmcsa_census,,,,
standard,DRECO BRIDGES & DOLLAR INC,3462423930,mobile,trucking/logistics,RICHMOND,TX,fmcsa_census,,,,
standard,DRECO BRIDGES & DOLLAR INC,8322194418,mobile,trucking/logistics,RICHMOND,TX,fmcsa_census,,,,
standard,AFFICIAL SOLUTIONS INC,3466175469,mobile,trucking/logistics,MISSOURI CITY,TX,fmcsa_census,,,,
standard,OILFIELD TRANSPORTATION SOLUTIONS LLC,7138827349,mobile,trucking/logistics,MISSOURI CITY,TX,fmcsa_census,,,,
standard,KJ SMITH TRANSPORT,2819899339,mobile,trucking/logistics,MISSOURI CITY,TX,fmcsa_census,,,,
standard,TRI-SMART TRUCKING INCORPORATED,2814559285,mobile,trucking/logistics,MISSOURI CITY,TX,fmcsa_census,,,,
standard,FLORES BOYS TRUCKING LLC,8322822582,mobile,trucking/logistics,SEALY,TX,fmcsa_census,,,,
standard,ROLAND JAMES ALLEN,9792821512,mobile,trucking/logistics,WHARTON,TX,fmcsa_census,,,,
standard,SHANNON COBEY EDLING,9794820313,mobile,trucking/logistics,WEST COLUMBIA,TX,fmcsa_census,,,,
standard,WORLDWIDE MULTISERVICES LLC,9565973789,mobile,trucking/logistics,SEALY,TX,fmcsa_census,,,,
standard,PROEXCHANGE TRANSPORTS LLC,8322912508,mobile,trucking/logistics,STAFFORD,TX,fmcsa_census,,,,
standard,NIDIA GALAN,8325163155,mobile,trucking/logistics,PASADENA,TX,fmcsa_census,,,,
standard,TOMAS CRISTOVAL RODRIGUEZ,9798778314,mobile,trucking/logistics,SEALY,TX,fmcsa_census,,,,
standard,EMEOBI MULTI GLOBAL BUSINESS LLC,9732626907,mobile,trucking/logistics,SUGARLAND,TX,fmcsa_census,,,,
standard,HOT SHOT HAULERS LLC,9794177212,mobile,trucking/logistics,WEST COLUMBIA,TX,fmcsa_census,,,,
standard,HD TRUCKING TRANSPORT LLC,2818176329,mobile,trucking/logistics,PASADENA,TX,fmcsa_census,,,,
standard,PATRICIA S DAHNKE,2813820009,mobile,trucking/logistics,WALLER,TX,fmcsa_census,,,,
standard,TERRANCE DION DELIVERY SERVICE LLC,9323312996,mobile,trucking/logistics,STAFFORD,TX,fmcsa_census,,,,
standard,PHOENIX RELOCATING & LOGISTICS LLC,8329945705,mobile,trucking/logistics,RICHMOND,TX,fmcsa_census,,,,
standard,BPM TRANSPORT LLC,8327634210,mobile,trucking/logistics,TEMPLE,TX,fmcsa_census,,,,
standard,JAMES HENRY BIRD,5129667505,mobile,trucking/logistics,GRANGER,TX,fmcsa_census,,,,
standard,4 J'S & PERRY INC,5125650980,mobile,trucking/logistics,GRANGER,TX,fmcsa_census,,,,
standard,ACUSTIC TECHNOLOGY'S CONSTRUCTION LLC,5126760870,mobile,trucking/logistics,CAMERON,TX,fmcsa_census,,,,
standard,BROADWATER'S TRANSPORT SERVICES LLC,2544954830,mobile,trucking/logistics,TEMPLE,TX,fmcsa_census,,,,
standard,J T WATER HAULING LP,9403931005,mobile,trucking/logistics,JACKSBORO,TX,fmcsa_census,,,,
standard,JORGE LEDESMA,6025001081,mobile,trucking/logistics,TEMPLE,TX,fmcsa_census,,,,
standard,LMK TRANSPORTATION LLC,2548005362,mobile,trucking/logistics,TEMPLE,TX,fmcsa_census,,,,
standard,PAUL M LEFFORGE,5128182902,mobile,trucking/logistics,GRANGER,TX,fmcsa_census,,,,
standard,I & S TRANSPORTS LLC,5126307222,mobile,trucking/logistics,GRANGER,TX,fmcsa_census,,,,
standard,SALAZAR AND ASSOCIATES INC,5124845816,mobile,trucking/logistics,BELTON,TX,fmcsa_census,,,,
standard,ROBERT HARDEE,8179640677,mobile,trucking/logistics,LIPAN,TX,fmcsa_census,,,,
standard,GEORGE D STEFEK,5128185012,mobile,trucking/logistics,GRANGER,TX,fmcsa_census,,,,
standard,FARM EQUIPMENT SERVICE,2547739923,mobile,trucking/logistics,TEMPLE,TX,fmcsa_census,,,,
standard,DENNIS G RABROKER,2542173102,mobile,trucking/logistics,BELTON,TX,fmcsa_census,,,,
standard,EVANT FEED AND FERTILIZER INC,2544715541,mobile,trucking/logistics,EVANT,TX,fmcsa_census,,,,
standard,KEVIN DANIEL TUMAN,8173572536,mobile,trucking/logistics,LIPAN,TX,fmcsa_census,,,,
standard,JORGE LUIS OCHOA GARCIA,9402290154,mobile,trucking/logistics,JACKSBORO,TX,fmcsa_census,,,,
standard,DAISY FREIGHT BROKERAGE LLC,2547270677,mobile,trucking/logistics,TEMPLE,TX,fmcsa_census,,,,
standard,CLEVELAND LOGISTICS INC,2547219074,mobile,trucking/logistics,TEMPLE,TX,fmcsa_census,,,,
standard,FLETCHER FAMILY ENTERPRISES LLC,5124702785,mobile,trucking/logistics,ROCKDALE,TX,fmcsa_census,,,,
standard,ELLIS FARMS,2549842422,mobile,trucking/logistics,TROY,TX,fmcsa_census,,,,
standard,ROAD RUNNER COURIER LLC,2542516489,mobile,trucking/logistics,KILLEEN,TX,fmcsa_census,,,,
standard,EVOLUTION CONCEPTS SPECIALISTS LLC,5127605873,mobile,trucking/logistics,ROCKDALE,TX,fmcsa_census,,,,
standard,LANTIGUA LOGISTICS LLC,3016103422,mobile,trucking/logistics,SEALY,TX,fmcsa_census,,,,
standard,BBS SERVICES,9792829036,mobile,trucking/logistics,WHARTON,TX,fmcsa_census,,,,
standard,YOSMAEL QUESADA CALDERIN,8329886308,mobile,trucking/logistics,SEALY,TX,fmcsa_census,,,,
standard,PENCCO INC,9798850005,mobile,trucking/logistics,SEALY,TX,fmcsa_census,,,,
standard,ACCURATE LOGISTICS CORPORATION,5045039359,mobile,trucking/logistics,MISSOURI CITY,TX,fmcsa_census,,,,
standard,MALLET EXPRESS LLC,3465639533,mobile,trucking/logistics,MISSOURI CITY,TX,fmcsa_census,,,,
standard,E B M TRUCKING LLC,9799227746,mobile,trucking/logistics,SEALY,TX,fmcsa_census,,,,
standard,MANUEL BARAHONA,8322068258,mobile,trucking/logistics,PASDENA,TX,fmcsa_census,,,,
standard,ROSENDO J MORALES,7138200368,mobile,trucking/logistics,PASADENA,TX,fmcsa_census,,,,
standard,PICCOLO TRUCKING LLC,3464440577,mobile,trucking/logistics,MISSOURI CITY,TX,fmcsa_census,,,,
standard,THE CAPITAL T AND D LLC,8326591771,mobile,trucking/logistics,MISSOURI CITY,TX,fmcsa_census,,,,
standard,VLS LOGISTIC & TRUCKING,7139927771,mobile,trucking/logistics,KATY,TX,fmcsa_census,,,,
standard,TAYLOR & TAYLOR CONSTRUCTION INC,2818088622,mobile,trucking/logistics,PASADENA,TX,fmcsa_census,,,,
standard,JOSEPH M TALAMANTEZ,4193921512,mobile,trucking/logistics,PASADENA,TX,fmcsa_census,,,,
standard,LG EXPRESS LLC,7544230157,mobile,trucking/logistics,KATY,TX,fmcsa_census,,,,
standard,BDE TRANSPORTATION LLC,2819891745,mobile,trucking/logistics,MISSOURI CITY,TX,fmcsa_census,,,,
standard,AIRUD TRUCKING LLC,4078407184,mobile,trucking/logistics,WHARTON,TX,fmcsa_census,,,,
standard,MARY C PITCHFORD,9365379752,mobile,trucking/logistics,WALLER,TX,fmcsa_census,,,,
standard,ICARUS LOGISTICS LLC,8327554036,mobile,trucking/logistics,MISSOURI CITY,TX,fmcsa_census,,,,
standard,BRIAN PARRISH,8323349837,mobile,trucking/logistics,WALLER,TX,fmcsa_census,,,,
standard,TOMMY DYCUS,9368579732,mobile,trucking/logistics,WALLER,TX,fmcsa_census,,,,
standard,CSJ FREIGHT LLC,8324434240,mobile,trucking/logistics,SUGAR LAND,TX,fmcsa_census,,,,
standard,ROCK & ROLL LOGISTICS LLC,8084154796,mobile,trucking/logistics,STAFFORD,TX,fmcsa_census,,,,
standard,TONY TRANSPORT LLC,7863843447,mobile,trucking/logistics,HOUSTON,TX,fmcsa_census,,,,
standard,TB TRANSPORT LLC,9795576729,mobile,trucking/logistics,WEST COLUMBIA,TX,fmcsa_census,,,,
standard,COREY & WANDA BELLAMY,2814557925,mobile,trucking/logistics,MISSOURI CITY,TX,fmcsa_census,,,,
standard,MARTIN TREVINO,7136706387,mobile,trucking/logistics,PADADENA,TX,fmcsa_census,,,,
standard,THE ORIGINAL 3 MEN MOVERS LTD,3462180135,mobile,trucking/logistics,HOUSTON,TX,fmcsa_census,,,,
standard,HJL TRANSPORT LLC,3053604604,mobile,trucking/logistics,HOUSTON,TX,fmcsa_census,,,,
standard,13ASRA INC,8326233821,mobile,trucking/logistics,SUGARLAND,TX,fmcsa_census,,,,
standard,H2CREW LOGISTICS LLC,6013109573,mobile,trucking/logistics,MISSOURI CITY,TX,fmcsa_census,,,,
standard,POWER FORWARDING LOGISTICS GROUP LLC,6784275301,mobile,trucking/logistics,PASADENA,TX,fmcsa_census,,,,
standard,AMERICAN GLOBAL SERVICES INC,2404622637,mobile,trucking/logistics,SUGAR LAND,TX,fmcsa_census,,,,
standard,ENRUD RESOURCES INC,7139431600,mobile,trucking/logistics,PASADENA,TX,fmcsa_census,,,,
standard,ROCKING P FARM SERVICES LLC,7138553542,mobile,trucking/logistics,SEALY,TX,fmcsa_census,,,,
standard,HOGGS TRUCKING,2812263519,mobile,trucking/logistics,WHARTON,TX,fmcsa_census,,,,
standard,WSB LOGISTICS LLC,7138360818,mobile,trucking/logistics,KATY,TX,fmcsa_census,,,,
standard,GOMEZ TRUCKING SERVICES LLC,8327556909,mobile,trucking/logistics,KATY,TX,fmcsa_census,,,,
standard,NATION DELIVERY EXPRESS LLC,2819656375,mobile,trucking/logistics,MISSOURI CITY,TX,fmcsa_census,,,,
standard,JUAN GERARDO TAMEZ,7134780201,mobile,trucking/logistics,PASADENA,TX,fmcsa_census,,,,
standard,GINDA TRUCKING LLC,8322794838,mobile,trucking/logistics,STAFFORD,TX,fmcsa_census,,,,
standard,BOSUN DELIVERY SERVICE LLC,2488810051,mobile,trucking/logistics,KATY,TX,fmcsa_census,,,,
standard,BLADE WAY LOGISTICS LLC,2819654636,mobile,trucking/logistics,MISSOURI CITY,TX,fmcsa_census,,,,
standard,NORTH HOUSTON RELIABLE STORAGE LLC,7136284485,mobile,trucking/logistics,WALLER,TX,fmcsa_census,,,,
standard,TEXAS RIVERAS TRANSPORTATION INC,8329627744,mobile,trucking/logistics,PASADENA,TX,fmcsa_census,,,,
standard,FRANK S MERRILL,7139464693,mobile,trucking/logistics,PASADENA,TX,fmcsa_census,,,,
standard,OMAR MOISES MARTINON,2816534084,mobile,trucking/logistics,SEALY,TX,fmcsa_census,,,,
standard,MANSEL LEVERETT,7138054158,mobile,trucking/logistics,PASADENA,TX,fmcsa_census,,,,
standard,AJIBSON TRUCKING LLC,6789731377,mobile,trucking/logistics,KATY,TX,fmcsa_census,,,,
standard,GERMAN PORTILLO BATRES,8326512367,mobile,trucking/logistics,RICHMOND,TX,fmcsa_census,,,,
standard,MARANATHA TOWING,8326067351,mobile,trucking/logistics,HOUSTON,TX,fmcsa_census,,,,
standard,J & J CAMPOS LOGISTICS LLC,8325625021,mobile,trucking/logistics,MISSOURI CITY,TX,fmcsa_census,,,,
standard,JAMES LEROY SANFORD,7135164089,mobile,trucking/logistics,WHARTON,TX,fmcsa_census,,,,
standard,ENOLA LLC,2017131827,mobile,trucking/logistics,KATY,TX,fmcsa_census,,,,
standard,KNR PIPELINE SERVICES LLC,8322144938,mobile,trucking/logistics,WHARTON,TX,fmcsa_census,,,,
standard,FIRST CHOICE TRUCKING OF TEXAS LLC,3463794611,mobile,trucking/logistics,KATY,TX,fmcsa_census,,,,
standard,BENITO GOMEZ,8323483399,mobile,trucking/logistics,MISSOURI CITY,TX,fmcsa_census,,,,
standard,HIGH ROAD SERVICES LLC,8326513857,mobile,trucking/logistics,MISSOURI CITY,TX,fmcsa_census,,,,
standard,DISCOUNT PLUS ROOFING SUPPLY LLC,2545892311,mobile,trucking/logistics,STAFFORD,TX,fmcsa_census,,,,
standard,BARRETT & SONS TRANSPORTATION,2543388365,mobile,trucking/logistics,KILLEEN,TX,fmcsa_census,,,,
standard,DAB SPECIALIZED TRANSPORTLLC,5123679532,mobile,trucking/logistics,JARRELL,TX,fmcsa_census,,,,
standard,BLUE J HOTSHOT LLC,5127714680,mobile,trucking/logistics,KILLEEN,TX,fmcsa_census,,,,
standard,RANDR SERVICES LLC,5126398547,mobile,trucking/logistics,JARRELL,TX,fmcsa_census,,,,
standard,STR8EDGE TAYLOR GROUP LLC,2542231305,mobile,trucking/logistics,KILLEEN,TX,fmcsa_census,,,,
standard,ALFRED GARZA TRUCKING,9792245230,mobile,trucking/logistics,ROCKDALE,TX,fmcsa_census,,,,
standard,JULIO MIRELES,5127585399,mobile,trucking/logistics,JARRELL,TX,fmcsa_census,,,,
standard,TENNYG AUTO TRANSPORTATION COMPANY LLC,7736414447,mobile,trucking/logistics,KILLEEN,TX,fmcsa_census,,,,
standard,RVH INNOVATIVE ENTERPRISES,5119472805,mobile,trucking/logistics,KILLEEN,TX,fmcsa_census,,,,
standard,C CALA TRUCKING S LLC,5612368550,mobile,trucking/logistics,JARRELL,TX,fmcsa_census,,,,
standard,GSG TRUCKLINE INC,5124292361,mobile,trucking/logistics,ROCKDALE,TX,fmcsa_census,,,,
standard,B I G HAULER LLC,6787492806,mobile,trucking/logistics,KILLEEN,TX,fmcsa_census,,,,
standard,GRAY FAMILY FARMS LLC,2543864695,mobile,trucking/logistics,PURMELA,TX,fmcsa_census,,,,
standard,CHEETAH TIRE COMPANY LLC,2549387659,mobile,trucking/logistics,TROY,TX,fmcsa_census,,,,
standard,JENAILYS TRANSPORT LLC,5125212249,mobile,trucking/logistics,JARRELL,TX,fmcsa_census,,,,
standard,DANIELS TRANSIT LLC,7622628171,mobile,trucking/logistics,KILLEEN,TX,fmcsa_census,,,,
standard,LONE OAK TRUCKING LLC,2108844838,mobile,trucking/logistics,TROY,TX,fmcsa_census,,,,
standard,JAD TRUCKING LLC,2548566574,mobile,trucking/logistics,KILLEEN,TX,fmcsa_census,,,,
standard,AFFORDABLE EXCELLENCE,2543681251,mobile,trucking/logistics,KILLEEN,TX,fmcsa_census,,,,
standard,BIG DOG TRANSPORT,2545357463,mobile,trucking/logistics,KILLEEN,TX,fmcsa_census,,,,
standard,LION-TEK LOGISTICS LLC,2545779732,mobile,trucking/logistics,KILLEEN,TX,fmcsa_census,,,,
standard,FTR LOGISTICS CO LLC,2543120849,mobile,trucking/logistics,KILLEEN,TX,fmcsa_census,,,,
standard,JERROD LANCASTER,2547216376,mobile,trucking/logistics,TROY,TX,fmcsa_census,,,,
standard,GILGAL A NEW BEGINNING VEHICLE TRANSPORT,2542511030,mobile,trucking/logistics,KILLEEN,TX,fmcsa_census,,,,
standard,KOQUI TRUCKING LLC,2543450451,mobile,trucking/logistics,KILLEEN,TX,fmcsa_census,,,,
standard,SCHWERTNER BACKHOE SERVICE INC,5126307212,mobile,trucking/logistics,JARRELL,TX,fmcsa_census,,,,
standard,HOMER DYE,2547213197,mobile,trucking/logistics,TROY,TX,fmcsa_census,,,,
standard,GMA TRUCKING LLC,2545417635,mobile,trucking/logistics,TROY,TX,fmcsa_census,,,,
standard,JV ENTERPRISES LLC,2082982879,mobile,trucking/logistics,TROY,TX,fmcsa_census,,,,
standard,WILLIAM PAYNE LOGISTICS INC,3605080988,mobile,trucking/logistics,TROY,TX,fmcsa_census,,,,
standard,ROI LOGISTICS INC,8327524607,mobile,trucking/logistics,CYPRESS,TX,fmcsa_census,,,,
standard,HORACE MARTIN,2817953029,mobile,trucking/logistics,MISSIOURI CITY,TX,fmcsa_census,,,,
standard,BOSCH ELITE TRUCKS LLC,9792412566,mobile,trucking/logistics,STAFFORD,TX,fmcsa_census,,,,
standard,FIDELITY TRANSPORTATION INC,8322757878,mobile,trucking/logistics,STAFFORD,TX,fmcsa_census,,,,
standard,JALEX TRUCKING LLC,9367270625,mobile,trucking/logistics,WALLER,TX,fmcsa_census,,,,
standard,CHRISTIAN IKU ENTERPRISES INC,7137972083,mobile,trucking/logistics,MISSOURI CITY,TX,fmcsa_census,,,,
standard,CHAHAL R&R INC,2816738064,mobile,trucking/logistics,CYPRESS,TX,fmcsa_census,,,,
standard,ALMAQUO L CARDENAS,7134725475,mobile,trucking/logistics,PASADENA,TX,fmcsa_census,,,,
standard,JUNIOR FIGUEROA PEDROZA,8327857528,mobile,trucking/logistics,WALLER,TX,fmcsa_census,,,,
standard,MARINA RODRIGUEZ TRUJILLO,8324558546,mobile,trucking/logistics,KATY,TX,fmcsa_census,,,,
standard,LOPEZ R DELIVERY SERVICES INC,8322930142,mobile,trucking/logistics,SUGARLAND,TX,fmcsa_census,,,,
standard,TEXAS GOMEZ SERVICES LLC,2819482080,mobile,trucking/logistics,CYPRESS,TX,fmcsa_census,,,,
standard,MARLON ESCOBAR,8326754074,mobile,trucking/logistics,MISSOURI CITY,TX,fmcsa_census,,,,
standard,SOLAR LOGISTICS AND DOLLAR PLUS RETAIL LLC,2816149625,mobile,trucking/logistics,RICHMOND,TX,fmcsa_census,,,,
standard,DESTINY LIMOUSINE INC,7137813900,mobile,trucking/logistics,HOUSTON,TX,fmcsa_census,,,,
standard,DESTINY LIMOUSINE INC,2812505822,mobile,trucking/logistics,HOUSTON,TX,fmcsa_census,,,,
standard,JAIME ESCAMILLA,7135059549,mobile,trucking/logistics,PASADENA,TX,fmcsa_census,,,,
standard,CHRSANCTUS ONYENEZI,2819357157,mobile,trucking/logistics,SUGAR LAND,TX,fmcsa_census,,,,
standard,JAIRO JOSUE MENDEZ AND QUINTIN MAURICE BOUTTE,8327295033,mobile,trucking/logistics,PASADENA,TX,fmcsa_census,,,,
standard,VALENCIA TRANSPORT INC,8328150150,mobile,trucking/logistics,CYPRESS,TX,fmcsa_census,,,,
standard,ALL US HAULING LLC,2818460140,mobile,trucking/logistics,PASADENA,TX,fmcsa_census,,,,
standard,JE AMAYA LOGISTICA,8327182567,mobile,trucking/logistics,STAFFORD,TX,fmcsa_census,,,,
standard,ANTHONY COPELAND,8326039073,mobile,trucking/logistics,MISSOURI CITY,TX,fmcsa_census,,,,
standard,QUINCEY HAYES,8323447105,mobile,trucking/logistics,WHARTON,TX,fmcsa_census,,,,
standard,FEMME TRANSPORTA SOLUTIONS LLC,3465874674,mobile,trucking/logistics,CYPRESS,TX,fmcsa_census,,,,
standard,LONE STAR INDUSTRIAL MATERIALS LLC,9362973999,mobile,trucking/logistics,WALLER,TX,fmcsa_census,,,,
standard,DI LUSSO CARRIAGE TRANSPORTATION LLC,2817170704,mobile,trucking/logistics,KATY,TX,fmcsa_census,,,,
standard,LARA'S KINGDOM LLC,3464123588,mobile,trucking/logistics,KATY,TX,fmcsa_census,,,,
standard,E & T TRUCKING INC,2812025719,mobile,trucking/logistics,RICHMOND,TX,fmcsa_census,,,,
standard,HADDA CARRIER INC,2163195409,mobile,trucking/logistics,PASADENA,TX,fmcsa_census,,,,
standard,C & M TRANSPORT OF FORT BEND LLC,8322591729,mobile,trucking/logistics,ROSENBERG,TX,fmcsa_census,,,,
standard,GABRIELA PRADO,7132562121,mobile,trucking/logistics,MISSOURI CITY,TX,fmcsa_census,,,,
standard,TME ENTERPRISE LLC,6825837300,mobile,trucking/logistics,MISSOURI CITY,TX,fmcsa_census,,,,
standard,PATRICKWARREN TRANSPORT LLC,8328828452,mobile,trucking/logistics,MISSOURI CITY,TX,fmcsa_census,,,,
standard,LORENZO BALDERAS,7132456562,mobile,trucking/logistics,PASADENA,TX,fmcsa_census,,,,
standard,JOSE R RANGEL,8324555582,mobile,trucking/logistics,PASADENA,TX,fmcsa_census,,,,
standard,TRANS OLEA CORPORATION,9566399793,mobile,trucking/logistics,STAFFORD,TX,fmcsa_census,,,,
standard,P AND N TRANSPORTATION LLC,7133776344,mobile,trucking/logistics,STAFFORD,TX,fmcsa_census,,,,
standard,BOXED IN TRANSPORTATION LLC,9362552461,mobile,trucking/logistics,CYPRESS,TX,fmcsa_census,,,,
standard,KSE TRUCKING & LOGISTICS LLC,3464214445,mobile,trucking/logistics,MISSOURI CITY,TX,fmcsa_census,,,,
standard,ALBERJO LLC,9713310402,mobile,trucking/logistics,MISSOURI,TX,fmcsa_census,,,,
standard,CLARK FREIGHT LINES INC,2814873160,mobile,trucking/logistics,PASADENA,TX,fmcsa_census,,,,
standard,PENA'S DELIVERY LLC,8328969573,mobile,trucking/logistics,MISSOURI CITY,TX,fmcsa_census,,,,
standard,K&T LINEAGE LLC,3463759552,mobile,trucking/logistics,WALLER,TX,fmcsa_census,,,,
standard,NXG TRANSPORT LLC,8327715305,mobile,trucking/logistics,STAFFORD,TX,fmcsa_census,,,,
standard,GRAND GOLDEN CITY FOOD CO,7138188255,mobile,trucking/logistics,STAFFORD,TX,fmcsa_census,,,,
standard,AV TRUCKING LLC,3466037149,mobile,trucking/logistics,PASADENA,TX,fmcsa_census,,,,
standard,ACCURATE CARGO TREATMENT,2816858573,mobile,trucking/logistics,PASADENA,TX,fmcsa_census,,,,
standard,CIMA SERVICES MANAGEMENT INC,8325575849,mobile,trucking/logistics,PASADENA,TX,fmcsa_census,,,,
standard,HERMES TEXAS TRANSPORT LLC,3038427194,mobile,trucking/logistics,MISSOURI CITY,TX,fmcsa_census,,,,
standard,LIDIA MOREIRA,2817634337,mobile,trucking/logistics,WHARTON,TX,fmcsa_census,,,,
standard,CARHAUL EXPRESS LLC,7139040231,mobile,trucking/logistics,CYPRESS,TX,fmcsa_census,,,,
standard,MC TOP DISPATCH & TRANSPORTATION,9792531410,mobile,trucking/logistics,WHARTON,TX,fmcsa_census,,,,
standard,CELYNN TRANSPORT LLC,7134786861,mobile,trucking/logistics,MISSOURI CITY,TX,fmcsa_census,,,,
standard,MILES & MORILLO INVESTMENT LLC,8329708176,mobile,trucking/logistics,STAFFORD,TX,fmcsa_census,,,,
standard,PRIME TRANSPORTATIONS LLC,5034130134,mobile,trucking/logistics,SUGAR LAND,TX,fmcsa_census,,,,
standard,WALL 2 WALL ACROSS AMERICA LLC,2817509964,mobile,trucking/logistics,MISSOURI CITY,TX,fmcsa_census,,,,
standard,JACKSON FREIGHT COMPANY LLC,3019563580,mobile,trucking/logistics,MISSOURI CITY,TX,fmcsa_census,,,,
standard,CUMMIN BOYZ TRUCKING LLC,8324519228,mobile,trucking/logistics,WHARTON,TX,fmcsa_census,,,,
standard,S L BROTHERS,8322361339,mobile,trucking/logistics,MISSOURI CITY,TX,fmcsa_census,,,,
standard,HCC TRUCKING INC,8323157435,mobile,trucking/logistics,MISSOURI CITY,TX,fmcsa_census,,,,
standard,BIG TRANSPORTATION LLC,8324523913,mobile,trucking/logistics,STAFFORD,TX,fmcsa_census,,,,
standard,ERNESTO F ALVARADO,7132940509,mobile,trucking/logistics,WALLER,TX,fmcsa_census,,,,
standard,GERARDO MUNIZ,9794531538,mobile,trucking/logistics,WHARTON,TX,fmcsa_census,,,,
standard,S&L TRANSPORTATION,2545351729,mobile,trucking/logistics,PASADENA,TX,fmcsa_census,,,,
standard,ADOLFO ALDANA,8326058478,mobile,trucking/logistics,MISSOURI CITY,TX,fmcsa_census,,,,
standard,AMERICAN WALL SYSTEMS LP,2818308230,mobile,trucking/logistics,STAFFORD,TX,fmcsa_census,,,,
standard,MOE CITY TRUCKING LLC,7138239252,mobile,trucking/logistics,MISSOURI CITY,TX,fmcsa_census,,,,
standard,R HAWKINS TRUCKING LLC,9792579033,mobile,trucking/logistics,WHARTON,TX,fmcsa_census,,,,
standard,GTFC TRANSPORT LLC,2817258451,mobile,trucking/logistics,RICHMOND,TX,fmcsa_census,,,,
standard,AMC TRANSPORT LLC,2547021401,mobile,trucking/logistics,KILLEEN,TX,fmcsa_census,,,,
standard,KIRKLAND A JACKSON,2546244163,mobile,trucking/logistics,KILLEEN,TX,fmcsa_census,,,,
standard,HOBBS TRANSPORTS LLC,2546408474,mobile,trucking/logistics,TROY,TX,fmcsa_census,,,,
standard,EIGHTEEN SERVICES LLC,5127492602,mobile,trucking/logistics,JARRELL,TX,fmcsa_census,,,,
standard,HACIENDA VISTA CLARA LLC,7879888115,mobile,trucking/logistics,KILLEEN,TX,fmcsa_census,,,,
standard,J&K FREEDOM CARRIERS LLC,2547220098,mobile,trucking/logistics,AQUILLA,TX,fmcsa_census,,,,
standard,JOE'S EXPEDITE FREIGHT TRANSFER SERVICES LLC,2543179603,mobile,trucking/logistics,KILLEEN,TX,fmcsa_census,,,,
standard,BIG TEX CONCRETE CONSTRUCTION LLC,5125262323,mobile,trucking/logistics,JARRELL,TX,fmcsa_census,,,,
standard,ALEX STEWART,2542308849,mobile,trucking/logistics,AXTELL,TX,fmcsa_census,,,,
standard,XPRESS MOVING & LOGISTICS LLC,2543173322,mobile,trucking/logistics,KILLEEN,TX,fmcsa_census,,,,
standard,RAY NELSON,2544244760,mobile,trucking/logistics,AQUILLA,TX,fmcsa_census,,,,
standard,LET IT GO TRANSPORTATION LLC,2546542454,mobile,trucking/logistics,KILLEEN,TX,fmcsa_census,,,,
standard,BIG TECH CONCRETE CONSTRUCTION LLC,5126776062,mobile,trucking/logistics,SALADO,TX,fmcsa_census,,,,
standard,SCOTT KRUEGER,2547186250,mobile,trucking/logistics,SALADO,TX,fmcsa_census,,,,
standard,WESTBROOKS TRANSPORT LLC,2543154566,mobile,trucking/logistics,AXTELL,TX,fmcsa_census,,,,
standard,HEJL AG & CATTLE LLC,8547099341,mobile,trucking/logistics,ABBOTT,TX,fmcsa_census,,,,
standard,NORTEX HEAVY HAUL LLC,3252495881,mobile,trucking/logistics,JARRELL,TX,fmcsa_census,,,,
standard,DRA TRUCKING LLC,5128089669,mobile,trucking/logistics,SALADO,TX,fmcsa_census,,,,
standard,SINKULE FARMS,2547070788,mobile,trucking/logistics,ABBPTT,TX,fmcsa_census,,,,
standard,STONE TRANSPORT,2109849715,mobile,trucking/logistics,KILLEEN,TX,fmcsa_census,,,,
standard,SOGA TRANSPORTS LLC,5129479131,mobile,trucking/logistics,ABBOTT,TX,fmcsa_census,,,,
standard,ZAABRI ENTERPRISES INC,7372302099,mobile,trucking/logistics,JARRELL,TX,fmcsa_census,,,,
standard,QUALITY IN TRANSPORT LLC,5129717674,mobile,trucking/logistics,JARRELL,TX,fmcsa_census,,,,
standard,D & S DANCER TRUCKING LLC,2542241538,mobile,trucking/logistics,AXTELL,TX,fmcsa_census,,,,
standard,JOHNNY LANDFRIED,2543792329,mobile,trucking/logistics,AXTELL,TX,fmcsa_census,,,,
standard,CLARK TRAVEL ENTERPRISES LLC,5125692581,mobile,trucking/logistics,TAYLOR,TX,fmcsa_census,,,,
standard,SHA RON LAWS,2545772806,mobile,trucking/logistics,KILLEEN,TX,fmcsa_census,,,,
standard,GREEN BRIAN KEITH GRANTOR TRUST,7089258014,mobile,trucking/logistics,KILLEEN,TX,fmcsa_census,,,,
standard,ALEJANDRO MANDUJANO,4692657528,mobile,trucking/logistics,AVALON,TX,fmcsa_census,,,,
standard,BOBBY GING,5123655442,mobile,trucking/logistics,TAYLOR,TX,fmcsa_census,,,,
standard,TINSLEY TRANSPORT AND CONSTRUCTION LLC,8177606022,mobile,trucking/logistics,BLUM,TX,fmcsa_census,,,,
standard,GILBERT CLEARING AND DIRT WORK LLC,2547028527,mobile,trucking/logistics,SALADO,TX,fmcsa_census,,,,
standard,CENTRAL TEXAS POOL & PATIO LLC,2542511193,mobile,trucking/logistics,SALADO,TX,fmcsa_census,,,,
standard,FLOYD TRANSPORTS LLC,8322161990,mobile,trucking/logistics,CYPRESS,TX,fmcsa_census,,,,
standard,MDM CONNECTIONS LLC,8139002150,mobile,trucking/logistics,RICHMOND,TX,fmcsa_census,,,,
standard,READY4U CORP LLC,8324883255,mobile,trucking/logistics,KATY,TX,fmcsa_census,,,,
standard,D1 LOGISTIC& TRANSPORT LLC,7132695891,mobile,trucking/logistics,SUGARLAND,TX,fmcsa_census,,,,
standard,GARCIA VIC LLC,8322366526,mobile,trucking/logistics,PASADENA,TX,fmcsa_census,,,,
standard,JILLIAN KNIGHT,2815859572,mobile,trucking/logistics,ALVIN,TX,fmcsa_census,,,,
standard,JORDAN HALL,7138287666,mobile,trucking/logistics,ALVIN,TX,fmcsa_census,,,,
standard,MIG TRANSPORT LLC,3522578580,mobile,trucking/logistics,STAFFORD,TX,fmcsa_census,,,,
standard,SPECIALTY RTP,7138585571,mobile,trucking/logistics,STAFFORD,TX,fmcsa_census,,,,
standard,RANDYS AUTOMOTIVE GROUP LLC,6013953884,mobile,trucking/logistics,PASADENA,TX,fmcsa_census,,,,
standard,SS TRUCKING LLC,3463100095,mobile,trucking/logistics,RICHMOND,TX,fmcsa_census,,,,
standard,TEXAS MILES TRANSPORT LLC,3467198962,mobile,trucking/logistics,PASADENA,TX,fmcsa_census,,,,
standard,TEXAS BIGHORN TRUCKING LLC,7137253515,mobile,trucking/logistics,CYPRESS,TX,fmcsa_census,,,,
standard,ROLENDI LLC,7865992932,mobile,trucking/logistics,SUGAR LAND,TX,fmcsa_census,,,,
standard,ITALIANOS TRUCKING LLC,9726840740,mobile,trucking/logistics,ALVIN,TX,fmcsa_census,,,,
standard,MARIO VILLAGRAN DISTRIBUTION CO INC,9799972375,mobile,trucking/logistics,ANGLETON,TX,fmcsa_census,,,,
standard,MORE EXPRESS LLC,3466896092,mobile,trucking/logistics,CYPRESS,TX,fmcsa_census,,,,
standard,MICHAELS INVESTMENT INC,7326404619,mobile,trucking/logistics,ROSENBERG,TX,fmcsa_census,,,,
standard,LIBERTY 555 TRANSPORT LLC,3467170422,mobile,trucking/logistics,KATY,TX,fmcsa_census,,,,
standard,TONY B AUGUSTINE,2819081624,mobile,trucking/logistics,BAYTOWN,TX,fmcsa_census,,,,
standard,OTS LOGISTICS LLC,7135392164,mobile,trucking/logistics,BAYTOWN,TX,fmcsa_census,,,,
standard,CRA TRUCKING LLC,7134191971,mobile,trucking/logistics,SUGAR LAND,TX,fmcsa_census,,,,
standard,FLYWAY TRANSPORT,3462690411,mobile,trucking/logistics,MISSOURI CITY,TX,fmcsa_census,,,,
standard,JMJ TRANSPORTATION LLC,8327448985,mobile,trucking/logistics,RICHMOND,TX,fmcsa_census,,,,
standard,PRIORITY 1 SRU LLC,3867479266,mobile,trucking/logistics,ALVIN,TX,fmcsa_census,,,,
standard,JOSE JUAN VALDEZ-BUENO,8325453299,mobile,trucking/logistics,KATY,TX,fmcsa_census,,,,
standard,GOMEZ ELITE HOTSHOT SERVICES LLC,7864239858,mobile,trucking/logistics,RICHMOND,TX,fmcsa_census,,,,
standard,SHAINA ELAINE BLAZE FOREIGN GRANTOR TRUST,8328400504,mobile,trucking/logistics,SUGAR LAND,TX,fmcsa_census,,,,
standard,ROGUTI LLC,3466004127,mobile,trucking/logistics,KATY,TX,fmcsa_census,,,,
standard,TRANSPORT LOGISTICS AND EXPORT LLC,7542094256,mobile,trucking/logistics,PASADENA,TX,fmcsa_census,,,,
standard,ANGEN LTD CO,8324338213,mobile,trucking/logistics,KATY,TX,fmcsa_census,,,,
standard,TENNTEX SOLUTIONS LLC,4049551000,mobile,trucking/logistics,RICHMOND,TX,fmcsa_census,,,,
standard,YOVANI PEREIRA,8322790254,mobile,trucking/logistics,KATY,TX,fmcsa_census,,,,
standard,JUST THOMAS LOGISTICS LLC,3463001552,mobile,trucking/logistics,KATY,TX,fmcsa_census,,,,
standard,UNITED NETWORK LINK INC,3463996254,mobile,trucking/logistics,SUGAR LAND,TX,fmcsa_census,,,,
standard,ALVARO AVALOS,9792364811,mobile,trucking/logistics,RICHWOOD,TX,fmcsa_census,,,,
standard,FVE TRUCKING LLC,8326219384,mobile,trucking/logistics,ALVIN,TX,fmcsa_census,,,,
standard,BAYOU BENGAL TRUCKING LLC,2144978691,mobile,trucking/logistics,CYPRESS,TX,fmcsa_census,,,,
standard,RAPID FUEL AND OIL COMPANY LLC,3465380331,mobile,trucking/logistics,SUGAR LAND,TX,fmcsa_census,,,,
standard,GIJ SERVICES LLC,8324750867,mobile,trucking/logistics,KATY,TX,fmcsa_census,,,,
standard,SPEEDY SINGH INC,7132528944,mobile,trucking/logistics,CYPRESS,TX,fmcsa_census,,,,
standard,ALBERTO ANTONIO PEREIRA MENDOZA,3462179494,mobile,trucking/logistics,RICHMOND,TX,fmcsa_census,,,,
standard,MIKE GLENDENNING TRUCKING LLC,8326831517,mobile,trucking/logistics,ALVIN,TX,fmcsa_census,,,,
standard,MG AMERICAN TRUCKING LLC,8328698376,mobile,trucking/logistics,ALVIN,TX,fmcsa_census,,,,
standard,INTERNATIONAL UNION OF OPERATING ENGINEERS NATIONAL TRAINING FUND,2023169989,mobile,trucking/logistics,RICHWOOD,TX,fmcsa_census,,,,
standard,JOSE ALEXANDER REYES,2819128243,mobile,trucking/logistics,MISSOURI CITY,TX,fmcsa_census,,,,
standard,LOGISTICS ENGINEERING LLC,7707282083,mobile,trucking/logistics,ALVIN,TX,fmcsa_census,,,,
standard,3RD COAST MOBILE HOME MOVERS LLC,4046258140,mobile,trucking/logistics,RICHWOOD,TX,fmcsa_census,,,,
standard,GALE DEAN THOMPSON,9797582039,mobile,trucking/logistics,NADA,TX,fmcsa_census,,,,
standard,HIGH-CALIBER LOGISTICS LLC,3466569119,mobile,trucking/logistics,KATY,TX,fmcsa_census,,,,
standard,JNL LOGISTICS LLC,2818383485,mobile,trucking/logistics,BAYTOWN,TX,fmcsa_census,,,,
standard,WHITE LION TRANSPORT LLC,7867634891,mobile,trucking/logistics,KATY,TX,fmcsa_census,,,,
standard,RICARDO ANTONIO ARANIVA-MARTINEZ,8327162499,mobile,trucking/logistics,RICHMOND,TX,fmcsa_census,,,,
standard,SONIC SURVEYS ADVENTURES,7132491083,mobile,trucking/logistics,BAYTOWN,TX,fmcsa_census,,,,
standard,BAYOU HEIGHTS FREIGHT,8323901681,mobile,trucking/logistics,MISSOURI CITY,TX,fmcsa_census,,,,
standard,CAPITALIZE TRUCKING INC,8322179201,mobile,trucking/logistics,ALVIN,TX,fmcsa_census,,,,
standard,ATM EXPEDITE,2817445062,mobile,trucking/logistics,KATY,TX,fmcsa_census,,,,
standard,DIMA GROUP LLC,8327204130,mobile,trucking/logistics,MISSOURI CITY,TX,fmcsa_census,,,,
standard,R NATIONTX TRANSPORTATION LLC,8326811767,mobile,trucking/logistics,MISSOURI CITY,TX,fmcsa_census,,,,
standard,CECILIO GAMEZ,8328576513,mobile,trucking/logistics,ALVIN,TX,fmcsa_census,,,,
standard,SUPREME HOT SHOT LLC,7135538697,mobile,trucking/logistics,PASADENA,TX,fmcsa_census,,,,
standard,JASON DWAYNE SULLIVAN,7138345209,mobile,trucking/logistics,SUGAR LAND,TX,fmcsa_census,,,,
standard,ARIC KING,8329061865,mobile,trucking/logistics,CYPRESS,TX,fmcsa_census,,,,
standard,BHG LOGISTICS LLC,2812037493,mobile,trucking/logistics,BAYTOWN,TX,fmcsa_census,,,,
standard,JOEL HERNANDEZ CASTILLO,8324905466,mobile,trucking/logistics,RICHMOND,TX,fmcsa_census,,,,
standard,TAMPA CONSTRUCTION LLC,8132901439,mobile,trucking/logistics,KATY,TX,fmcsa_census,,,,
standard,DAVID VILLAFRANCO PERALTA,5128687934,mobile,trucking/logistics,SALADO,TX,fmcsa_census,,,,
standard,ARRON K JOHN LLC,2542058442,mobile,trucking/logistics,BLUM,TX,fmcsa_census,,,,
standard,ELVIS ACOSTA,3055868912,mobile,trucking/logistics,KILLEEN,TX,fmcsa_census,,,,
standard,3 B DOZER SERVICE LLC,2547465331,mobile,trucking/logistics,BREMOND,TX,fmcsa_census,,,,
standard,TWISTEDM 5 TRANSPORT LLC,2549980045,mobile,trucking/logistics,BLUM,TX,fmcsa_census,,,,
standard,KBDS LLC,2544798700,mobile,trucking/logistics,BLUM,TX,fmcsa_census,,,,
standard,RICHARD MCLENDON,2549130710,mobile,trucking/logistics,SALADO,TX,fmcsa_census,,,,
standard,AVANZA CONSTRUCTION & EARTH WORKS LLC,8176006980,mobile,trucking/logistics,ABBOTT,TX,fmcsa_census,,,,
standard,UNIVERSAL APPLIANCE REPAIR LLC,5122305866,mobile,trucking/logistics,KILLEEN,TX,fmcsa_census,,,,
standard,HAZEL'S TRANSPORTATION LLC,5123783859,mobile,trucking/logistics,JARRELL,TX,fmcsa_census,,,,
standard,FARMERS GIN & GRAIN CO INC,2545805034,mobile,trucking/logistics,ABBOTT,TX,fmcsa_census,,,,
standard,GRIND LOGISTICS LLC,5122938892,mobile,trucking/logistics,TAYLOR,TX,fmcsa_census,,,,
standard,ROGER ALLAN SEGGERN,5129242284,mobile,trucking/logistics,TAYLOR,TX,fmcsa_census,,,,
standard,ALLIANCE SOLVENTS & CHEMICALS INC,5123656838,mobile,trucking/logistics,TAYLOR,TX,fmcsa_census,,,,
standard,WALA TRANSPORT LLC,7373331624,mobile,trucking/logistics,TAYLOR,TX,fmcsa_census,,,,
standard,JROCK LLC,4048346442,mobile,trucking/logistics,KILLEEN,TX,fmcsa_census,,,,
standard,VH LOGISTICS LLC,5127139009,mobile,trucking/logistics,TAYLOR,TX,fmcsa_census,,,,
standard,TEDRICK LOWERY,5125867045,mobile,trucking/logistics,TAYLOR,TX,fmcsa_census,,,,
standard,JAMES R HOLD TRUCKING LLC,2817857535,mobile,trucking/logistics,BREMOND,TX,fmcsa_census,,,,
standard,TAYLOR ARMATURE WORKS,5123653333,mobile,trucking/logistics,TAYLOR,TX,fmcsa_census,,,,
standard,J & C GONZALEZ LLC,5124134973,mobile,trucking/logistics,KILLEEN,TX,fmcsa_census,,,,
standard,KEVLAR TRANSPORT LLC,7865668038,mobile,trucking/logistics,KILLEEN,TX,fmcsa_census,,,,
standard,DARRYL LAMARR JOHNSON,5125219393,mobile,trucking/logistics,TAYLOR,TX,fmcsa_census,,,,
standard,HDI PLASTICS INC,5133094658,mobile,trucking/logistics,TAYLOR,TX,fmcsa_census,,,,
standard,2EZ TRUCKING LLC,2546776299,mobile,trucking/logistics,KILLEEN,TX,fmcsa_census,,,,
standard,DAVID-TEHOUNGUE LTD CO,5013222132,mobile,trucking/logistics,KILLEEN,TX,fmcsa_census,,,,
standard,SLOWBOY TRUCKING INC,2543660173,mobile,trucking/logistics,CHINA SPRING,TX,fmcsa_census,,,,
standard,ROBERT BECK,5123522575,mobile,trucking/logistics,TAYLOR,TX,fmcsa_census,,,,
standard,ENLIGHTENED EXPRESS LLC,5126270078,mobile,trucking/logistics,TAYLOR,TX,fmcsa_census,,,,
standard,FONSECA TRUCK LINES LLC,6823147784,mobile,trucking/logistics,TAYLOR,TX,fmcsa_census,,,,
standard,CONSTRUCTION LAND AND LIVESTOCK INC,2547094655,mobile,trucking/logistics,BRUCEVILLE,TX,fmcsa_census,,,,
standard,RICHARD K CAMPBELL JR,2542661404,mobile,trucking/logistics,BYNUM,TX,fmcsa_census,,,,
standard,FLYING S TRUCKING LLC,9038793953,mobile,trucking/logistics,BREMOND,TX,fmcsa_census,,,,
standard,CV TRUCKING,5129257563,mobile,trucking/logistics,LEANDER,TX,fmcsa_census,,,,
standard,WAY II YAH REVOCABLE TRUST,3402042257,mobile,trucking/logistics,KILLEEN,TX,fmcsa_census,,,,
standard,BIG E'S TRUCKING,8608390000,mobile,trucking/logistics,TAYLOR,TX,fmcsa_census,,,,
standard,EFRAIN MORENO,5127094976,mobile,trucking/logistics,TAYLOR,TX,fmcsa_census,,,,
standard,TEXAS STAR SERVICES LLC,5125952569,mobile,trucking/logistics,TAYLOR,TX,fmcsa_census,,,,
standard,NATHAN THAD HAYNES,2547167374,mobile,trucking/logistics,COOLIDGE,TX,fmcsa_census,,,,
standard,RICHARD LANGFORD,9794506999,mobile,trucking/logistics,BREMOND,TX,fmcsa_census,,,,
standard,PERRY W CALVIN,2545481223,mobile,trucking/logistics,FROST,TX,fmcsa_census,,,,
standard,DEL REAL TRUCKING LLC,5126528106,mobile,trucking/logistics,TAYLOR,TX,fmcsa_census,,,,
standard,LANCE ZEPLIN,5129712671,mobile,trucking/logistics,TAYLOR,TX,fmcsa_census,,,,
standard,GEOPOINT INCORPORATED,8325883781,mobile,trucking/logistics,KATY,TX,fmcsa_census,,,,
standard,JEFFERY DUGIE,9797584148,mobile,trucking/logistics,NADA,TX,fmcsa_census,,,,
standard,ROBERT LEOPOLD,9797327554,mobile,trucking/logistics,NADA,TX,fmcsa_census,,,,
standard,MXIII SERVICES LLC,7135840451,mobile,trucking/logistics,ALVIN,TX,fmcsa_census,,,,
standard,MICHAEL M MOHMOUDI,2818817578,mobile,trucking/logistics,BAYTOWN,TX,fmcsa_census,,,,
standard,JEREMY MCGOWAN,3466207304,mobile,trucking/logistics,ROSENBERG,TX,fmcsa_census,,,,
standard,LOUIS B TULLY,7135422595,mobile,trucking/logistics,ALVIN,TX,fmcsa_census,,,,
standard,NUFF ENTERPRISES LLC,8329081227,mobile,trucking/logistics,RICHMOND,TX,fmcsa_census,,,,
standard,DEP TRUCKING SERVICES LLC,8325974288,mobile,trucking/logistics,BAYTOWN,TX,fmcsa_census,,,,
standard,NDM TRUCKING LLC,8323318439,mobile,trucking/logistics,ALVIN,TX,fmcsa_census,,,,
standard,THE MASSIVE MOTORS,8327927726,mobile,trucking/logistics,KATY,TX,fmcsa_census,,,,
standard,EFREN MORALES,2812170632,mobile,trucking/logistics,CHANNELVIEW,TX,fmcsa_census,,,,
standard,ESPERANZA AN AWO ORERE LLC,3059812059,mobile,trucking/logistics,COVE,TX,fmcsa_census,,,,
standard,LEOBARDO GARCIA MEDRANO,9792364190,mobile,trucking/logistics,CLUTE,TX,fmcsa_census,,,,
standard,TEXAS UNITED TRANSPORT INCORPRATION,2815076335,mobile,trucking/logistics,PASADENA,TX,fmcsa_census,,,,
standard,CABELLO TRUCKING LLC,7139061502,mobile,trucking/logistics,PASADENA,TX,fmcsa_census,,,,
standard,MANUELA V ROGERS,2817569969,mobile,trucking/logistics,ALVIN,TX,fmcsa_census,,,,
standard,DASH LOADS EXPRESS LLC,8324517438,mobile,trucking/logistics,ROSENBERG,TX,fmcsa_census,,,,
standard,PL SERVICES LLC,8133085998,mobile,trucking/logistics,CYPRESS,TX,fmcsa_census,,,,
standard,FRISON TRUCK COMPANY LLC,8325862394,mobile,trucking/logistics,KATY,TX,fmcsa_census,,,,
standard,JOEL G GIBBS INC,2812225417,mobile,trucking/logistics,ALVIN,TX,fmcsa_census,,,,
standard,ROOD ENTERPRISES LLC,9363279711,mobile,trucking/logistics,BAYTOWN,TX,fmcsa_census,,,,
standard,TRUX SYSTEMS LLC,3468939084,mobile,trucking/logistics,CYPRESS,TX,fmcsa_census,,,,
standard,PORTER FAMILY TRANSIT LLC,8325309569,mobile,trucking/logistics,CYPRESS,TX,fmcsa_census,,,,
standard,IO LOGISTICS LLC,7139125344,mobile,trucking/logistics,RICHMOND,TX,fmcsa_census,,,,
standard,INTEGRIBEES LLC,9799221796,mobile,trucking/logistics,DANBURY,TX,fmcsa_census,,,,
standard,HONEY HOLDING I LTD,2815761700,mobile,trucking/logistics,BAYTOWN,TX,fmcsa_census,,,,
standard,ENPRO SYSTEMS LTD,2814525865,mobile,trucking/logistics,CHANNELVIEW,TX,fmcsa_census,,,,
standard,BRONCO LOGISTICS TRANSPORT LLC,3462512059,mobile,trucking/logistics,KATY,TX,fmcsa_census,,,,
standard,SCO ONE ENTERPRISE,7133596127,mobile,trucking/logistics,MISSOURI CITY,TX,fmcsa_census,,,,
standard,CARLOS A MOLINA,2813281700,mobile,trucking/logistics,CROSBY,TX,fmcsa_census,,,,
standard,PSG CONSTRUCTION LTD,2816845789,mobile,trucking/logistics,RICHMOND,TX,fmcsa_census,,,,
standard,ESE LOGISTICS LLC,7139009375,mobile,trucking/logistics,DANBURY,TX,fmcsa_census,,,,
standard,JESUS J MENCHACA,2818653366,mobile,trucking/logistics,PASADENA,TX,fmcsa_census,,,,
standard,L R ROYALTY TRANSPORT INC,8322764818,mobile,trucking/logistics,CHANNELVIEW,TX,fmcsa_census,,,,
standard,GROW GREEN PROMOTERS LLC,7134468249,mobile,trucking/logistics,KATY,TX,fmcsa_census,,,,
standard,UNION 55 LLC,7736980010,mobile,trucking/logistics,BAYTOWN,TX,fmcsa_census,,,,
standard,CAMPOS DELIVERY,8326079560,mobile,trucking/logistics,PASADENA,TX,fmcsa_census,,,,
standard,MADE EASY MOVING,3466394111,mobile,trucking/logistics,KATY,TX,fmcsa_census,,,,
standard,DYARI GOLDLINE TRANSPORT & SERVICES LLC,3524455814,mobile,trucking/logistics,KATY,TX,fmcsa_census,,,,
standard,SERGIO GARZA,9792362760,mobile,trucking/logistics,CLUTE,TX,fmcsa_census,,,,
standard,CAMINANDO POR FE,3467020067,mobile,trucking/logistics,RICHMOND,TX,fmcsa_census,,,,
standard,HOLLIGLOBAL LOGISTICS LLC,3463540193,mobile,trucking/logistics,MISSOURI CITY,TX,fmcsa_census,,,,
standard,SPEEDORANGE INC,2814485900,mobile,trucking/logistics,PASADENA,TX,fmcsa_census,,,,
standard,M D WILSON HEAVY DUTY WRECKER SERVICE,7132017753,mobile,trucking/logistics,MISSOURI CITY,TX,fmcsa_census,,,,
standard,MICHAEL HARDY,8324140953,mobile,trucking/logistics,CHANNELVIEW,TX,fmcsa_census,,,,
standard,B&M WATER WELL AND PUMP SERVICE LLC,9792152522,mobile,trucking/logistics,DANBURY,TX,fmcsa_census,,,,
standard,LOGAN ROADWAY SERVICE LLC,6018073125,mobile,trucking/logistics,KATY,TX,fmcsa_census,,,,
standard,NEL TRUCKING LOGISTICS LLC,3137790545,mobile,trucking/logistics,KATY,TX,fmcsa_census,,,,
standard,SILVESTRE LUVIANO,8328744245,mobile,trucking/logistics,CHANNELVIEW,TX,fmcsa_census,,,,
standard,SHIPPING CARRIERS,7133844455,mobile,trucking/logistics,CYPRESS,TX,fmcsa_census,,,,
standard,SHAYLA FAUSTIN SERVICES LLC,9738564287,mobile,trucking/logistics,BAYTOWN,TX,fmcsa_census,,,,
standard,JOSE G VALENCIA,8327681333,mobile,trucking/logistics,ALVIN,TX,fmcsa_census,,,,
standard,PORT CITY TRANSPORT,7138121314,mobile,trucking/logistics,PASADENA,TX,fmcsa_census,,,,
standard,NELSON DIAZ TRUCKING LLC,7134788928,mobile,trucking/logistics,BAYTOWN,TX,fmcsa_census,,,,
standard,KHE LOGISTICS LLC,9364951800,mobile,trucking/logistics,BAYTOWN,TX,fmcsa_census,,,,
standard,GARCIA'S HOTSHOT TRUCKING LLC,8323826634,mobile,trucking/logistics,PASADENA,TX,fmcsa_census,,,,
standard,RITEMOVE TRANSPORT LLC,8323583818,mobile,trucking/logistics,KATY,TX,fmcsa_census,,,,
standard,ALVIN TREE FARM LP,2816608137,mobile,trucking/logistics,ALVIN,TX,fmcsa_census,,,,
standard,JOHN AND KAREN RAVAN,2817602133,mobile,trucking/logistics,CHANNELVIEW,TX,fmcsa_census,,,,
standard,DANIEL SALAZAR,8173008805,mobile,trucking/logistics,EULESS,TX,fmcsa_census,,,,
standard,DANIEL SALAZAR,8328573455,mobile,trucking/logistics,EULESS,TX,fmcsa_census,,,,
standard,VICTOR HUGO ESCARENO,8326874016,mobile,trucking/logistics,PASADENA,TX,fmcsa_census,,,,
standard,LAWSON CRYOGENIC MANUFACTURING & REPAIR LLC,2819421235,mobile,trucking/logistics,BAYTOWN,TX,fmcsa_census,,,,
standard,REGINALD GOUDEAU,8328909001,mobile,trucking/logistics,CROSBY,TX,fmcsa_census,,,,
standard,TEXAS BEST RECYCLING LLC,9795494175,mobile,trucking/logistics,ALVIN,TX,fmcsa_census,,,,
standard,J L FRANKLIN HOLDINGS LLC,8323983022,mobile,trucking/logistics,FRIENDSWOOD,TX,fmcsa_census,,,,
standard,MATTHEW J BEATTY,2813847011,mobile,trucking/logistics,KATY,TX,fmcsa_census,,,,
standard,JACINTO CONSTANTE,8323398896,mobile,trucking/logistics,BAYTOWN,TX,fmcsa_census,,,,
standard,JEFF SIMMONS,7134580025,mobile,trucking/logistics,SARGENT,TX,fmcsa_census,,,,
standard,TANDEM LAMARR TRUCKING AND EXCAVATING INC,2814244528,mobile,trucking/logistics,BAYTOWN,TX,fmcsa_census,,,,
standard,RJMILLER ENTERPRISES OF TEXAS LLC,9366713387,mobile,trucking/logistics,DAYTON,TX,fmcsa_census,,,,
standard,INFINITE TRANSPORTATION LLC,8303576356,mobile,trucking/logistics,BAYTOWN,TX,fmcsa_census,,,,
standard,MANAGING SAFETY SOLUTIONS LLC,8322330710,mobile,trucking/logistics,BAYTOWN,TX,fmcsa_census,,,,
standard,CLARK CROOK,2544959650,mobile,trucking/logistics,CHINA SPRING,TX,fmcsa_census,,,,
standard,ONE STOP XPRESS LLC,7863156648,mobile,trucking/logistics,KILLEEN,TX,fmcsa_census,,,,
standard,PRINCIPAL DELIVERY LLC,7377036234,mobile,trucking/logistics,KILLEEN,TX,fmcsa_census,,,,
standard,SAUL A NUNEZ SR,2542511316,mobile,trucking/logistics,KILLEEN,TX,fmcsa_census,,,,
standard,PAUL RAY SCHUMAN,8126481370,mobile,trucking/logistics,COVINGTON,TX,fmcsa_census,,,,
standard,PAUL RAY SCHUMAN,8176481370,mobile,trucking/logistics,COVINGTON,TX,fmcsa_census,,,,
standard,T BENHAM,2542241631,mobile,trucking/logistics,CRAWFORD,TX,fmcsa_census,,,,
standard,TERRASOL LLC,5123654077,mobile,trucking/logistics,TAYLOR,TX,fmcsa_census,,,,
standard,ESTEBAN FONSECA MALDONADO,5125952474,mobile,trucking/logistics,TAYLOR,TX,fmcsa_census,,,,
standard,K & C FARMS,5123653235,mobile,trucking/logistics,TAYLOR,TX,fmcsa_census,,,,
standard,KUTSCHEROUSKY TRUCKING LLC,2543669105,mobile,trucking/logistics,COOLIDGE,TX,fmcsa_census,,,,
standard,406 SAND & GRAVEL LLC,7373824205,mobile,trucking/logistics,TAYLOR,TX,fmcsa_census,,,,
standard,TEX-STAR SITE WORKS LLC,5129712385,mobile,trucking/logistics,TAYLOR,TX,fmcsa_census,,,,
standard,PACMEL LLC,2547022886,mobile,trucking/logistics,KILLEEN,TX,fmcsa_census,,,,
standard,AVAILABULL TRANSPORTATION SERVICES LLC,2546400027,mobile,trucking/logistics,CHINA SPRING,TX,fmcsa_census,,,,
standard,TAYLOR TRANSPORTATION SERVICES LLC,5122698027,mobile,trucking/logistics,TAYLOR,TX,fmcsa_census,,,,
standard,CHUY'S TRUCKING LLC,5125956792,mobile,trucking/logistics,TAYLOR,TX,fmcsa_census,,,,
standard,ROCKING ASS TRUCKING LIMITED LIABILITY COMPANY,9035198838,mobile,trucking/logistics,COOLIDGE,TX,fmcsa_census,,,,
standard,KXQ LLC,2543506972,mobile,trucking/logistics,KILLEEN,TX,fmcsa_census,,,,
standard,BENNY MELTON,9036540619,mobile,trucking/logistics,FROST,TX,fmcsa_census,,,,
standard,DEVON PERKINS,9036548399,mobile,trucking/logistics,IRENE,TX,fmcsa_census,,,,
standard,MC TEXAS HAULING LLC,9032290685,mobile,trucking/logistics,DAWSON,TX,fmcsa_census,,,,
standard,ACASIO OCAMPO,2546404850,mobile,trucking/logistics,MCGREGOR,TX,fmcsa_census,,,,
standard,HWY 7 HAULING,2547213581,mobile,trucking/logistics,MARLIN,TX,fmcsa_census,,,,
standard,MERCADOS SAND & GRAVEL LLC,2543794459,mobile,trucking/logistics,MCGREGOR,TX,fmcsa_census,,,,
standard,DOMINGUEZ SAND AND GRAVEL LLC,5427717640,mobile,trucking/logistics,MCGREGOR,TX,fmcsa_census,,,,
standard,TRANZITION LOGISTICS LLC,2547221443,mobile,trucking/logistics,MEXIA,TX,fmcsa_census,,,,
standard,CMV TRANSPORT LLC,9036540715,mobile,trucking/logistics,PURDON,TX,fmcsa_census,,,,
standard,CIRCLE C TRUCKING,2542661766,mobile,trucking/logistics,MARLIN,TX,fmcsa_census,,,,
standard,VIOREL PANTELICI,2547220852,mobile,trucking/logistics,PRAIRIE HILL,TX,fmcsa_census,,,,
standard,AJC TOWING LLC,8177157387,mobile,trucking/logistics,MEXIA,TX,fmcsa_census,,,,
standard,"AMH PRODUCE, LLC",7132220000,mobile,trucking/logistics,MEXIA,TX,fmcsa_census,,,,
standard,RAFORD L STERLING,9039159107,mobile,trucking/logistics,MEXIA,TX,fmcsa_census,,,,
standard,CASS TRANSPORT LLC,2548553579,mobile,trucking/logistics,RIESEL,TX,fmcsa_census,,,,
standard,RONNY J ESPINOZA CONTRERAS,2545009482,mobile,trucking/logistics,MEXIA,TX,fmcsa_census,,,,
standard,INDEPENDENT OIL CO,2545805331,mobile,trucking/logistics,HILLSBORO,TX,fmcsa_census,,,,
standard,LONE STAR AGGREGATES ACQUISITION LLC,9033623335,mobile,trucking/logistics,RICHLAND,TX,fmcsa_census,,,,
standard,2W SOLUTIONS LLC,2547471549,mobile,trucking/logistics,MEXIA,TX,fmcsa_census,,,,
standard,ROBIN SWINNEA,9037245158,mobile,trucking/logistics,REAGAN,TX,fmcsa_census,,,,
standard,AMARI CONTRACTOR SERVICES LLC,5046550622,mobile,trucking/logistics,MEXIA,TX,fmcsa_census,,,,
standard,JOSEPH JAMESON,9033886203,mobile,trucking/logistics,MEXIA,TX,fmcsa_census,,,,
standard,AR-RAHIM METAL TRADING,4639553198,mobile,trucking/logistics,RICHLAND,TX,fmcsa_census,,,,
standard,ODIS MERRITT,2547496869,mobile,trucking/logistics,RIESEL,TX,fmcsa_census,,,,
standard,SHERIDAN FARMS TRUCKING LLC,2547220614,mobile,trucking/logistics,RIESEL,TX,fmcsa_census,,,,
standard,BRYANT TRUCKING LLC,2542146426,mobile,trucking/logistics,HILLSBORO,TX,fmcsa_census,,,,
standard,JOHN ALLEN USELTON II,2542692376,mobile,trucking/logistics,WALNUT SPGS,TX,fmcsa_census,,,,
standard,BRIAN NORTHERN,9036419548,mobile,trucking/logistics,BLOOMING GROVE,TX,fmcsa_census,,,,
standard,LLOYD H ANTOINE JR,2542904856,mobile,trucking/logistics,KILLEEN,TX,fmcsa_census,,,,
standard,APPOINTED WORLDWIDE HOLDINGS LLC,2543343665,mobile,trucking/logistics,KILLEEN,TX,fmcsa_census,,,,
standard,SALLY GONZALEZ,4692311136,mobile,trucking/logistics,HILLSBORO,TX,fmcsa_census,,,,
standard,PACIFIC BIODIESEL LOGISTICS LLC,2547072474,mobile,trucking/logistics,HILLSBORO,TX,fmcsa_census,,,,
standard,THREE SISTERS TRUCKING LLC,2543196702,mobile,trucking/logistics,KILLEEN,TX,fmcsa_census,,,,
standard,JOSE RAFAEL CORTEZ,7132087496,mobile,trucking/logistics,CHANNELVIEW,TX,fmcsa_census,,,,
standard,JUSTIN REY VILLARREAL,8328601495,mobile,trucking/logistics,CHANNELVIEW,TX,fmcsa_census,,,,
standard,CANATEX COMPLETIONS SOLUTIONS INC,7202036325,mobile,trucking/logistics,KATY,TX,fmcsa_census,,,,
standard,BNG LOGISTEX LLC,2818999017,mobile,trucking/logistics,ROSENBERG,TX,fmcsa_census,,,,
standard,MOXA TRUCKING LLC,2812024172,mobile,trucking/logistics,SUGAR LAND,TX,fmcsa_census,,,,
standard,B & S TRUCKING LLC,2813822948,mobile,trucking/logistics,CYPRESS,TX,fmcsa_census,,,,
standard,HENRY CLIFTON ADCOCK,9795592917,mobile,trucking/logistics,BAY CITY,TX,fmcsa_census,,,,
standard,WTO STAR LLC,7138420608,mobile,trucking/logistics,KATY,TX,fmcsa_census,,,,
standard,COBALT FREEMAN HOLDINGS LLC,8324042383,mobile,trucking/logistics,SUGAR LAND,TX,fmcsa_census,,,,
standard,JAYCO LOGISTICS LLC,2818444911,mobile,trucking/logistics,KATY,TX,fmcsa_census,,,,
standard,MAI TRUCKING LLC,9412818315,mobile,trucking/logistics,CYPRESS,TX,fmcsa_census,,,,
standard,ACUTE LOGISTICS LLC,7132014609,mobile,trucking/logistics,SUGAR LAND,TX,fmcsa_census,,,,
standard,ROYALTY WELDING SUPPLY INC,9792366582,mobile,trucking/logistics,FREEPORT,TX,fmcsa_census,,,,
standard,NADA ZIAD,8328043924,mobile,trucking/logistics,SUGARLAND,TX,fmcsa_census,,,,
standard,JOSE ORLANDO QUINTANILLA,8329553884,mobile,trucking/logistics,DAYTON,TX,fmcsa_census,,,,
standard,HARDYWAY LLC,3462797914,mobile,trucking/logistics,KATY,TX,fmcsa_census,,,,
standard,WESTWIND HELICOPTERS INC,4099257300,mobile,trucking/logistics,SANTA FE,TX,fmcsa_census,,,,
standard,FRIENDSWOOD EXCAVATING LTD,7138242730,mobile,trucking/logistics,FRIENDSWOOD,TX,fmcsa_census,,,,
standard,BILLY JACK,4094664412,mobile,trucking/logistics,BAYTOWN,TX,fmcsa_census,,,,
standard,ROBERT LEE DAVIS,9797091427,mobile,trucking/logistics,FREEPORT,TX,fmcsa_census,,,,
standard,METALLIZING & PROTECTIVE COATINGS OF AMERICA INC,4099258893,mobile,trucking/logistics,SANTA FE,TX,fmcsa_census,,,,
standard,WADE FARMS,9362582782,mobile,trucking/logistics,DAYTON,TX,fmcsa_census,,,,
standard,TRITON INDUSTRIAL SERVICES LLC,4093658322,mobile,trucking/logistics,BAYTOWN,TX,fmcsa_census,,,,
standard,TZB TRUCKING LLC,2816820410,mobile,trucking/logistics,KATY,TX,fmcsa_census,,,,
standard,FORT BEND BATTERY & SUPPLY INC,2817039600,mobile,trucking/logistics,ROSENBERG,TX,fmcsa_census,,,,
standard,BROWN & ASSOCIATES CONSULTING GROUP INC,7134050202,mobile,trucking/logistics,CHANNELVIEW,TX,fmcsa_census,,,,
standard,ZACHRY LATHROP,8325990022,mobile,trucking/logistics,FRIENDSWOOD,TX,fmcsa_census,,,,
standard,OLDHAM TRUCKING LLC,9794188808,mobile,trucking/logistics,FREEPORT,TX,fmcsa_census,,,,
standard,BREE TRUCKING LLC,3464028425,mobile,trucking/logistics,BAY CITY,TX,fmcsa_census,,,,
standard,ORIGIN TEXAS RECYCLING LLC,2547544595,mobile,trucking/logistics,CHANNELVIEW,TX,fmcsa_census,,,,
standard,DAVIS DONATO TRANSPORTS INC,2818519967,mobile,trucking/logistics,FRIENDSWOOD,TX,fmcsa_census,,,,
standard,GM&I TRUCKING LLC,9794299569,mobile,trucking/logistics,CHANNELVIEW,TX,fmcsa_census,,,,
standard,KUKUBAYA TRUCKING LLC,9565221042,mobile,trucking/logistics,FRIENDSWOOD,TX,fmcsa_census,,,,
standard,THREE LITTLE PITTIES RESCUE,8328750501,mobile,trucking/logistics,FRIENDSWOOD,TX,fmcsa_census,,,,
standard,DUSHAY D LEWIS,9794822312,mobile,trucking/logistics,FREEPORT,TX,fmcsa_census,,,,
standard,ANTHONY MURAIRA,9796656479,mobile,trucking/logistics,FREEPORT,TX,fmcsa_census,,,,
standard,YUKON SERVICES LLC,7133033428,mobile,trucking/logistics,DAYTON,TX,fmcsa_census,,,,
standard,BENSON EQUIPMENT LLC,7136093866,mobile,trucking/logistics,HANKAMER,TX,fmcsa_census,,,,
standard,VIT INC,9794821292,mobile,trucking/logistics,FREEPORT,TX,fmcsa_census,,,,
standard,SUMER TRANS INC,2155549011,mobile,trucking/logistics,KATY,TX,fmcsa_census,,,,
standard,MILLET PIPELINE SERVICES LLC,8328592103,mobile,trucking/logistics,FRIENDSWOOD,TX,fmcsa_census,,,,
standard,TITAN TRANSIT SERVICES INC,9544645772,mobile,trucking/logistics,KATY,TX,fmcsa_census,,,,
standard,AFFORDABLE MOBILE HOME & SEPTIC SERVICE LLC,8327239776,mobile,trucking/logistics,DAYTON,TX,fmcsa_census,,,,
standard,CFS ENTERPRISES LLC,3373093120,mobile,trucking/logistics,BARRETT STATION,TX,fmcsa_census,,,,
standard,CHRISTOPHER JACOB CONDICT,9794171165,mobile,trucking/logistics,SANTA FE,TX,fmcsa_census,,,,
standard,ROBERT PAUL BLACK,8326410992,mobile,trucking/logistics,FRIENDSWOOD,TX,fmcsa_census,,,,
standard,CHARLES RICHTER,2814527100,mobile,trucking/logistics,CHANNELVIEW,TX,fmcsa_census,,,,
standard,MARK FILER,2817853210,mobile,trucking/logistics,DAYTON,TX,fmcsa_census,,,,
standard,BAY CITY SAND INC,9792412051,mobile,trucking/logistics,BAY CITY,TX,fmcsa_census,,,,
standard,ACTION OUTDOOR SERVICES,2813306027,mobile,trucking/logistics,BAY CITY,TX,fmcsa_census,,,,
standard,BIGG REDD BUILDERS LLC,3376936708,mobile,trucking/logistics,CROSBY,TX,fmcsa_census,,,,
standard,DG SPORTS PERFORMANCE,9793240066,mobile,trucking/logistics,KATY,TX,fmcsa_census,,,,
standard,FACUNDO TRANSPORT LLC,7136704141,mobile,trucking/logistics,CROSBY,TX,fmcsa_census,,,,
standard,HECTOR ANTONIO NAVARRO,8328186167,mobile,trucking/logistics,FRIENDSWOOD,TX,fmcsa_census,,,,
standard,SCHELP FOUNDATION,9794761696,mobile,trucking/logistics,BAY CITY,TX,fmcsa_census,,,,
standard,BROOKLYN GARDENS CONSTRUCTION & INVESTMENT PARTNERSHIPS LLC,8323607905,mobile,trucking/logistics,SUGAR LAND,TX,fmcsa_census,,,,
standard,GLENDA ELIZABETH TESPAN RIVAS & RAMON ANTONIO RIVAS DIAZ,9365755013,mobile,trucking/logistics,DAYTON,TX,fmcsa_census,,,,
standard,CLAP LOGISTICS LLC,2052109696,mobile,trucking/logistics,SUGAR LAND,TX,fmcsa_census,,,,
standard,JOSEPH JOHN JUNEK,9794790365,mobile,trucking/logistics,BAY CITY,TX,fmcsa_census,,,,
standard,TITAN BRIDGE SOLUTIONS,9792311184,mobile,trucking/logistics,BAY CITY,TX,fmcsa_census,,,,
standard,LUIS GUEVARA,2817330854,mobile,trucking/logistics,FRIENDSWOOD,TX,fmcsa_census,,,,
standard,TEXAS SOUTHERN TRANSPORT LLC,9794760975,mobile,trucking/logistics,BAY CITY,TX,fmcsa_census,,,,
standard,JOHN STEWART HUTSON,9794794415,mobile,trucking/logistics,BAY CITY,TX,fmcsa_census,,,,
standard,MAPLE BROWN TRANSPORTS,7133251987,mobile,trucking/logistics,DAYTON,TX,fmcsa_census,,,,
standard,DAVID G BREAUX,9795579211,mobile,trucking/logistics,BAY CITY,TX,fmcsa_census,,,,
standard,NATIONAL CARRIER TRUCKING LLC,8329163131,mobile,trucking/logistics,KATY,TX,fmcsa_census,,,,
standard,LINDA CANTU,9562228012,mobile,trucking/logistics,FREEPORT,TX,fmcsa_census,,,,
standard,SUBLIME LOGISTICS LLC,8323731299,mobile,trucking/logistics,SUGAR LAND,TX,fmcsa_census,,,,
standard,JUANA MARIA MACHADO RAMOS,8324040739,mobile,trucking/logistics,FREEPORT,TX,fmcsa_census,,,,
standard,WALTER ALEXANDER MELENDEZ,8326569608,mobile,trucking/logistics,CYPRESS,TX,fmcsa_census,,,,
standard,OLIMPUS COMPANY LLC,3463253219,mobile,trucking/logistics,CYPRESS,TX,fmcsa_census,,,,
standard,ISDARELY CUELLAR,8323106223,mobile,trucking/logistics,DAYTON,TX,fmcsa_census,,,,
standard,KAJ GROUP LLC,8323888963,mobile,trucking/logistics,CROSBY,TX,fmcsa_census,,,,
standard,MICHAEL ANTHONY CAUDILLO,8176810438,mobile,trucking/logistics,KILLEEN,TX,fmcsa_census,,,,
standard,HILLTEX CONSTRUCTION AND REMODELING LLC,9562039652,mobile,trucking/logistics,HILLSBORO,TX,fmcsa_census,,,,
standard,ATES HOLDINGS LLC,2542812711,mobile,trucking/logistics,KILLEEN,TX,fmcsa_census,,,,
standard,THOMAS INTERNATIONAL LLC,5127831895,mobile,trucking/logistics,KILLEEN,TX,fmcsa_census,,,,
standard,BLACK ROSE XPRESS LLC,2544371499,mobile,trucking/logistics,HILLSBORO,TX,fmcsa_census,,,,
standard,DAYDRA MERRITT TRUCKING LLC,2543834334,mobile,trucking/logistics,KILLEEN,TX,fmcsa_census,,,,
standard,LILIS CARGO SOLUTIONS LLC,2542057001,mobile,trucking/logistics,HILLSBORO,TX,fmcsa_census,,,,
standard,TROY POWELL,2547972231,mobile,trucking/logistics,WALNUT SPRINGS,TX,fmcsa_census,,,,
standard,DELIVERING LOCAL GOODS & SERVICES LLC,7577190596,mobile,trucking/logistics,KILLEEN,TX,fmcsa_census,,,,
standard,I AND I PRODUCTIONS INC,2542857416,mobile,trucking/logistics,KILLEEN,TX,fmcsa_census,,,,
standard,MARK FINCHER,6824723109,mobile,trucking/logistics,HILLSBORO,TX,fmcsa_census,,,,
standard,TIMOTHY ANDREW SULAK,2545803048,mobile,trucking/logistics,HILLSBORO,TX,fmcsa_census,,,,
standard,MARTIN L ORTEGA,2543963276,mobile,trucking/logistics,WALNUT SPRINGS,TX,fmcsa_census,,,,
standard,X & M EXPRESS TRANSPORT LLC,2542472403,mobile,trucking/logistics,KILLEEN,TX,fmcsa_census,,,,
standard,MENDOZA LANDSCAPING AND DIRT WORK,2544798131,mobile,trucking/logistics,HILLSBORO,TX,fmcsa_census,,,,
standard,BULL COOPER EXPRESS LLC,2547681338,mobile,trucking/logistics,KILLEEN,TX,fmcsa_census,,,,
standard,ROSENDO GARZA,9723300058,mobile,trucking/logistics,HILLSBORO,TX,fmcsa_census,,,,
standard,AG HEAVY HAULERS LLC,9727304830,mobile,trucking/logistics,WORTHAM,TX,fmcsa_census,,,,
standard,CHRISTIE BONNER,3135062160,mobile,trucking/logistics,WHITNEY,TX,fmcsa_census,,,,
standard,WAYNE HUSE,2544796237,mobile,trucking/logistics,HILLSBORO,TX,fmcsa_census,,,,
standard,ALL-TEX UTILITIES LLC,2548705125,mobile,trucking/logistics,HILLSBORO,TX,fmcsa_census,,,,
standard,JUICE BRAND CLOTHING LLC,2542518722,mobile,trucking/logistics,KILLEEN,TX,fmcsa_census,,,,
standard,CONSTRUCTION PROJECT MANAGEMENT SERVICES LLC,2544795955,mobile,trucking/logistics,WHITNEY,TX,fmcsa_census,,,,
standard,PALO PINTO TRADING LLC,8175759094,mobile,trucking/logistics,PALO PINTO,TX,fmcsa_census,,,,
standard,KAT TURF SERVICES LLC,3258126839,mobile,trucking/logistics,WHITNEY,TX,fmcsa_census,,,,
standard,RED BEARD INDUSTRIES LLC,8328155450,mobile,trucking/logistics,DAYTON,TX,fmcsa_census,,,,
standard,JASON PETER AND JESS FITZGERALD,9795333106,mobile,trucking/logistics,BAY CITY,TX,fmcsa_census,,,,
standard,ALLEN R CHRIST,7133059452,mobile,trucking/logistics,ROSENBERG,TX,fmcsa_census,,,,
standard,VERNON FLOYD DAVIS,2812827924,mobile,trucking/logistics,FRIENDSWOOD,TX,fmcsa_census,,,,
standard,ZAS TRANSPORT LLC,8329222089,mobile,trucking/logistics,SUGAR LAND,TX,fmcsa_census,,,,
standard,GORGONIO GRIMALDO,8325356244,mobile,trucking/logistics,ROSENBERG,TX,fmcsa_census,,,,
standard,BEST SEPTIC TANK CLEANING & TRANSPORT INC,2818984248,mobile,trucking/logistics,ROSENBERG,TX,fmcsa_census,,,,
standard,RENE ORTIZ,8327158007,mobile,trucking/logistics,ROSENBURG,TX,fmcsa_census,,,,
standard,K & M UNLIMITED LLC,8329745404,mobile,trucking/logistics,FREEPORT,TX,fmcsa_census,,,,
standard,MR RIGHT WAY TRUCKING LLC,3173328748,mobile,trucking/logistics,KATY,TX,fmcsa_census,,,,
standard,WADE & JULIET DAWSON,7134444111,mobile,trucking/logistics,DAYTON,TX,fmcsa_census,,,,
standard,NIKKO'S TRUCKING LLC,8326628464,mobile,trucking/logistics,PASADENA,TX,fmcsa_census,,,,
standard,RODRIGUEZ AND SONS TRANSPORT LLC,8327661501,mobile,trucking/logistics,FRIENDSWOOD,TX,fmcsa_census,,,,
standard,B-BOY TRUCKING LLC,5049470247,mobile,trucking/logistics,FRIENDSWOOD,TX,fmcsa_census,,,,
standard,HARRACE MOORE,9363342125,mobile,trucking/logistics,DAYTON,TX,fmcsa_census,,,,
standard,LUIS A CEPEDA HERNANDEZ,8326876927,mobile,trucking/logistics,PASADENA,TX,fmcsa_census,,,,
standard,ALIONSO RICARDO GARCIA,2817252589,mobile,trucking/logistics,ROSENBERG,TX,fmcsa_census,,,,
standard,D & C SERVICES TX LLC,3462109596,mobile,trucking/logistics,KATY,TX,fmcsa_census,,,,
standard,CROSS & CROSS ENTERPRISE LLC,8328783578,mobile,trucking/logistics,DAYTON,TX,fmcsa_census,,,,
standard,PC TRANSPORT,2813841856,mobile,trucking/logistics,CHANNELVIEW,TX,fmcsa_census,,,,
standard,LOK HEAVY EQUIPMENT REPAIR LLC,4092561285,mobile,trucking/logistics,SANTA FE,TX,fmcsa_census,,,,
standard,REI TRANSPORTATION LLC,2018954051,mobile,trucking/logistics,KATTY,TX,fmcsa_census,,,,
standard,JAXMAT TRANSPORT LLC,8329959170,mobile,trucking/logistics,DAYTON,TX,fmcsa_census,,,,
standard,MCGILL MAINTENANCE PARTNERSHIP LTD,9794823404,mobile,trucking/logistics,FREEPORT,TX,fmcsa_census,,,,
standard,VERONICA SILVA,8327385392,mobile,trucking/logistics,DAYTON,TX,fmcsa_census,,,,
standard,BACKYARD BUTCHERS LLC,8326215585,mobile,trucking/logistics,FRIENDSWOOD,TX,fmcsa_census,,,,
standard,BACKYARD BUTCHERS LLC,3182065777,mobile,trucking/logistics,FRIENDSWOOD,TX,fmcsa_census,,,,
standard,ABUNDANT LOGISTICS LLC,7138780088,mobile,trucking/logistics,KATY,TX,fmcsa_census,,,,
standard,RAUL MORAN,8326293816,mobile,trucking/logistics,SANTA FE,TX,fmcsa_census,,,,
standard,JUDITH U SCHAFER TORRES,8327317881,mobile,trucking/logistics,ROSENBERG,TX,fmcsa_census,,,,
standard,M&C TORRES TRANSPORTATION LLC,7863070018,mobile,trucking/logistics,KATY,TX,fmcsa_census,,,,
standard,S&X SERVICES LLC,3463946849,mobile,trucking/logistics,CROSBY,TX,fmcsa_census,,,,
standard,CHASING THE SON TRUCKING LLC,9078547921,mobile,trucking/logistics,FREEPORT,TX,fmcsa_census,,,,
standard,STATEN ENTERPRISE LLC,4093593086,mobile,trucking/logistics,LA MARQUE,TX,fmcsa_census,,,,
standard,DELFRADE LLC,7138250905,mobile,trucking/logistics,CHANNELVIEW,TX,fmcsa_census,,,,
standard,EDWARD PESINA,8328575578,mobile,trucking/logistics,PEARLAND,TX,fmcsa_census,,,,
standard,JOSE MARCOS SANTOYO,8327075717,mobile,trucking/logistics,KATY,TX,fmcsa_census,,,,
standard,FIRST LIGHT PUMPING LLC,8326838989,mobile,trucking/logistics,ROSENBERG,TX,fmcsa_census,,,,
standard,E & I RENTAL LLC,4095992494,mobile,trucking/logistics,LA MARQUE,TX,fmcsa_census,,,,
standard,EL ACZ LOGICTICS LLC,3463369159,mobile,trucking/logistics,CYPRESS,TX,fmcsa_census,,,,
standard,PEREGRINE NATIONAL LLC,5614647319,mobile,trucking/logistics,CYPRESS,TX,fmcsa_census,,,,
standard,K & Z DELEON TRUCKING LLC,2818811493,mobile,trucking/logistics,KATY,TX,fmcsa_census,,,,
standard,JURIN TRANSPORTATION LLC,2819282778,mobile,trucking/logistics,KATY,TX,fmcsa_census,,,,
standard,GOMEZ BOYZ TRUCKING LLC,8326295438,mobile,trucking/logistics,CHANNELVIEW,TX,fmcsa_census,,,,
standard,QUEZADA RTL LLC,2819909089,mobile,trucking/logistics,ROSENBERG,TX,fmcsa_census,,,,
standard,GROUP INVESTMENT GLOBAL LLC,4436165754,mobile,trucking/logistics,PEARLAND,TX,fmcsa_census,,,,
standard,TATTEGRAIN PALACE LLC,2532739787,mobile,trucking/logistics,KATY,TX,fmcsa_census,,,,
standard,JOSEPH ALLEN SMITH,8325998359,mobile,trucking/logistics,SARATOGA,TX,fmcsa_census,,,,
standard,LAKESIDE AUTO LLC,4095991853,mobile,trucking/logistics,TEXAS CITY,TX,fmcsa_census,,,,
standard,CHRISTOPHER D BERGERON,4096795920,mobile,trucking/logistics,SARATOGA,TX,fmcsa_census,,,,
standard,ZYBO TRUCKING LLC,3466105919,mobile,trucking/logistics,FRESNO,TX,fmcsa_census,,,,
standard,B&B HAULING LLC,2254610000,mobile,trucking/logistics,KATY,TX,fmcsa_census,,,,
standard,GVR LOGISTICS LLC,9545913583,mobile,trucking/logistics,PEARLAND,TX,fmcsa_census,,,,
standard,PRO LOG SOLUTIONS LLC,8329972424,mobile,trucking/logistics,PEARLAND,TX,fmcsa_census,,,,
standard,STEPHANIE FRANK,7137241205,mobile,trucking/logistics,PEARLAND,TX,fmcsa_census,,,,
standard,ZARA TRANSPORTATION LLC,2816088100,mobile,trucking/logistics,KATY,TX,fmcsa_census,,,,
standard,TRANSPERT INC,8134996471,mobile,trucking/logistics,KATY,TX,fmcsa_census,,,,
standard,ROYCE D HAMILTON,8327226442,mobile,trucking/logistics,BAYTOWN,TX,fmcsa_census,,,,
standard,ANTISA ENTERPRISES LLC,2292962718,mobile,trucking/logistics,FRESNO,TX,fmcsa_census,,,,
standard,MATOS TRUCKING CORP,8322126929,mobile,trucking/logistics,FRESNO,TX,fmcsa_census,,,,
standard,MILLENNIAL HAULERS LLC,3374418907,mobile,trucking/logistics,FRESNO,TX,fmcsa_census,,,,
standard,ROBERT M ROBINSON,2812292660,mobile,trucking/logistics,LA MARQUE,TX,fmcsa_census,,,,
standard,LONNIE BROWN,4096517902,mobile,trucking/logistics,SARATOGA,TX,fmcsa_census,,,,
standard,JEFFREY J JONES,8328909793,mobile,trucking/logistics,FRESNO,TX,fmcsa_census,,,,
standard,SMITH & MCLEMORE FREIGHT LLC,8327904357,mobile,trucking/logistics,CYPRESS,TX,fmcsa_census,,,,
standard,LTS ENTERPRISE,7134597937,mobile,trucking/logistics,FRESNO,TX,fmcsa_census,,,,
standard,JIMMY PHILLIPS JR,8324740933,mobile,trucking/logistics,PEARLAND,TX,fmcsa_census,,,,
standard,MARIA DEL ROCIO ARGUETA,7138155924,mobile,trucking/logistics,CYPRESS,TX,fmcsa_census,,,,
standard,HUONG HOANG,9329093627,mobile,trucking/logistics,PEARLAND,TX,fmcsa_census,,,,
standard,2 SAVAGES CONCRETE PUMPING,2819797599,mobile,trucking/logistics,LA MARQUE,TX,fmcsa_census,,,,
standard,AMERICAN SURVEYS INC,7039079697,mobile,trucking/logistics,MANVEL,TX,fmcsa_census,,,,
standard,DENNIS COOK,9367761260,mobile,trucking/logistics,SARATOGA,TX,fmcsa_census,,,,
standard,CORNELL LEE HUDSON,2816285385,mobile,trucking/logistics,BAYTOWN,TX,fmcsa_census,,,,
standard,CREAM CITY LOGISTICS LLC,8328614280,mobile,trucking/logistics,KATY,TX,fmcsa_census,,,,
standard,FRANK PINEDA,8326544991,mobile,trucking/logistics,FRESNO,TX,fmcsa_census,,,,
standard,STEPHEN FALLIN,9406598262,mobile,trucking/logistics,PALO PINTO,TX,fmcsa_census,,,,
standard,STP TRANS INC,5127685858,mobile,trucking/logistics,WHITNEY,TX,fmcsa_census,,,,
standard,MELISSA MCWHIRTER WILEY,2547473773,mobile,trucking/logistics,THORNTON,TX,fmcsa_census,,,,
standard,TACTICAL EDGE HOG CONTROL LLC,7628220871,mobile,trucking/logistics,WHITNEY,TX,fmcsa_census,,,,
standard,CHEAPER THAN DIRT TRUCKING LLC,2542662388,mobile,trucking/logistics,WHITNEY,TX,fmcsa_census,,,,
standard,MARSHALL SMITH,2817148262,mobile,trucking/logistics,THORNTON,TX,fmcsa_census,,,,
standard,GEMINI LOGISTICS,2544583030,mobile,trucking/logistics,KILLEEN,TX,fmcsa_census,,,,
standard,JOHNNIE BRUCE SCOTT III,8178000851,mobile,trucking/logistics,MOUNT CALM,TX,fmcsa_census,,,,
standard,GT TRANSPORT,8173237768,mobile,trucking/logistics,WHITNEY,TX,fmcsa_census,,,,
standard,THERESA SALLACH,4022978365,mobile,trucking/logistics,WHITNEY,TX,fmcsa_census,,,,
standard,RGP INSURANCE AGENCY INC,2544292915,mobile,trucking/logistics,MOUNT CALM,TX,fmcsa_census,,,,
standard,ALR TRUCKING LLC,2542189105,mobile,trucking/logistics,MOUNT CALM,TX,fmcsa_census,,,,
standard,MARIO ORELLANO,9567832325,mobile,trucking/logistics,LOTT,TX,fmcsa_census,,,,
standard,TOMAS DRAKE,5124364547,mobile,trucking/logistics,LOTT,TX,fmcsa_census,,,,
standard,CLEMENT WOHLEB SR,2542660721,mobile,trucking/logistics,WHITNEY,TX,fmcsa_census,,,,
standard,JIM D TOWERS,2546451585,mobile,trucking/logistics,THORNTON,TX,fmcsa_census,,,,
standard,DALE A INGALSBE SR,2547184615,mobile,trucking/logistics,LOTT,TX,fmcsa_census,,,,
standard,RAMIREZ TRANSPORT LLC,2148938806,mobile,trucking/logistics,MOUNT CALM,TX,fmcsa_census,,,,
standard,STEVE WILLENBORG,5126202333,mobile,trucking/logistics,LOTT,TX,fmcsa_census,,,,
standard,JALON YODER,2547213576,mobile,trucking/logistics,LOTT,TX,fmcsa_census,,,,
standard,QUALITY TRANSPORTERS LLC,2547167182,mobile,trucking/logistics,WACO,TX,fmcsa_census,,,,
standard,ANALILIA RENDON,2546337678,mobile,trucking/logistics,WACO,TX,fmcsa_census,,,,
standard,CAPTAIN SCRAPIN LLC,8177055657,mobile,trucking/logistics,WHITNEY,TX,fmcsa_census,,,,
standard,ROCKIN MC TRUCKING,2542394984,mobile,trucking/logistics,LOTT,TX,fmcsa_census,,,,
standard,CHAMPION PET FOODS,2546440523,mobile,trucking/logistics,WACO,TX,fmcsa_census,,,,
standard,CARGO DEPOT INC,2543990131,mobile,trucking/logistics,WACO,TX,fmcsa_census,,,,
standard,VERNEL MCDOWELL,2147343515,mobile,trucking/logistics,MILFORD,TX,fmcsa_census,,,,
standard,MARK JEFFCOAT,4076179846,mobile,trucking/logistics,WACO,TX,fmcsa_census,,,,
standard,JJ&K LOGISTICS LLC,8039959188,mobile,trucking/logistics,WACO,TX,fmcsa_census,,,,
standard,ESPIRIRION MOLINA JR,2544248629,mobile,trucking/logistics,WACO,TX,fmcsa_census,,,,
standard,TERRY SAULTERS,2547220769,mobile,trucking/logistics,WACO,TX,fmcsa_census,,,,
standard,A-TRAIN LLC,2679091549,mobile,trucking/logistics,WACO,TX,fmcsa_census,,,,
standard,TEXAS MHC LLC,2547727573,mobile,trucking/logistics,WACO,TX,fmcsa_census,,,,
standard,BO JONES CONSTRUCTION INC,2543792053,mobile,trucking/logistics,WACO,TX,fmcsa_census,,,,
standard,BOTELLOS HAULING LLC,2547098493,mobile,trucking/logistics,WACO,TX,fmcsa_census,,,,
standard,COSE LOGISTICS LLC,7138856147,mobile,trucking/logistics,WACO,TX,fmcsa_census,,,,
standard,CRUMPACKER CONSTRUCTION INC,2142321375,mobile,trucking/logistics,MILFORD,TX,fmcsa_census,,,,
standard,1 STAR TRUCKING LLC,4693878231,mobile,trucking/logistics,MILFORD,TX,fmcsa_census,,,,
standard,DUTRA TRANSPORTATION LLC,2544980129,mobile,trucking/logistics,WACO,TX,fmcsa_census,,,,
standard,MERVIN HOCHSTEDLER,2545844105,mobile,trucking/logistics,LOTT,TX,fmcsa_census,,,,
standard,TERRENCE K HOUSTON,2814852998,mobile,trucking/logistics,PEARLAND,TX,fmcsa_census,,,,
standard,MGT EXPRESS CORP,8324955329,mobile,trucking/logistics,KATY,TX,fmcsa_census,,,,
standard,LUIS GARZA TRUCKING LLC,7138756772,mobile,trucking/logistics,BAYTOWN,TX,fmcsa_census,,,,
standard,MOZEE CARRIERS LLC,2817881102,mobile,trucking/logistics,FRESNO,TX,fmcsa_census,,,,
standard,VREM TRUCKING LLC,2817776532,mobile,trucking/logistics,KATY,TX,fmcsa_census,,,,
standard,KATINA BAJOIE,2817709631,mobile,trucking/logistics,PEARLAND,TX,fmcsa_census,,,,
standard,TRIPLE L&J LOGISTICS LLC,4092956636,mobile,trucking/logistics,TEXAS CITY,TX,fmcsa_census,,,,
standard,INGO5 LLC,4094431067,mobile,trucking/logistics,LA MARQUE,TX,fmcsa_census,,,,
standard,FRONT ROW TRANSIT LLC,2515862167,mobile,trucking/logistics,CYPRESS,TX,fmcsa_census,,,,
standard,ELEAZAR AGUILERA,2819351508,mobile,trucking/logistics,MANVEL,TX,fmcsa_census,,,,
standard,EBIA SWPPP SERVICES LLC,8328605058,mobile,trucking/logistics,FRESNO,TX,fmcsa_census,,,,
standard,RAMBO'S MOVERS INC,8323090143,mobile,trucking/logistics,BAYTOWN,TX,fmcsa_census,,,,
standard,RONNIE HARRISON ORAND,7138177540,mobile,trucking/logistics,LIBERTY,TX,fmcsa_census,,,,
standard,WILLIAMS LOGISTICS XP LLC,2059156247,mobile,trucking/logistics,KATY,TX,fmcsa_census,,,,
standard,RCJ RENTALS LLC,9363910496,mobile,trucking/logistics,LIBERTY,TX,fmcsa_census,,,,
standard,AUDENTES LLC,7137035195,mobile,trucking/logistics,PEARLAND,TX,fmcsa_census,,,,
standard,CORTEQ SOLUTIONS LLC,2029305532,mobile,trucking/logistics,CYPRESS,TX,fmcsa_census,,,,
standard,NINO SALAZAR TRUCKING LLC,4095261234,mobile,trucking/logistics,LA MARQUE,TX,fmcsa_census,,,,
standard,E Z LINE PIPE SUPPORT CO LLC,7136756693,mobile,trucking/logistics,MANVEL,TX,fmcsa_census,,,,
standard,CAPR SERVICES LLC,7863180500,mobile,trucking/logistics,KATY,TX,fmcsa_census,,,,
standard,KNIGHT CONTRACTING INC,2813311104,mobile,trucking/logistics,MANVEL,TX,fmcsa_census,,,,
standard,AUGUSTINE ALMEIDA,2816921044,mobile,trucking/logistics,MANVEL,TX,fmcsa_census,,,,
standard,B&W TRANSPORT LLC,7204152540,mobile,trucking/logistics,PEARLAND,TX,fmcsa_census,,,,
standard,ISAIAH'S TRUCKING INC,2818964196,mobile,trucking/logistics,FRESNO,TX,fmcsa_census,,,,
standard,DJS DEVELOP LLC,8327868833,mobile,trucking/logistics,PEARLAND,TX,fmcsa_census,,,,
standard,SIR-LINCS CONVEYANCE GROUP LLC,8327637599,mobile,trucking/logistics,KATY,TX,fmcsa_census,,,,
standard,TUNDY TRUCKING LLC,8324732356,mobile,trucking/logistics,FRESNO,TX,fmcsa_census,,,,
standard,QUICK WITH IT TRANSPORT LLC,8326826591,mobile,trucking/logistics,FRESNO,TX,fmcsa_census,,,,
standard,LUKE TRUCKING LLC,8324147676,mobile,trucking/logistics,ROSHARON,TX,fmcsa_census,,,,
standard,ROYAL OPULENCE LLC,8323027488,mobile,trucking/logistics,CYPRESS,TX,fmcsa_census,,,,
standard,ROYAL OPULENCE LLC,2816873141,mobile,trucking/logistics,CYPRESS,TX,fmcsa_census,,,,
standard,EPORTS TRANSPORTS LLC,2817981121,mobile,trucking/logistics,FRESNO,TX,fmcsa_census,,,,
standard,SEVEN FOUR ENTERPRISES LLC,8323329069,mobile,trucking/logistics,MANVEL,TX,fmcsa_census,,,,
standard,DJS ROADRUNNERS LLC,3467749602,mobile,trucking/logistics,BAYTOWN,TX,fmcsa_census,,,,
standard,GUZMAN CASTILLO TRANSPORTATION LLC,8329919479,mobile,trucking/logistics,CYPRESS,TX,fmcsa_census,,,,
standard,LONESTAR WAY TRANSPORT LLC,7134098924,mobile,trucking/logistics,PEARLAND,TX,fmcsa_census,,,,
standard,SABA TOWING,8323317794,mobile,trucking/logistics,TEXAS CITY,TX,fmcsa_census,,,,
standard,EHM LOGISTICS INTERNATIONAL LLC,8323223466,mobile,trucking/logistics,KATY,TX,fmcsa_census,,,,
standard,SHAWN SIMS,8327462807,mobile,trucking/logistics,KATY,TX,fmcsa_census,,,,
standard,K E J TRUCKING LLC,8327712397,mobile,trucking/logistics,KATY,TX,fmcsa_census,,,,
standard,BW TRUCKING LLC,8325124024,mobile,trucking/logistics,ARCOLA,TX,fmcsa_census,,,,
standard,COWBOY TOOLS INC,4093363225,mobile,trucking/logistics,LIBERTY,TX,fmcsa_census,,,,
standard,CENTRAL EXPEDITED LOGISTICS ALLIANCE LLC,8326773923,mobile,trucking/logistics,ROSHARON,TX,fmcsa_census,,,,
standard,OUTLAW-HOTSHOT,9363919111,mobile,trucking/logistics,LIBERTY,TX,fmcsa_census,,,,
standard,NONE,4097497542,mobile,trucking/logistics,LIBERTY,TX,fmcsa_census,,,,
standard,GMI FREIGHT LLC,8328054491,mobile,trucking/logistics,PEARLAND,TX,fmcsa_census,,,,
standard,ALVIN RAY HUBERT,8323097502,mobile,trucking/logistics,AMES,TX,fmcsa_census,,,,
standard,THOMAS THE TITAN TRUCKING LLC,7139036752,mobile,trucking/logistics,FRESNO,TX,fmcsa_census,,,,
standard,MERRILL'S HEAVENLY TRANSPORT,7138747180,mobile,trucking/logistics,BAYTOWN,TX,fmcsa_census,,,,
standard,SCOTT ELITE TRUCKING LLC,4094439866,mobile,trucking/logistics,TEXAS CITY,TX,fmcsa_census,,,,
standard,JASON PRICE,9367769185,mobile,trucking/logistics,LIBERTY,TX,fmcsa_census,,,,
standard,IZLIA CORTES,2816697914,mobile,trucking/logistics,ROSHARON,TX,fmcsa_census,,,,
standard,BIG-TEX EXPRESS LLC,8324898513,mobile,trucking/logistics,SOUTH HOUSTON,TX,fmcsa_census,,,,
standard,BRAZOS URETHANE INC,4097715701,mobile,trucking/logistics,TEXAS CITY,TX,fmcsa_census,,,,
standard,BRAZOS URETHANE INC,9797792222,mobile,trucking/logistics,TEXAS CITY,TX,fmcsa_census,,,,
standard,JR TRUCKING,7134803556,mobile,trucking/logistics,ARCOLA,TX,fmcsa_census,,,,
standard,ISMAEL MARTINEZ CATEURA,7138840687,mobile,trucking/logistics,CYPRESS,TX,fmcsa_census,,,,
standard,ELYSE EXPRESS ENTERPRISES,5047560549,mobile,trucking/logistics,FRESNO,TX,fmcsa_census,,,,
standard,BLACKGOLD SERVICES INC,9363369600,mobile,trucking/logistics,LIBERTY,TX,fmcsa_census,,,,
standard,MAP LOGISTICS AND INVESTMENTS LLC,3465710449,mobile,trucking/logistics,BROOKSIDE VILLAGE,TX,fmcsa_census,,,,
standard,KNL TRUCKING LLC,8328765669,mobile,trucking/logistics,BAYTOWN,TX,fmcsa_census,,,,
standard,DEPENDABLE LEASE SERVICE LLC,8325796243,mobile,trucking/logistics,LIBERTY,TX,fmcsa_census,,,,
standard,RUSSELL FAIRCHILD,9363463180,mobile,trucking/logistics,LIBERTY,TX,fmcsa_census,,,,
standard,J & I TRANSPORT LLC,8328151641,mobile,trucking/logistics,SOUTH HOUSTON,TX,fmcsa_census,,,,
standard,CARL C WEEKLY JR,4095028085,mobile,trucking/logistics,TEXAS CITY,TX,fmcsa_census,,,,
standard,EDELMIRO RAMOS JR,8325262225,mobile,trucking/logistics,SOUTH HOUSTON,TX,fmcsa_census,,,,
standard,PILING INC,4093927076,mobile,trucking/logistics,TEXAS CITY,TX,fmcsa_census,,,,
standard,DAMON M KALUZA SR,4095992171,mobile,trucking/logistics,TEXAS CITY,TX,fmcsa_census,,,,
standard,GREGORIO GAYTAN,2545803375,mobile,trucking/logistics,MILFORD,TX,fmcsa_census,,,,
standard,C4 LOGISTIC SOLUTIONS,2149943592,mobile,trucking/logistics,WACO,TX,fmcsa_census,,,,
standard,ERNEST C JENKINS,2546400262,mobile,trucking/logistics,WACO,TX,fmcsa_census,,,,
standard,AH&E TRUCKING LLC,2547334201,mobile,trucking/logistics,LACY LAKEVIEW,TX,fmcsa_census,,,,
standard,DRAGONSTAR TRANSPORTATION LLC,2542787598,mobile,trucking/logistics,WACO,TX,fmcsa_census,,,,
standard,ZACHARYZOLL,9729353188,mobile,trucking/logistics,MILFORD,TX,fmcsa_census,,,,
standard,JORGE HECTOR VEGA,2546446018,mobile,trucking/logistics,WACO,TX,fmcsa_census,,,,
standard,W7 TRUCKING LLC,2544442660,mobile,trucking/logistics,WACO,TX,fmcsa_census,,,,
standard,JESUS JAIME PEREZ,2545238404,mobile,trucking/logistics,WACO,TX,fmcsa_census,,,,
standard,JOANN PEREZ DELEON,2544984864,mobile,trucking/logistics,BELLMEAD,TX,fmcsa_census,,,,
standard,JOHN BARNES 3RD,2544987310,mobile,trucking/logistics,WACO,TX,fmcsa_census,,,,
standard,FAJARDO MATERIALS LLC,2546628623,mobile,trucking/logistics,WACO,TX,fmcsa_census,,,,
standard,MARTY FREY TRUCKING INC,3253656618,mobile,trucking/logistics,ROWENA,TX,fmcsa_census,,,,
standard,AZAMAD TRUCKING LLC,3258127118,mobile,trucking/logistics,SAN ANGELO,TX,fmcsa_census,,,,
standard,JASON CORY FOREMAN,3258124321,mobile,trucking/logistics,SAN ANGELO,TX,fmcsa_census,,,,
standard,RIO CONCHO MANOR INC,3256559046,mobile,trucking/logistics,SAN ANGELO,TX,fmcsa_census,,,,
standard,HILLTOP OASIS LLC,3252626256,mobile,trucking/logistics,SAN ANGELO,TX,fmcsa_census,,,,
standard,COYOTE TRANSPORTATION LLC,9795838406,mobile,trucking/logistics,SAN ANGELO,TX,fmcsa_census,,,,
standard,BENNY BALDERAZ,3258951231,mobile,trucking/logistics,SAN ANGELO,TX,fmcsa_census,,,,
standard,JEANETTE MARLETT,2544938564,mobile,trucking/logistics,WEST,TX,fmcsa_census,,,,
standard,JLA SERVICES LLC,3256566841,mobile,trucking/logistics,SAN ANGELO,TX,fmcsa_census,,,,
standard,SWEET DROP HOT SHOT LLC,3258125564,mobile,trucking/logistics,SAN ANGELO,TX,fmcsa_census,,,,
standard,DAVID PENDLETON,3252349794,mobile,trucking/logistics,SAN ANGELO,TX,fmcsa_census,,,,
standard,BEN HALFMANN,3253406688,mobile,trucking/logistics,ROWENA,TX,fmcsa_census,,,,
standard,GEOSITE INC,3258123423,mobile,trucking/logistics,SAN ANGELO,TX,fmcsa_census,,,,
standard,JOHN JACKSON,3256561692,mobile,trucking/logistics,SAN ANGELO,TX,fmcsa_census,,,,
standard,ARMANDO NAVARRO JR,3252457001,mobile,trucking/logistics,SAN ANGELO,TX,fmcsa_census,,,,
standard,LANDERS PRECAST CONCRETE LLC,3252772252,mobile,trucking/logistics,SAN ANGELO,TX,fmcsa_census,,,,
standard,HOUSLEY GROUP INC,3259449905,mobile,trucking/logistics,SAN ANGELO,TX,fmcsa_census,,,,
standard,TURQUOISE WATER LLC,3254504477,mobile,trucking/logistics,SAN ANGELO,TX,fmcsa_census,,,,
standard,ADRIAN MENCHACA DBA A3,4326318584,mobile,trucking/logistics,SAN ANGELO,TX,fmcsa_census,,,,
standard,TEXAN SUPPLY & SERVICE LLC,3256557799,mobile,trucking/logistics,SAN ANGELO,TX,fmcsa_census,,,,
standard,CLAYNE DARGER,3252622026,mobile,trucking/logistics,SAN ANGELO,TX,fmcsa_census,,,,
standard,LINDA LANG TRUCKING,8304312071,mobile,trucking/logistics,SAN ANGELO,TX,fmcsa_census,,,,
standard,ROGER MCCLAIN,3258953333,mobile,trucking/logistics,SAN ANGELO,TX,fmcsa_census,,,,
standard,ARMANDO G MARTINEZ,3253741593,mobile,trucking/logistics,SAN ANGELO,TX,fmcsa_census,,,,
standard,OSCAR RIVERO,3252122786,mobile,trucking/logistics,SAN ANGELO,TX,fmcsa_census,,,,
standard,LEEBECK LOGISTICS LLC,3252271325,mobile,trucking/logistics,SAN ANGELO,TX,fmcsa_census,,,,
standard,B&L OILFIELD CONSTRUCTION INC,3252772581,mobile,trucking/logistics,SAN ANGELO,TX,fmcsa_census,,,,
standard,WEST TEXAS FIRE EXTINGUISHER INC,3256555441,mobile,trucking/logistics,SAN ANGELO,TX,fmcsa_census,,,,
standard,JW & KIPPY JOINER PARTNERSHIP,3259494856,mobile,trucking/logistics,SAN ANGELO,TX,fmcsa_census,,,,
standard,CORNELIO GONZALEZ,3253746072,mobile,trucking/logistics,SAN ANGELO,TX,fmcsa_census,,,,
standard,SCHNIERS BROS FARMS,3256569000,mobile,trucking/logistics,SAN ANGELO,TX,fmcsa_census,,,,
standard,FRANK H CARTER,3256568162,mobile,trucking/logistics,SAN ANGELO,TX,fmcsa_census,,,,
standard,JEFFREY DON SCHWARTZ,3252343449,mobile,trucking/logistics,SAN ANGELO,TX,fmcsa_census,,,,
standard,G9 TRANSPORT LLC,3252279188,mobile,trucking/logistics,SAN ANGELO,TX,fmcsa_census,,,,
standard,WEST TEXAS BIOMASS,3254508693,mobile,trucking/logistics,SAN ANGELO,TX,fmcsa_census,,,,
standard,LIGHTNING WIRELINE SERVICE LLC,4328943802,mobile,trucking/logistics,SAN ANGELO,TX,fmcsa_census,,,,
standard,SCOTT E FARRIS,3253012450,mobile,trucking/logistics,SAN ANGELO,TX,fmcsa_census,,,,
standard,JERRY BARKLEY,3252231163,mobile,trucking/logistics,SAN ANGELO,TX,fmcsa_census,,,,
standard,SHAWNEE TRADING POST,3257392004,mobile,trucking/logistics,ZEPHYR,TX,fmcsa_census,,,,
standard,RALPH CABALLERO III,3252629451,mobile,trucking/logistics,SAN ANGELO,TX,fmcsa_census,,,,
standard,ROBERT W PAGE,3258124783,mobile,trucking/logistics,SAN ANGELO,TX,fmcsa_census,,,,
standard,DSVR TRUCKING LLC,3253043230,mobile,trucking/logistics,SAN ANGELO,TX,fmcsa_census,,,,
standard,CRUDE TECH LOGISTICS INC,3252136511,mobile,trucking/logistics,SAN ANGELO,TX,fmcsa_census,,,,
standard,HARVEY WANIER,3256568005,mobile,trucking/logistics,SAN ANGELO,TX,fmcsa_census,,,,
standard,SAN ANGELO BY-PRODUCTS INC,3256536836,mobile,trucking/logistics,SAN ANGELO,TX,fmcsa_census,,,,
standard,A W HATCHETT JR,9157392001,mobile,trucking/logistics,ZEPHYR,TX,fmcsa_census,,,,
standard,JUAN CARLOS GALLARDO,3253400242,mobile,trucking/logistics,SAN ANGELO,TX,fmcsa_census,,,,
standard,NWOKEJIEZI TRANSPORT LLC,2103232517,mobile,trucking/logistics,SAN ANGELO,TX,fmcsa_census,,,,
standard,RAYMOND GALINDO,3252123704,mobile,trucking/logistics,SAN ANGELO,TX,fmcsa_census,,,,
standard,RKS TRANSPORT LLC,4097957474,mobile,trucking/logistics,TEXAS CITY,TX,fmcsa_census,,,,
standard,HOLT EXPRESS LLC,7134124856,mobile,trucking/logistics,PEARLAND,TX,fmcsa_census,,,,
standard,AMERICO SERNA,7139442105,mobile,trucking/logistics,SOUTH HOUSTON,TX,fmcsa_census,,,,
standard,RANDY RENARD CHARLES,3462032286,mobile,trucking/logistics,PEARLAND,TX,fmcsa_census,,,,
standard,GRAVITY CONCEPTS LIMITED COMPANY,8326150575,mobile,trucking/logistics,CYPRESS,TX,fmcsa_census,,,,
standard,ANDRES GOMEZ,7135690008,mobile,trucking/logistics,FRESNO,TX,fmcsa_census,,,,
standard,KYLES TRANSPORT INC,4099452170,mobile,trucking/logistics,TEXAS CITY,TX,fmcsa_census,,,,
standard,1ST ABC SCHOOL TRANSPORTATION LLC,7136585955,mobile,trucking/logistics,SOUTH HOUSTON,TX,fmcsa_census,,,,
standard,ZTJ TRUCKING,3466073261,mobile,trucking/logistics,KATY,TX,fmcsa_census,,,,
standard,475 EXPRESS LLC,6013923113,mobile,trucking/logistics,MANVEL,TX,fmcsa_census,,,,
standard,ROBINSON HOT SHOT SERVICE,4099480659,mobile,trucking/logistics,TEXAS CITY,TX,fmcsa_census,,,,
standard,YELIAB TRUCKING LLC,2813306646,mobile,trucking/logistics,FRESNO,TX,fmcsa_census,,,,
standard,STARTECH GARAGE LLC,2814920122,mobile,trucking/logistics,PEARLAND,TX,fmcsa_census,,,,
standard,BELL BOTTOM FOUNDATION CO,2814852791,mobile,trucking/logistics,PEARLAND,TX,fmcsa_census,,,,
standard,J'S WAY OF TRUCKING LLC,6625445259,mobile,trucking/logistics,KATY,TX,fmcsa_census,,,,
standard,PHILLIP BUZEK,9792418751,mobile,trucking/logistics,MARKHAM,TX,fmcsa_census,,,,
standard,NST SPECIALIZED TRANSPORTATION LIMITED,8325723433,mobile,trucking/logistics,BAYTOWN,TX,fmcsa_census,,,,
standard,CHARTER INDUSTRIAL LLC,2816608999,mobile,trucking/logistics,GROVES,TX,fmcsa_census,,,,
standard,TONY EARL WILLIAMS,2816677023,mobile,trucking/logistics,BAYTOWN,TX,fmcsa_census,,,,
standard,JC UNITED LLC,8034634717,mobile,trucking/logistics,KATY,TX,fmcsa_census,,,,
standard,NEW WORLD VISION TRANSPORTATION LLC,2252663270,mobile,trucking/logistics,PEARLAND,TX,fmcsa_census,,,,
standard,HAIDUSEK TRUCKING,9366410243,mobile,trucking/logistics,RAYWOOD,TX,fmcsa_census,,,,
standard,YASSER ZAMORA TORRES,3462631010,mobile,trucking/logistics,BAYTOWN,TX,fmcsa_census,,,,
standard,SINGLE STAR LOGISTICS LLC,8324215456,mobile,trucking/logistics,RAYWOOD,TX,fmcsa_census,,,,
standard,INFINITY PRO LOGISTICS LLC,8324756213,mobile,trucking/logistics,ROSHARON,TX,fmcsa_census,,,,
standard,HUDSON LOGISTICS,8329071641,mobile,trucking/logistics,ROSHARON,TX,fmcsa_census,,,,
standard,EMILE HALEY JR,2817037329,mobile,trucking/logistics,BAYTOWN,TX,fmcsa_census,,,,
standard,CONTRUCKS S CORP,2815384669,mobile,trucking/logistics,LEAGUE CITY,TX,fmcsa_census,,,,
standard,COLOMBIANS TRUCKING LLC,8324189066,mobile,trucking/logistics,KATY,TX,fmcsa_census,,,,
standard,DISCIPLE LOGISTICS,9079786291,mobile,trucking/logistics,LEAGUE CITY,TX,fmcsa_census,,,,
standard,MAINLAND CONCRETE INC,2813377400,mobile,trucking/logistics,TEXAS CITY,TX,fmcsa_census,,,,
standard,JAMES L HEALD,8329649399,mobile,trucking/logistics,BAYTOWN,TX,fmcsa_census,,,,
standard,DH COMMANDO DISPATCHING AND LOGISTICS LLC,2813189107,mobile,trucking/logistics,ROSHARON,TX,fmcsa_census,,,,
standard,GEE FAM TRUCKING LLC,8329239474,mobile,trucking/logistics,PEARLAND,TX,fmcsa_census,,,,
standard,RICHARD FOWLER,4096982570,mobile,trucking/logistics,KOUNTZE,TX,fmcsa_census,,,,
standard,MAGASSA VANLINE INC,7024004025,mobile,trucking/logistics,ROSHARDON,TX,fmcsa_census,,,,
standard,BUCH TRANSPORT LLC,8328949007,mobile,trucking/logistics,ROSHARON,TX,fmcsa_census,,,,
standard,LARRY R SEARS SR,4097462853,mobile,trucking/logistics,DEWEYVILLE,TX,fmcsa_census,,,,
standard,CUB CLUB INVESTMENT LLC,8326547641,mobile,trucking/logistics,LEAGUE CITY,TX,fmcsa_census,,,,
standard,PRESTINE PROTECTION LLC,5016815356,mobile,trucking/logistics,ROSHARON,TX,fmcsa_census,,,,
standard,TRACIE BARNES INTERNATIONAL LLC,2253827950,mobile,trucking/logistics,TEXAS CITY,TX,fmcsa_census,,,,
standard,ABRAHAM MEDELLIN AGUIRE,8328729724,mobile,trucking/logistics,BAYTOWN,TX,fmcsa_census,,,,
standard,MUD SOLUTION MONEY UNDER DEVELOPMENT,7139309761,mobile,trucking/logistics,ROSHARON,TX,fmcsa_census,,,,
standard,J3 CARRIERS LLC,7132594978,mobile,trucking/logistics,TEXAS CITY,TX,fmcsa_census,,,,
standard,RICARDO ROBLES,5056448972,mobile,trucking/logistics,ROSHARON,TX,fmcsa_census,,,,
standard,SILVER SURFER INC,8329404790,mobile,trucking/logistics,PEARLAND,TX,fmcsa_census,,,,
standard,NATHAN FREIGHT LINES LLC,7133778983,mobile,trucking/logistics,BAYTOWN,TX,fmcsa_census,,,,
standard,MICHAEL HORN,7135693028,mobile,trucking/logistics,BAYTOWN,TX,fmcsa_census,,,,
standard,GTG TRANSPORTATION COMPANY LLC,2818188141,mobile,trucking/logistics,ROSHARON,TX,fmcsa_census,,,,
standard,MTZ TRANSPORT LLC,9562021922,mobile,trucking/logistics,BAYTOWN,TX,fmcsa_census,,,,
standard,ABAD & M TRUCKING LOGISTICS LLC,3464329127,mobile,trucking/logistics,HOUSTON,TX,fmcsa_census,,,,
standard,AJ TRANSLINE LLC,4099991616,mobile,trucking/logistics,GROVES,TX,fmcsa_census,,,,
standard,FAC LOGISTICS LLC,7139229752,mobile,trucking/logistics,LEAGUE CITY,TX,fmcsa_census,,,,
standard,LK SANCHEZ LLC,8322490742,mobile,trucking/logistics,GROVES,TX,fmcsa_census,,,,
standard,MERO ENTERPRISE LLC,8213101699,mobile,trucking/logistics,KATY,TX,fmcsa_census,,,,
standard,FIELDS & FIELDS LLC,8325772968,mobile,trucking/logistics,TEXAS CITY,TX,fmcsa_census,,,,
standard,DONALD MAHONEY,4099358611,mobile,trucking/logistics,TEXAS CITY,TX,fmcsa_census,,,,
standard,ROBERTO CELIO ARREDONDO,8324257793,mobile,trucking/logistics,TEXAS CITY,TX,fmcsa_census,,,,
standard,HERE 2 THERE GUARANTEED TRUCKING LLC,8608696348,mobile,trucking/logistics,PEARLAND,TX,fmcsa_census,,,,
standard,FIRST BAPTIST CHURCH,4092891270,mobile,trucking/logistics,NEDERLAND,TX,fmcsa_census,,,,
standard,ADVANCED IMAGING MANAGEMENT LLC,8329406215,mobile,trucking/logistics,KEMAH,TX,fmcsa_census,,,,
standard,KC3 ENERGY SERVICES LLC,4097578336,mobile,trucking/logistics,NEDERLAND,TX,fmcsa_census,,,,
standard,DUAL DRIVE TRANSPORTATION INC,8327074925,mobile,trucking/logistics,ROSHARON,TX,fmcsa_census,,,,
standard,SHEA ENTERPRISES LLC,4097799019,mobile,trucking/logistics,PORT NECHES,TX,fmcsa_census,,,,
standard,FIRST CLASS TRANSPORT OF TEXAS LLC,7875439609,mobile,trucking/logistics,NEDERLAND,TX,fmcsa_census,,,,
standard,PRIME ELEMENT LOGISTICS LLC,4095998031,mobile,trucking/logistics,TEXAS CITY,TX,fmcsa_census,,,,
standard,PRIME DUMP SOLUTIONS LLC,3467339102,mobile,trucking/logistics,KATY,TX,fmcsa_census,,,,
standard,R J R CATTLE INC,4096260033,mobile,trucking/logistics,NEDERLAND,TX,fmcsa_census,,,,
standard,LONESTAR TRANSPORT LOGISTICS INC,3467741104,mobile,trucking/logistics,PEARLAND,TX,fmcsa_census,,,,
standard,ROY D TURNER,9568318282,mobile,trucking/logistics,ORANGE,TX,fmcsa_census,,,,
standard,DTJ TRANSPORT LLC,4092599168,mobile,trucking/logistics,ORANGE,TX,fmcsa_census,,,,
standard,WULF INNOVATIONS LLC,7139031601,mobile,trucking/logistics,TEXAS CITY,TX,fmcsa_census,,,,
standard,CHARLIE BOWERS,3259494262,mobile,trucking/logistics,SAN ANGELO,TX,fmcsa_census,,,,
standard,DALLAS WEAVER,3255135381,mobile,trucking/logistics,SAN ANGELO,TX,fmcsa_census,,,,
standard,ROYLENE STEEN,3256507553,mobile,trucking/logistics,SAN ANGELO,TX,fmcsa_census,,,,
standard,B & G LONGHAUL TRUCKING INC,3256516915,mobile,trucking/logistics,SAN ANGELO,TX,fmcsa_census,,,,
standard,KOLSTER PLUMBING INC,3253407429,mobile,trucking/logistics,SAN ANGELO,TX,fmcsa_census,,,,
standard,RKH TRUCKING LLC,3258126626,mobile,trucking/logistics,SAN ANGELO,TX,fmcsa_census,,,,
standard,FRANKLIN LLOYD LANG JR,6822390473,mobile,trucking/logistics,SAN ANGELO,TX,fmcsa_census,,,,
standard,RT ARMOUR LLC,3259980690,mobile,trucking/logistics,ZEPHYR,TX,fmcsa_census,,,,
standard,VARGAS & SONS TRANSPORT LLC,3258124736,mobile,trucking/logistics,SAN ANGELO,TX,fmcsa_census,,,,
standard,BAR O TRUCKING LLC,3254505937,mobile,trucking/logistics,SAN ANGELO,TX,fmcsa_census,,,,
standard,TITO TRANSPORT LLC,3253012035,mobile,trucking/logistics,SAN ANGELO,TX,fmcsa_census,,,,
standard,HARDING EARTHWORKS LLC,3255138621,mobile,trucking/logistics,SAN ANGELO,TX,fmcsa_census,,,,
standard,WOMACK TANK AND MANUFACTURING LLC,3256501100,mobile,trucking/logistics,SAN ANGELO,TX,fmcsa_census,,,,
standard,RICK WILSON DRILLING & CONTRACTING,3256500357,mobile,trucking/logistics,SAN ANGELO,TX,fmcsa_census,,,,
standard,VAZQUEZ S TRANSPORT LLC,4702570932,mobile,trucking/logistics,BARNHART,TX,fmcsa_census,,,,
standard,NICK J LANGE INCORPORATED,3256506435,mobile,trucking/logistics,BARNHART,TX,fmcsa_census,,,,
standard,SAN ANGELO BOAT & JETSKI RENTALS LLC,3258121685,mobile,trucking/logistics,SAN ANGELO,TX,fmcsa_census,,,,
standard,DC 23 HOT SHOTS,3254507486,mobile,trucking/logistics,BIG LAKE,TX,fmcsa_census,,,,
standard,CARRASCOS BACKHOE SERVICE INC,3258843304,mobile,trucking/logistics,BIG LAKE,TX,fmcsa_census,,,,
standard,FIERRO & FIERRO SYSTEMS INC,9154432737,mobile,trucking/logistics,MIDLAND,TX,fmcsa_census,,,,
standard,FRANCIS & LINDA PEHOUA TRUCKING LLC,8324750956,mobile,trucking/logistics,SAN ANGELO,TX,fmcsa_census,,,,
standard,UAV SHIPPING & LOGISTICS LLC,8323057141,mobile,trucking/logistics,TEXAS CITY,TX,fmcsa_census,,,,
standard,YNT TRANSPORTATION LLC,3463517409,mobile,trucking/logistics,GROVES,TX,fmcsa_census,,,,
standard,TRAVIS CLAYTON CASTILAW,4099263797,mobile,trucking/logistics,KOUNTZE,TX,fmcsa_census,,,,
standard,VOLLO TRANSPORT & LOGISTICS LLC,7132316538,mobile,trucking/logistics,TEXAS CITY,TX,fmcsa_census,,,,
standard,QUEST TRANSPORT LLC,8327942070,mobile,trucking/logistics,LEAGUE CITY,TX,fmcsa_census,,,,
standard,BLUE CLOVER HOTSHOT LLC,8328892222,mobile,trucking/logistics,BAYTOWN,TX,fmcsa_census,,,,
standard,G & T BROKERAGE LLC,8322982617,mobile,trucking/logistics,LEAGUE CITY,TX,fmcsa_census,,,,
standard,WILLIAM SMIT,2819742903,mobile,trucking/logistics,PEARLAND,TX,fmcsa_census,,,,
standard,B QUICK LOGISTICS,8324885226,mobile,trucking/logistics,LEAGUE CITY,TX,fmcsa_census,,,,
standard,BURRELL TRUCKING INC,4096566996,mobile,trucking/logistics,EVADALE,TX,fmcsa_census,,,,
standard,CRITTENDON821 HOLDING CO LLC,4095990752,mobile,trucking/logistics,LEAGUE CITY,TX,fmcsa_census,,,,
standard,CAM PROCESS TECHNOLOGIES LLC,5056754255,mobile,trucking/logistics,KATY,TX,fmcsa_census,,,,
standard,CROSSING'S INC,4092468424,mobile,trucking/logistics,KOUNTZE,TX,fmcsa_census,,,,
standard,BRETT FOX JEAN FOX,4092017063,mobile,trucking/logistics,KOUNTZE,TX,fmcsa_census,,,,
standard,ASA TRUCK LLC,3466677994,mobile,trucking/logistics,KATY,TX,fmcsa_census,,,,
standard,RWL TRUCKING LLC,4097828955,mobile,trucking/logistics,KOUNTZE,TX,fmcsa_census,,,,
standard,LCS CONSTRUCTION4 LLC,2816902146,mobile,trucking/logistics,LEAGUE CITY,TX,fmcsa_census,,,,
standard,MK TYLER LOGISTICS MANAGEMENT,8323181641,mobile,trucking/logistics,TEXAS CITY,TX,fmcsa_census,,,,
standard,SBM LOGISTICS LLC,4096599373,mobile,trucking/logistics,KOUNTZE,TX,fmcsa_census,,,,
standard,SOUTHERN TEXAS DELIVERY SERVICE,2812509301,mobile,trucking/logistics,MISSOURI CITY,TX,fmcsa_census,,,,
standard,ALBERT HAMILTON,4095500783,mobile,trucking/logistics,KOUNTZE,TX,fmcsa_census,,,,
standard,TOP DAWG TRUCKING & LOGISTICS LLC,4093383122,mobile,trucking/logistics,KOUNTZE,TX,fmcsa_census,,,,
standard,LILOLA TRUCKING LLC,4077175708,mobile,trucking/logistics,TEXAS CITY,TX,fmcsa_census,,,,
standard,LOUIS BLAND,4097352509,mobile,trucking/logistics,ORANGE,TX,fmcsa_census,,,,
standard,CT DISTRIBUTION LLC,8328388392,mobile,trucking/logistics,BAYTOWN,TX,fmcsa_census,,,,
standard,JDG LOGISTICS LLC,2816850634,mobile,trucking/logistics,BAYTOWN,TX,fmcsa_census,,,,
standard,BEXARBRADLEY LLC,4099601755,mobile,trucking/logistics,GROVES,TX,fmcsa_census,,,,
standard,QUALITY CONTRACT SERVICES INC,4097196686,mobile,trucking/logistics,ORANGE,TX,fmcsa_census,,,,
standard,BENITO SANTIBANEZ,8324989136,mobile,trucking/logistics,PEARLAND,TX,fmcsa_census,,,,
standard,ESCOBAR TEXASS TRUCKS LLC,4074911889,mobile,trucking/logistics,KATY,TX,fmcsa_census,,,,
standard,MCDOWELL TRUCKING LLC,2816876584,mobile,trucking/logistics,BAYTOWN,TX,fmcsa_census,,,,
standard,HALL FAMILY LOGISTICS LLC,9798484100,mobile,trucking/logistics,NEDERLAND,TX,fmcsa_census,,,,
standard,R L S CONTRACTING LLC,4099262194,mobile,trucking/logistics,KOUNTZE,TX,fmcsa_census,,,,
standard,EW KROW TRANSPORT LLC,4093514516,mobile,trucking/logistics,KOUNTZE,TX,fmcsa_census,,,,
standard,JAMES J HAYNES,4097385151,mobile,trucking/logistics,ORANGE,TX,fmcsa_census,,,,
standard,DENNIS EAVES,4096511863,mobile,trucking/logistics,ORANGE,TX,fmcsa_census,,,,
standard,D CARRIER LOGISTICS LLC,2819486161,mobile,trucking/logistics,LEAGUE CITY,TX,fmcsa_census,,,,
standard,AG3 TRUCKING AND LOGISTICS LLC,7135173702,mobile,trucking/logistics,KATY,TX,fmcsa_census,,,,
standard,REDWINE ENTERPRISES INC,4095405970,mobile,trucking/logistics,NEDERLAND,TX,fmcsa_census,,,,
standard,JA CON MAT INCORPORATED,4095400415,mobile,trucking/logistics,NEDERLAND,TX,fmcsa_census,,,,
standard,KNG TRUCKING LLC,3463896855,mobile,trucking/logistics,TEXAS CITY,TX,fmcsa_census,,,,
standard,EDWARD PEVETO,4098824484,mobile,trucking/logistics,ORANGE,TX,fmcsa_census,,,,
standard,ROLLING 4 U TRUCKING LLC,4092843525,mobile,trucking/logistics,KOUNTZE,TX,fmcsa_census,,,,
standard,ARAM PARTNERS CORPORATION,7138826720,mobile,trucking/logistics,PEARLAND,TX,fmcsa_census,,,,
standard,SEDLEY LLOYD SALMON,5616023367,mobile,trucking/logistics,NEDERLAND,TX,fmcsa_census,,,,
standard,DIXAN DIESEL TRANSPORT LLC,4095488979,mobile,trucking/logistics,NEDERLAND,TX,fmcsa_census,,,,
standard,RNL LOGISTICS LLC,4097794834,mobile,trucking/logistics,ORANGE,TX,fmcsa_census,,,,
standard,LT LLC,4027209846,mobile,trucking/logistics,NEDERLAND,TX,fmcsa_census,,,,
standard,DEMARCUS MATTOX,4099267465,mobile,trucking/logistics,KOUNTZE,TX,fmcsa_census,,,,
standard,ALS ASSOCIATES INC,7138164659,mobile,trucking/logistics,ROSHARON,TX,fmcsa_census,,,,
standard,GOLDLINE LOGISTICS INC,7135167561,mobile,trucking/logistics,PEARLAND,TX,fmcsa_census,,,,
standard,JONAS MILLER,2813891026,mobile,trucking/logistics,KOUNTZE,TX,fmcsa_census,,,,
standard,AZIMUTH LOGISTICS LLC,9103681965,mobile,trucking/logistics,LEAGUE CITY,TX,fmcsa_census,,,,
standard,CHARLES H SKINNER,4097287911,mobile,trucking/logistics,ORANGE,TX,fmcsa_census,,,,
standard,MAYDA ARIOSA MARTINEZ,4098539727,mobile,trucking/logistics,GROVES,TX,fmcsa_census,,,,
standard,K & L TRANSPORT,4097913314,mobile,trucking/logistics,KOUNTZE,TX,fmcsa_census,,,,
standard,WEST TRANSPORT LLC,4092381185,mobile,trucking/logistics,ORANGE,TX,fmcsa_census,,,,
standard,Y VAZQUEZ TRANSPORTATION LLC,8329024239,mobile,trucking/logistics,LEAGUE CITY,TX,fmcsa_census,,,,
standard,RUFF TUFF TRUCKING,4094664803,mobile,trucking/logistics,GROVES,TX,fmcsa_census,,,,
standard,HEBERT'S EXPEDITING & LOGISTICS PORTAL LLC,4097814330,mobile,trucking/logistics,NEDERLAND,TX,fmcsa_census,,,,
standard,ALLPHASE OIL FIELD SERVICES LLC,4099200049,mobile,trucking/logistics,ORANGE,TX,fmcsa_census,,,,
standard,LONESTAR TRANSPORT,4095971996,mobile,trucking/logistics,ORANGE,TX,fmcsa_census,,,,
standard,TROCHEZ & T TRUCKING LLC,4097486622,mobile,trucking/logistics,PORT ARTHUR,TX,fmcsa_census,,,,
standard,D-HOP TRANSPORT LLC,3132154087,mobile,trucking/logistics,ROSHARON,TX,fmcsa_census,,,,
standard,CLASSIC TRANSPORT INC,2816600300,mobile,trucking/logistics,LEAGUE CITY,TX,fmcsa_census,,,,
standard,ELG TRUCKING LLC,2803305116,mobile,trucking/logistics,LEAGUE CITY,TX,fmcsa_census,,,,
standard,COODY ENTERPRISES LP,4097270941,mobile,trucking/logistics,NEDERLAND,TX,fmcsa_census,,,,
standard,MAURICEVILLE TRANSPORTATION LLC,4097455868,mobile,trucking/logistics,ORANGE,TX,fmcsa_census,,,,
standard,A1 WASH AND SERVICES LLC,4097795226,mobile,trucking/logistics,NEDERLAND,TX,fmcsa_census,,,,
standard,MICHAEL DAVIDSON,7178187767,mobile,trucking/logistics,PEARLAND,TX,fmcsa_census,,,,
standard,AMC FREIGHTWAYS LLC,4099990292,mobile,trucking/logistics,NEDERLAND,TX,fmcsa_census,,,,
standard,J&T DUMP TRUCKING LLC,4097798705,mobile,trucking/logistics,ORANGE,TX,fmcsa_census,,,,
standard,TRIDENT LOGISTICS LLC,3253477692,mobile,trucking/logistics,ART,TX,fmcsa_census,,,,
standard,BERNARDO A ROMO JR,3253208549,mobile,trucking/logistics,ELDORDO,TX,fmcsa_census,,,,
standard,BIG LAKE KAY CONSTRUCTION INC,3256500564,mobile,trucking/logistics,BIG LAKE,TX,fmcsa_census,,,,
standard,ALEXIS ALMAGUER,4323015143,mobile,trucking/logistics,BIG LAKE,TX,fmcsa_census,,,,
standard,VINCO CARTAGE LIMITED,3252457404,mobile,trucking/logistics,SAN ANGELO,TX,fmcsa_census,,,,
standard,JOHN E MEADOR CONSTRUCTION INC,3256500743,mobile,trucking/logistics,ELDORADO,TX,fmcsa_census,,,,
standard,CARNES CONST CORP,3252772140,mobile,trucking/logistics,BIG LAKE,TX,fmcsa_census,,,,
standard,JONATHAN JAMESON,3252639992,mobile,trucking/logistics,SAN ANGELO,TX,fmcsa_census,,,,
standard,HENRY GONZALES,3254682504,mobile,trucking/logistics,MERETA,TX,fmcsa_census,,,,
standard,K BAR AG SERVICES LLC,3253472077,mobile,trucking/logistics,MASON,TX,fmcsa_census,,,,
standard,TROY COLE RUSSELL,3257250761,mobile,trucking/logistics,ELDORADO,TX,fmcsa_census,,,,
standard,OM3 TRUCKIN INC,4322580636,mobile,trucking/logistics,BIG LAKE,TX,fmcsa_census,,,,
standard,CROWDER SERVICES INC,3252773676,mobile,trucking/logistics,ELDORADO,TX,fmcsa_census,,,,
standard,CONCHO VALLEY ROUSTABOUT LLC,3257169495,mobile,trucking/logistics,ELDORADO,TX,fmcsa_census,,,,
standard,SCHROEDER BROS SERVICES LLC,3256503836,mobile,trucking/logistics,CHRISTOVAL,TX,fmcsa_census,,,,
standard,SCHROEDER BROS SERVICES LLC,3258962602,mobile,trucking/logistics,CHRISTOVAL,TX,fmcsa_census,,,,
standard,JOHN BEN CAWLEY,3258532983,mobile,trucking/logistics,ELDORADO,TX,fmcsa_census,,,,
standard,SCHUESSLER FARMS,8067730161,mobile,trucking/logistics,MASON,TX,fmcsa_census,,,,
standard,BRANDED WESTERN LLC,2148082503,mobile,trucking/logistics,MASON,TX,fmcsa_census,,,,
standard,ROCKY STEWART VINSON,3257212070,mobile,trucking/logistics,CHRISTOVAL,TX,fmcsa_census,,,,
standard,MUNSELL CONSTRUCTION INC,3253472177,mobile,trucking/logistics,MASON,TX,fmcsa_census,,,,
standard,DONNIE BRILEY,3253746867,mobile,trucking/logistics,CHRISTOVAL,TX,fmcsa_census,,,,
standard,BACKHOE PRO LLC,3257163447,mobile,trucking/logistics,BIG LAKE,TX,fmcsa_census,,,,
standard,CACTUS CREEK LLC,3253477314,mobile,trucking/logistics,MASON,TX,fmcsa_census,,,,
standard,ROY DAVENPORT,3253474586,mobile,trucking/logistics,MASON,TX,fmcsa_census,,,,
standard,TNT EQUINE TRANSPORT LLC,8327672443,mobile,trucking/logistics,HOUSTON,TX,fmcsa_census,,,,
standard,JOE ESCAMILLA,3258690091,mobile,trucking/logistics,EOLA,TX,fmcsa_census,,,,
standard,ONE WAY ENTERPRISE LLC,8329970707,mobile,trucking/logistics,HOUSTON,TX,fmcsa_census,,,,
standard,HICKORY SAND RANCH LP,3254565095,mobile,trucking/logistics,MASON,TX,fmcsa_census,,,,
standard,HUGH COATES,3258126551,mobile,trucking/logistics,OZONA,TX,fmcsa_census,,,,
standard,D F SYSTEMS INC,9364469867,mobile,trucking/logistics,HOUSTON,TX,fmcsa_census,,,,
standard,ON ROUTE LOGISTICS LLC,8326107883,mobile,trucking/logistics,HOUSTON,TX,fmcsa_census,,,,
standard,CHARLES A JACKSON,7133013276,mobile,trucking/logistics,HOUSTON,TX,fmcsa_census,,,,
standard,SKB&DS TRUCKING LLC,4694554827,mobile,trucking/logistics,HOUSTON,TX,fmcsa_census,,,,
standard,SOUTH BOW USA LP,5873183876,mobile,trucking/logistics,HOUSTON,TX,fmcsa_census,,,,
standard,FIRST CLASS DELIVERY INC,7134595339,mobile,trucking/logistics,HOUSTON,TX,fmcsa_census,,,,
standard,TRISTAN MICHAEL WORRELL JR,8325162125,mobile,trucking/logistics,BAYTOWN,TX,fmcsa_census,,,,
standard,LANGLEY FARMS,4092840105,mobile,trucking/logistics,CHINA,TX,fmcsa_census,,,,
standard,DAVID L PHILLIPS,4097209352,mobile,trucking/logistics,ORANGE,TX,fmcsa_census,,,,
standard,ARF TRUCKING LLC,7132546139,mobile,trucking/logistics,BAYTOWN,TX,fmcsa_census,,,,
standard,MACK W DAVIS,4092015053,mobile,trucking/logistics,VIDOR,TX,fmcsa_census,,,,
standard,MORGON LLC,9792297360,mobile,trucking/logistics,BRYAN,TX,fmcsa_census,,,,
standard,PARTS HOUSE LLC,4096593171,mobile,trucking/logistics,VIDOR,TX,fmcsa_census,,,,
standard,JAMES T BARNES,4098404358,mobile,trucking/logistics,BEAUMONT,TX,fmcsa_census,,,,
standard,BERNARD REDEO,4096513483,mobile,trucking/logistics,WINNIE,TX,fmcsa_census,,,,
standard,RANDY J TEMPLE,8325416515,mobile,trucking/logistics,BEAUMONT,TX,fmcsa_census,,,,
standard,VICTRUCK LOGISTIC LLC,2816760998,mobile,trucking/logistics,WEBSTER,TX,fmcsa_census,,,,
standard,BISHOP ENTERPRISES INC,4098421200,mobile,trucking/logistics,BEAUMONT,TX,fmcsa_census,,,,
standard,CASTINEZ TRUCKING LLC,8324933722,mobile,trucking/logistics,BAYTOWN,TX,fmcsa_census,,,,
standard,DON & KELLY MOORE TRANSPORT,4095545000,mobile,trucking/logistics,BEAUMONT,TX,fmcsa_census,,,,
standard,KJB TRUCKING LLC,2818394715,mobile,trucking/logistics,BAYTOWN,TX,fmcsa_census,,,,
standard,MAVERICK INTERNATIONAL LTD,4098381000,mobile,trucking/logistics,WINNIE,TX,fmcsa_census,,,,
standard,LIONHEART LOGISTICS LLP,5207801382,mobile,trucking/logistics,VIDOR,TX,fmcsa_census,,,,
standard,STIX ENTERPRISE LLC,4092567417,mobile,trucking/logistics,DICKINSON,TX,fmcsa_census,,,,
standard,J-3 METALS RECYCLING CENTER LLC,4095509540,mobile,trucking/logistics,VIDOR,TX,fmcsa_census,,,,
standard,DUBLIN DRIVERS LLC,8137537650,mobile,trucking/logistics,VIDOR,TX,fmcsa_census,,,,
standard,D-S LANDSCAPE SOLUTIONS,4097818899,mobile,trucking/logistics,BEAUMONT,TX,fmcsa_census,,,,
standard,AGP ENERGY SERVICES LLC,9799854153,mobile,trucking/logistics,BRYAN,TX,fmcsa_census,,,,
standard,LAKE AREA INDUSTRIAL GROUP LLC,3375292195,mobile,trucking/logistics,BEAUMONT,TX,fmcsa_census,,,,
standard,WEECO INTERNATIONAL CORP,7706708000,mobile,trucking/logistics,BEAUMONT,TX,fmcsa_census,,,,
standard,JOSH & JALYNN TYLER LOGGING LLC,4092393337,mobile,trucking/logistics,BEAUMONT,TX,fmcsa_census,,,,
standard,JIMMY RAY SULLIVAN,4096561980,mobile,trucking/logistics,WINNIE,TX,fmcsa_census,,,,
standard,K ERIC BAGWELL,4092842479,mobile,trucking/logistics,WINNIE,TX,fmcsa_census,,,,
standard,WICHESTER TRUCKING INC,4093517743,mobile,trucking/logistics,VIDOR,TX,fmcsa_census,,,,
standard,A & TAY HOTSHOT DRIVERS LLC,3462845664,mobile,trucking/logistics,WEBSTER,TX,fmcsa_census,,,,
standard,MATERIAL TRANSPORT & LOGISTICS LLC,2819918866,mobile,trucking/logistics,LA PORTE,TX,fmcsa_census,,,,
standard,ELITE POOL CREATIONS,8324148824,mobile,trucking/logistics,BAYTOWN,TX,fmcsa_census,,,,
standard,ANDREW JERMAINE LEBLANC,4098121536,mobile,trucking/logistics,BEAUMONT,TX,fmcsa_census,,,,
standard,JAIME ESQUIVEL,9795957526,mobile,trucking/logistics,BRYAN,TX,fmcsa_census,,,,
standard,CODY O'DONNELL,9792204701,mobile,trucking/logistics,BRYAN,TX,fmcsa_census,,,,
standard,JESSE BAUER,4093130015,mobile,trucking/logistics,VIDOR,TX,fmcsa_census,,,,
standard,HATCH HIGHWAY TRANSPORT LLC,2259935298,mobile,trucking/logistics,BAYTOWN,TX,fmcsa_census,,,,
standard,DUAL SHIELD ENTERPRISES CORP,8173087566,mobile,trucking/logistics,BRYAN,TX,fmcsa_census,,,,
standard,B&B ENERGY SERVICES LLC,9566079215,mobile,trucking/logistics,WINNIE,TX,fmcsa_census,,,,
standard,BURNS GROUP MOVING AND STORAGE LLC,8324957972,mobile,trucking/logistics,BRYAN,TX,fmcsa_census,,,,
standard,KALINEC TOWING CO INC,9798226043,mobile,trucking/logistics,BRYAN,TX,fmcsa_census,,,,
standard,STAR BRITE TRANSPORTS LLC,4097908529,mobile,trucking/logistics,BEAUMONT,TX,fmcsa_census,,,,
standard,2S ROLL OFF SERVICE LLC,4093508630,mobile,trucking/logistics,BEAUMONT,TX,fmcsa_census,,,,
standard,RODGER ALLEN,4095548953,mobile,trucking/logistics,VIDOR,TX,fmcsa_census,,,,
standard,SAMUEL SCOTT SIMS,4092990970,mobile,trucking/logistics,VIDOR,TX,fmcsa_census,,,,
standard,J & T FREIGHT LINES LLC,9036896820,mobile,trucking/logistics,VIDOR,TX,fmcsa_census,,,,
standard,YMK TRUCKING SERVICES LLC,4094602302,mobile,trucking/logistics,BEAUMONT,TX,fmcsa_census,,,,
standard,MILE OUT TRANSPORTATION LLC,7135407861,mobile,trucking/logistics,LA PORTE,TX,fmcsa_census,,,,
standard,THE BEST TEXAS TRUCK COMPANY LLC,8325085687,mobile,trucking/logistics,DICKINSON,TX,fmcsa_census,,,,
standard,NLJ LOGISITICS LLC,4094660684,mobile,trucking/logistics,BEAUMONT,TX,fmcsa_census,,,,
standard,J B BERRY TRUCKING INC,2817036195,mobile,trucking/logistics,DICKINSON,TX,fmcsa_census,,,,
standard,IDSREMEDIATION,4093509371,mobile,trucking/logistics,BEAUMONT,TX,fmcsa_census,,,,
standard,TRUMAN TRANSPORTATION LLC,4096005808,mobile,trucking/logistics,BEAUMONT,TX,fmcsa_census,,,,
standard,SS AND M TRUCKING LLC,4079275414,mobile,trucking/logistics,PORT ARTHUR,TX,fmcsa_census,,,,
standard,PARKERS BUILDING SUPPLY US LBM,4096512790,mobile,trucking/logistics,BEAUMONT,TX,fmcsa_census,,,,
standard,SAMM,4097486323,mobile,trucking/logistics,PORT ARTHUR,TX,fmcsa_census,,,,
standard,THE HUGHEN CENTER INC,4097198217,mobile,trucking/logistics,PORT ARTHUR,TX,fmcsa_census,,,,
standard,PRESTIGE OYSTERS INC,7134471540,mobile,trucking/logistics,SAN LEON,TX,fmcsa_census,,,,
standard,ERIC KNIGHT,8328686239,mobile,trucking/logistics,WEBSTER,TX,fmcsa_census,,,,
standard,ANIQUES LOGISTICS,4094332857,mobile,trucking/logistics,BEAUMONT,TX,fmcsa_census,,,,
standard,LANCE GRAY,4092841798,mobile,trucking/logistics,BEAUMONT,TX,fmcsa_census,,,,
standard,GIL MALDONADO CALDERA,9794228272,mobile,trucking/logistics,BRYAN,TX,fmcsa_census,,,,
standard,RAY-FAYE LOGISTICS LLC,4098280972,mobile,trucking/logistics,BEAUMONT,TX,fmcsa_census,,,,
standard,KEWBIX FRIEGHT LLC,8328827680,mobile,trucking/logistics,BAYTOWN,TX,fmcsa_census,,,,
standard,LAVETTE CHARLES SOLUTIONS LLC,4094665141,mobile,trucking/logistics,BEAUMONT,TX,fmcsa_census,,,,
standard,SURFACE DIRT WORKS,9363952601,mobile,trucking/logistics,SINGLETON,TX,fmcsa_census,,,,
standard,LARRY DONELL HARRIS SR,9794121369,mobile,trucking/logistics,BEDIAS,TX,fmcsa_census,,,,
standard,MORENO GLOBAL & ASSOCIATES LLC,4093658037,mobile,trucking/logistics,BEAUMONT,TX,fmcsa_census,,,,
standard,TEXAS CRAWDADDYS INC,4092848616,mobile,trucking/logistics,WINNIE,TX,fmcsa_census,,,,
standard,FOE INVESTMENTS LLC,4094543220,mobile,trucking/logistics,BEAUMONT,TX,fmcsa_census,,,,
standard,IRON CORE HAULING SERVICES LLC,7135840991,mobile,trucking/logistics,BAYTOWN,TX,fmcsa_census,,,,
standard,US LAND CARGO LLC,8329838825,mobile,trucking/logistics,BEDIAS,TX,fmcsa_census,,,,
standard,T&A OPERATIONS LLC,4094669143,mobile,trucking/logistics,BEAUMONT,TX,fmcsa_census,,,,
standard,CAULEY LOGISTICS LLC,7132942547,mobile,trucking/logistics,BRYAN,TX,fmcsa_census,,,,
standard,ROBERT BERRY,4096565273,mobile,trucking/logistics,VIDOR,TX,fmcsa_census,,,,
standard,NEXPORT LOGISTICS LLC,8323735700,mobile,trucking/logistics,DICKINSON,TX,fmcsa_census,,,,
standard,MARIA D MARRERO RODRIGUEZ,8329898649,mobile,trucking/logistics,BAYTOWN,TX,fmcsa_census,,,,
standard,LEONARD EDWARD STREET JR,4097822318,mobile,trucking/logistics,VIDOR,TX,fmcsa_census,,,,
standard,JNJS EXPRESS,2813305449,mobile,trucking/logistics,HOUSTON,TX,fmcsa_census,,,,
standard,MINAMAN TRANSPORT LLC,8325846272,mobile,trucking/logistics,HOUSTON,TX,fmcsa_census,,,,
standard,HILARIO HERRERA GOMEZ,2817282869,mobile,trucking/logistics,HOUSTON,TX,fmcsa_census,,,,
standard,DANILO OLIVARES,7865878943,mobile,trucking/logistics,HOUSTON,TX,fmcsa_census,,,,
standard,SANTOS GUAJARDO JR,7139213378,mobile,trucking/logistics,HOUSTON,TX,fmcsa_census,,,,
standard,GARCIA MACHINING SOLUTIONS INC,7138342826,mobile,trucking/logistics,HOUSTON,TX,fmcsa_census,,,,
standard,AYALA'S QUALITY FOOD PRODUCTS INC,7136912676,mobile,trucking/logistics,HOUSTON,TX,fmcsa_census,,,,
standard,ENRIQUE GARZA CASTRUITA,8322587642,mobile,trucking/logistics,HOUSTON,TX,fmcsa_census,,,,
standard,ALVA TRUCKING LLC,9564836579,mobile,trucking/logistics,HOUSTON,TX,fmcsa_census,,,,
standard,RICHARD JENSEN'S FURNITURE DELIVERY SERVICES LLC,2812589326,mobile,trucking/logistics,HOUSTON,TX,fmcsa_census,,,,
standard,AFG TRUCKING LLC,3462123208,mobile,trucking/logistics,HOUSTON,TX,fmcsa_census,,,,
standard,NOE MOVERS LLC,2814593425,mobile,trucking/logistics,HOUSTON,TX,fmcsa_census,,,,
standard,JORGE JR GARCIA,8329440690,mobile,trucking/logistics,HOUSTON,TX,fmcsa_census,,,,
standard,J RUBIO TRUCKING LLC,2817042163,mobile,trucking/logistics,HOUSTON,TX,fmcsa_census,,,,
standard,LORENZO MORALES,2813014364,mobile,trucking/logistics,HOUSTON,TX,fmcsa_census,,,,
standard,SIDJU'S LOGISTICS LLC,9852108306,mobile,trucking/logistics,HOUSTON,TX,fmcsa_census,,,,
standard,THE MEN'S WEARHOUSE LLC,4844679972,mobile,trucking/logistics,HOUSTON,TX,fmcsa_census,,,,
standard,GREGORY K MASSENBURG,8329284587,mobile,trucking/logistics,HOUSTON,TX,fmcsa_census,,,,
standard,FULL PROOF TRUCKING LLC,4044022187,mobile,trucking/logistics,HOUSTON,TX,fmcsa_census,,,,
standard,JUAN J MARES SR,7136951930,mobile,trucking/logistics,HOUSTON,TX,fmcsa_census,,,,
standard,RAM TRANSPORTATION LLC,3466385007,mobile,trucking/logistics,HOUSTON,TX,fmcsa_census,,,,
standard,A & B AUTO ELECTRIC INC,7138989270,mobile,trucking/logistics,HOUSTON,TX,fmcsa_census,,,,
standard,ANTHONY GOODE,8327211942,mobile,trucking/logistics,HOUSTON,TX,fmcsa_census,,,,
standard,LKJ LOGISTICS LLC,2818657441,mobile,trucking/logistics,HOUSTON,TX,fmcsa_census,,,,
standard,PRECISION WELL LOGGING INC,7136813435,mobile,trucking/logistics,HOUSTON,TX,fmcsa_census,,,,
standard,UNION LOGISTICS TX LLC,7132928606,mobile,trucking/logistics,HOUSTON,TX,fmcsa_census,,,,
standard,MXA TRANSPORT LLC,3464440653,mobile,trucking/logistics,HOUSTON,TX,fmcsa_census,,,,
standard,FULL LINE TRANSPORTATION SERVICES INC,7138642818,mobile,trucking/logistics,HOUSTON,TX,fmcsa_census,,,,
standard,JOSE ANGEL GUZMAN JR,7136284881,mobile,trucking/logistics,HOUSTON,TX,fmcsa_census,,,,
standard,J&V GONZALEZ TRUCKING LLC,8325310742,mobile,trucking/logistics,HOUSTON,TX,fmcsa_census,,,,
standard,A & M PALLETS INC,7139558033,mobile,trucking/logistics,HOUSTON,TX,fmcsa_census,,,,
standard,GERARDO CARRIZAL,7139238911,mobile,trucking/logistics,HOUSTON,TX,fmcsa_census,,,,
standard,RACHEL CRESPO HERNANDEZ,7133976948,mobile,trucking/logistics,HOUSTON,TX,fmcsa_census,,,,
standard,GREGORY C BLUITT,4096791599,mobile,trucking/logistics,BEAUMONT,TX,fmcsa_census,,,,
standard,YANCY LOGISTICS,8324252161,mobile,trucking/logistics,WEBSTER,TX,fmcsa_census,,,,
standard,ARMSTRONG LOGISTICS TRUCKING LLC,4097714025,mobile,trucking/logistics,DICKINSON,TX,fmcsa_census,,,,
standard,MIKIE MORRIS,9797771072,mobile,trucking/logistics,BRYAN,TX,fmcsa_census,,,,
standard,BEAUMONT DEMOLITION GROUP INC,4093473366,mobile,trucking/logistics,BEAUMONT,TX,fmcsa_census,,,,
standard,CBW TRANSPORTATION SERVICES LLC,4092734976,mobile,trucking/logistics,BAYTOWN,TX,fmcsa_census,,,,
standard,HOMERO CAVAZOS,2813097383,mobile,trucking/logistics,SAN LEON,TX,fmcsa_census,,,,
standard,JENNIE WILLIAMS MORRIS,4099981828,mobile,trucking/logistics,BEAUMONT,TX,fmcsa_census,,,,
standard,DANIEL HINDMAN,4093500695,mobile,trucking/logistics,VIDOR,TX,fmcsa_census,,,,
standard,MICHELLE LEE LANE LIVING ESTATE TRUST,2819085731,mobile,trucking/logistics,WEBSTER,TX,fmcsa_census,,,,
standard,JOSIAH O ROCHE,4097674072,mobile,trucking/logistics,WINNIE,TX,fmcsa_census,,,,
standard,DUANE PECK,4095049024,mobile,trucking/logistics,VIDOR,TX,fmcsa_census,,,,
standard,CHARLES HINTON,2813486044,mobile,trucking/logistics,DICKINSON,TX,fmcsa_census,,,,
standard,MERRITT ELLIOTT,9367143229,mobile,trucking/logistics,BEDIAS,TX,fmcsa_census,,,,
standard,ZIDA'S TRANSPORTATION SERVICES LLC,7132404163,mobile,trucking/logistics,BRYAN,TX,fmcsa_census,,,,
standard,MULLEN ASPHALT PAVING CO INC,2813392035,mobile,trucking/logistics,SAN LEON,TX,fmcsa_census,,,,
standard,GARY LYNN GIARRAPUTO,4097812028,mobile,trucking/logistics,BEAUMONT,TX,fmcsa_census,,,,
standard,MARIANA CHARLES CISNEROS,4093472229,mobile,trucking/logistics,BEAUMONT,TX,fmcsa_census,,,,
standard,FIRST BAPTIST CHURCH,7135691255,mobile,trucking/logistics,BAYTOWN,TX,fmcsa_census,,,,
standard,Q HAUL TRUCKING LLC,9794926369,mobile,trucking/logistics,BRYAN,TX,fmcsa_census,,,,
standard,LANE DURRANT,9794500022,mobile,trucking/logistics,BRYAN,TX,fmcsa_census,,,,
standard,A H GHOLSON ENTERPRISES LLC,9793933764,mobile,trucking/logistics,COLLEGE STATION,TX,fmcsa_census,,,,
standard,ETA ALLNSTAR LLC,2019274091,mobile,trucking/logistics,BRYAN,TX,fmcsa_census,,,,
standard,B & O LOGISTICS LLC,9794026295,mobile,trucking/logistics,COLLEGE STATION,TX,fmcsa_census,,,,
standard,TOMMY DURENS,9792682560,mobile,trucking/logistics,BRYAN,TX,fmcsa_census,,,,
standard,ADAN TREJO,8325611158,mobile,trucking/logistics,SAN LEON,TX,fmcsa_census,,,,
standard,ORIGINAL WORKS LLC,9794022684,mobile,trucking/logistics,COLLEGE STA,TX,fmcsa_census,,,,
standard,BOWSER ENTERPRISE LLC,9792184855,mobile,trucking/logistics,COLLEGE STA,TX,fmcsa_census,,,,
standard,DIAMOND S DUMP TRUCK SERVICE,4094741397,mobile,trucking/logistics,VIDOR,TX,fmcsa_census,,,,
standard,YELLOW STONE RANCH TRANSPORT LLC,3204449610,mobile,trucking/logistics,LA PORTE,TX,fmcsa_census,,,,
standard,CASTLINOS GOD-SEND LLC,8326933664,mobile,trucking/logistics,BEDIAS,TX,fmcsa_census,,,,
standard,ANTHONY ATZENHOFFER,9363480838,mobile,trucking/logistics,BEDIAS,TX,fmcsa_census,,,,
standard,ALTON HOLDER,7132012763,mobile,trucking/logistics,DICKINSON,TX,fmcsa_census,,,,
standard,A RUBIO LOGISTICS LLC,7135845686,mobile,trucking/logistics,BAYTOWN,TX,fmcsa_census,,,,
standard,SPADACCINI TRUCKING CO,4093380711,mobile,trucking/logistics,BEAUMONT,TX,fmcsa_census,,,,
standard,TSETT KY,8598785950,mobile,trucking/logistics,BAYTOWN,TX,fmcsa_census,,,,
standard,ALL SEASONS COMMERCIAL DIVISION,9032354608,mobile,trucking/logistics,BRYAN,TX,fmcsa_census,,,,
standard,DESTRUCTION CONSTRUCTION LLC,9363555355,mobile,trucking/logistics,BEDIAS,TX,fmcsa_census,,,,
standard,RED CARPET TRUCKING LLC,2542031145,mobile,trucking/logistics,BRYAN,TX,fmcsa_census,,,,
standard,COMPASS DIRECT LOGISTICS LLC,8323049696,mobile,trucking/logistics,LA PORTE,TX,fmcsa_census,,,,
standard,ANTONIO H LEZAMA,7136722397,mobile,trucking/logistics,BEDIAS,TX,fmcsa_census,,,,
standard,TDL TRUCK LINE INC,9793247347,mobile,trucking/logistics,CALDWELL,TX,fmcsa_census,,,,
standard,VENOM TRANSPORT & LOGISTICS LLC,9794361017,mobile,trucking/logistics,COLLEGE STATION,TX,fmcsa_census,,,,
standard,N & L TRUCKING LLC,8329166516,mobile,trucking/logistics,LA PORTE,TX,fmcsa_census,,,,
standard,CYPCO TRANSPORT TX LLC,9015964713,mobile,trucking/logistics,COLLEGE STATION,TX,fmcsa_census,,,,
standard,ROCKIN J TRANSPORT LLC,9792201138,mobile,trucking/logistics,COLLEGE STA,TX,fmcsa_census,,,,
standard,BELEN CONCRETE INC,8327093941,mobile,trucking/logistics,LA PORTE,TX,fmcsa_census,,,,
standard,JC TRUCKING ENTERPRISES,2818185724,mobile,trucking/logistics,PEARLAND,TX,fmcsa_census,,,,
standard,K-5 CARRIERS LLC,9792291830,mobile,trucking/logistics,COLLEGE STATION,TX,fmcsa_census,,,,
standard,RODNEY W BLEDSOE,9797744693,mobile,trucking/logistics,COLLEGE STATION,TX,fmcsa_census,,,,
standard,RAUL CARDOZA,2814924437,mobile,trucking/logistics,KATY,TX,fmcsa_census,,,,
standard,ALDAPE TRANSPORTS LLC,8323988643,mobile,trucking/logistics,PEARLAND,TX,fmcsa_census,,,,
standard,PACKWELL INC,8325974104,mobile,trucking/logistics,LA PORTE,TX,fmcsa_census,,,,
standard,HORACIO C ESPINOZA,9798212781,mobile,trucking/logistics,BRYAN,TX,fmcsa_census,,,,
standard,ASHER DISPATCHING & LOGISTIX LLC,3214586399,mobile,trucking/logistics,BRYAN,TX,fmcsa_census,,,,
standard,WORKHORSE HAULER LLC,8135687959,mobile,trucking/logistics,DEER PARK,TX,fmcsa_census,,,,
standard,JONES HEAVY HAUL LLC,8326839653,mobile,trucking/logistics,PEARLAND,TX,fmcsa_census,,,,
standard,TRUCKING 2000 LOGISTICS LLC,8323300833,mobile,trucking/logistics,DEER PARK,TX,fmcsa_census,,,,
standard,DANIEL ROBINSON,7138063677,mobile,trucking/logistics,LA PORTE,TX,fmcsa_census,,,,
standard,CLUTCH CITY CARRIERS LLC,3463736742,mobile,trucking/logistics,DEER PARK,TX,fmcsa_census,,,,
standard,MELDOX LOGISTICS LLC,9185108668,mobile,trucking/logistics,PEARLAND,TX,fmcsa_census,,,,
standard,M&N TRUCKING,8323056136,mobile,trucking/logistics,BRYAN,TX,fmcsa_census,,,,
standard,ARMANDO CABRERA,3463133277,mobile,trucking/logistics,KATY,TX,fmcsa_census,,,,
standard,DAVID M MCDANIEL,9798205680,mobile,trucking/logistics,BRYAN,TX,fmcsa_census,,,,
standard,786 ARROW LOGISTIC LLC,7135308367,mobile,trucking/logistics,DEER PARK,TX,fmcsa_census,,,,
standard,ELDRED EMIL MCCLENTON,9792297731,mobile,trucking/logistics,COLLEGE STATION,TX,fmcsa_census,,,,
standard,MILITARY MOVERS LLC,8329957888,mobile,trucking/logistics,PEARLAND,TX,fmcsa_census,,,,
standard,ABUNDANT LIFE ENTERPRISE LLC,7132539070,mobile,trucking/logistics,KATY,TX,fmcsa_census,,,,
standard,DEN OF LYONS INC,6309657872,mobile,trucking/logistics,PEARLAND,TX,fmcsa_census,,,,
standard,PLUGGED-IN TRANSPORTATION & SERVICES LLC,9794927037,mobile,trucking/logistics,SNOOK,TX,fmcsa_census,,,,
standard,ON TIME TRANSPORTATION N EXPRESS DELIVERY LLC,8322675068,mobile,trucking/logistics,DEER PARK,TX,fmcsa_census,,,,
standard,WAYNE RAY BLANFORD,9792240164,mobile,trucking/logistics,BRYAN,TX,fmcsa_census,,,,
standard,GIL TRUCKING LLC,2818891547,mobile,trucking/logistics,HOUSTON,TX,fmcsa_census,,,,
standard,BRAZILIAN GROUP LLC,3807104796,mobile,trucking/logistics,HOUSTON,TX,fmcsa_census,,,,
standard,TAJANAE ALEXANDRIA SORRELL,8329961223,mobile,trucking/logistics,HOUSTON,TX,fmcsa_census,,,,
standard,JOE PRESSWOOD CO INC,7132239453,mobile,trucking/logistics,HOUSTON,TX,fmcsa_census,,,,
standard,JERMARCUS MARQUIS BLAKE,6822790909,mobile,trucking/logistics,HOUSTON,TX,fmcsa_census,,,,
standard,NOTHING BUT FAMILY TRANSPORTATON LLC,9014930770,mobile,trucking/logistics,HOUSTON,TX,fmcsa_census,,,,
standard,EDMERLYN TRANSPORT LLC,8329527360,mobile,trucking/logistics,HOUSTON,TX,fmcsa_census,,,,
standard,FANCI BY LANCI LLC,7138571582,mobile,trucking/logistics,HOUSTON,TX,fmcsa_census,,,,
standard,JANIE ESPARZA OR DANIEL CANTU,8328893500,mobile,trucking/logistics,HOUSTON,TX,fmcsa_census,,,,
standard,ETHAN ALEXANDER LLC,8327997894,mobile,trucking/logistics,HOUSTON,TX,fmcsa_census,,,,
standard,BLAST ENERGY SERVICES INC,2814532888,mobile,trucking/logistics,HOUSTON,TX,fmcsa_census,,,,
standard,RANGER CARRIER LLC,7137024177,mobile,trucking/logistics,HOUSTON,TX,fmcsa_census,,,,
standard,TETA'S TRANSPORTATION LLC,8327085724,mobile,trucking/logistics,HOUSTON,TX,fmcsa_census,,,,
standard,MPM EXPRESS LLC,8323462654,mobile,trucking/logistics,HOUSTON,TX,fmcsa_census,,,,
standard,EDGAR IVAN HERNANDEZ,8328050222,mobile,trucking/logistics,HOUSTON,TX,fmcsa_census,,,,
standard,BLOODHOUND TRANSPORTATION LLP,7139968171,mobile,trucking/logistics,HOUSTON,TX,fmcsa_census,,,,
standard,WILLIAM STAR CARRIER LLC,2817602487,mobile,trucking/logistics,HOUSTON,TX,fmcsa_census,,,,
standard,DYNAPORT LOGISTICS INC,7133000194,mobile,trucking/logistics,HOUSTON,TX,fmcsa_census,,,,
standard,JASON COOK,8328967072,mobile,trucking/logistics,HOUSTON,TX,fmcsa_census,,,,
standard,H A W K SERVICES EXPRESS INC,8327315269,mobile,trucking/logistics,HOUSTON,TX,fmcsa_census,,,,
standard,SOUTHERN BELL TRANSPORT,8322158765,mobile,trucking/logistics,HOUSTON,TX,fmcsa_census,,,,
standard,GLOBAL KING TRANSPORTATION SERVICES LLC,3464480682,mobile,trucking/logistics,HOUSTON,TX,fmcsa_census,,,,
standard,PAUL SERGIO GUTIERREZ,7865478995,mobile,trucking/logistics,HOUSTON,TX,fmcsa_census,,,,
standard,"HARBOR LOGISTICS, LLC",3468121570,mobile,trucking/logistics,HOUSTON,TX,fmcsa_census,,,,
standard,TAKE A HOTSHOT TRANSPORTATION,8327417995,mobile,trucking/logistics,HOUSTON,TX,fmcsa_census,,,,
standard,EAST END WASTE SERVICES LLC,8329932776,mobile,trucking/logistics,HOUSTON,TX,fmcsa_census,,,,
standard,AJM FREIGHT & CRATES,7133717645,mobile,trucking/logistics,DEER PARK,TX,fmcsa_census,,,,
standard,MC LOGISTICS LLC,2816873321,mobile,trucking/logistics,KATY,TX,fmcsa_census,,,,
standard,RIGOBERTO RAMOS,2813396090,mobile,trucking/logistics,KATY,TX,fmcsa_census,,,,
standard,DEMIN ZUNIGA,3054909655,mobile,trucking/logistics,DEER PARK,TX,fmcsa_census,,,,
standard,DONNY W RAYBION,9795715291,mobile,trucking/logistics,BRYAN,TX,fmcsa_census,,,,
standard,EF ENTERPRISE & DEVELOPMENTS LLC,8323742145,mobile,trucking/logistics,PEARLAND,TX,fmcsa_census,,,,
standard,KBM AIR CONDITIONING INC,3614851687,mobile,trucking/logistics,VICTORIA,TX,fmcsa_census,,,,
standard,ACOSTA TRANSPORT & LOGISTICS LLC,8323305942,mobile,trucking/logistics,DEER PARK,TX,fmcsa_census,,,,
standard,BLACK DIAMOND DISPATCH LLC,9795716911,mobile,trucking/logistics,COLLEGE STATION,TX,fmcsa_census,,,,
standard,C & J HAULERS,8324654172,mobile,trucking/logistics,PEARLAND,TX,fmcsa_census,,,,
standard,FANDOR EXPRESS,2816176432,mobile,trucking/logistics,KATY,TX,fmcsa_census,,,,
standard,CPI EXPRESS INC,8328778075,mobile,trucking/logistics,DEER PARK,TX,fmcsa_census,,,,
standard,SEVENTY-FIVE EXPRESS LLC,4093508221,mobile,trucking/logistics,BEAUMONT,TX,fmcsa_census,,,,
standard,FO SHO LLC,2817279458,mobile,trucking/logistics,COLLEGE STATION,TX,fmcsa_census,,,,
standard,VICTORIA FARM EQUIPMENT CO INC,9795417258,mobile,trucking/logistics,VICTORIA,TX,fmcsa_census,,,,
standard,MIGUEL ZELAYA,2818155910,mobile,trucking/logistics,KATY,TX,fmcsa_census,,,,
standard,ADRIAN DONYELL MERCHANT,9796760939,mobile,trucking/logistics,COLLEGE STATION,TX,fmcsa_census,,,,
standard,FREDA'S XPRESS,8324915689,mobile,trucking/logistics,COLLEGE STATION,TX,fmcsa_census,,,,
standard,MARK THOMPSON,9367306061,mobile,trucking/logistics,MADISONVILLE,TX,fmcsa_census,,,,
standard,ONDEMAND LOGISTICS SERVICES LLC,3023881215,mobile,trucking/logistics,KATY,TX,fmcsa_census,,,,
standard,ASSESTS LINEAGE AND LEGACY LLC,8329297304,mobile,trucking/logistics,PEARLAND,TX,fmcsa_census,,,,
standard,TEVIS LOGISTICS LLC,4092017990,mobile,trucking/logistics,BEAUMONT,TX,fmcsa_census,,,,
standard,BIG BEAR FREIGHT LLC,4094441544,mobile,trucking/logistics,BEAUMONT,TX,fmcsa_census,,,,
standard,ARNOLDO AGUILLON,9566812339,mobile,trucking/logistics,BEAUMONT,TX,fmcsa_census,,,,
standard,FIDEL BERNAL,3616469669,mobile,trucking/logistics,AUSTWELL,TX,fmcsa_census,,,,
standard,JAMES ALLEN YOUNG,9794121098,mobile,trucking/logistics,SOMERVILLE,TX,fmcsa_census,,,,
standard,RANDY RAMIREZ,9792182609,mobile,trucking/logistics,BRYAN,TX,fmcsa_census,,,,
standard,SOUTHERN INTERMODAL,3252016043,mobile,trucking/logistics,COLLEGE STA,TX,fmcsa_census,,,,
standard,INK RECLAMATION SERVICES,6122519999,mobile,trucking/logistics,DEERPARK,TX,fmcsa_census,,,,
standard,DR EXPRESS INC,3058779930,mobile,trucking/logistics,KATY,TX,fmcsa_census,,,,
standard,MADDOX PROPANE INC,4092843669,mobile,trucking/logistics,BEAUMONT,TX,fmcsa_census,,,,
standard,TRUCKING 2000 LLC,8329738256,mobile,trucking/logistics,DEER PARK,TX,fmcsa_census,,,,
standard,WC WHITNEY TRANSPORTATION INC,2819307752,mobile,trucking/logistics,DEER PARK,TX,fmcsa_census,,,,
standard,ALEXANDER TRUCKING SOLUTIONS LLC,8323431830,mobile,trucking/logistics,KATY,TX,fmcsa_census,,,,
standard,CESAR MANUEL GARZA,3616766515,mobile,trucking/logistics,VICTORIA,TX,fmcsa_census,,,,
standard,IVORY LEE GARRETT,4097907638,mobile,trucking/logistics,BEAUMONT,TX,fmcsa_census,,,,
standard,DIMIITRI DELIVERY SERVICE LLC,7132959998,mobile,trucking/logistics,DEER PARK,TX,fmcsa_census,,,,
standard,SAL'S TREE TRIMMING LLC,3616764731,mobile,trucking/logistics,VICTORIA,TX,fmcsa_census,,,,
standard,JOSEPH ANTHONY VELA,9796611041,mobile,trucking/logistics,SOMERVILLE,TX,fmcsa_census,,,,
standard,JOHN MPORTSIS,7133390783,mobile,trucking/logistics,DEER PARK,TX,fmcsa_census,,,,
standard,JOSUE PEREYRA,8328945286,mobile,trucking/logistics,KATY,TX,fmcsa_census,,,,
standard,BLEX EXCHANGE III GP LLC,9792710259,mobile,trucking/logistics,SOMERVILLE,TX,fmcsa_census,,,,
standard,GIGM TRANSPORTATION LLC,9794468413,mobile,trucking/logistics,COLLEGE STATION,TX,fmcsa_census,,,,
standard,SEAN JOHNSON & LISA JOHNSON,4094540707,mobile,trucking/logistics,BEAUMONT,TX,fmcsa_census,,,,
standard,EXODUS TRUCKING LLC,3372744434,mobile,trucking/logistics,KATY,TX,fmcsa_census,,,,
standard,TANKCO SERVICES OF TEXAS INC,2814780555,mobile,trucking/logistics,DEER PARK,TX,fmcsa_census,,,,
standard,ELIAS LEE URBANOSKY JR,9797773681,mobile,trucking/logistics,SOMERVILLE,TX,fmcsa_census,,,,
standard,WELCH EQUIPMENT LLC,4094668076,mobile,trucking/logistics,BEAUMONT,TX,fmcsa_census,,,,
standard,BK & LK TRUCKING LLC,4094545958,mobile,trucking/logistics,BEAUMONT,TX,fmcsa_census,,,,
standard,RAFTER P AGRISERVICES INC,9797777700,mobile,trucking/logistics,COLLEGE STATION,TX,fmcsa_census,,,,
standard,DAMON KEITH MCVEY,9366623806,mobile,trucking/logistics,MADISONVILLE,TX,fmcsa_census,,,,
standard,MARVIN LAGUNAS TOLEDO,8325334081,mobile,trucking/logistics,KATY,TX,fmcsa_census,,,,
standard,WILMA ANN LANE,9363488483,mobile,trucking/logistics,MADISONVILLE,TX,fmcsa_census,,,,
standard,CHIASSON'S CONTRACTING SERVICES LLC,9854132709,mobile,trucking/logistics,BEAUMONT,TX,fmcsa_census,,,,
standard,SUPERIOR TOWER SERVICES INC,9363949925,mobile,trucking/logistics,IOLA,TX,fmcsa_census,,,,
standard,ABEL CANGAS JR,7134593264,mobile,trucking/logistics,DEER PARK,TX,fmcsa_census,,,,
standard,M&D TERRY INC,5127779145,mobile,trucking/logistics,SOMERVILLE,TX,fmcsa_census,,,,
standard,CEI TRUCKING & EQUIPMENT LLC,9365203472,mobile,trucking/logistics,RICHARDS,TX,fmcsa_census,,,,
standard,JDH AUTO TRANSPORT LLC,2817057138,mobile,trucking/logistics,KATY,TX,fmcsa_census,,,,
standard,DRAKES SERVICE CENTER INC,9363493279,mobile,trucking/logistics,MADISONVILLE,TX,fmcsa_census,,,,
standard,A BATES TRUCKING LLC,9366617989,mobile,trucking/logistics,RICHARDS,TX,fmcsa_census,,,,
standard,BLUE HORIZON SOLUTION RESOURCES LLC,9792553201,mobile,trucking/logistics,BRYAN,TX,fmcsa_census,,,,
standard,SEAYCHEM LLC,2103882544,mobile,trucking/logistics,DEER PARK,TX,fmcsa_census,,,,
standard,MASON SAND AND GRAVEL LLC,3462680654,mobile,trucking/logistics,RICHARDS,TX,fmcsa_census,,,,
standard,JAMES B HARDIN CONSULTING LLC,9797776781,mobile,trucking/logistics,SOMERVILLE,TX,fmcsa_census,,,,
standard,PUSH N FREIGHT TEXAS LLC,7136706883,mobile,trucking/logistics,VICTORIA,TX,fmcsa_census,,,,
standard,JOHNA NANDO ROBINSON,2819957289,mobile,trucking/logistics,KATY,TX,fmcsa_census,,,,
standard,SYMANK ENERGY INC,9363480890,mobile,trucking/logistics,MADISONVILLE,TX,fmcsa_census,,,,
standard,CR MAHAN TRUCKING LLC,3613523538,mobile,trucking/logistics,BLOOMINGTON,TX,fmcsa_census,,,,
standard,D & N LOGISTICS LLC,8328204704,mobile,trucking/logistics,PEARLAND,TX,fmcsa_census,,,,
standard,CHRISTOPHER HUMPHREY,8325120226,mobile,trucking/logistics,DEER PARK,TX,fmcsa_census,,,,
standard,TEXAS STAR TRUCKING LLC,7139725691,mobile,trucking/logistics,DEER PARK,TX,fmcsa_census,,,,
standard,ALL N 1 MOVERS LLC,3466596146,mobile,trucking/logistics,BLOOMINGTON,TX,fmcsa_census,,,,
standard,HELI YASMIN URIOSTIGUE,8327258549,mobile,trucking/logistics,KATY,TX,fmcsa_census,,,,
standard,CHARLES NUNN,8325233642,mobile,trucking/logistics,PEARLAND,TX,fmcsa_census,,,,
standard,BLUES CARGO INC,2813470552,mobile,trucking/logistics,KATY,TX,fmcsa_census,,,,
standard,ANTHONIOS TRANSPORT CORP,9793308973,mobile,trucking/logistics,KATY,TX,fmcsa_census,,,,
standard,BEARTOOTH APIARIES LLC,5125654693,mobile,trucking/logistics,NAVASOTA,TX,fmcsa_census,,,,
standard,STARLINK LOGISTICS LIMITED,7135177677,mobile,trucking/logistics,VICTORIA,TX,fmcsa_census,,,,
standard,JIMMY R POLK TRUCKING LLC,9363482963,mobile,trucking/logistics,MADISONVILLE,TX,fmcsa_census,,,,
standard,ROBERTO CHAVARRIA,2817737702,mobile,trucking/logistics,DEER PARK,TX,fmcsa_census,,,,
standard,HALPAIN TRUCK LINE LLC,9363496916,mobile,trucking/logistics,MADISONVILLE,TX,fmcsa_census,,,,
standard,GR UNLIMITED ENTERPRISES,9792199265,mobile,trucking/logistics,BRYAN,TX,fmcsa_census,,,,
standard,STABILITY,8329432043,mobile,trucking/logistics,PEARLAND,TX,fmcsa_census,,,,
standard,KINGDOM MANUFACTURING LLC,7132083348,mobile,trucking/logistics,HOUSTON,TX,fmcsa_census,,,,
standard,T AND B TRUCKING TRANSPORTATION LLC,3374196976,mobile,trucking/logistics,HOUSTON,TX,fmcsa_census,,,,
standard,GALDINO S HERNANDEZ,7133205923,mobile,trucking/logistics,HOUSTON,TX,fmcsa_census,,,,
standard,RUBEN ELPIDIO ESCOBAR,7132526934,mobile,trucking/logistics,HOUSTON,TX,fmcsa_census,,,,
standard,J&J HEAVY ROTATION LLC,2817790249,mobile,trucking/logistics,HOUSTON,TX,fmcsa_census,,,,
standard,PARADISE SOUTH MORTUARY SERVICES LLC,2819953325,mobile,trucking/logistics,HOUSTON,TX,fmcsa_census,,,,
standard,AMDA TRANSPORT LLC,7139248433,mobile,trucking/logistics,HOUSTON,TX,fmcsa_census,,,,
standard,TRANSPORTE ESPERANZA INC,7138584352,mobile,trucking/logistics,HOUSTON,TX,fmcsa_census,,,,
standard,OK LETS RIDE LLC,8322445539,mobile,trucking/logistics,HOUSTON,TX,fmcsa_census,,,,
standard,MARTIN CASTELLANOS,7138245756,mobile,trucking/logistics,HOUSTON,TX,fmcsa_census,,,,
standard,ABELARDO RAMOS,8326543057,mobile,trucking/logistics,HOUSTON,TX,fmcsa_census,,,,
standard,EAGROUPE LLC,3463605556,mobile,trucking/logistics,HOUSTON,TX,fmcsa_census,,,,
standard,TECON SERVICES INC,7135306264,mobile,trucking/logistics,HOUSTON,TX,fmcsa_census,,,,
standard,BRIGHT SIDE CONSTRUCTION,8323092273,mobile,trucking/logistics,HOUSTON,TX,fmcsa_census,,,,
standard,ROBERT AVILA,7135511902,mobile,trucking/logistics,HOUSTON,TX,fmcsa_census,,,,
standard,ELEN TRUCK LLC,8328069128,mobile,trucking/logistics,HOUSTON,TX,fmcsa_census,,,,
standard,WJ TRIPLE A'S TRANSPORT L L C,8327710993,mobile,trucking/logistics,HOUSTON,TX,fmcsa_census,,,,
standard,KEITHWICK SPILLER,8326303381,mobile,trucking/logistics,HOUSTON,TX,fmcsa_census,,,,
standard,RANGEL RENEWABLES LLC,8323048328,mobile,trucking/logistics,HOUSTON,TX,fmcsa_census,,,,
standard,MAPLE LEAF LOGISTICS LLC,3467751461,mobile,trucking/logistics,HOUSTON,TX,fmcsa_census,,,,
standard,MCHOUSTON TRANSPORTS LLC,8324533180,mobile,trucking/logistics,HOUSTON,TX,fmcsa_census,,,,
standard,KYNN&CO TRANSPORTATION,3463910008,mobile,trucking/logistics,HOUSTON,TX,fmcsa_census,,,,
standard,LRG TRANSPORTATION LLC,8325270251,mobile,trucking/logistics,HOUSTON,TX,fmcsa_census,,,,
standard,RUSSELL PAUL MCFARLIN,8323294787,mobile,trucking/logistics,HOUSTON,TX,fmcsa_census,,,,
standard,J HERNANDEZ JR TRANSPORT LLC,8326775870,mobile,trucking/logistics,HOUSTON,TX,fmcsa_census,,,,
standard,ROBERT BAYER,3616492307,mobile,trucking/logistics,VICTORIA,TX,fmcsa_census,,,,
standard,MOORES TRANSPORT SERVICES LLC,9792551921,mobile,trucking/logistics,COLLEGE STATION,TX,fmcsa_census,,,,
standard,FONSECA'S TRUCKING SERVICES LLC,9795954068,mobile,trucking/logistics,BRYAN,TX,fmcsa_census,,,,
standard,EUSTOLIA C CORONA,3617242111,mobile,trucking/logistics,VICTORIA,TX,fmcsa_census,,,,
standard,ADIAM TRUCKING LLC,5125541952,mobile,trucking/logistics,KATY,TX,fmcsa_census,,,,
standard,WELHAUSEN LEGACY LLC,3165943359,mobile,trucking/logistics,YOAKUM,TX,fmcsa_census,,,,
standard,AEA TRANSPORT TX LLC,5127880195,mobile,trucking/logistics,BRENHAM,TX,fmcsa_census,,,,
standard,LB FIFTY6 SOLUTIONS LLC,9362856146,mobile,trucking/logistics,NAVASOTA,TX,fmcsa_census,,,,
standard,RRE TRUCKING LLC,9795253065,mobile,trucking/logistics,BRENHAM,TX,fmcsa_census,,,,
standard,ANGIE TRANSPORT LLC,3465079026,mobile,trucking/logistics,KATY,TX,fmcsa_census,,,,
standard,H5 TRUCKING & CATTLE LLC,2027949517,mobile,trucking/logistics,YOAKUM,TX,fmcsa_census,,,,
standard,EXPRESS TRUCKING AND BROKERAGE LLC,2025092876,mobile,trucking/logistics,KATY,TX,fmcsa_census,,,,
standard,HAMMER DOWN OILFIELD SERVICES LLC,9794213651,mobile,trucking/logistics,BRENHAM,TX,fmcsa_census,,,,
standard,BIG MAC EXPRESS LLC,8324031766,mobile,trucking/logistics,KATY,TX,fmcsa_census,,,,
standard,HERMES OPERATING TX LLC,8322713480,mobile,trucking/logistics,BRENHAM,TX,fmcsa_census,,,,
standard,ORLIN ERNESTO MELENDEZ RIVERA,9796611767,mobile,trucking/logistics,BRENHAM,TX,fmcsa_census,,,,
standard,KA & KA EXPRESS LLC,8329883267,mobile,trucking/logistics,BRENHAM,TX,fmcsa_census,,,,
standard,M&A OPERATIONS LLC,5122167328,mobile,trucking/logistics,BRENHAM,TX,fmcsa_census,,,,
standard,H H AGRI SERVICES INC,9798366636,mobile,trucking/logistics,BRENHAM,TX,fmcsa_census,,,,
standard,SUMO EMPIRES LLC,8329685852,mobile,trucking/logistics,KATY,TX,fmcsa_census,,,,
standard,KATRINA ADAMS,9795257219,mobile,trucking/logistics,BRENHAM,TX,fmcsa_census,,,,
standard,RANCH HAUS TRUCKING LLC,2107718809,mobile,trucking/logistics,BERGHEIM,TX,fmcsa_census,,,,
standard,YARD DEPOT LLC,9792772898,mobile,trucking/logistics,BRENHAM,TX,fmcsa_census,,,,
standard,BURKETT ARBOR CARE LLC,8302295700,mobile,trucking/logistics,BERGHEIM,TX,fmcsa_census,,,,
standard,TIKVAH LOGISTICS LLC,8327944660,mobile,trucking/logistics,KATY,TX,fmcsa_census,,,,
standard,DNJ TRUCKING LLC,8302495705,mobile,trucking/logistics,BERGHEIM,TX,fmcsa_census,,,,
standard,YF TRANSPORT LLC,3463994046,mobile,trucking/logistics,KATY,TX,fmcsa_census,,,,
standard,ROUTE GENIUS TRANSPORT LLC,8326394053,mobile,trucking/logistics,KATY,TX,fmcsa_census,,,,
standard,MATTHEW MAAS,5127510480,mobile,trucking/logistics,YOAKUM,TX,fmcsa_census,,,,
standard,SOUTH TEXAS AG SERVICES LLC,3612934825,mobile,trucking/logistics,YOAKUM,TX,fmcsa_census,,,,
standard,CHARLIE LARA,4098703409,mobile,trucking/logistics,NAVASOTA,TX,fmcsa_census,,,,
standard,TAYLOR BIT & RENTAL SPCL LLC,9798285086,mobile,trucking/logistics,YOAKUM,TX,fmcsa_census,,,,
standard,GALLEGOS TRUCKING LLC,4073003775,mobile,trucking/logistics,KATY,TX,fmcsa_census,,,,
standard,KING OF OUR RANCH OILFIELD SERVICES LLC,3612938485,mobile,trucking/logistics,YOAKUM,TX,fmcsa_census,,,,
standard,NIX FAMILY ENTERPRISE LLC,4145732259,mobile,trucking/logistics,KATY,TX,fmcsa_census,,,,
standard,SHELS TRUCKING LLC,3618273962,mobile,trucking/logistics,YOAKUM,TX,fmcsa_census,,,,
standard,STAG OILFIELD SERVICES LLC,3612934894,mobile,trucking/logistics,YOAKUM,TX,fmcsa_census,,,,
standard,ATM TRUCKING,7372244254,mobile,trucking/logistics,YOAKUM,TX,fmcsa_census,,,,
standard,FREIGHTACULAR LLC,3468012531,mobile,trucking/logistics,GALVESTON,TX,fmcsa_census,,,,
standard,A & C TRUCKING,9792320165,mobile,trucking/logistics,KATY,TX,fmcsa_census,,,,
standard,TOM SATTERFIELD,8304266888,mobile,trucking/logistics,BIG FOOT,TX,fmcsa_census,,,,
standard,DMR TRANSPORT INC,3464673295,mobile,trucking/logistics,KATY,TX,fmcsa_census,,,,
standard,COLE APPLEGATE,3615225737,mobile,trucking/logistics,YOAKUM,TX,fmcsa_census,,,,
standard,JORGE L GUERRERO SANCHEZ,4322508897,mobile,trucking/logistics,CALLIHAM,TX,fmcsa_census,,,,
standard,CORNELIUS MAYBERRY,2108635899,mobile,trucking/logistics,YOAKUM,TX,fmcsa_census,,,,
standard,JOHNNY WESLEY,9368705283,mobile,trucking/logistics,NAVASOTA,TX,fmcsa_census,,,,
standard,MARTIN MARIN-SILVA,7269997510,mobile,trucking/logistics,BIGFOOT,TX,fmcsa_census,,,,
standard,DELESCO INCORPORATED,4097610450,mobile,trucking/logistics,GALVESTON,TX,fmcsa_census,,,,
standard,JAY V DOOLEY,9368257571,mobile,trucking/logistics,NAVASOTA,TX,fmcsa_census,,,,
standard,DELFINO FLORES,2105426850,mobile,trucking/logistics,BIGFOOT,TX,fmcsa_census,,,,
standard,ETALCA LLC,2818025155,mobile,trucking/logistics,GALVESTON,TX,fmcsa_census,,,,
standard,FRIEDEL DRILLING CO,3612934668,mobile,trucking/logistics,YOAKUM,TX,fmcsa_census,,,,
standard,ANCHOR FLATBED SERVICE LLC,2103077153,mobile,trucking/logistics,BIG FOOT,TX,fmcsa_census,,,,
standard,JUSTIN L ORLANDO,9368251540,mobile,trucking/logistics,NAVASOTA,TX,fmcsa_census,,,,
standard,AHYAAN ENTERPRISES INC,9792606868,mobile,trucking/logistics,BRYAN,TX,fmcsa_census,,,,
standard,KEN'S CONSTRUCTION & MATERIALS INC,3617720623,mobile,trucking/logistics,YOAKUM,TX,fmcsa_census,,,,
standard,ZZP TRUCKING LLC,9368708504,mobile,trucking/logistics,NAVASOTA,TX,fmcsa_census,,,,
standard,MARQUEZ TRUCKING TEXAS LLC,7135157346,mobile,trucking/logistics,KATY,TX,fmcsa_census,,,,
standard,JUDY CONNER,9368706373,mobile,trucking/logistics,NAVASOTA,TX,fmcsa_census,,,,
standard,AMBROS MONTE SERVICES LLC,2106324563,mobile,trucking/logistics,BIGFOOT,TX,fmcsa_census,,,,
standard,J MOORE TRANSPORT LLC,9368705455,mobile,trucking/logistics,NAVASOTA,TX,fmcsa_census,,,,
standard,ADRIANA RECHELLE LAVERGNE,4093501963,mobile,trucking/logistics,BEAUMONT,TX,fmcsa_census,,,,
standard,TM WORKZONE MASONRY LLC,2104227145,mobile,trucking/logistics,ATASCOSA,TX,fmcsa_census,,,,
standard,CS ADVANTAGE USAA INC,2107710720,mobile,trucking/logistics,BRYAN,TX,fmcsa_census,,,,
standard,ANTONE ROHAN III,5056440412,mobile,trucking/logistics,YOAKUM,TX,fmcsa_census,,,,
standard,IVY JOHNSON,9364199308,mobile,trucking/logistics,NAVASOTA,TX,fmcsa_census,,,,
standard,TCLC2022 TRANSPORT LLC,9792048997,mobile,trucking/logistics,BRYAN,TX,fmcsa_census,,,,
standard,LCF TRANSPORTATION LLC,3613080896,mobile,trucking/logistics,YOAKUM,TX,fmcsa_census,,,,
standard,DAWNS PROMISE FARMS INC,9368703838,mobile,trucking/logistics,NAVASOTA,TX,fmcsa_census,,,,
standard,FAITH OUTREACH CHRISTIAN CENTER INTERNATIONAL INC,9368705957,mobile,trucking/logistics,NAVASOTA,TX,fmcsa_census,,,,
standard,AA LUGO TRANSPORT SERVICES CORP,7862603043,mobile,trucking/logistics,ATASCOSA,TX,fmcsa_census,,,,
standard,ADRIAN JIMENEZ GARCIA,8325841581,mobile,trucking/logistics,KATY,TX,fmcsa_census,,,,
standard,J I VARGAS TRANSPORT LLC,3469176135,mobile,trucking/logistics,NAVASOTA,TX,fmcsa_census,,,,
standard,MM3 TRUCKING LLC,9037038312,mobile,trucking/logistics,ATASCOSA,TX,fmcsa_census,,,,
standard,L&TM LLC,7543669272,mobile,trucking/logistics,KATY,TX,fmcsa_census,,,,
standard,LLG ISLAS LOGISTICS LLC,2107085922,mobile,trucking/logistics,ATASCOSA,TX,fmcsa_census,,,,
standard,SPEEDY TRANSPORT & RELOCATE LLC,8329293562,mobile,trucking/logistics,HOUSTON,TX,fmcsa_census,,,,
standard,VEXAPAK L L C,7136711100,mobile,trucking/logistics,HOUSTON,TX,fmcsa_census,,,,
standard,ELIUD ALANIZ,8323881373,mobile,trucking/logistics,HOUSTON,TX,fmcsa_census,,,,
standard,PULLING UP TRUCKING LLC,2815120572,mobile,trucking/logistics,HOUSTON,TX,fmcsa_census,,,,
standard,VICTOR CASTRO,8323721110,mobile,trucking/logistics,HOUSTON,TX,fmcsa_census,,,,
standard,INNOVATIVE COATINGS INC,2817407704,mobile,trucking/logistics,HOUSTON,TX,fmcsa_census,,,,
standard,TEXAS COMPRESSION LLC,7132900202,mobile,trucking/logistics,HOUSTON,TX,fmcsa_census,,,,
standard,SOLARIS WATER MIDSTREAM LLC,4322103828,mobile,trucking/logistics,HOUSTON,TX,fmcsa_census,,,,
standard,BEYOND LEASING LLC,2815360373,mobile,trucking/logistics,HOUSTON,TX,fmcsa_census,,,,
standard,TMT TRANSPORT INC,2812092333,mobile,trucking/logistics,HOUSTON,TX,fmcsa_census,,,,
standard,EARL ROBERTSON JR,3373496350,mobile,trucking/logistics,HOUSTON,TX,fmcsa_census,,,,
standard,LONGHORN TRANSPORTATION SERVICES INC,7049021354,mobile,trucking/logistics,HOUSTON,TX,fmcsa_census,,,,
standard,J & J TRANSPORT LLC,8325250445,mobile,trucking/logistics,HOUSTON,TX,fmcsa_census,,,,
standard,LOUIS TAMBURELLO,7136912375,mobile,trucking/logistics,HOUSTON,TX,fmcsa_census,,,,
standard,PERRY SCALE COMPANY LTD,7139217163,mobile,trucking/logistics,HOUSTON,TX,fmcsa_census,,,,
standard,WILLIS ORGANIZATION LLC,7134809910,mobile,trucking/logistics,HOUSTON,TX,fmcsa_census,,,,
standard,ACN TRANSPORTING LLC,2817804214,mobile,trucking/logistics,HOUSTON,TX,fmcsa_census,,,,
standard,EVERARDO RIOS,7138208415,mobile,trucking/logistics,HOUSTON,TX,fmcsa_census,,,,
standard,VAULT SHIPPING COMPANY,8329560888,mobile,trucking/logistics,HOUSTON,TX,fmcsa_census,,,,
standard,MAAZ TRUCKING LLC,7135422551,mobile,trucking/logistics,HOUSTON,TX,fmcsa_census,,,,
standard,VFS TRUCKING LLC,3467334537,mobile,trucking/logistics,HOUSTON,TX,fmcsa_census,,,,
standard,CITICARE TRANSPORT LLC,2818415018,mobile,trucking/logistics,HOUSTON,TX,fmcsa_census,,,,
standard,YSC SERVICES LLC,8324968971,mobile,trucking/logistics,HOUSTON,TX,fmcsa_census,,,,
standard,J A M DISTRIBUTING COMPANY,8323705469,mobile,trucking/logistics,HOUSTON,TX,fmcsa_census,,,,
standard,ATLAS FENCE COMPANY INC,2818316225,mobile,trucking/logistics,HOUSTON,TX,fmcsa_census,,,,
standard,RDS FREIGHT ROAD SURE LLC,7864241122,mobile,trucking/logistics,HOUSTON,TX,fmcsa_census,,,,
standard,TRANSPORT HD LLC,8323143111,mobile,trucking/logistics,HOUSTON,TX,fmcsa_census,,,,
standard,MARIA LUISA SANCHEZ,8329401744,mobile,trucking/logistics,HOUSTON,TX,fmcsa_census,,,,
standard,DELLIC MAGEE,7817631141,mobile,trucking/logistics,HOUSTON,TX,fmcsa_census,,,,
standard,ST CHARTERS AND BUSES INC,8323897338,mobile,trucking/logistics,HOSUTON,TX,fmcsa_census,,,,
standard,DIAMOND M INC,2815904445,mobile,trucking/logistics,HOUSTON,TX,fmcsa_census,,,,
standard,ROOPWAH TRUCKING LLC,7136285363,mobile,trucking/logistics,HOUSTON,TX,fmcsa_census,,,,
standard,ML EXPRESS LLC,7863665618,mobile,trucking/logistics,KATY,TX,fmcsa_census,,,,
standard,GERARDO ROBLES,2108785349,mobile,trucking/logistics,ATASCOSA,TX,fmcsa_census,,,,
standard,RAUL R MARTINEZ,2103928883,mobile,trucking/logistics,ATASCOSA,TX,fmcsa_census,,,,
standard,EHD LOGISTICS LLC,4094579037,mobile,trucking/logistics,BEAUMONT,TX,fmcsa_census,,,,
standard,JWT TRUCKING ENTERPRISE LLC,4095541073,mobile,trucking/logistics,BEAUMONT,TX,fmcsa_census,,,,
standard,BAYLOR LUMBER AND BUILDING CO INC,9368705840,mobile,trucking/logistics,NAVASOTA,TX,fmcsa_census,,,,
standard,SYLVESTER TRANSPORT LLC,4098679551,mobile,trucking/logistics,BEAUMONT,TX,fmcsa_census,,,,
standard,CELESTINO TRANSPORTATION SERVICES LLC,2105779347,mobile,trucking/logistics,CHARLOTTE,TX,fmcsa_census,,,,
standard,TERESA NANCARROW,9364450018,mobile,trucking/logistics,NAVASOTA,TX,fmcsa_census,,,,
standard,OSMANI A ROMERO,8309657045,mobile,trucking/logistics,DILLEY,TX,fmcsa_census,,,,
standard,NAVASOTA OILFIELD SERVICES INC,9368259403,mobile,trucking/logistics,NAVASOTA,TX,fmcsa_census,,,,
standard,JERMIAH 2913 TRANSPORT LLC,9365379195,mobile,trucking/logistics,NAVASOTA,TX,fmcsa_census,,,,
standard,MTW SERVICES LLC,8305707103,mobile,trucking/logistics,CHARLOTTE,TX,fmcsa_census,,,,
standard,3M EXPRESS TRUCKING LLC,9794922083,mobile,trucking/logistics,NAVASOTA,TX,fmcsa_census,,,,
standard,MELCHICEDEC MORALES,8325287317,mobile,trucking/logistics,BEAUMONT,TX,fmcsa_census,,,,
standard,GIPPO TRUCKING LLC,7022747593,mobile,trucking/logistics,CHARLOTTE,TX,fmcsa_census,,,,
standard,J HUCKLEBERRY INC,2108725590,mobile,trucking/logistics,ATASCOSA,TX,fmcsa_census,,,,
standard,DC TRUCK SALES INC,2106691495,mobile,trucking/logistics,ATASCOSA,TX,fmcsa_census,,,,
standard,EARL LYNN MILLER,4092253849,mobile,trucking/logistics,BEAUMONT,TX,fmcsa_census,,,,
standard,MARK A BAUER,9368706009,mobile,trucking/logistics,NAVASOTA,TX,fmcsa_census,,,,
standard,EDUARDO SERNA ELIZALDE,2108572378,mobile,trucking/logistics,ATASCOSA,TX,fmcsa_census,,,,
standard,TEE FIVE LOCAL RUNS LLC,4095505036,mobile,trucking/logistics,BEAUMONT,TX,fmcsa_census,,,,
standard,ATLAS TRANSPORT LLC,4097828116,mobile,trucking/logistics,BEAUMONT,TX,fmcsa_census,,,,
standard,FRONTIER DEPENDABLE TRUCKING LLC,8322503876,mobile,trucking/logistics,KATY,TX,fmcsa_census,,,,
standard,RAW HAUL TRUCKING & DISPATCH LLC,2102415541,mobile,trucking/logistics,ATASCOSA,TX,fmcsa_census,,,,
standard,RODOLFO A GARCIA,2108620570,mobile,trucking/logistics,DILLEY,TX,fmcsa_census,,,,
standard,BRAHMAN BULL TRANSPORTS LLC,7863048830,mobile,trucking/logistics,KATY,TX,fmcsa_census,,,,
standard,EAGLE OILFIELD SERVICES,8309656507,mobile,trucking/logistics,DILLEY,TX,fmcsa_census,,,,
standard,MORTON DIRECTIONAL LLC,3182865241,mobile,trucking/logistics,BEAUMONT,TX,fmcsa_census,,,,
standard,IT'S ALL GOOD LOGISTICS LLC,7746883003,mobile,trucking/logistics,KATY,TX,fmcsa_census,,,,
standard,FREIGHT KINGS TRANSPORT AND LOGISTICS LLC,4093512735,mobile,trucking/logistics,BEAUMONT,TX,fmcsa_census,,,,
standard,CHARLOTTE ANN VERRETT,4092235135,mobile,trucking/logistics,BEAUMONT,TX,fmcsa_census,,,,
standard,GEORGE NEAL CROSSAN,8304568085,mobile,trucking/logistics,BEORNE,TX,fmcsa_census,,,,
standard,SIMITRIO TETETIA,2106932981,mobile,trucking/logistics,ATASCOSA,TX,fmcsa_census,,,,
standard,NANCY G BROOKS-KREUSSEL,8305701639,mobile,trucking/logistics,CHARLOTTE,TX,fmcsa_census,,,,
standard,ROBIN L R SCHEEL,2103821358,mobile,trucking/logistics,BOERNE,TX,fmcsa_census,,,,
standard,MILLENNIUM PROPERTY MANAGEMENT GROUP LLC,7752258188,mobile,trucking/logistics,BOERNE,TX,fmcsa_census,,,,
standard,T H LACKEY & SONS,8303292411,mobile,trucking/logistics,CENTER POINT,TX,fmcsa_census,,,,
standard,WEST HAULING LLC,2103552205,mobile,trucking/logistics,DEVINE,TX,fmcsa_census,,,,
standard,MJA ENTERPRISES LLC,4093630835,mobile,trucking/logistics,BEAUMONT,TX,fmcsa_census,,,,
standard,HYGINIO MORENO,9562356455,mobile,trucking/logistics,DEVINE,TX,fmcsa_census,,,,
standard,DAVID M BARCLAY,2104107376,mobile,trucking/logistics,COMFORT,TX,fmcsa_census,,,,
standard,GARY LONG,3614491780,mobile,trucking/logistics,GEORGE WEST,TX,fmcsa_census,,,,
standard,DERRELL ISAACS,8704806905,mobile,trucking/logistics,DILLEY,TX,fmcsa_census,,,,
standard,RED HAWK ENERGY SERVICES LLC,8708344612,mobile,trucking/logistics,DILLEY,TX,fmcsa_census,,,,
standard,B & C EXPRESS TRUCKING LLC,3617209933,mobile,trucking/logistics,ENCINAL,TX,fmcsa_census,,,,
standard,PRIME JP LLC,8325816342,mobile,trucking/logistics,KATY,TX,fmcsa_census,,,,
standard,EF AGGREGATE LLC,9562650166,mobile,trucking/logistics,DILLEY,TX,fmcsa_census,,,,
standard,MILAN TRUCKING & LOGISTICS COMPANY LLC,3465278108,mobile,trucking/logistics,KATY,TX,fmcsa_census,,,,
standard,ORION TRUCKING SERVICES LLC,2104308248,mobile,trucking/logistics,DEVINE,TX,fmcsa_census,,,,
standard,SAMAX EXPRESS INC,9562318868,mobile,trucking/logistics,LAREDO,TX,fmcsa_census,,,,
standard,PETER PENA,2103555055,mobile,trucking/logistics,PEARS ALL,TX,fmcsa_census,,,,
standard,CASTLE TRANSPORT & LOGISTICS LLC,9562375499,mobile,trucking/logistics,LAREDO,TX,fmcsa_census,,,,
standard,EL BUEN SAMARITANO MIGRANTE,9569991381,mobile,trucking/logistics,LAREDO,TX,fmcsa_census,,,,
standard,IRAM RODRIGUEZ,9563378898,mobile,trucking/logistics,LAREDO,TX,fmcsa_census,,,,
standard,AURELIO ROBERTO PENAFIEL,2818711425,mobile,trucking/logistics,KATY,TX,fmcsa_census,,,,
standard,1581 ENERGY SERVICES LLC,8303176428,mobile,trucking/logistics,PEARSALL,TX,fmcsa_census,,,,
standard,TRG INTERNATIONAL INC,9568784827,mobile,trucking/logistics,LAREDO,TX,fmcsa_census,,,,
standard,I SHIP TX LLC,2035008300,mobile,trucking/logistics,KATY,TX,fmcsa_census,,,,
standard,GOJI GROUP LLC,7863075673,mobile,trucking/logistics,KATY,TX,fmcsa_census,,,,
standard,CRUZ TRUCKING LLC,9089663336,mobile,trucking/logistics,KATY,TX,fmcsa_census,,,,
standard,ARAMIS VICENTE TAMAYO,9568980217,mobile,trucking/logistics,LAREDO,TX,fmcsa_census,,,,
standard,OSMEY GUILLEN,7868008896,mobile,trucking/logistics,KATY,TX,fmcsa_census,,,,
standard,GEORGE VASQUEZ SR,8304449705,mobile,trucking/logistics,PEARSALL,TX,fmcsa_census,,,,
standard,5J ELITE TRANSPORT LLC,8302768518,mobile,trucking/logistics,PEARSALL,TX,fmcsa_census,,,,
standard,SMITH & CEDRE TRUCKING LLC,7864428046,mobile,trucking/logistics,LAREDO,TX,fmcsa_census,,,,
standard,THOMAS EDWARD DILLARD JR,2103552498,mobile,trucking/logistics,PLEASANTON,TX,fmcsa_census,,,,
standard,ER & BROS XPRESS LLC,9566938281,mobile,trucking/logistics,LAREDO,TX,fmcsa_census,,,,
standard,ON THE FARM INC,8305700773,mobile,trucking/logistics,PLEASANTON,TX,fmcsa_census,,,,
standard,THOMAS GRASS OF TEXAS LLC,8307694930,mobile,trucking/logistics,PLEASANTON,TX,fmcsa_census,,,,
standard,CACTUS ROPES INC,8305698744,mobile,trucking/logistics,PLEASANTON,TX,fmcsa_census,,,,
standard,MC ALLSTREAM LLC,8303996717,mobile,trucking/logistics,PLEASANTON,TX,fmcsa_census,,,,
standard,TE & A TRUCKING LLC,8324343599,mobile,trucking/logistics,KATY,TX,fmcsa_census,,,,
standard,MARTIN RAZO,2109989526,mobile,trucking/logistics,PEARSAL,TX,fmcsa_census,,,,
standard,PASA TRANSPORT LLC,9565264143,mobile,trucking/logistics,LAREDO,TX,fmcsa_census,,,,
standard,DUPUY STORAGE HOUSTON LLC,8324951036,mobile,trucking/logistics,HOUSTON,TX,fmcsa_census,,,,
standard,ASAP COURIER SERVICE,7134293957,mobile,trucking/logistics,HOUSTON,TX,fmcsa_census,,,,
standard,THE LESART GROUP LLC,8329048399,mobile,trucking/logistics,HOUSTON,TX,fmcsa_census,,,,
standard,HATCHET HOTSHOT LLC,3462833230,mobile,trucking/logistics,HOUSTON,TX,fmcsa_census,,,,
standard,FRANCISCO TOBIAS,2819600406,mobile,trucking/logistics,HOUSTON,TX,fmcsa_census,,,,
standard,MDM ASSOCIATES LLC,8324196634,mobile,trucking/logistics,HOUSTON,TX,fmcsa_census,,,,
standard,HOUSTON WELDERS SUPPLY LLC,7136724467,mobile,trucking/logistics,HOUSTON,TX,fmcsa_census,,,,
standard,DTR TRUCKING LLC,6629343663,mobile,trucking/logistics,HOUSTON,TX,fmcsa_census,,,,
standard,UNIFIED INTERMODAL TRANSPORT INC,7136784848,mobile,trucking/logistics,HOUSTON,TX,fmcsa_census,,,,
standard,EIGHTY TWO TRANSPORTATION LLC,3059859262,mobile,trucking/logistics,HOUSTON,TX,fmcsa_census,,,,
standard,CEASOR L DANIELS,2812260117,mobile,trucking/logistics,HOUSTON,TX,fmcsa_census,,,,
standard,MULTISTREAM ENTERPRISES,3462184817,mobile,trucking/logistics,HOUSTON,TX,fmcsa_census,,,,
standard,HEBERT CESPEDES,3462706616,mobile,trucking/logistics,HOUSTON,TX,fmcsa_census,,,,
standard,JAMES FORD,3464356678,mobile,trucking/logistics,HOUSTON,TX,fmcsa_census,,,,
standard,CASTOR TRUCKING LLC,2818279576,mobile,trucking/logistics,HOUSTON,TX,fmcsa_census,,,,
standard,IMPACT SOLUTIONS LLC,7132400042,mobile,trucking/logistics,HOUSTON,TX,fmcsa_census,,,,
standard,PERLA PULIDO,7135513717,mobile,trucking/logistics,HOUSTON,TX,fmcsa_census,,,,
standard,N2IT CONTAINERS LLC,2819041178,mobile,trucking/logistics,HOUSTON,TX,fmcsa_census,,,,
standard,OMNI LOGISTICS INC,2812099228,mobile,trucking/logistics,HOUSTON,TX,fmcsa_census,,,,
standard,JANFER FRUTIS,8329698456,mobile,trucking/logistics,HOUSTON,TX,fmcsa_census,,,,
standard,KSK LOGISTICS LLC,7864999641,mobile,trucking/logistics,HOUSTON,TX,fmcsa_census,,,,
standard,H&O TRANSPORTATION LLC,3463658091,mobile,trucking/logistics,HOUSTON,TX,fmcsa_census,,,,
standard,PHUOC TRAN,7133674096,mobile,trucking/logistics,HOUSTON,TX,fmcsa_census,,,,
standard,WIGGINS HOT SHOT INC,7134197413,mobile,trucking/logistics,HOUSTON,TX,fmcsa_census,,,,
standard,FLOW CHEM TECHNOLOGIES LLC,3378491513,mobile,trucking/logistics,PLEASANTON,TX,fmcsa_census,,,,
standard,MODERN TRANSPORTS LLC,9563012782,mobile,trucking/logistics,LAREDO,TX,fmcsa_census,,,,
standard,FLORIDA TRANSPORT INC,8304441104,mobile,trucking/logistics,PEARSALL,TX,fmcsa_census,,,,
standard,GEORGE BENAVIDES III,5127226010,mobile,trucking/logistics,LAREDO,TX,fmcsa_census,,,,
standard,REALONE LLC,8328445557,mobile,trucking/logistics,KATY,TX,fmcsa_census,,,,
standard,ACAVE COMPANIES INC,2105086588,mobile,trucking/logistics,PLEASANTON,TX,fmcsa_census,,,,
standard,FRINDY TRANSPORT LLC,7132618890,mobile,trucking/logistics,KATY,TX,fmcsa_census,,,,
standard,D & H TRUCKING INC,8305700886,mobile,trucking/logistics,PLEASANTON,TX,fmcsa_census,,,,
standard,GOD'S WILL ENTERPRISE,2819355060,mobile,trucking/logistics,KATY,TX,fmcsa_census,,,,
standard,LONG HAUL DISPATCH LLC,8303280696,mobile,trucking/logistics,LAKEHILLS,TX,fmcsa_census,,,,
standard,JESSE FAVELLA,2105489011,mobile,trucking/logistics,PLEASANTON,TX,fmcsa_census,,,,
standard,MOORE FARM TRUCKING LLC,2105525589,mobile,trucking/logistics,PLEASANTON,TX,fmcsa_census,,,,
standard,DAVID L RIOS,2106932202,mobile,trucking/logistics,PEARSALL,TX,fmcsa_census,,,,
standard,ARMANDO VALDEZ,8303341434,mobile,trucking/logistics,PEARSALL,TX,fmcsa_census,,,,
standard,JCM HAULER LLC,8322310635,mobile,trucking/logistics,PEARSALL,TX,fmcsa_census,,,,
standard,JENE FREEMAN ORTIZ,13252264304,mobile,trucking/logistics,LAKEHILLS,TX,fmcsa_census,,,,
standard,5A IN MOTION A TEXAS LIMITED LIABILITY COMPANY,9566458333,mobile,trucking/logistics,LAREDO,TX,fmcsa_census,,,,
standard,RAIL PLUS LLC,9569497737,mobile,trucking/logistics,LAREDO,TX,fmcsa_census,,,,
standard,GOOD JOB TRANSPORT LLC,9564361634,mobile,trucking/logistics,LAREDO,TX,fmcsa_census,,,,
standard,LA PARCELA DE GAYTAN LLC,8305699569,mobile,trucking/logistics,PLEASANTON,TX,fmcsa_census,,,,
standard,ILOADS LLC,4046602627,mobile,trucking/logistics,LAREDO,TX,fmcsa_census,,,,
standard,MURLEY TRANSPORT LLC,8303571577,mobile,trucking/logistics,PIPE CREEK,TX,fmcsa_census,,,,
standard,MAXIMINO VELASQUEZ,7139225053,mobile,trucking/logistics,KATY,TX,fmcsa_census,,,,
standard,CISNEROS TRANSPORT LLC,9562869125,mobile,trucking/logistics,LAREDO,TX,fmcsa_census,,,,
standard,UST TRANSPORTS LLC,5042409539,mobile,trucking/logistics,KATY,TX,fmcsa_census,,,,
standard,B&E HOTSHOT SERVICES LLC,9564363964,mobile,trucking/logistics,LAREDO,TX,fmcsa_census,,,,
standard,L&L CARRIERS LLC,9563015720,mobile,trucking/logistics,LAREDO,TX,fmcsa_census,,,,
standard,JOSE S RODRIGUEZ,2813827587,mobile,trucking/logistics,KATY,TX,fmcsa_census,,,,
standard,6A TRUCKING LLC,9562827728,mobile,trucking/logistics,LAREDO,TX,fmcsa_census,,,,
standard,BILLY BIEDERMANN,2103731849,mobile,trucking/logistics,PIPE CREEK,TX,fmcsa_census,,,,
standard,SMART TRANSPORTATION USA LLC,9564415456,mobile,trucking/logistics,LAREDO,TX,fmcsa_census,,,,
standard,KERRY HITCHCOCK,8305709403,mobile,trucking/logistics,PLEASANTON,TX,fmcsa_census,,,,
standard,GOD WARRIOR TRANSPORT LLC,9567860163,mobile,trucking/logistics,LAREDO,TX,fmcsa_census,,,,
standard,TRANSPORTES SAE LLC,9562128497,mobile,trucking/logistics,KATY,TX,fmcsa_census,,,,
standard,NP & AC TRUCKING INC,9562702193,mobile,trucking/logistics,PLEASANTON,TX,fmcsa_census,,,,
standard,R&S VACUUM SERVICES LLC,2816302194,mobile,trucking/logistics,LAREDO,TX,fmcsa_census,,,,
standard,HELEN VALDEZ & ROBERTO PEQUENO,2102501962,mobile,trucking/logistics,PEARSALL,TX,fmcsa_census,,,,
standard,LA GALERA INCORPORATED,9567536644,mobile,trucking/logistics,LAREDO,TX,fmcsa_census,,,,
standard,EBJ TRANSPORTATION LLC,9564222020,mobile,trucking/logistics,SAN YGNACIO,TX,fmcsa_census,,,,
standard,TRANSPORTES SUAREZ LLC,9565264606,mobile,trucking/logistics,LAREDO,TX,fmcsa_census,,,,
standard,TRAVIS KLAASSEN,8305892956,mobile,trucking/logistics,MEDINA,TX,fmcsa_census,,,,
standard,HEINEN CONSTRUCTION LLC,8305892723,mobile,trucking/logistics,MEDINA,TX,fmcsa_census,,,,
standard,DIEGO SANCHEZ JR,9562869347,mobile,trucking/logistics,COTULLA,TX,fmcsa_census,,,,
standard,REX SHOTS LLC,3464200674,mobile,trucking/logistics,KATY,TX,fmcsa_census,,,,
standard,TNT FURNITURE,8304601968,mobile,trucking/logistics,MEDINA,TX,fmcsa_census,,,,
standard,CARDOSO LOGISTICS LLC,8322973561,mobile,trucking/logistics,KATY,TX,fmcsa_census,,,,
standard,GOLDEN SERVICE LINE LLC,7135571746,mobile,trucking/logistics,KATY,TX,fmcsa_census,,,,
standard,ALAMO OILFIELD SERVICES LLC,2105420970,mobile,trucking/logistics,PLEASANTON,TX,fmcsa_census,,,,
standard,PRESS ON LLC,3852837800,mobile,trucking/logistics,RIO MEDINA,TX,fmcsa_census,,,,
standard,VITELA LOGISTICS LLC,9567781121,mobile,trucking/logistics,LAREDO,TX,fmcsa_census,,,,
standard,ELITE TRANSPORT HOT SHOT SERVICES LLC,8327734839,mobile,trucking/logistics,KATY,TX,fmcsa_census,,,,
standard,VCG SOUTHERN HOLDINGS LLC,9562022827,mobile,trucking/logistics,PIPE CREEK,TX,fmcsa_census,,,,
standard,C HEARN ENTERPRISES LLC,8302027100,mobile,trucking/logistics,COTULLA,TX,fmcsa_census,,,,
standard,D & L AUTO TRANS LLC,4076682215,mobile,trucking/logistics,KATY,TX,fmcsa_census,,,,
standard,MIDTEX TRANSPORTATION INC,8172913201,mobile,trucking/logistics,COTULLA,TX,fmcsa_census,,,,
standard,CYNTHIA G HERNANDEZ,9563240203,mobile,trucking/logistics,LAREDO,TX,fmcsa_census,,,,
standard,DOFAL LOGISTICS LLC,9562206981,mobile,trucking/logistics,LAREDO,TX,fmcsa_census,,,,
standard,CNJ TRUCKING INC,9562519523,mobile,trucking/logistics,LAREDO,TX,fmcsa_census,,,,
standard,RR BACKHOE SERVICES LLC,8302815940,mobile,trucking/logistics,PLEASANTON,TX,fmcsa_census,,,,
standard,M & V TRANSPORT SERVICES LLC,7132069184,mobile,trucking/logistics,KATY,TX,fmcsa_census,,,,
standard,AURORA BERRONES,2104344619,mobile,trucking/logistics,POTEET,TX,fmcsa_census,,,,
standard,JML CONSTRUCTION LLC,8304818053,mobile,trucking/logistics,POTEET,TX,fmcsa_census,,,,
standard,FLORENTINO ABREGO,8306731700,mobile,trucking/logistics,POTEET,TX,fmcsa_census,,,,
standard,Z C CAT OILFIELD SERVICES LLC,9567659320,mobile,trucking/logistics,SAN YGNACIO,TX,fmcsa_census,,,,
standard,SKYRANCH TRUCKING LLC,9563082811,mobile,trucking/logistics,LAREDO,TX,fmcsa_census,,,,
standard,TIMEKEEPERS INC,2103865700,mobile,trucking/logistics,COTULLA,TX,fmcsa_census,,,,
standard,JD&C TRANSPORT LLC,3057987429,mobile,trucking/logistics,KATY,TX,fmcsa_census,,,,
standard,MICHAEL FULGHUM,2102756410,mobile,trucking/logistics,LAKEHILLS,TX,fmcsa_census,,,,
standard,CHRIS JENSCHKE ENTERPRISES LTD,2102600738,mobile,trucking/logistics,POTEET,TX,fmcsa_census,,,,
standard,OXCART GROUP LLC,9563348892,mobile,trucking/logistics,LAREDO,TX,fmcsa_census,,,,
standard,SMART GAS SYSTEMS LLC,3618855455,mobile,trucking/logistics,TILDEN,TX,fmcsa_census,,,,
standard,NEMANJA SUKOVIC,8322655493,mobile,trucking/logistics,HOUSTON,TX,fmcsa_census,,,,
standard,JUAN CARLOS SURA,7136788479,mobile,trucking/logistics,HOUSTON,TX,fmcsa_census,,,,
standard,ROD AND BROS TRUCKING LLC,8326051678,mobile,trucking/logistics,HOUSTON,TX,fmcsa_census,,,,
standard,SCANTRON ROBOTICS USA INC,4123341717,mobile,trucking/logistics,HOUSTON,TX,fmcsa_census,,,,
standard,EL DORADO PAVING COMPANY INC,2814490700,mobile,trucking/logistics,HOUSTON,TX,fmcsa_census,,,,
standard,SAMULA ELIZABETH COLEMAN,8323090939,mobile,trucking/logistics,HOUSTON,TX,fmcsa_census,,,,
standard,FKT LOGISTICS LLC,2816664218,mobile,trucking/logistics,HOUSTON,TX,fmcsa_census,,,,
standard,IGG TRANSPORT LLC,7132919835,mobile,trucking/logistics,HOUSTON,TX,fmcsa_census,,,,
standard,SUZANNE E WEXLER,8328051435,mobile,trucking/logistics,HOUSTON,TX,fmcsa_census,,,,
standard,INFINITY AUTO TRANSPORT LTD CO,8328513370,mobile,trucking/logistics,HOUSTON,TX,fmcsa_census,,,,
standard,ALL OUT TRANSPORTATION SERVICES LLC,2818326079,mobile,trucking/logistics,HOUSTON,TX,fmcsa_census,,,,
standard,ROBJMAR TRUCKING LLC,3463167073,mobile,trucking/logistics,HOUSTON,TX,fmcsa_census,,,,
standard,JULIAN BAZALDUA,8324982225,mobile,trucking/logistics,HOUSTON,TX,fmcsa_census,,,,
standard,SABINO SOTO,7132037195,mobile,trucking/logistics,HOUSTON,TX,fmcsa_census,,,,
standard,REAL ONE TRUCKING LLC,2817800688,mobile,trucking/logistics,HOUSTON,TX,fmcsa_census,,,,
standard,ELITE TRANSPORT SERVICES LLC,8328710697,mobile,trucking/logistics,HOUSTON,TX,fmcsa_census,,,,
standard,PRIMETIME FREIGHT SERVICES INC,9562067007,mobile,trucking/logistics,LAREDO,TX,fmcsa_census,,,,
standard,CORY MARTZ TRUCKING LLC,9563246587,mobile,trucking/logistics,LAREDO,TX,fmcsa_census,,,,
standard,BOBBY ENDSLEY,8707401673,mobile,trucking/logistics,THREE RIVERS,TX,fmcsa_census,,,,
standard,MAKOLE DALEO LLC,8178194138,mobile,trucking/logistics,POTEET,TX,fmcsa_census,,,,
standard,PEDRO SALINAS TRUCKING,2109246627,mobile,trucking/logistics,LYTLE,TX,fmcsa_census,,,,
standard,JOSE LUIS PALACIOS,9562377960,mobile,trucking/logistics,LAREDO,TX,fmcsa_census,,,,
standard,SG TRUCKING,2103882811,mobile,trucking/logistics,LYTLE,TX,fmcsa_census,,,,
standard,ALP SERVICE LLC,7135394940,mobile,trucking/logistics,KATY,TX,fmcsa_census,,,,
standard,TEXAS TRUCKIN LLC,3463879484,mobile,trucking/logistics,KATY,TX,fmcsa_census,,,,
standard,XAVIER ROMAN PADIN,2104255731,mobile,trucking/logistics,POTEET,TX,fmcsa_census,,,,
standard,FLORENCIO QUINTANA,9567170291,mobile,trucking/logistics,LAREDO,TX,fmcsa_census,,,,
standard,TRIPLE CROSS CONSIGNMENT LLC,9567746268,mobile,trucking/logistics,LAREDO,TX,fmcsa_census,,,,
standard,FERNANDO RUIZ JR,2104348413,mobile,trucking/logistics,PLEASANTON,TX,fmcsa_census,,,,
standard,IVRA EXPRESS INC,9567232016,mobile,trucking/logistics,LAREDO,TX,fmcsa_census,,,,
standard,MGLOPEZ LLC,2103139416,mobile,trucking/logistics,POTEET,TX,fmcsa_census,,,,
standard,K-BAR SERVICES INC,2107104790,mobile,trucking/logistics,PLEASANTON,TX,fmcsa_census,,,,
standard,MARIA D GUZMAN,2103737509,mobile,trucking/logistics,PLEASANTON,TX,fmcsa_census,,,,
standard,FREDERICK GIERISCH,8309663794,mobile,trucking/logistics,COTULLA,TX,fmcsa_census,,,,
standard,CONNIE LOPEZ,2103800973,mobile,trucking/logistics,POTEET,TX,fmcsa_census,,,,
standard,JOLLY LOGISTICS LLC,3462186714,mobile,trucking/logistics,KATY,TX,fmcsa_census,,,,
standard,ARMAND HUIZAR,8302009443,mobile,trucking/logistics,PLEASANTON,TX,fmcsa_census,,,,
standard,PEDRO FRANCISCO VARGAS,9562865647,mobile,trucking/logistics,LAREDO,TX,fmcsa_census,,,,
standard,SS EQUIPMENT SERVICES II LLC,8308794784,mobile,trucking/logistics,COTULLA,TX,fmcsa_census,,,,
standard,EMS TRUCKING LLC,8304802836,mobile,trucking/logistics,POTEET,TX,fmcsa_census,,,,
standard,K & A TRANSPORTATION LLC,8323108821,mobile,trucking/logistics,KATY,TX,fmcsa_census,,,,
standard,HENRY GILBERT AYALA,8303221603,mobile,trucking/logistics,COTULLA,TX,fmcsa_census,,,,
standard,CALIFORNIA PET GALAXY INC,8308855335,mobile,trucking/logistics,SPRING BRANCH,TX,fmcsa_census,,,,
standard,DIEGO HOMERO GONZALEZ,9562656730,mobile,trucking/logistics,ZAPATA,TX,fmcsa_census,,,,
standard,OSVALDO CERRILLO,9567742741,mobile,trucking/logistics,LAREDO,TX,fmcsa_census,,,,
standard,RTP LOGISTICS LLC,8307081646,mobile,trucking/logistics,SPRING BRANCH,TX,fmcsa_census,,,,
standard,SPECIALIZED TRANSPORTATION SOLUTIONS,7025210886,mobile,trucking/logistics,LAREDO,TX,fmcsa_census,,,,
standard,ISIDRO REA,2106072378,mobile,trucking/logistics,VON ORMY,TX,fmcsa_census,,,,
standard,ELITE LOGISTICS SOLUTIONS LLC,8038070968,mobile,trucking/logistics,SAN ANTONIO,TX,fmcsa_census,,,,
standard,REITTI TRANSPORT LLC,2105568044,mobile,trucking/logistics,VON ORMY,TX,fmcsa_census,,,,
standard,PENDERGRASS LOGISTICS LLC,2109353126,mobile,trucking/logistics,CIBOLO,TX,fmcsa_census,,,,
standard,MODERN CONSTRUCTION INC,9562061888,mobile,trucking/logistics,LAREDO,TX,fmcsa_census,,,,
standard,CONVOY TRANSPORTATION & LOGISTICS LLC,9548644142,mobile,trucking/logistics,CIBOLO,TX,fmcsa_census,,,,
standard,5 POINT OUTSOURCING GROUP LLC,2107273156,mobile,trucking/logistics,SPRING BRANCH,TX,fmcsa_census,,,,
standard,FISHERS HEAVY HAULING SERVICES LLC,9794224997,mobile,trucking/logistics,CONVERSE,TX,fmcsa_census,,,,
standard,BRENDA P BENAVIDES,9562351962,mobile,trucking/logistics,LAREDO,TX,fmcsa_census,,,,
standard,AMBASSADOR FREIGHT SERVICE LLC,2102599875,mobile,trucking/logistics,CIBOLO,TX,fmcsa_census,,,,
standard,JETT TRANSPORT & MATERIALS LLC,2108720264,mobile,trucking/logistics,VON ORMY,TX,fmcsa_census,,,,
standard,TENTION & SONS TRUCKING LLC,4437142374,mobile,trucking/logistics,CIBOLO,TX,fmcsa_census,,,,
standard,R GONZALES TRANSPORT LLC,2105608687,mobile,trucking/logistics,FLORESVILLE,TX,fmcsa_census,,,,
standard,FLORESVILLE ELECTRIC LIGHT & POWER SYSTEM,8307308294,mobile,trucking/logistics,FLORESVILLE,TX,fmcsa_census,,,,
standard,QUICK ROUTE LLC,2106059857,mobile,trucking/logistics,VON ORMY,TX,fmcsa_census,,,,
standard,RICH BIRD HAULING LLC,4098882105,mobile,trucking/logistics,FLORESVILLE,TX,fmcsa_census,,,,
standard,RE TRANSPORT LOGISTICS LLC,2109028788,mobile,trucking/logistics,VON ORMY,TX,fmcsa_census,,,,
standard,CHARLES KEITH VICKREY,2105739020,mobile,trucking/logistics,SPRINGBRANCH,TX,fmcsa_census,,,,
standard,BENITO L PENA,9568441163,mobile,trucking/logistics,ZAPATA,TX,fmcsa_census,,,,
standard,A & O TRUCKING LLC,2102753671,mobile,trucking/logistics,VON ORMY,TX,fmcsa_census,,,,
standard,GILBERT MORALES,7135052050,mobile,trucking/logistics,KATY,TX,fmcsa_census,,,,
standard,BOREL CUTTING EDGE LOGISTICS LLC,8303173105,mobile,trucking/logistics,CIBOLO,TX,fmcsa_census,,,,
standard,ABEL MARTINEZ JR,2108604371,mobile,trucking/logistics,FLORESVILLE,TX,fmcsa_census,,,,
standard,NAVA GROUP & LOGISTICS LLC,9569990803,mobile,trucking/logistics,LAREDO,TX,fmcsa_census,,,,
standard,VGR LOGISTICS LLC,9563265538,mobile,trucking/logistics,LAREDO,TX,fmcsa_census,,,,
standard,BARBOSA TRANSPORT LLC,9567759133,mobile,trucking/logistics,LAREDO,TX,fmcsa_census,,,,
standard,91 LOGISTICS LLC,9564808027,mobile,trucking/logistics,ZAPATA,TX,fmcsa_census,,,,
standard,OSCAR FERNANDEZ OF TEXAS INC,9562357416,mobile,trucking/logistics,LAREDO,TX,fmcsa_census,,,,
standard,TRUCKING WAYS,7133206362,mobile,trucking/logistics,HOUSTON,TX,fmcsa_census,,,,
standard,SUCCESSFUL MOVERS LLC,8328725199,mobile,trucking/logistics,HOUSTON,TX,fmcsa_census,,,,
standard,BLACK STAR LINE LOGISTICS LLC,3465054164,mobile,trucking/logistics,HOUSTON,TX,fmcsa_census,,,,
standard,TRANSGLOBAL CONNECT LLC,3469715250,mobile,trucking/logistics,HOUSTON,TX,fmcsa_census,,,,
standard,C & S RAYMOND BROKERAGE AND FREIGHT LOGISTICS LLC,8325381209,mobile,trucking/logistics,HOUSTON,TX,fmcsa_census,,,,
standard,NOLLEY & COMPANY LLC,8327929405,mobile,trucking/logistics,HOUSTON,TX,fmcsa_census,,,,
standard,OSHIAN ROYAL TRANSPORT LLC,2815157467,mobile,trucking/logistics,HOUSTON,TX,fmcsa_census,,,,
standard,JULIO D ROMERO,8325736742,mobile,trucking/logistics,HOUSTON,TX,fmcsa_census,,,,
standard,SAWMYLL LOGISTICS LLC,8325796989,mobile,trucking/logistics,HOUSTON,TX,fmcsa_census,,,,
standard,ROSALES HAULING LLC,8139003139,mobile,trucking/logistics,HOUSTON,TX,fmcsa_census,,,,
standard,T-N-T TRANSPORTATION,2817796711,mobile,trucking/logistics,HOUSTON,TX,fmcsa_census,,,,
standard,LED TRANSPORT SOLUTIONS INC,2818301544,mobile,trucking/logistics,HOUSTON,TX,fmcsa_census,,,,
standard,DASADA FREIGHT LLC,8323809984,mobile,trucking/logistics,HOUSTON,TX,fmcsa_census,,,,
standard,WARRIOR LOGISTICS LLC,2818022256,mobile,trucking/logistics,HOUSTON,TX,fmcsa_census,,,,
standard,ARTHUR DENNIS KING,2818695696,mobile,trucking/logistics,HOUSTON,TX,fmcsa_census,,,,
standard,PETTUS HOTSHOT & TRANSPORTATION LLC,8327166656,mobile,trucking/logistics,HOUSTON,TX,fmcsa_census,,,,
standard,QUANEX CORPORATION,7138775310,mobile,trucking/logistics,HOUSTON,TX,fmcsa_census,,,,
standard,G & G CARGO LLC,8322885315,mobile,trucking/logistics,HOUSTON,TX,fmcsa_census,,,,
standard,A-AGGRESSIVE HAULER,7136311383,mobile,trucking/logistics,HOUSTON,TX,fmcsa_census,,,,
standard,D&D MOVING LLC,7139980814,mobile,trucking/logistics,HOUSTON,TX,fmcsa_census,,,,
standard,GASPAR C CAMPOS,7132405038,mobile,trucking/logistics,HOUSTON,TX,fmcsa_census,,,,
standard,LAWSON TRANSPORT,2817456398,mobile,trucking/logistics,HOUSTON,TX,fmcsa_census,,,,
standard,THE ASSO FOR THE ADVANCEMENT OF MEXICAN AMERCANS,8323585259,mobile,trucking/logistics,HOUSTON,TX,fmcsa_census,,,,
standard,BEYOND SMART HOME SOLUTIONS LLC,4047292889,mobile,trucking/logistics,HOUSTON,TX,fmcsa_census,,,,
standard,BAHA ALHMOUD,3462562669,mobile,trucking/logistics,HOUSTON,TX,fmcsa_census,,,,
standard,EBM TRANSPORTATION SOUTH LLC,8328891390,mobile,trucking/logistics,HOUSTON,TX,fmcsa_census,,,,
standard,HOUSTON ANUSA LLC,2819251200,mobile,trucking/logistics,HOUSTON,TX,fmcsa_census,,,,
standard,S A TRANSPORTATION UNLIMITED INC,8303936910,mobile,trucking/logistics,FLORESVILLE,TX,fmcsa_census,,,,
standard,SACKS AL STAR TRUCKING LLC,4437101514,mobile,trucking/logistics,VON ORMY,TX,fmcsa_census,,,,
standard,CROWN TRANSPORTATION & LOGISTICS INC,2108635320,mobile,trucking/logistics,SPRING BRANCH,TX,fmcsa_census,,,,
standard,JN ENTERPRISES LLC,7196402851,mobile,trucking/logistics,FLORESVILLE,TX,fmcsa_census,,,,
standard,ROGIL TRUCKING INC,9563245436,mobile,trucking/logistics,LAREDO,TX,fmcsa_census,,,,
standard,J GARCIA M TRUCKING LLC,2107410135,mobile,trucking/logistics,CONVERSE,TX,fmcsa_census,,,,
standard,5M TRANSPORT INC,9567012005,mobile,trucking/logistics,LAREDO,TX,fmcsa_census,,,,
standard,TIGRESS TRANSPORTATION,5408477709,mobile,trucking/logistics,SPRING BRANCH,TX,fmcsa_census,,,,
standard,PRIME CHOICE LOGISTICS LLC,6015725609,mobile,trucking/logistics,KATY,TX,fmcsa_census,,,,
standard,ALIFRO TRANSPORT LLC,9562905518,mobile,trucking/logistics,LAREDO,TX,fmcsa_census,,,,
standard,AMERICAN ELI TRUCK NETWORK LLC,2395602338,mobile,trucking/logistics,VON ORMY,TX,fmcsa_census,,,,
standard,IRONMAN BTT TRUCKING LLC,2106201476,mobile,trucking/logistics,CIBOLO,TX,fmcsa_census,,,,
standard,RYNO TRUCKING LLC,7132774055,mobile,trucking/logistics,KATY,TX,fmcsa_census,,,,
standard,OB EXPRESS TRANSPORTATION LLC,9569422119,mobile,trucking/logistics,LAREDO,TX,fmcsa_census,,,,
standard,GTZ SERVICES LLC,9567506147,mobile,trucking/logistics,ZAPATA,TX,fmcsa_census,,,,
standard,REUP MOBILE FUEL,4326388955,mobile,trucking/logistics,SPRING BRANCH,TX,fmcsa_census,,,,
standard,JP 80 LIVESTOCK LLC,8303050336,mobile,trucking/logistics,LEESVILLE,TX,fmcsa_census,,,,
standard,D & O TRANSPORT LLC,8303526043,mobile,trucking/logistics,FLORESVILLE,TX,fmcsa_census,,,,
standard,MICHAEL & JULIE PRUSKI,8303910495,mobile,trucking/logistics,FALLS CITY,TX,fmcsa_census,,,,
standard,NORBERTO GARZA,9563344858,mobile,trucking/logistics,ZAPATA,TX,fmcsa_census,,,,
standard,BANNER RANCH LLC,2253379518,mobile,trucking/logistics,LEESVILLE,TX,fmcsa_census,,,,
standard,MVP LOGIC SERVICES LLC,2812028599,mobile,trucking/logistics,CIBOLO,TX,fmcsa_census,,,,
standard,M & L LOGISTICS WAREHOUSE & FREIGHT SERVICES LLC,9562857939,mobile,trucking/logistics,LAREDO,TX,fmcsa_census,,,,
standard,RAMON'S ANGEL'S TRUCKING LLC,5088736092,mobile,trucking/logistics,CIBOLO,TX,fmcsa_census,,,,
standard,SPECTRUM TRANSPORTATION INC,9562366384,mobile,trucking/logistics,LAREDO,TX,fmcsa_census,,,,
standard,ED JENDRUSH 111,2102607350,mobile,trucking/logistics,FALLS CITY,TX,fmcsa_census,,,,
standard,FENIKS OILFIELD SERVICES LLC,8303911466,mobile,trucking/logistics,FLORESVILLE,TX,fmcsa_census,,,,
standard,3 BUCKS TRUCKING LLC,2107276104,mobile,trucking/logistics,CIBOLO,TX,fmcsa_census,,,,
standard,JAVIER GARCIA,9562354641,mobile,trucking/logistics,LAREDO,TX,fmcsa_census,,,,
standard,HMEX SERVICES LLC,9565459253,mobile,trucking/logistics,VON ORMY,TX,fmcsa_census,,,,
standard,POWERED MOVE LOGISTICS LLC,2109524679,mobile,trucking/logistics,CIBOLO,TX,fmcsa_census,,,,
standard,AMEZQUITA FAMILY LLC,8305000578,mobile,trucking/logistics,SPRING BRANCH,TX,fmcsa_census,,,,
standard,LEGACY TRUCKING LLC,9036583891,mobile,trucking/logistics,FLORESVILLE,TX,fmcsa_census,,,,
standard,JEK TRUCKING INC,9563378531,mobile,trucking/logistics,LAREDO,TX,fmcsa_census,,,,
standard,RIG HAULERS OILFIELD SERVICES LLC,9562370173,mobile,trucking/logistics,LAREDO,TX,fmcsa_census,,,,
standard,GALEN RAWE,2104301474,mobile,trucking/logistics,SAN ANTONIO,TX,fmcsa_census,,,,
standard,ROMEO MORALES JR,9568499553,mobile,trucking/logistics,ZAPATA,TX,fmcsa_census,,,,
standard,NTL CARRIERS LLC,2549700378,mobile,trucking/logistics,LAREDO,TX,fmcsa_census,,,,
standard,32 BELOW TRANSPORTATION LLC,8302753854,mobile,trucking/logistics,SPRING BRANCH,TX,fmcsa_census,,,,
standard,DANIEL B HASTINGS INC,9567237431,mobile,trucking/logistics,LAREDO,TX,fmcsa_census,,,,
standard,FSHS CARRIERS LLC,9563194576,mobile,trucking/logistics,LAREDO,TX,fmcsa_census,,,,
standard,TEXAS MOON BAR ENTERPRISES INC,9562454200,mobile,trucking/logistics,ZAPATA,TX,fmcsa_census,,,,
standard,YOSKO FARMS LLC,2105087671,mobile,trucking/logistics,FLORESVILLE,TX,fmcsa_census,,,,
standard,KALIX TRANSPORTATION SERVICES LLC,2108509908,mobile,trucking/logistics,CIBOLO,TX,fmcsa_census,,,,
standard,KIMANA CARRIER LLC,9567440035,mobile,trucking/logistics,LAREDO,TX,fmcsa_census,,,,
standard,MELODIE BUDGE,2104788912,mobile,trucking/logistics,LA VERNIA,TX,fmcsa_census,,,,
standard,BIG FRESH TRUCKING LLC,3372444239,mobile,trucking/logistics,CONVERSE,TX,fmcsa_census,,,,
standard,ROAD PRO GROUP TRANSPORT LLC,9562064617,mobile,trucking/logistics,LAREDO,TX,fmcsa_census,,,,
standard,ROBERT WILLIAM RICHTER JR,2105737740,mobile,trucking/logistics,LA VERNIA,TX,fmcsa_census,,,,
standard,BIG RIGGS TRUCKING,2106189127,mobile,trucking/logistics,SCHERTZ,TX,fmcsa_census,,,,
standard,RUBEN VILLARREAL JR,9567408543,mobile,trucking/logistics,ZAPATA,TX,fmcsa_census,,,,
standard,TENON SOLUTIONS LLC,9565522129,mobile,trucking/logistics,LAREDO,TX,fmcsa_census,,,,
standard,MARIA SILVIA BARAJAS ALVAREZ,2108486535,mobile,trucking/logistics,SCHERTZ,TX,fmcsa_census,,,,
standard,METRODRIVE LOGISTICS LLC,2103941935,mobile,trucking/logistics,VON ORMY,TX,fmcsa_census,,,,
standard,MIAMK LOBO TRANSPORTATION LLC,9564155601,mobile,trucking/logistics,LAREDO,TX,fmcsa_census,,,,
standard,ZUNIGA LOGISTICS LTD,9562866311,mobile,trucking/logistics,LAREDO,TX,fmcsa_census,,,,
standard,ON COURSE TRUCKING LLC,2104456526,mobile,trucking/logistics,FLORESVILLE,TX,fmcsa_census,,,,
standard,FAYE L BROWN AND ERIC J BROWN,2108493293,mobile,trucking/logistics,LA VERNIA,TX,fmcsa_census,,,,
standard,L&I TRANSPORT INC,2107258499,mobile,trucking/logistics,CIBOLO,TX,fmcsa_census,,,,
standard,AVILA TRANSPORTATION LLC,9564801070,mobile,trucking/logistics,GRAND PRAIRIE,TX,fmcsa_census,,,,
standard,SEM TRUCKING LLC,9566126740,mobile,trucking/logistics,LAREDO,TX,fmcsa_census,,,,
standard,MAURICIO CESAR TREVINO,2107257028,mobile,trucking/logistics,VON ORMY,TX,fmcsa_census,,,,
standard,ISIDRO GARCIA,9562851060,mobile,trucking/logistics,LAREDO,TX,fmcsa_census,,,,
standard,CONQUER TRANSPORT LLC,9569559563,mobile,trucking/logistics,RIO BRAVO,TX,fmcsa_census,,,,
standard,WUCKA TRUCKING LLC,2104617037,mobile,trucking/logistics,CONVERSE,TX,fmcsa_census,,,,
standard,S A M E S TRANSPORT INC,9563191847,mobile,trucking/logistics,LAREDO,TX,fmcsa_census,,,,
standard,E & E ROUSTABOUTS LLC,9562240917,mobile,trucking/logistics,ZAPATA,TX,fmcsa_census,,,,
standard,ALFREDO CRUZ,8323878000,mobile,trucking/logistics,HOUSTON,TX,fmcsa_census,,,,
standard,ALFREDO CRUZ,9562294074,mobile,trucking/logistics,HOUSTON,TX,fmcsa_census,,,,
standard,ALFREDO CRUZ,9569562294,mobile,trucking/logistics,HOUSTON,TX,fmcsa_census,,,,
standard,JERRY D WILLIAMS,2102183146,mobile,trucking/logistics,FLORESVILLE,TX,fmcsa_census,,,,
standard,THE DUCHESS OF FREIGHT & LOGISTICS LLC,2109734738,mobile,trucking/logistics,CONVERSE,TX,fmcsa_census,,,,
standard,MILLER ELITE TRUCKING LLC,2109839388,mobile,trucking/logistics,CONVERSE,TX,fmcsa_census,,,,
standard,J2 LOGISTICS GROUP LLC,3462133151,mobile,trucking/logistics,KATY,TX,fmcsa_census,,,,
standard,QCSA LOGISTICS LLC,3617017918,mobile,trucking/logistics,VON ORMY,TX,fmcsa_census,,,,
standard,ROCKIN Y LLC,2106262272,mobile,trucking/logistics,FLORESVILLE,TX,fmcsa_census,,,,
standard,BIMLAY LLC,2105000815,mobile,trucking/logistics,CONVERSE,TX,fmcsa_census,,,,
standard,NICK GRAY TRUCKING LLC,2102435889,mobile,trucking/logistics,CIBOLO,TX,fmcsa_census,,,,
standard,JOHN SEBASTIAN SANDOVAL,2109522302,mobile,trucking/logistics,CIBOLO,TX,fmcsa_census,,,,
standard,PROYECCION IMPEX INC,9563371350,mobile,trucking/logistics,LAREDO,TX,fmcsa_census,,,,
standard,IMPERIO AUTO REPAIR LLC,8328723246,mobile,trucking/logistics,HOUSTON,TX,fmcsa_census,,,,
standard,AMAZING EXPRESS LLC,8324757399,mobile,trucking/logistics,HOUSTON,TX,fmcsa_census,,,,
standard,LONESTAR ELITE FREIGHT LLC,5125898695,mobile,trucking/logistics,HOUSTON,TX,fmcsa_census,,,,
standard,G&L PRIME TRANSPORT LLC,8329082232,mobile,trucking/logistics,HOUSTON,TX,fmcsa_census,,,,
standard,US READY MIX INC,8323686818,mobile,trucking/logistics,HOUSTON,TX,fmcsa_census,,,,
standard,MANUEL MIRANDA CHAIREZ,2817951524,mobile,trucking/logistics,HOUSTON,TX,fmcsa_census,,,,
standard,RAN CAN GLOBAL TRANSPORT INC,8322362811,mobile,trucking/logistics,HOUSTON,TX,fmcsa_census,,,,
standard,RAVEN WILLIAMS,8325761102,mobile,trucking/logistics,HOUSTON,TX,fmcsa_census,,,,
standard,JAMAL FREIGHT TRANSPORTATION LLC,8329825987,mobile,trucking/logistics,HOUSTON,TX,fmcsa_census,,,,
standard,JOB EXPRESS LLC,3463952462,mobile,trucking/logistics,HOUSTON,TX,fmcsa_census,,,,
standard,LEROY WEST SR,7135823581,mobile,trucking/logistics,HOUSTON,TX,fmcsa_census,,,,
standard,M & J INTERNATIONAL PURCHASING COMPANY INC,2816204823,mobile,trucking/logistics,HOUSTON,TX,fmcsa_census,,,,
standard,SCANPRO LLC,2817417310,mobile,trucking/logistics,HOUSTON,TX,fmcsa_census,,,,
standard,KENTRELL JACKSON,8323744368,mobile,trucking/logistics,HOUSTON,TX,fmcsa_census,,,,
standard,R U S SERVICE LLC,8328148837,mobile,trucking/logistics,HOUSTON,TX,fmcsa_census,,,,
standard,SALUSA TRANSPORT LOGISTIC LLC,8328604157,mobile,trucking/logistics,HOUSTON,TX,fmcsa_census,,,,
standard,SDB LOGISITICS LLC,2252003691,mobile,trucking/logistics,HOUSTON,TX,fmcsa_census,,,,
standard,OUR IMPACT LOGISTIX LLC,3462647474,mobile,trucking/logistics,HOUSTON,TX,fmcsa_census,,,,
standard,MK FREIGHT SOLUTIONS,7132456625,mobile,trucking/logistics,HOUSTON,TX,fmcsa_census,,,,
standard,JOHNNIE LEE JOHNSON,7139279994,mobile,trucking/logistics,HOUSTON,TX,fmcsa_census,,,,
standard,LOVE TRANSPORTATION LLC,3464361442,mobile,trucking/logistics,HOUSTON,TX,fmcsa_census,,,,
standard,MOISES MEDINA,3463164057,mobile,trucking/logistics,HOUSTON,TX,fmcsa_census,,,,
standard,JUBY LOGISTICS LLC,2815437601,mobile,trucking/logistics,HOUSTON,TX,fmcsa_census,,,,
standard,RILARC HOLDINGS LLC,7138693228,mobile,trucking/logistics,HOUSTON,TX,fmcsa_census,,,,
standard,MAC LOGISTICS GROUP LLC,2813233456,mobile,trucking/logistics,HOUSTON,TX,fmcsa_census,,,,
standard,MODESTO GUEVARA,8324669460,mobile,trucking/logistics,HOUSTON,TX,fmcsa_census,,,,
standard,SUPERSHUTTLE HOUSTON LLC,2812307275,mobile,trucking/logistics,HOUSTON,TX,fmcsa_census,,,,
standard,SENYLET EXPRESS VANS LLC,8327991280,mobile,trucking/logistics,HOUSTON,TX,fmcsa_census,,,,
standard,FCF LLC,2102152147,mobile,trucking/logistics,SPRING BRANCH,TX,fmcsa_census,,,,
standard,INMACO TRUCKS LLC,8303212915,mobile,trucking/logistics,FLORESVILLE,TX,fmcsa_census,,,,
standard,URGENT DELIVERIES,9566455090,mobile,trucking/logistics,LAREDO,TX,fmcsa_census,,,,
standard,MUSTANG RECREATIONAL VEHICLES LLC,8308571666,mobile,trucking/logistics,SMILEY,TX,fmcsa_census,,,,
standard,MTM TRUCKING & TRANSPORT LLC,2197076113,mobile,trucking/logistics,NEW BRAUNFELS,TX,fmcsa_census,,,,
standard,ARAL LOGISTICS LLC,9568139084,mobile,trucking/logistics,LAREDO,TX,fmcsa_census,,,,
standard,RB & RB TRUCKING LLC,9567406500,mobile,trucking/logistics,LAREDO,TX,fmcsa_census,,,,
standard,AYALA CARRIERS LLC,9567541925,mobile,trucking/logistics,LAREDO,TX,fmcsa_census,,,,
standard,J&A HERITAGE TRANSPORT & LOGISTICS LLC,9562676613,mobile,trucking/logistics,RIO BRAVO,TX,fmcsa_census,,,,
standard,WILLIAM KAEHI CLARK III,2108850188,mobile,trucking/logistics,ELMENDORF,TX,fmcsa_census,,,,
standard,MAIR'S VENTURES LTD,2104141432,mobile,trucking/logistics,ELMENDORF,TX,fmcsa_census,,,,
standard,EDUARDO CORTEZ AND LETICIA CORTEZ,2819199079,mobile,trucking/logistics,KATY,TX,fmcsa_census,,,,
standard,LAREDO POWER CONTAINERS LLC,9562206632,mobile,trucking/logistics,LAREDO,TX,fmcsa_census,,,,
standard,EVARISTO PEREZ,6204084165,mobile,trucking/logistics,NEW BRAUNFELS,TX,fmcsa_census,,,,
standard,ROBERT WALTER COZEAN,2109141362,mobile,trucking/logistics,MCQUEENEY,TX,fmcsa_census,,,,
standard,LRL FREIGHT LLC,7868570149,mobile,trucking/logistics,KATY,TX,fmcsa_census,,,,
standard,ONE MO MILE LLC,2088104413,mobile,trucking/logistics,UNIVERSAL CTY,TX,fmcsa_census,,,,
standard,FELPS TRUCKING LLC,8308370626,mobile,trucking/logistics,BEEVILLE,TX,fmcsa_census,,,,
standard,DWYATT O HEARN INCORPORATED,2106589174,mobile,trucking/logistics,CONVERSE,TX,fmcsa_census,,,,
standard,MIVANA CARRIERS LLC,9569622313,mobile,trucking/logistics,LAREDO,TX,fmcsa_census,,,,
standard,GENGAB TRANSP0RT LLC,9567719970,mobile,trucking/logistics,LAREDO,TX,fmcsa_census,,,,
standard,ROQUE CELESTINO,2107588078,mobile,trucking/logistics,LAREDO,TX,fmcsa_census,,,,
standard,REAL TRANSPORT LOGISTICS LLC,5145014445,mobile,trucking/logistics,LAREDO,TX,fmcsa_census,,,,
standard,OLAFF J GARCIA-DIEGUEZ,8303580033,mobile,trucking/logistics,NEW BRAUNFELS,TX,fmcsa_census,,,,
standard,FRANCISCO HENRIQUEZ,2102779157,mobile,trucking/logistics,CONVERSE,TX,fmcsa_census,,,,
standard,ALEXANDRO FLORES,2102748816,mobile,trucking/logistics,UNIVERSAL CTY,TX,fmcsa_census,,,,
standard,SHEPHERD TRANSPORTATION LLC,8933190710,mobile,trucking/logistics,HEDWIG,TX,fmcsa_census,,,,
standard,A'S CARRIERS LLC,9562901005,mobile,trucking/logistics,LAREDO,TX,fmcsa_census,,,,
standard,GRZ TRUCKING LLC,8177736331,mobile,trucking/logistics,UNIVERSAL CITY,TX,fmcsa_census,,,,
standard,ROLLIN THUNDER TRANSPORT,2102688927,mobile,trucking/logistics,UNIVERSAL CITY,TX,fmcsa_census,,,,
standard,SOL ATTACH LLC,2107489492,mobile,trucking/logistics,NEW BRAUNFELS,TX,fmcsa_census,,,,
standard,ERIK RICHARD JOHNSON,2103882083,mobile,trucking/logistics,MC QUEENEY,TX,fmcsa_census,,,,
standard,LUIS R MARTINEZ,9566937772,mobile,trucking/logistics,LAREDO,TX,fmcsa_census,,,,
standard,ALL STAR FREIGHT SOLUTIONS LLC,9159299289,mobile,trucking/logistics,SAINT HEDWIG,TX,fmcsa_census,,,,
standard,LK SAND & GRAVEL INC,5127381258,mobile,trucking/logistics,NEW BRAUNFELS,TX,fmcsa_census,,,,
standard,ADAN VILLARREAL,9562297221,mobile,trucking/logistics,LAREDO,TX,fmcsa_census,,,,
standard,X-TREME TRUCKING,8303057037,mobile,trucking/logistics,MCQUEENEY,TX,fmcsa_census,,,,
standard,QUEST UTILITY CONSTRUCTION INC,2106482147,mobile,trucking/logistics,CONVERSE,TX,fmcsa_census,,,,
standard,E AND S ENTERPRISES,5129705396,mobile,trucking/logistics,NEW BRAUNFELS,TX,fmcsa_census,,,,
standard,LAVA TRANSPORTATION LLC,8605150222,mobile,trucking/logistics,CONVERSE,TX,fmcsa_census,,,,
standard,TEAGUE METALS LLC,5127876456,mobile,trucking/logistics,NEW BRAUNFELS,TX,fmcsa_census,,,,
standard,LFG EXECUTIVE ENTERPRISE LLC,9563705200,mobile,trucking/logistics,LAREDO,TX,fmcsa_census,,,,
standard,JJQ SERVICES LLC,9567403678,mobile,trucking/logistics,LAREDO,TX,fmcsa_census,,,,
standard,TRANSPORTES ALANIS HERMANOS LLC,9565587041,mobile,trucking/logistics,LAREDO,TX,fmcsa_census,,,,
standard,CSPR TRUCKING LLC,9564011162,mobile,trucking/logistics,RIO BRAVO,TX,fmcsa_census,,,,
standard,ARK EXPEDITE LLC,5126100277,mobile,trucking/logistics,CONVERSE,TX,fmcsa_census,,,,
standard,MRTZ TRUCKING LLC,8308320385,mobile,trucking/logistics,NEW BRAUNFELS,TX,fmcsa_census,,,,
standard,HARVEY HAHN FARM,3616494082,mobile,trucking/logistics,YORKTOWN,TX,fmcsa_census,,,,
standard,MICHAEL BESSINGER,2107495308,mobile,trucking/logistics,SAN ANTONIO,TX,fmcsa_census,,,,
standard,JERRELL JACKSON TRUCKING LLC,9108038269,mobile,trucking/logistics,SAINT HEDWIG,TX,fmcsa_census,,,,
standard,SONIER LOGISTICS LLC,8303990592,mobile,trucking/logistics,SAINT HEDWIG,TX,fmcsa_census,,,,
standard,SOGAR TRANSPORT LLC,9569497555,mobile,trucking/logistics,LAREDO,TX,fmcsa_census,,,,
standard,JAWS LOGISTICS LLC,8328580103,mobile,trucking/logistics,KATY,TX,fmcsa_census,,,,
standard,CLINTON'S TRANSPORTATION LLC,2108965911,mobile,trucking/logistics,CONVERSE,TX,fmcsa_census,,,,
standard,JAY O STOKES,2106671651,mobile,trucking/logistics,SAINT HEDWIG,TX,fmcsa_census,,,,
standard,AB CARRIERS INC,9562650020,mobile,trucking/logistics,LAREDO,TX,fmcsa_census,,,,
standard,JR GROUP OF COMPANIES LLC,3469462201,mobile,trucking/logistics,KATY,TX,fmcsa_census,,,,
standard,TTEX INC,3619357654,mobile,trucking/logistics,YORKTOWN,TX,fmcsa_census,,,,
standard,SHELBY LOZANO AND ESTEBAN LOZANO IV,9564892222,mobile,trucking/logistics,LAREDO,TX,fmcsa_census,,,,
standard,TORRES LOGISTICS24 LLC,7868567939,mobile,trucking/logistics,SAINT HEDWIG,TX,fmcsa_census,,,,
standard,J BERRIOS TRANSPORT LLC,5127294796,mobile,trucking/logistics,LAREDO,TX,fmcsa_census,,,,
standard,BURRELL CONSTRUCTION STRATEGIES,2103052914,mobile,trucking/logistics,CONVERSE,TX,fmcsa_census,,,,
standard,CHRIS S SOEFJE,8303912417,mobile,trucking/logistics,STOCKDALE,TX,fmcsa_census,,,,
standard,GO CARRIERS LLC,9567712680,mobile,trucking/logistics,LAREDO,TX,fmcsa_census,,,,
standard,MARIA ANGELICA SANCHEZ,9569494455,mobile,trucking/logistics,LAREDO,TX,fmcsa_census,,,,
standard,5R TRANSPORTATION INC,8307894147,mobile,trucking/logistics,STOCKDALE,TX,fmcsa_census,,,,
standard,ADRIAN KOPECKI,8303910215,mobile,trucking/logistics,STOCKDALE,TX,fmcsa_census,,,,
standard,MEZA TRUCKING LLC,9562517896,mobile,trucking/logistics,LAREDO,TX,fmcsa_census,,,,
standard,JET TIME LOGISTICS LLC,6018188319,mobile,trucking/logistics,SAINT HEDWIG,TX,fmcsa_census,,,,
standard,PBR ENTERPRISES,2103049302,mobile,trucking/logistics,STOCKDALE,TX,fmcsa_census,,,,
standard,JUAN GODINEZ,2106935885,mobile,trucking/logistics,SAINT HEDWIG,TX,fmcsa_census,,,,
standard,NXT GEN FIBERGLASS POOLS & SPAS LLC,5126261954,mobile,trucking/logistics,NEW BRAUNFELS,TX,fmcsa_census,,,,
standard,SEMI FRIENDLY TRUCK SERVICES INC,3024941001,mobile,trucking/logistics,NEW BRAUNFELS,TX,fmcsa_census,,,,
standard,SUSANNA BAILEY CONSTRUCTION INC,2103558411,mobile,trucking/logistics,STOCKDALE,TX,fmcsa_census,,,,
standard,RAPTOR TRANSPORT LLC,9562510798,mobile,trucking/logistics,LAREDO,TX,fmcsa_census,,,,
standard,NAHAVICO EXPRESS LLC,9566089907,mobile,trucking/logistics,LAREDO,TX,fmcsa_census,,,,
standard,REDLOGISTICA LLC,9562370636,mobile,trucking/logistics,LAREDO,TX,fmcsa_census,,,,
standard,ARC UTILITIES & EXCAVATION LLC,8307837309,mobile,trucking/logistics,CONVERSE,TX,fmcsa_census,,,,
standard,CHERRY FARMS LLC,2543964047,mobile,trucking/logistics,STOCKDALE,TX,fmcsa_census,,,,
standard,FERNANDO NUNEZ,8327568512,mobile,trucking/logistics,HOUSTON,TX,fmcsa_census,,,,
standard,LAMBERT ALONSO,2815705005,mobile,trucking/logistics,HOUSTON,TX,fmcsa_census,,,,
standard,PIONEER CONSULTING AND SERVICES,2815362364,mobile,trucking/logistics,HOUSTON,TX,fmcsa_census,,,,
standard,SUPER HEATERS LLC,5802438132,mobile,trucking/logistics,HOUSTON,TX,fmcsa_census,,,,
standard,KRUISER TRANSPORT LLC,3463946563,mobile,trucking/logistics,HOUSTON,TX,fmcsa_census,,,,
standard,EGGE TRUCKING COMPANY INC,4064515590,mobile,trucking/logistics,HOUSTON,TX,fmcsa_census,,,,
standard,CALLIS B TRANSPORTATION LLC,8322678340,mobile,trucking/logistics,HOUSTON,TX,fmcsa_census,,,,
standard,O-ACES SERVICES LLC,8325445762,mobile,trucking/logistics,HOUSTON,TX,fmcsa_census,,,,
standard,RW LOGISTIC LLC,2816761499,mobile,trucking/logistics,HOUSTON,TX,fmcsa_census,,,,
standard,TRANSCO GLOBAL LOGISTICS INC,2812093896,mobile,trucking/logistics,HOUSTON,TX,fmcsa_census,,,,
standard,TRANSPORTATION BARRIOS LLC,8329460370,mobile,trucking/logistics,HOUSTON,TX,fmcsa_census,,,,
standard,CEMEX CONSTRUCTION MATERIALS HOUSTON LLC,7133324015,mobile,trucking/logistics,JERSEY VILLAGE,TX,fmcsa_census,,,,
standard,AV LOGISTICS LLC,7135578362,mobile,trucking/logistics,HOUSTON,TX,fmcsa_census,,,,
standard,LINCOLN TRANSPORTATION SOLUTIONS,8322023609,mobile,trucking/logistics,HOUSTON,TX,fmcsa_census,,,,
standard,MORGAN TRUCKING LLC,3463147886,mobile,trucking/logistics,HOUSTON,TX,fmcsa_census,,,,
standard,YOYIS TRUCKING LLC,2816201319,mobile,trucking/logistics,HOUSTON,TX,fmcsa_census,,,,
standard,HIPPO WASTE SYSTEMS LLC,2818505073,mobile,trucking/logistics,HOUSTON,TX,fmcsa_census,,,,
standard,MILESHOTSHOT LLC,2816738679,mobile,trucking/logistics,HOUSTON,TX,fmcsa_census,,,,
standard,PALEO PRIME LLC,3463080669,mobile,trucking/logistics,HOUSTON,TX,fmcsa_census,,,,
standard,USA FREIGHT LINE EXPRESS INC,8322792442,mobile,trucking/logistics,HOUSTON,TX,fmcsa_census,,,,
standard,MB WESTERN INDUSTRIAL CONTRACTING COMPANY,2814750350,mobile,trucking/logistics,HOUSTON,TX,fmcsa_census,,,,
standard,ERICA ENEDINA SANDOVAL,3463227505,mobile,trucking/logistics,HOUSTON,TX,fmcsa_census,,,,
standard,ALICE GRIFFIN,7135660973,mobile,trucking/logistics,HOUSTON,TX,fmcsa_census,,,,
standard,GOINS TRANSPORT LLC,8323801518,mobile,trucking/logistics,HOUSTON,TX,fmcsa_census,,,,
standard,LUMINARY LOGISTICS LLC,8326580351,mobile,trucking/logistics,HOUSTON,TX,fmcsa_census,,,,
standard,RAVEN MECHANICAL LP,2819871618,mobile,trucking/logistics,HOUSTON,TX,fmcsa_census,,,,
standard,AB LOGISTICS LLC,8324178997,mobile,trucking/logistics,HOUSTON,TX,fmcsa_census,,,,
standard,ARTHUR JORDAN JR,8322128023,mobile,trucking/logistics,HOUSTON,TX,fmcsa_census,,,,
standard,MAJOR TRANSPORT LLC,7133846412,mobile,trucking/logistics,HOUSTON,TX,fmcsa_census,,,,
standard,TM5 LOGISTICS LLC,2817730947,mobile,trucking/logistics,HOUSTON,TX,fmcsa_census,,,,
standard,R&R TRANSPORTATION AND DELIVERY LLC,3464698015,mobile,trucking/logistics,HOUSTON,TX,fmcsa_census,,,,
standard,OPTIMAL RIDER SERVICES LLC,8327404289,mobile,trucking/logistics,HOUSTON,TX,fmcsa_census,,,,
standard,LOAD-N-GEAUX LOGISTICS LLC,2252706531,mobile,trucking/logistics,KATY,TX,fmcsa_census,,,,
standard,PLATINUM EMPIRE EXPRESS LLC,9562673440,mobile,trucking/logistics,LAREDO,TX,fmcsa_census,,,,
standard,GOGO FORKLIFT SERVICE INC,9562207080,mobile,trucking/logistics,LAREDO,TX,fmcsa_census,,,,
standard,STOCKDALE MONUMENT CO INC,8309963831,mobile,trucking/logistics,STOCKDALE,TX,fmcsa_census,,,,
standard,STEVEN SORDAHL,3202201246,mobile,trucking/logistics,STOCKDALE,TX,fmcsa_census,,,,
standard,PABLO ESCOBEDO DUCLOUX,19566520355,mobile,trucking/logistics,COACALCO,TX,fmcsa_census,,,,
standard,MIT CARRIERS INC,9564711020,mobile,trucking/logistics,LAREDO,TX,fmcsa_census,,,,
standard,SIGNAL EQUITIES LLC,8306327744,mobile,trucking/logistics,NEW BRAUNFELS,TX,fmcsa_census,,,,
standard,RODOLFO V VILLARREAL,2818966318,mobile,trucking/logistics,LAREDO,TX,fmcsa_census,,,,
standard,W & T TRANSPORT LLC,3615008750,mobile,trucking/logistics,KATY,TX,fmcsa_census,,,,
standard,SUNFIRE CARRIERS LLC,9563330162,mobile,trucking/logistics,LAREDO,TX,fmcsa_census,,,,
standard,LAYA'S ENTERPRISES LLC,8328740933,mobile,trucking/logistics,KATY,TX,fmcsa_census,,,,
standard,N & J TRANSPORTATION AND LOGISTICS LLC,5045838110,mobile,trucking/logistics,KATY,TX,fmcsa_census,,,,
standard,HATTEN TRANSPORT LLC,3185530239,mobile,trucking/logistics,TULETA,TX,fmcsa_census,,,,
standard,ROUND TRIP HAULING LLC,9564890770,mobile,trucking/logistics,LAREDO,TX,fmcsa_census,,,,
standard,ELEMENT CARRIERS INC,9562351445,mobile,trucking/logistics,LAREDO,TX,fmcsa_census,,,,
standard,FAMILY CARRIERS OF LAREDO LLC,9567759647,mobile,trucking/logistics,LAREDO,TX,fmcsa_census,,,,
standard,ELMER GOMEZ,9729168535,mobile,trucking/logistics,ARLINGTON,TX,fmcsa_census,,,,
standard,ELMER GOMEZ,5128885664,mobile,trucking/logistics,ARLINGTON,TX,fmcsa_census,,,,
standard,D AND T LOGISTICS LLC,2109678780,mobile,trucking/logistics,CONVERSE,TX,fmcsa_census,,,,
standard,VISION FIELD SERVICES LLC,9567287257,mobile,trucking/logistics,LAREDO,TX,fmcsa_census,,,,
standard,A&M HOTSHOTS & TRANSPORT LLC,9563330599,mobile,trucking/logistics,LAREDO,TX,fmcsa_census,,,,
standard,MARATHON AUTO TRANSPORT LLC,2108036217,mobile,trucking/logistics,CONVERSE,TX,fmcsa_census,,,,
standard,PROPANE ENERGY LTD,9567235551,mobile,trucking/logistics,LAREDO,TX,fmcsa_census,,,,
standard,BUTCH TUCKER HAULING LLC,2108270230,mobile,trucking/logistics,BULVERDE,TX,fmcsa_census,,,,
standard,SL WEALTH ENTERPRISES LLC,3312990449,mobile,trucking/logistics,CONVERSE,TX,fmcsa_census,,,,
standard,LOCAL METRO LEADS LLC,4692699823,mobile,trucking/logistics,BULVERDE,TX,fmcsa_census,,,,
standard,PENN PETROLEUM LLC,9563341666,mobile,trucking/logistics,LAREDO,TX,fmcsa_census,,,,
standard,RONALD E JONES,8032340752,mobile,trucking/logistics,LAREDO,TX,fmcsa_census,,,,
standard,A ROD CONSTRUCTION INC,9566459031,mobile,trucking/logistics,LAREDO,TX,fmcsa_census,,,,
standard,ALL AFFORDABLE TOWING,2108318030,mobile,trucking/logistics,SAN ANTONIO,TX,fmcsa_census,,,,
standard,ANDREA C AUYON,2103890781,mobile,trucking/logistics,CONVERSE,TX,fmcsa_census,,,,
standard,LUISA F CORDOBA,2103717530,mobile,trucking/logistics,NEW BRAUNFELS,TX,fmcsa_census,,,,
standard,RAY'S CONTRACTING INC,2104106718,mobile,trucking/logistics,BULVERDE,TX,fmcsa_census,,,,
standard,TEXAS BLACK HORN LLC,8327282148,mobile,trucking/logistics,LAREDO,TX,fmcsa_census,,,,
standard,TROY PIERCE,8304382974,mobile,trucking/logistics,BULVERDE,TX,fmcsa_census,,,,
standard,LP TRANSPORT LLC,2109479079,mobile,trucking/logistics,CONVERSE,TX,fmcsa_census,,,,
standard,WILCHES ENTERPRISES LLC,5126795964,mobile,trucking/logistics,NEW BRAUNFELS,TX,fmcsa_census,,,,
standard,ELOZUA TRANSPORT LLC,9562062037,mobile,trucking/logistics,LAREDO,TX,fmcsa_census,,,,
standard,SOLID ROCK HAULING LLC,8307081985,mobile,trucking/logistics,NEW BRAUNFELS,TX,fmcsa_census,,,,
standard,3D ERECTORS INC,2107389243,mobile,trucking/logistics,SAN ANTONIO,TX,fmcsa_census,,,,
standard,S&S LOAD UP LOGISTICS LLC,8322730097,mobile,trucking/logistics,KATY,TX,fmcsa_census,,,,
standard,KDWES ENTERPRISES LLC,2107225917,mobile,trucking/logistics,BULVERDE,TX,fmcsa_census,,,,
standard,BLUE TORO TRUCKING LLC,9567447626,mobile,trucking/logistics,LAREDO,TX,fmcsa_census,,,,
standard,GARY LEE LODING,8307080578,mobile,trucking/logistics,NEW BRAUNFELS,TX,fmcsa_census,,,,
standard,EVANS EXCAVATING LLC,3066309090,mobile,trucking/logistics,BOULVERDE,TX,fmcsa_census,,,,
standard,RAFAEL PACHECO,2105595689,mobile,trucking/logistics,SAN ANTONIO,TX,fmcsa_census,,,,
standard,TAMAYO TRANSPORT SERVICES LLC,8322154897,mobile,trucking/logistics,KATY,TX,fmcsa_census,,,,
standard,GLS EXPRESS LLC,9562372092,mobile,trucking/logistics,LAREDO,TX,fmcsa_census,,,,
standard,HRO EXPREZZ LLC,9563273726,mobile,trucking/logistics,LAREDO,TX,fmcsa_census,,,,
standard,SHAWN JAY ZUROVEC,2106430906,mobile,trucking/logistics,GILLETTE,TX,fmcsa_census,,,,
standard,AD ASTAR LLC,9566069906,mobile,trucking/logistics,LAREDO,TX,fmcsa_census,,,,
standard,GARDENRTON INDUSTRIES,2103172083,mobile,trucking/logistics,CONVERSE,TX,fmcsa_census,,,,
standard,YAIDEL A SUAREZ GONZALEZ,3057201892,mobile,trucking/logistics,CONVERSE,TX,fmcsa_census,,,,
standard,STEVEN LINK,8303790068,mobile,trucking/logistics,NEW BRAUNFELS,TX,fmcsa_census,,,,
standard,BORDERTOWN TRUCKING LLC,9566933042,mobile,trucking/logistics,LAREDO,TX,fmcsa_census,,,,
standard,BRYANT'S EARLY EXPRESS LLC,2102757575,mobile,trucking/logistics,GILLETT,TX,fmcsa_census,,,,
standard,TEXAS SHEET METAL AND STAINLESS STEEL FABRICATORS INC,2102607212,mobile,trucking/logistics,SAN ANTONIO,TX,fmcsa_census,,,,
standard,LOGISTICS CHANNELS LLC,9566458976,mobile,trucking/logistics,LAREDO,TX,fmcsa_census,,,,
standard,STALLION LEASE LLC,7134743195,mobile,trucking/logistics,HOUSTON,TX,fmcsa_census,,,,
standard,RACKS ARE US LLC,7138828367,mobile,trucking/logistics,HOUSTON,TX,fmcsa_census,,,,
standard,GRV TRANSPORT LLC,8328977174,mobile,trucking/logistics,HOUSTON,TX,fmcsa_census,,,,
standard,RESOURCE ENERGY SERVICE CORPORATION,7138493110,mobile,trucking/logistics,HOUSTON,TX,fmcsa_census,,,,
standard,JSB IN MOTION LOGISTICS LLC,2819872235,mobile,trucking/logistics,HOUSTON,TX,fmcsa_census,,,,
standard,PRIMES EXPRESS INC,2819448051,mobile,trucking/logistics,HOUSTON,TX,fmcsa_census,,,,
standard,WUILMER A BRIZUELA VELASQUEZ,8328816684,mobile,trucking/logistics,HOUSTON,TX,fmcsa_census,,,,
standard,GG ELITE LINE LOGISTICS LLC,3469011356,mobile,trucking/logistics,HOUSTON,TX,fmcsa_census,,,,
standard,VACA UNDERGROUND UTILITIES INC,8322757241,mobile,trucking/logistics,HOUSTON,TX,fmcsa_census,,,,
standard,FOUR SEASONS FOOD DISTRIBUTORS INC,7133838818,mobile,trucking/logistics,HOUSTON,TX,fmcsa_census,,,,
standard,D-1-2 TRUSS TRANSPO INC,7133852277,mobile,trucking/logistics,HOUSTON,TX,fmcsa_census,,,,
standard,WAHIDULLAH AZIZI,2819651356,mobile,trucking/logistics,HOUSTON,TX,fmcsa_census,,,,
standard,ELMER A MENDEZ,8328149656,mobile,trucking/logistics,HOUSTON,TX,fmcsa_census,,,,
standard,USA METAL RECYCLING INC,7134196908,mobile,trucking/logistics,HOUSTON,TX,fmcsa_census,,,,
standard,VIXEN LOGISTICS LLC,3462422175,mobile,trucking/logistics,HOUSTON,TX,fmcsa_census,,,,
standard,AAE EXPRESS LLC,4694183616,mobile,trucking/logistics,HOUSTON,TX,fmcsa_census,,,,
standard,PETRA ELITE TRANSPORT LLC,7135827875,mobile,trucking/logistics,HOUSTON,TX,fmcsa_census,,,,
standard,ABRAHAM GUSTAVO BUITENMAN FERNANDEZ,8328077190,mobile,trucking/logistics,HOUSTON,TX,fmcsa_census,,,,
standard,ATTICS TRUCKING GROUP LLC,2815095326,mobile,trucking/logistics,HOUSTON,TX,fmcsa_census,,,,
standard,ASTRO EXPRESS TRANSPORTATION,8322310066,mobile,trucking/logistics,HOUSTON,TX,fmcsa_census,,,,
standard,ACCUWELD INC,2818502204,mobile,trucking/logistics,HOUSTON,TX,fmcsa_census,,,,
standard,WHITE GLOVE TRANSPORTS TX LLC,3522558037,mobile,trucking/logistics,HOUSTON,TX,fmcsa_census,,,,
standard,LENNIN LAGOS,8328055520,mobile,trucking/logistics,HOUSTON,TX,fmcsa_census,,,,
standard,QUILLS UNLIMITED ENTERPRISE LLC,2815125858,mobile,trucking/logistics,HOUSTON,TX,fmcsa_census,,,,
standard,RODOLFO CONTRERAS,8326891136,mobile,trucking/logistics,HOUSTON,TX,fmcsa_census,,,,
standard,BAY WATER TRANSPORTATION LLC,2034081005,mobile,trucking/logistics,HOUSTON,TX,fmcsa_census,,,,
standard,MOAZ TRANSPORTATION LLC,8322908192,mobile,trucking/logistics,HOUSTON,TX,fmcsa_census,,,,
standard,PRAGO TRANSPORT LLC,2815158621,mobile,trucking/logistics,HOUSTON,TX,fmcsa_census,,,,
standard,RJ CABALLERO TRUCKING LLC,8329230253,mobile,trucking/logistics,HOUSTON,TX,fmcsa_census,,,,
standard,GREAT JOB MOVING AND STORAGE LLC,7036081496,mobile,trucking/logistics,HOUSTON,TX,fmcsa_census,,,,
standard,LAZARO ANTONIO ZAMORA VARGAS,8329467869,mobile,trucking/logistics,HOUSTON,TX,fmcsa_census,,,,
standard,CHOLUTEXAS TRANSPORT LLC,4752048150,mobile,trucking/logistics,HOUSTON,TX,fmcsa_census,,,,
standard,DAVID LAFLEUR,8323355131,mobile,trucking/logistics,HOUSTON,TX,fmcsa_census,,,,
standard,ESTEFANY BEATRIZ LARA,7133809873,mobile,trucking/logistics,HOUSTON,TX,fmcsa_census,,,,
standard,KD TRANSPORT CORP,7133596320,mobile,trucking/logistics,HOUSTON,TX,fmcsa_census,,,,
standard,BOC TRUCKING LLC,7135305494,mobile,trucking/logistics,HOUSTON,TX,fmcsa_census,,,,
standard,FES TRUCKING LLC,5125643146,mobile,trucking/logistics,HOUSTON,TX,fmcsa_census,,,,
standard,C YOUNGS TRANSPORTATION & SERVICES LLC,2816507191,mobile,trucking/logistics,HOUSTON,TX,fmcsa_census,,,,
standard,LA & EXPRESS LLC,8328050269,mobile,trucking/logistics,HOUSTON,TX,fmcsa_census,,,,
standard,J PADILLA DELIVERY LLC,8324391547,mobile,trucking/logistics,HOUSTON,TX,fmcsa_census,,,,
standard,FGHS TRUCKING LLC,8325336266,mobile,trucking/logistics,HOUSTON,TX,fmcsa_census,,,,
standard,WT CARRIER SERVICES LLC,6517067219,mobile,trucking/logistics,HOUSTON,TX,fmcsa_census,,,,
standard,JIF GLOBAL CORPORATION,8328650166,mobile,trucking/logistics,HOUSTON,TX,fmcsa_census,,,,
standard,LEXAL JARS LLC,3375260160,mobile,trucking/logistics,HOUSTON,TX,fmcsa_census,,,,
standard,HAFFAN LAB INC,8322367329,mobile,trucking/logistics,HOUSTON,TX,fmcsa_census,,,,
standard,RP FREIGHT LLC,7134744928,mobile,trucking/logistics,HOUSTON,TX,fmcsa_census,,,,
standard,TIGER MACHADO LLC,9153526680,mobile,trucking/logistics,HOUSTON,TX,fmcsa_census,,,,
standard,FREDERICK CLARK,7136753911,mobile,trucking/logistics,HOUSTON,TX,fmcsa_census,,,,
standard,LOS IZNAGAS TRUCKING LLC,8329946992,mobile,trucking/logistics,HOUSTON,TX,fmcsa_census,,,,
standard,MARTHIEO TRANSPORTATION LLC,8322455632,mobile,trucking/logistics,HOUSTON,TX,fmcsa_census,,,,
standard,EXPRESS CRANE & RIGGING INCORPORATED,8325446483,mobile,trucking/logistics,HOUSTON,TX,fmcsa_census,,,,
standard,FIDELITY LOGISTICS LLC,2817995826,mobile,trucking/logistics,HOUSTON,TX,fmcsa_census,,,,
standard,THAWK ENTERPRISE LLC,8327823587,mobile,trucking/logistics,HOUSTON,TX,fmcsa_census,,,,
standard,ROGELIO HERRERA RANGEL,9564088460,mobile,trucking/logistics,HOUSTON,TX,fmcsa_census,,,,
standard,BUDGET BUS LINES LLP,8324332290,mobile,trucking/logistics,HOUSTON,TX,fmcsa_census,,,,
standard,PJM LOGISTICS LLC,8323283028,mobile,trucking/logistics,HOUSTON,TX,fmcsa_census,,,,
standard,K&H TRUCKING,7134780980,mobile,trucking/logistics,HOUSTON,TX,fmcsa_census,,,,
standard,URIEL L FIGUEROA,7135056417,mobile,trucking/logistics,HOUSTON,TX,fmcsa_census,,,,
standard,BIGJAX TRANSPORTATION LLC,8323878150,mobile,trucking/logistics,HOUSTON,TX,fmcsa_census,,,,
standard,NOE ORLANDO POZO,8326401236,mobile,trucking/logistics,HOUSTON,TX,fmcsa_census,,,,
standard,G&A RESOURCES LLC,2815090761,mobile,trucking/logistics,HOUSTON,TX,fmcsa_census,,,,
standard,ZAPATA PROTEIN-USA INC,7139406176,mobile,trucking/logistics,HOUSTON,TX,fmcsa_census,,,,
standard,WAKEFOREST TRANSPORT LLC,9196738992,mobile,trucking/logistics,HOUSTON,TX,fmcsa_census,,,,
standard,JPV TRANSPORTATION,8322835357,mobile,trucking/logistics,HOUSTON,TX,fmcsa_census,,,,
standard,DANILO CARRILLO,8327908647,mobile,trucking/logistics,HOUSTON,TX,fmcsa_census,,,,
standard,A - B GAS COMPANY,7136825555,mobile,trucking/logistics,HOUSTON,TX,fmcsa_census,,,,
standard,TRANSPORT SAFE P3 LLC,8327957150,mobile,trucking/logistics,HOUSTON,TX,fmcsa_census,,,,
standard,RODOLFO TREJO,8325337771,mobile,trucking/logistics,HOUSTON,TX,fmcsa_census,,,,
standard,EL MILLA VALE LLC,8323238537,mobile,trucking/logistics,HOUSTON,TX,fmcsa_census,,,,
standard,WKG TRUCKING LLC,3463319300,mobile,trucking/logistics,HOUSTON,TX,fmcsa_census,,,,
standard,LLACH TRANSPORTATION LLC,8328825417,mobile,trucking/logistics,HOUSTON,TX,fmcsa_census,,,,
standard,KINGMEEKY FREIGHT AND TRANSPORT LLC,7134082622,mobile,trucking/logistics,HOUSTON,TX,fmcsa_census,,,,
standard,G BROWN LOGISTICS LLC,3183056550,mobile,trucking/logistics,HOUSTON,TX,fmcsa_census,,,,
standard,ALWAYS LOADED LLC,8322678440,mobile,trucking/logistics,HOUSTON,TX,fmcsa_census,,,,
standard,JOSE C VILLARREAL III,7136748888,mobile,trucking/logistics,HOUSTON,TX,fmcsa_census,,,,
standard,CATEGORY 5IVE LLC,2819747149,mobile,trucking/logistics,HOUSTON,TX,fmcsa_census,,,,
standard,YBS TRUCKING LLC,7867426324,mobile,trucking/logistics,HOUSTON,TX,fmcsa_census,,,,
standard,LEON A TAPIA,8323625122,mobile,trucking/logistics,HOUSTON,TX,fmcsa_census,,,,
standard,BLAZAR SOLUTIONS LLC,7542738374,mobile,trucking/logistics,HOUSTON,TX,fmcsa_census,,,,
standard,JOSE MARTIN PARRA,8327553777,mobile,trucking/logistics,HOUSTON,TX,fmcsa_census,,,,
standard,ELLIS INDUSTRIES INC,8329985460,mobile,trucking/logistics,HOUSTON,TX,fmcsa_census,,,,
standard,BREAD FAMILY TRUCKING LLC,3466664716,mobile,trucking/logistics,HOUSTON,TX,fmcsa_census,,,,
standard,CARRILLO'S TOWING SERVICES,8322744546,mobile,trucking/logistics,HOUSTON,TX,fmcsa_census,,,,
standard,LOS COMPAS DISTRIBUTION INC,8329694257,mobile,trucking/logistics,HOUSTON,TX,fmcsa_census,,,,
standard,TRANSURESTE USA LLC,7134718500,mobile,trucking/logistics,HOUSTON,TX,fmcsa_census,,,,
standard,FANTASTIC WORKS TRANSPORTATION LLC,7134490019,mobile,trucking/logistics,HOUSTON,TX,fmcsa_census,,,,
standard,PREMIER NATIONWIDE LOGISTICS LLC,7132594940,mobile,trucking/logistics,HOUSTON,TX,fmcsa_census,,,,
standard,C&R TRANSPORTATION PROFESSIONALS LLC,6823601893,mobile,trucking/logistics,HOUSTON,TX,fmcsa_census,,,,
standard,VELEZ CONSTRUCTION AND TRANSPORT,8327133005,mobile,trucking/logistics,HOUSTON,TX,fmcsa_census,,,,
standard,MANDAP CREATIONS LLC,8324236003,mobile,trucking/logistics,HOUSTON,TX,fmcsa_census,,,,
standard,JESUS R GONZALEZ,2815065327,mobile,trucking/logistics,JACINTO CITY,TX,fmcsa_census,,,,
standard,BLOX TP,8322988119,mobile,trucking/logistics,HOUSTON,TX,fmcsa_census,,,,
standard,PCM TRANSPORT LLC,8322284217,mobile,trucking/logistics,HOUSTON,TX,fmcsa_census,,,,
standard,LAWS TRANSPORT SERVICE LLC,8328462425,mobile,trucking/logistics,HOUSTON,TX,fmcsa_census,,,,
standard,DAVID SOSA,8324338757,mobile,trucking/logistics,HOUSTON,TX,fmcsa_census,,,,
standard,CLIMAX SERVICES LLC,8324043446,mobile,trucking/logistics,HOUSTON,TX,fmcsa_census,,,,
standard,EVERWELL TRANSPORTATION LLC,8643268847,mobile,trucking/logistics,HOUSTON,TX,fmcsa_census,,,,
standard,JKN4L TRUCKING LLC,2817281116,mobile,trucking/logistics,HOUSTON,TX,fmcsa_census,,,,
standard,COR-PRO SYSTEM INC,2817801253,mobile,trucking/logistics,HOUSTON,TX,fmcsa_census,,,,
standard,FLAST ROAD LLC,2109191179,mobile,trucking/logistics,HOUSTON,TX,fmcsa_census,,,,
standard,TIFFANY BERRY,8327215754,mobile,trucking/logistics,HOUSTON,TX,fmcsa_census,,,,
standard,GENTRY'S SAFE ROUTE TRUCKING SERVICES INC,8328575672,mobile,trucking/logistics,HOUSTON,TX,fmcsa_census,,,,
standard,BRAVO TRANSPORT LLC,8329478531,mobile,trucking/logistics,HOUSTON,TX,fmcsa_census,,,,
standard,JUAN A GALLEGOS,8326711822,mobile,trucking/logistics,HOUSTON,TX,fmcsa_census,,,,
standard,ANTONIO ALFONSO LEONOR,8328483089,mobile,trucking/logistics,HOUSTON,TX,fmcsa_census,,,,
standard,JUAN CARLOS REY PEREZ,7863543539,mobile,trucking/logistics,HOUSTON,TX,fmcsa_census,,,,
standard,MATRIX DELIVERY LLC,3463710451,mobile,trucking/logistics,HOUSTON,TX,fmcsa_census,,,,
standard,GRIGORIE MOCOFAN,2817877678,mobile,trucking/logistics,HOUSTON,TX,fmcsa_census,,,,
standard,WARTEL LOGISTICS LLC,8325670300,mobile,trucking/logistics,HOUSTON,TX,fmcsa_census,,,,
standard,VANGUARD TRUCK CENTER OF HOUSTON LLC,2816772200,mobile,trucking/logistics,HOUSTON,TX,fmcsa_census,,,,
standard,DANACIUS D BODDIE,3462747652,mobile,trucking/logistics,HOUSTON,TX,fmcsa_census,,,,
standard,DUDWALA LLC,8325267341,mobile,trucking/logistics,HOUSTON,TX,fmcsa_census,,,,
standard,FREEWAY EXPRESS LOGISTICS LLC,8324702432,mobile,trucking/logistics,HOUSTON,TX,fmcsa_census,,,,
standard,A THROUGH Z LOGISTICS AND SERVICES LLC,3462915599,mobile,trucking/logistics,HOUSTON,TX,fmcsa_census,,,,
standard,SIMPSON'S EMPIRE LLC,2814101147,mobile,trucking/logistics,HOUSTON,TX,fmcsa_census,,,,
standard,CANADA ENTERPRISES LLC,2818962542,mobile,trucking/logistics,HOUSTON,TX,fmcsa_census,,,,
standard,FWT INVESTMENTS LLC,6127410797,mobile,trucking/logistics,HOUSTON,TX,fmcsa_census,,,,
standard,TROY'Z TRUCKING ENTERPRISE LLC,2819029559,mobile,trucking/logistics,HOUSTON,TX,fmcsa_census,,,,
standard,JOSE FIDEL LARA AYALA,8325266674,mobile,trucking/logistics,HOUSTON,TX,fmcsa_census,,,,
standard,PULIDO TRANSPORT LP,8322434658,mobile,trucking/logistics,HOUSTON,TX,fmcsa_census,,,,
standard,MARIO PORRO ORTEGA,8325078091,mobile,trucking/logistics,HOUSTON,TX,fmcsa_census,,,,
standard,RAYS 5 STAR TRANSPORT LLC,3468082257,mobile,trucking/logistics,HOUSTON,TX,fmcsa_census,,,,
standard,VICTOR JULIO TURCA,8327942367,mobile,trucking/logistics,HOUSTON,TX,fmcsa_census,,,,
standard,KB EXPRESS LLC,6018078303,mobile,trucking/logistics,HOUSTON,TX,fmcsa_census,,,,
standard,OBSIDIAN TRUCKING AND LOGISTICS LLC,3464028815,mobile,trucking/logistics,HOUSTON,TX,fmcsa_census,,,,
standard,ANN CHARTERS,2814583838,mobile,trucking/logistics,HOUSTON,TX,fmcsa_census,,,,
standard,SCOTT HALL AND COMPANY WORLD WIDE LLC,8327483527,mobile,trucking/logistics,HOUSTON,TX,fmcsa_census,,,,
standard,KING JACKSON SERVICES LLC,8327578591,mobile,trucking/logistics,HOUSTON,TX,fmcsa_census,,,,
standard,SANTOS NOEL REYES,8323737215,mobile,trucking/logistics,HOUSTON,TX,fmcsa_census,,,,
standard,CANOPY SOLUTIONS LLC,7134478635,mobile,trucking/logistics,PEARLAND,TX,fmcsa_census,,,,
standard,CONSTELLATION INDUSTRIES LLC,7134749038,mobile,trucking/logistics,HOUSTON,TX,fmcsa_census,,,,
standard,PS ELITE TRANSPORTATION LIMITED LIABILITY COMPANY,3463120062,mobile,trucking/logistics,HOUSTON,TX,fmcsa_census,,,,
standard,ACD TRANSPORTATION LLC,7866743927,mobile,trucking/logistics,HOUSTON,TX,fmcsa_census,,,,
standard,KC SOLUTION GROUP LLC,8048360866,mobile,trucking/logistics,HOUSTON,TX,fmcsa_census,,,,
standard,WILBER MOISES GUZMAN,8327156970,mobile,trucking/logistics,HOUSTON,TX,fmcsa_census,,,,
standard,WERCARGO LLC,7138202657,mobile,trucking/logistics,HOUSTON,TX,fmcsa_census,,,,
standard,RICHARDSON TRUCKING LLC,7134490510,mobile,trucking/logistics,HOUSTON,TX,fmcsa_census,,,,
standard,FIDEL RIOS,2819351806,mobile,trucking/logistics,HOUSTON,TX,fmcsa_census,,,,
standard,COLES CARGO LLC,8324393120,mobile,trucking/logistics,HOUSTON,TX,fmcsa_census,,,,
standard,NEW ENERGY TRANSPORT INC,8324210877,mobile,trucking/logistics,HOUSTON,TX,fmcsa_census,,,,
standard,SWILSON LOGISTICS,8329510203,mobile,trucking/logistics,HOUSTON,TX,fmcsa_census,,,,
standard,HAJRI TRUCK LINES,8322762840,mobile,trucking/logistics,HOUSTON,TX,fmcsa_census,,,,
standard,POINT 2 POINT LOGISTICS AND DELIVERY LLC,2817554795,mobile,trucking/logistics,HOUSTON,TX,fmcsa_census,,,,
standard,LADY TEX TRUCKING LLC,8322472432,mobile,trucking/logistics,HOUSTON,TX,fmcsa_census,,,,
standard,TEXAN HAULING LLC,7135943387,mobile,trucking/logistics,HOUSTON,TX,fmcsa_census,,,,
standard,JOSE G LOPEZ,7134762409,mobile,trucking/logistics,HOUSTON,TX,fmcsa_census,,,,
standard,LONDON LD TRUCKING LLC,8328457524,mobile,trucking/logistics,HOUSTON,TX,fmcsa_census,,,,
standard,JOSE YEPEZ,7135914554,mobile,trucking/logistics,HOUSTON,TX,fmcsa_census,,,,
standard,MARTIN SANCHEZ,2819142098,mobile,trucking/logistics,HOUSTON,TX,fmcsa_census,,,,
standard,ALFONSO MADRIGAL,8323094404,mobile,trucking/logistics,HOUSTON,TX,fmcsa_census,,,,
standard,SAZ TRUCKING SERVICE LLC,2815466497,mobile,trucking/logistics,HOUSTON,TX,fmcsa_census,,,,
standard,KARTASTIC SOLUTIONS LLC,8323659711,mobile,trucking/logistics,HOUSTON,TX,fmcsa_census,,,,
standard,GRIFFITH TRANSPORT LLC,3462775891,mobile,trucking/logistics,HOUSTON,TX,fmcsa_census,,,,
standard,DASH LOGISTICS HTX LLC,8609361334,mobile,trucking/logistics,HOUSTON,TX,fmcsa_census,,,,
standard,CRISTHIAN MENA,2813838089,mobile,trucking/logistics,HOUSTON,TX,fmcsa_census,,,,
standard,LIONEL KENNEDY,7138752239,mobile,trucking/logistics,HOUSTON,TX,fmcsa_census,,,,
standard,ALVIN CLAY KOTHMANN,3252343829,mobile,trucking/logistics,MENARD,TX,fmcsa_census,,,,
standard,BIG R TRUCKING LLC,8326779968,mobile,trucking/logistics,HOUSTON,TX,fmcsa_census,,,,
standard,RSH FORTUNE EXPRESS LLC,8327905390,mobile,trucking/logistics,HOUSTON,TX,fmcsa_census,,,,
standard,REED CRANE & RIGGING LLC,8323500875,mobile,trucking/logistics,HOUSTON,TX,fmcsa_census,,,,
standard,PA2PB LLC,7135054378,mobile,trucking/logistics,HOUSTON,TX,fmcsa_census,,,,
standard,FUENTES GLOBAL TRANSPORT LLC,2106050652,mobile,trucking/logistics,HOUSTON,TX,fmcsa_census,,,,
standard,PRESIDO TRANSPORTATION LLC,3254569428,mobile,trucking/logistics,MENARD,TX,fmcsa_census,,,,
standard,CORNELIO C GUILAMO,7139338624,mobile,trucking/logistics,HOUSTON,TX,fmcsa_census,,,,
standard,TEXAS A&M CONCRETE LLC,7133062751,mobile,trucking/logistics,HOUSTON,TX,fmcsa_census,,,,
standard,ITT EXPRESS TRUCKING LLC,8327944624,mobile,trucking/logistics,HOUSTON,TX,fmcsa_census,,,,
standard,JOHNSON'S DIRT AND ROAD WORKS LLC,3258690424,mobile,trucking/logistics,MENARD,TX,fmcsa_census,,,,
standard,NAT STAR TRANSPORTATION INC,8327888164,mobile,trucking/logistics,HOUSTON,TX,fmcsa_census,,,,
standard,ANTHONY CLARK,7136722305,mobile,trucking/logistics,HOUSTON,TX,fmcsa_census,,,,
standard,AMISTCO SEPARATION PRODUCTS INC,7134340934,mobile,trucking/logistics,HOUSTON,TX,fmcsa_census,,,,
standard,BRADLEY HARRIS,8323030638,mobile,trucking/logistics,HOUSTON,TX,fmcsa_census,,,,
standard,MARIO MARIN CARILLO,7133446592,mobile,trucking/logistics,HOUSTON,TX,fmcsa_census,,,,
standard,G & L DELIVERY LLC,8322237772,mobile,trucking/logistics,HOUSTON,TX,fmcsa_census,,,,
standard,HOUSTON ON TIME FREIGHT INC,7135855128,mobile,trucking/logistics,HOUSTON,TX,fmcsa_census,,,,
standard,MARSHALL GARY,8323688198,mobile,trucking/logistics,HOUSTON,TX,fmcsa_census,,,,
standard,CJK DIRECT FREIGHT INC LLC,2102515678,mobile,trucking/logistics,MENARD,TX,fmcsa_census,,,,
standard,R COLLINS INC,8325604230,mobile,trucking/logistics,HOUSTON,TX,fmcsa_census,,,,
standard,AA MOLINAS GROUP LLC,8327550671,mobile,trucking/logistics,HOUSTON,TX,fmcsa_census,,,,
standard,KIMBLE RAY LAVERGNE,7135850088,mobile,trucking/logistics,HOUSTON,TX,fmcsa_census,,,,
standard,GINEER LOGISTICS LLC,7138574860,mobile,trucking/logistics,HOUSTON,TX,fmcsa_census,,,,
standard,SIMONERACHELLE WILSON,3615635704,mobile,trucking/logistics,HOUSTON,TX,fmcsa_census,,,,
standard,VTT TRANSPORT LLC,4435273613,mobile,trucking/logistics,HOUSTON,TX,fmcsa_census,,,,
standard,ALFACLAN TRANSPORTATION LLC,8329076097,mobile,trucking/logistics,HOUSTON,TX,fmcsa_census,,,,
standard,CESAR VALDEZ,7134108790,mobile,trucking/logistics,HOUSTON,TX,fmcsa_census,,,,
standard,MWM TRANSPORTATION LLC,8326143504,mobile,trucking/logistics,HOUSTON,TX,fmcsa_census,,,,
standard,GULF BRIDGE TRANSPORTATION LLC,8324885870,mobile,trucking/logistics,HOUSTON,TX,fmcsa_census,,,,
standard,YELLOW ROSE STEEL FABRICATORS INC,7138627339,mobile,trucking/logistics,HOUSTON,TX,fmcsa_census,,,,
standard,CARMEN E BOTERO,7134470579,mobile,trucking/logistics,HOUSTON,TX,fmcsa_census,,,,
standard,RAMON GALLEGOS JR,7177375397,mobile,trucking/logistics,HOUSTON,TX,fmcsa_census,,,,
standard,TEXAS UNITED SUPPLY COMPANY LLC,8323477548,mobile,trucking/logistics,HOUSTON,TX,fmcsa_census,,,,
standard,DOMINGUEZ CARGO LLC,3462215661,mobile,trucking/logistics,HOUSTON,TX,fmcsa_census,,,,
standard,AUTOHIVE FLEET SERVICES LLC,8329395648,mobile,trucking/logistics,HOUSTON,TX,fmcsa_census,,,,
standard,WES LOGISTICS GROUP LLC,8324808900,mobile,trucking/logistics,HOUSTON,TX,fmcsa_census,,,,
standard,AI INDUSTRY,8326750156,mobile,trucking/logistics,HOUSTON,TX,fmcsa_census,,,,
standard,BHH SERVICES,3466981216,mobile,trucking/logistics,HOUSTON,TX,fmcsa_census,,,,
standard,LONGSHOT OPTICS LLC,7133809452,mobile,trucking/logistics,HOUSTON,TX,fmcsa_census,,,,
standard,SERVANDO AVILA,2817576119,mobile,trucking/logistics,HOUSTON,TX,fmcsa_census,,,,
standard,COVENANT WASTE SERVICES LLC,2814583660,mobile,trucking/logistics,HOUSTON,TX,fmcsa_census,,,,
standard,TRICIA SMITH,7134195471,mobile,trucking/logistics,HOUSTON,TX,fmcsa_census,,,,
standard,719 LOGISTICS LLC,9725153898,mobile,trucking/logistics,HOUSTON,TX,fmcsa_census,,,,
standard,MAL-MORE ENTERPRISES LLC,2147180876,mobile,trucking/logistics,HOUSTON,TX,fmcsa_census,,,,
standard,ARTURO BELTRAN RETANA,8329644531,mobile,trucking/logistics,HOUSTON,TX,fmcsa_census,,,,
standard,W J EASTWOOD & CO L P,2818310738,mobile,trucking/logistics,HOUSTON,TX,fmcsa_census,,,,
standard,ERY TRUCKING LLC,3083791007,mobile,trucking/logistics,HOUSTON,TX,fmcsa_census,,,,
standard,A-1 FRENCHY'S TRUCKING COMPANY,8328488049,mobile,trucking/logistics,HOUSTON,TX,fmcsa_census,,,,
standard,HTX ELITE TRUCKING LLC,3462356468,mobile,trucking/logistics,HOUSTON,TX,fmcsa_census,,,,
standard,JX3 TRANSPORT LLC,4094230751,mobile,trucking/logistics,HOUSTON,TX,fmcsa_census,,,,
standard,JUAN SEGOVIA HERNANDEZ,8326071940,mobile,trucking/logistics,HOUSTON,TX,fmcsa_census,,,,
standard,KUTTIN KORNERS TRUCKING LLC,3462887482,mobile,trucking/logistics,HOUSTON,TX,fmcsa_census,,,,
standard,PASSION STANCE LLC,2142071868,mobile,trucking/logistics,HOUSTON,TX,fmcsa_census,,,,
standard,FRACHT FWO INC,2812271700,mobile,trucking/logistics,HOUSTON,TX,fmcsa_census,,,,
standard,A&G CARRIER EXPRESS,7134927431,mobile,trucking/logistics,HOUSTON,TX,fmcsa_census,,,,
standard,FAST LANE TRANSPORTATION & LOGISTICS LLC,2812024713,mobile,trucking/logistics,HOUSTON,TX,fmcsa_census,,,,
standard,REMEDIAL CONSTRUCTION SERVICES LP,7133924319,mobile,trucking/logistics,HOUSTON,TX,fmcsa_census,,,,
standard,KR&M ASSOCIATES LLC,3463344227,mobile,trucking/logistics,HOUSTON,TX,fmcsa_census,,,,
standard,JAMES CLARK INSPECTION INC,8326284861,mobile,trucking/logistics,HOUSTON,TX,fmcsa_census,,,,
standard,G&R EXPRESS TRUCKING LLC,3469071338,mobile,trucking/logistics,HOUSTON,TX,fmcsa_census,,,,
standard,WILDCAT BULK WATER SERVICES LLC,7133374026,mobile,trucking/logistics,HOUSTON,TX,fmcsa_census,,,,
standard,YG TRANSPORTATION SERVICES LLC,3462666984,mobile,trucking/logistics,HOUSTON,TX,fmcsa_census,,,,
standard,BRENDA CARRIZALES,8328972848,mobile,trucking/logistics,HOUSTON,TX,fmcsa_census,,,,
standard,IVAN REYES-LEYVA,8323324468,mobile,trucking/logistics,HOUSTON,TX,fmcsa_census,,,,
standard,PROLIFIC LOGISTIC SOLUTIONS LLC,3309538415,mobile,trucking/logistics,HOUSTON,TX,fmcsa_census,,,,
standard,ACTS INTERNATIONAL SERVICES INC,7138692269,mobile,trucking/logistics,HOUSTON,TX,fmcsa_census,,,,
standard,NEXO SERVICES LLC,5125372015,mobile,trucking/logistics,HOUSTON,TX,fmcsa_census,,,,
standard,MIKEN SPECIALITIES LTD,2818076532,mobile,trucking/logistics,HOUSTON,TX,fmcsa_census,,,,
standard,INTERNATIONAL ENTERPRISES INC,7138964117,mobile,trucking/logistics,HOUSTON,TX,fmcsa_census,,,,
standard,A&R COMPANY CARGO TRANSPORTATION LLC,8325386436,mobile,trucking/logistics,HOUSTON,TX,fmcsa_census,,,,
standard,JOSEPH T RYERSON & SON INC,7138646450,mobile,trucking/logistics,HOUSTON,TX,fmcsa_census,,,,
standard,FA TRANS LLC,2817320268,mobile,trucking/logistics,HOUSTON,TX,fmcsa_census,,,,
standard,D2B XPRESS LOGISTICS LLC,8322867935,mobile,trucking/logistics,HOUSTON,TX,fmcsa_census,,,,
standard,K PLUS LEGACY,8162860427,mobile,trucking/logistics,HOUSTON,TX,fmcsa_census,,,,
standard,ASBK LOGISTICS,3463174470,mobile,trucking/logistics,HOUSTON,TX,fmcsa_census,,,,
standard,ELSANA AUTO TRANSPORT LLC,3059262349,mobile,trucking/logistics,HOUSTON,TX,fmcsa_census,,,,
standard,ROGAZELLE LOGISTICS LLC,8326611023,mobile,trucking/logistics,HOUSTON,TX,fmcsa_census,,,,
standard,NKK TRANSPORTATION LLC,8322526559,mobile,trucking/logistics,HOUSTON,TX,fmcsa_census,,,,
standard,OCEAN WAVES PRODUCTS INC,8323530357,mobile,trucking/logistics,HOUSTON,TX,fmcsa_census,,,,
standard,NUWAVE INDUSTRIES USA INC,7802051858,mobile,trucking/logistics,HOUSTON,TX,fmcsa_census,,,,
standard,MARLON SAMUELS,8322580384,mobile,trucking/logistics,HOUSTON,TX,fmcsa_census,,,,
standard,SHEPHERD TRUCKING LLC,4694746823,mobile,trucking/logistics,HUMBLE,TX,fmcsa_census,,,,
standard,KINGSOL LLC,8329896755,mobile,trucking/logistics,HOUSTON,TX,fmcsa_census,,,,
standard,FSG RESTORATION SERVICES LLC,7139378700,mobile,trucking/logistics,HOUSTON,TX,fmcsa_census,,,,
standard,SUNRISE SERVICES LLC,2815417998,mobile,trucking/logistics,HOUSTON,TX,fmcsa_census,,,,
standard,DAGOBERTO SOLIS PERLA,3467794668,mobile,trucking/logistics,HOUSTON,TX,fmcsa_census,,,,
standard,GUILLERMO PORTILLO FUENTES,7044883398,mobile,trucking/logistics,HOUSTON,TX,fmcsa_census,,,,
standard,2SG GLOBAL LLC,3462479656,mobile,trucking/logistics,HOUSTON,TX,fmcsa_census,,,,
standard,NATIONS TRUSTED PARTNERS LLC,7867371231,mobile,trucking/logistics,HOUSTON,TX,fmcsa_census,,,,
standard,SF MOTORS LLC,2815222090,mobile,trucking/logistics,HOUSTON,TX,fmcsa_census,,,,
standard,HOLLINS DELIVERY INC,8324535561,mobile,trucking/logistics,HOUSTON,TX,fmcsa_census,,,,
standard,GOLDEN SUNSHINE TRANSPORTATION LLC,8328886778,mobile,trucking/logistics,HOUSTON,TX,fmcsa_census,,,,
standard,HECTOR GABRIEL LOPEZ,2814556160,mobile,trucking/logistics,HOUSTON,TX,fmcsa_census,,,,
standard,BELLE LUXE PROPERTIES LLC,3463773832,mobile,trucking/logistics,HOUSTON,TX,fmcsa_census,,,,
standard,FORMAXX CONCRETE LLC,7135041216,mobile,trucking/logistics,HOUSTON,TX,fmcsa_census,,,,
standard,J2O CONSULTANTS LLC,8323034845,mobile,trucking/logistics,HOUSTON,TX,fmcsa_census,,,,
standard,MAMBA MENTALITY TRANSPORT LLC,4694187432,mobile,trucking/logistics,HOUSTON,TX,fmcsa_census,,,,
standard,ICA LOGISTICS INTERNATIONAL INC,3012676704,mobile,trucking/logistics,HOUSTON,TX,fmcsa_census,,,,
standard,CELI'S DUMP TRUCKS LLC,2815417000,mobile,trucking/logistics,HOUSTON,TX,fmcsa_census,,,,
standard,CW3 LOGISTICS LLC,7139604181,mobile,trucking/logistics,HOUSTON,TX,fmcsa_census,,,,
standard,ERMIS PUPO,2817994603,mobile,trucking/logistics,HOUSTON,TX,fmcsa_census,,,,
standard,THE MOVING TEAM LLC,9734602590,mobile,trucking/logistics,HOUSTON,TX,fmcsa_census,,,,
standard,CELINA IMPORTS,2818471426,mobile,trucking/logistics,HOUSTON,TX,fmcsa_census,,,,
standard,AMERICA'S AUTO AUCTION HOUSTON INC,2818193600,mobile,trucking/logistics,HOUSTON,TX,fmcsa_census,,,,
standard,TEXAS GLASS GROUP LLC,3462070100,mobile,trucking/logistics,HOUSTON,TX,fmcsa_census,,,,
standard,REGINALD E POWELL,7138706923,mobile,trucking/logistics,HOUSTON,TX,fmcsa_census,,,,
standard,SONYA MARIE RICHARDSON,8326559139,mobile,trucking/logistics,HOUSTON,TX,fmcsa_census,,,,
standard,M GUTIERREZ TRUCKING LLC,8324455974,mobile,trucking/logistics,HOUSTON,TX,fmcsa_census,,,,
standard,PEMBINA US CORPORATION,4035613606,mobile,trucking/logistics,HOUSTON,TX,fmcsa_census,,,,
standard,CHARIOT TRANSPORTATION LLC,5705271983,mobile,trucking/logistics,HOUSTON,TX,fmcsa_census,,,,
standard,DANNY'S BOBTAIL SERVICES INC,8326310512,mobile,trucking/logistics,HOUSTON,TX,fmcsa_census,,,,
standard,RINKU INC,2819657458,mobile,trucking/logistics,HOUSTON,TX,fmcsa_census,,,,
standard,CDC3 TRUCKING LLC,7135504894,mobile,trucking/logistics,HOUSTON,TX,fmcsa_census,,,,
standard,BAYOU CITY GUNITE INCORPORATED,8327667230,mobile,trucking/logistics,HOUSTON,TX,fmcsa_census,,,,
standard,LADING OPULENCE LOGISTICS LLC,7138079648,mobile,trucking/logistics,HOUSTON,TX,fmcsa_census,,,,
standard,ANGEL GUILLEN,2819043272,mobile,trucking/logistics,HOUSTON,TX,fmcsa_census,,,,
standard,HEAVY LOAD CARRIERS ALLIANCE LLC,8325978036,mobile,trucking/logistics,HOUSTON,TX,fmcsa_census,,,,
standard,JOSE A ALVIZURES,2818891982,mobile,trucking/logistics,HOUSTON,TX,fmcsa_census,,,,
standard,BELLAIRE MATERIALS,2818279339,mobile,trucking/logistics,HOUSTON,TX,fmcsa_census,,,,
standard,KEVIN D MIKULEC,2818272314,mobile,trucking/logistics,HOUSTON,TX,fmcsa_census,,,,
standard,PATRIOT TRANSIT LLC,9187204928,mobile,trucking/logistics,HOUSTON,TX,fmcsa_census,,,,
standard,BROVOR TRANSPORTATION LLC,3463933916,mobile,trucking/logistics,HOUSTON,TX,fmcsa_census,,,,
standard,CLUTCH CITY FREIGHT & TRANSPORT,8329874849,mobile,trucking/logistics,HOUSTON,TX,fmcsa_census,,,,
standard,RICARDO CORNEJO,8325607075,mobile,trucking/logistics,HOUSTON,TX,fmcsa_census,,,,
standard,MAXIMUM CARE HEALTHCARE SERVICES LLC,7132825320,mobile,trucking/logistics,HOUSTON,TX,fmcsa_census,,,,
standard,MAXIMUM CARE HEALTHCARE SERVICES LLC,2256150009,mobile,trucking/logistics,HOUSTON,TX,fmcsa_census,,,,
standard,MJ TRUCK HAULING LLC,3463720000,mobile,trucking/logistics,HOUSTON,TX,fmcsa_census,,,,
standard,TC ELITE TRUCKING LLC,2024223328,mobile,trucking/logistics,HOUSTON,TX,fmcsa_census,,,,
standard,BAR 3 TEE'S TRUCKING LLC,8328858007,mobile,trucking/logistics,HOUSTON,TX,fmcsa_census,,,,
standard,JUAN A OLIVARES-LOPEZ,2806619086,mobile,trucking/logistics,HOUSTON,TX,fmcsa_census,,,,
standard,RAYMUNDO RODRIGUEZ,8327158935,mobile,trucking/logistics,HOUSTON,TX,fmcsa_census,,,,
standard,WMW COURIER SERVICES LLC,7137946622,mobile,trucking/logistics,HOUSTON,TX,fmcsa_census,,,,
standard,PRINCE SIGNS LLC,4326347988,mobile,trucking/logistics,HOUSTON,TX,fmcsa_census,,,,
standard,DARREN GIALLANZA,7138344019,mobile,trucking/logistics,HOUSTON,TX,fmcsa_census,,,,
standard,HORIZON FLEET LLC,2818028142,mobile,trucking/logistics,HOUSTON,TX,fmcsa_census,,,,
standard,WESTERN TRANSIT LLC,7137148004,mobile,trucking/logistics,HOUSTON,TX,fmcsa_census,,,,
standard,LILIA GONZALEZ,2814599804,mobile,trucking/logistics,HOUSTON,TX,fmcsa_census,,,,
standard,AGL INTERMODAL SERVICES LLC,9563240959,mobile,trucking/logistics,HOUSTON,TX,fmcsa_census,,,,
standard,GUSTAVO A BAIRES,7132918123,mobile,trucking/logistics,HOUSTON,TX,fmcsa_census,,,,
standard,JOSE OMAR IBANEZ - HINOJOSA,9562902629,mobile,trucking/logistics,HOUSTON,TX,fmcsa_census,,,,
standard,DONE WELL LOGISTICS LLC,6016782339,mobile,trucking/logistics,HOUSTON,TX,fmcsa_census,,,,
standard,DAMQUICKCOURIERS INC,2817333853,mobile,trucking/logistics,HOUSTON,TX,fmcsa_census,,,,
standard,OMNIA TRANSPORT LLC,7138224047,mobile,trucking/logistics,HOUSTON,TX,fmcsa_census,,,,
standard,ENESON ENTERPRISES LLC,8323295990,mobile,trucking/logistics,HOUSTON,TX,fmcsa_census,,,,
standard,ROBINSON TUBULAR SERVICES,8326788585,mobile,trucking/logistics,HOUSTON,TX,fmcsa_census,,,,
standard,PEDRO A FLORES,2816358842,mobile,trucking/logistics,HOUSTON,TX,fmcsa_census,,,,
standard,CBW,2812501384,mobile,trucking/logistics,HOUSTON,TX,fmcsa_census,,,,
standard,RD EXPRESS LLC,9545361374,mobile,trucking/logistics,HOUSTON,TX,fmcsa_census,,,,
standard,AQUA PROCESS INC,8326282777,mobile,trucking/logistics,HOUSTON,TX,fmcsa_census,,,,
standard,TL TRANSPORT LLC,2816601815,mobile,trucking/logistics,HOUSTON,TX,fmcsa_census,,,,
standard,ADOLIO RODRIGUEZ,7133829448,mobile,trucking/logistics,HOUSTON,TX,fmcsa_census,,,,
standard,RAINER HIDALGO APARICIO,8327234816,mobile,trucking/logistics,HOUSTON,TX,fmcsa_census,,,,
standard,IRON ROUTE TRUCKING LLC,3465193618,mobile,trucking/logistics,HOUSTON,TX,fmcsa_census,,,,
standard,CARMA LITTLE,8325771417,mobile,trucking/logistics,HOUSTON,TX,fmcsa_census,,,,
standard,YHH TRANSPORT,8322280412,mobile,trucking/logistics,HOUSTON,TX,fmcsa_census,,,,
standard,DRIDEAU SOLUTIONS LLC,8325199980,mobile,trucking/logistics,HOUSTON,TX,fmcsa_census,,,,
standard,B&T TRANSPORT SERVICES LLC,8326488583,mobile,trucking/logistics,HOUSTON,TX,fmcsa_census,,,,
standard,CAPTAIN REYES TRANSPORT INC,2819143392,mobile,trucking/logistics,HOUSTON,TX,fmcsa_census,,,,
standard,MIGUEL EVORA,8326617582,mobile,trucking/logistics,HOUSTON,TX,fmcsa_census,,,,
standard,ROYALTY DELIVERY LLC,2102633578,mobile,trucking/logistics,HOUSTON,TX,fmcsa_census,,,,
standard,HIGH BEAM HOTSHOT - DELIVERY LLC,8328196720,mobile,trucking/logistics,HOUSTON,TX,fmcsa_census,,,,
standard,JZ ELITE TRANSPORTATION LLC,8326419895,mobile,trucking/logistics,HOUSTON,TX,fmcsa_census,,,,
standard,EDGAR A RIOS YANES,7139407287,mobile,trucking/logistics,HOUSTON,TX,fmcsa_census,,,,
standard,JUBIT KARINA GUARDADO DE GAMEZ,2812459082,mobile,trucking/logistics,HOUSTON,TX,fmcsa_census,,,,
standard,REBEL RUNNERS EXPRESS LLC,7029572835,mobile,trucking/logistics,HOUSTON,TX,fmcsa_census,,,,
standard,O I TRUCKING LLC,8327107274,mobile,trucking/logistics,HOUSTON,TX,fmcsa_census,,,,
standard,MIXCO INC,2819147112,mobile,trucking/logistics,HOUSTON,TX,fmcsa_census,,,,
standard,DJ DELIVERY INC,8324441033,mobile,trucking/logistics,HOUSTON,TX,fmcsa_census,,,,
standard,NU LINE TRANSPORT LLC,2814592090,mobile,trucking/logistics,HOUSTON,TX,fmcsa_census,,,,
standard,SANTA RITA LOGISTICS LLC,7139136455,mobile,trucking/logistics,HOUSTON,TX,fmcsa_census,,,,
standard,TARKEYBROTHERS INC,3467426377,mobile,trucking/logistics,HOUSTON,TX,fmcsa_census,,,,
standard,MV HOUSTON CROSSDOCK,7865106623,mobile,trucking/logistics,HOUSTON,TX,fmcsa_census,,,,
standard,MODERN PRO LOGISTICS LLC,7867796739,mobile,trucking/logistics,HOUSTON,TX,fmcsa_census,,,,
standard,NEXT LEVEL TRANSIT LLC,2814471022,mobile,trucking/logistics,HOUSTON,TX,fmcsa_census,,,,
standard,PRIME COURIER SERVICES CORP,8324173802,mobile,trucking/logistics,HOUSTON,TX,fmcsa_census,,,,
standard,PROSPERITY SHIPPING LLC,2816738958,mobile,trucking/logistics,HOUSTON,TX,fmcsa_census,,,,
standard,JAVIER A ESCOBAR,2815871549,mobile,trucking/logistics,HOUSTON,TX,fmcsa_census,,,,
standard,GARNER TRANSPORTATION LLC,8325637848,mobile,trucking/logistics,HOUSTON,TX,fmcsa_census,,,,
standard,PV FLUID PRODUCTS INC,8329060365,mobile,trucking/logistics,HOUSTON,TX,fmcsa_census,,,,
standard,ANTONIO RICO TORREZ,3469175904,mobile,trucking/logistics,HOUSTON,TX,fmcsa_census,,,,
standard,RAFAT TAHA,2818279333,mobile,trucking/logistics,HOUSTON,TX,fmcsa_census,,,,
standard,JERICO TRUCK AND AUTO SALES,8328327564,mobile,trucking/logistics,HOUSTON,TX,fmcsa_census,,,,
standard,YANGON EXPRESS LLC,7044920289,mobile,trucking/logistics,HOUSTON,TX,fmcsa_census,,,,
standard,ONCORE HEALTHCARE SOLUTIONS LLC,7179512901,mobile,trucking/logistics,HOUSTON,TX,fmcsa_census,,,,
standard,WARREN TILLERSON,4093634621,mobile,trucking/logistics,HOUSTON,TX,fmcsa_census,,,,
standard,AGGRESSIVE TRANSPORT LLC,7136894332,mobile,trucking/logistics,HOUSTON,TX,fmcsa_census,,,,
standard,JULIO H MENJIVAR,7132540667,mobile,trucking/logistics,HOUSTON,TX,fmcsa_census,,,,
standard,ON THE WAY TRANSPORT LLC,8322293898,mobile,trucking/logistics,HOUSTON,TX,fmcsa_census,,,,
standard,MARIAN LYNN HARRIS,8326405656,mobile,trucking/logistics,HOUSTON,TX,fmcsa_census,,,,
standard,TRAVEL BY LAINEY LLC,2814613663,mobile,trucking/logistics,HOUSTON,TX,fmcsa_census,,,,
standard,PATRICK DEMOND WYCOFF,8323603146,mobile,trucking/logistics,HOUSTON,TX,fmcsa_census,,,,
standard,JAMAUL DONTE LANGHAM,3465622797,mobile,trucking/logistics,HOUSTON,TX,fmcsa_census,,,,
standard,TREVCORE SERVICES LLC,3615481747,mobile,trucking/logistics,HOUSTON,TX,fmcsa_census,,,,
standard,EDMUND C ABEYA,7135342855,mobile,trucking/logistics,HOUSTON,TX,fmcsa_census,,,,
standard,PRIMELINE CDL ACADEMY LLC,8328348734,mobile,trucking/logistics,HOUSTON,TX,fmcsa_census,,,,
standard,KEITH MAURICE BRONSON,8324208876,mobile,trucking/logistics,HOUSTON,TX,fmcsa_census,,,,
standard,KENNETH WASH,7135943952,mobile,trucking/logistics,HOUSTON,TX,fmcsa_census,,,,
standard,ROUND ROCK LOGISTICS INC,8329097932,mobile,trucking/logistics,HOUSTON,TX,fmcsa_census,,,,
standard,IRMA TREVINO,2819170097,mobile,trucking/logistics,HOUSTON,TX,fmcsa_census,,,,
standard,MID SOUTH TRANS LLC,8323434763,mobile,trucking/logistics,HOUSTON,TX,fmcsa_census,,,,
standard,WENDELL L PHILLIPS,8325740300,mobile,trucking/logistics,HOUSTON,TX,fmcsa_census,,,,
standard,ISABELLA M TRUCKING LLC,3468781571,mobile,trucking/logistics,HOUSTON,TX,fmcsa_census,,,,
standard,JOHN MILTON SHELLY,7135160833,mobile,trucking/logistics,HOUSTON,TX,fmcsa_census,,,,
standard,CONTROL WASTE SERVICES LLC,7138750147,mobile,trucking/logistics,HOUSTON,TX,fmcsa_census,,,,
standard,GILBERT CORBIN II,8324598032,mobile,trucking/logistics,HOUSTON,TX,fmcsa_census,,,,
standard,MOTIVATION TRANSPORT LLC,3466939783,mobile,trucking/logistics,HOUSTON,TX,fmcsa_census,,,,
standard,YIYOLMB,2019932540,mobile,trucking/logistics,HOUSTON,TX,fmcsa_census,,,,
standard,LIGHTNING SERVICES,7134595433,mobile,trucking/logistics,HOUSTON,TX,fmcsa_census,,,,
standard,AMA GLOBAL SOLUTIONS LLC,2816588656,mobile,trucking/logistics,HOUSTON,TX,fmcsa_census,,,,
standard,HOLESHOT DELIVERY LLC,7132479134,mobile,trucking/logistics,HOUSTON,TX,fmcsa_census,,,,
standard,HOLESHOT DELIVERY LLC,2817301059,mobile,trucking/logistics,HOUSTON,TX,fmcsa_census,,,,
standard,JF EUCEDA TRANSPORT LLC,8324722021,mobile,trucking/logistics,HOUSTON,TX,fmcsa_census,,,,
standard,BLAGRAVE & DUFFEY INC,7132495133,mobile,trucking/logistics,HOUSTON,TX,fmcsa_census,,,,
standard,ANY CHACON TRUCKING LLC,8017128328,mobile,trucking/logistics,HOUSTON,TX,fmcsa_census,,,,
standard,JOHN TAFHURT,2819129320,mobile,trucking/logistics,HOUSTON,TX,fmcsa_census,,,,
standard,THE GIRON GROUP ENTERPRIZES,7137057330,mobile,trucking/logistics,HOUSTON,TX,fmcsa_census,,,,
standard,PROPANE EXPRESS LLC,2813004352,mobile,trucking/logistics,HOUSTON,TX,fmcsa_census,,,,
standard,BCI FREIGHT AND CRATE LLC,6159678225,mobile,trucking/logistics,HOUSTON,TX,fmcsa_census,,,,
standard,CHAVEZ LEGACY LOGISTICS LLC,8326389446,mobile,trucking/logistics,HOUSTON,TX,fmcsa_census,,,,
standard,V & V SALOMON TRUCKING LLC,8328535562,mobile,trucking/logistics,HOUSTON,TX,fmcsa_census,,,,
standard,TOP LEVEL TRANSPORTATION INC,3135803417,mobile,trucking/logistics,HOUSTON,TX,fmcsa_census,,,,
standard,JULIAN DE OBREGON LLC,8325399209,mobile,trucking/logistics,HOUSTON,TX,fmcsa_census,,,,
standard,VG FORCE LLC,3466610475,mobile,trucking/logistics,HOUSTON,TX,fmcsa_census,,,,
standard,ROBERTO C RODRIGUEZ,2818958090,mobile,trucking/logistics,HOUSTON,TX,fmcsa_census,,,,
standard,MSM FREIGHT INC,7137907709,mobile,trucking/logistics,HOUSTON,TX,fmcsa_census,,,,
standard,JOSE OMAR GARCIA,8325883218,mobile,trucking/logistics,HOUSTON,TX,fmcsa_census,,,,
standard,CPHC TRUCKING LLC,8325196542,mobile,trucking/logistics,HOUSTON,TX,fmcsa_census,,,,
standard,TRANSFERRED VISION LLC,8323742916,mobile,trucking/logistics,HOUSTON,TX,fmcsa_census,,,,
standard,JORGE ALFREDO VENTURA,2406051075,mobile,trucking/logistics,HOUSTON,TX,fmcsa_census,,,,
standard,MACKEY COMPANY LLC,9045240044,mobile,trucking/logistics,HOUSTON,TX,fmcsa_census,,,,
standard,BERTRANDS INC,7138804222,mobile,trucking/logistics,HOUSTON,TX,fmcsa_census,,,,
standard,TRAVIS L AYRES,7135820860,mobile,trucking/logistics,HOUSTON,TX,fmcsa_census,,,,
standard,DUNG THI NGUYEN,2818818605,mobile,trucking/logistics,HOUSTON,TX,fmcsa_census,,,,
standard,UNITED SERVANTS IN CHRIST TRANSPORTATION LLC,8177711438,mobile,trucking/logistics,HOUSTON,TX,fmcsa_census,,,,
standard,TRICON PRECAST LTD,2819489059,mobile,trucking/logistics,HOUSTON,TX,fmcsa_census,,,,
standard,ON TRACK TECHNOLOGIES,7135424250,mobile,trucking/logistics,HOUSTON,TX,fmcsa_census,,,,
standard,MARK HICKS,8323870892,mobile,trucking/logistics,HOUSTON,TX,fmcsa_census,,,,
standard,NELSON MEDINA,2815419964,mobile,trucking/logistics,HOUSTON,TX,fmcsa_census,,,,
standard,SERVICIOS Y ENVIOS HONDURENOS,2815086600,mobile,trucking/logistics,HOUSTON,TX,fmcsa_census,,,,
standard,MILLER REAL ESTATE ACQUISITIONS & INVESTMENTS LLC,2814557538,mobile,trucking/logistics,HOUSTON,TX,fmcsa_census,,,,
standard,ATL EXPRESS FREIGHT TRUCKING LLC,4093501026,mobile,trucking/logistics,HOUSTON,TX,fmcsa_census,,,,
standard,COOL RUNNINGS,2817712979,mobile,trucking/logistics,HOUSTON,TX,fmcsa_census,,,,
standard,SYSCO GULF COAST INC,3464223019,mobile,trucking/logistics,GENEVA,TX,fmcsa_census,,,,
standard,JAYE JOHNSON ENTERPRISE LLC,7135685723,mobile,trucking/logistics,HOUSTON,TX,fmcsa_census,,,,
standard,PROFESSIONAL GROUNDS MANAGEMENT SERVICES LLC,2818668081,mobile,trucking/logistics,HOUSTON,TX,fmcsa_census,,,,
standard,SIMON FOAM & COATING LLC,8324447320,mobile,trucking/logistics,HOUSTON,TX,fmcsa_census,,,,
standard,SEAN D DVORAK,2819489848,mobile,trucking/logistics,HOUSTON,TX,fmcsa_census,,,,
standard,MAIKEL GARCIA DUQUE,8322358809,mobile,trucking/logistics,HOUSTON,TX,fmcsa_census,,,,
standard,STANDARD TRANSPORT LLC,7138423391,mobile,trucking/logistics,HOUSTON,TX,fmcsa_census,,,,
standard,JOSE WILLIAM GONZALEZ,8328774384,mobile,trucking/logistics,HOUSTON,TX,fmcsa_census,,,,
standard,JAMES G ROBINSON,7136318555,mobile,trucking/logistics,HOUSTON,TX,fmcsa_census,,,,
standard,MARLIN TRUCKING INC,2819147038,mobile,trucking/logistics,HOUSTON,TX,fmcsa_census,,,,
standard,ATR TRANSPORT LLC,8322775916,mobile,trucking/logistics,HOUSTON,TX,fmcsa_census,,,,
standard,FLATROLLED STEEL INCORPORATED,2812439050,mobile,trucking/logistics,HOUSTON,TX,fmcsa_census,,,,
standard,FORGINGS FLANGES & FITTINGS LLC,7139800740,mobile,trucking/logistics,HOUSTON,TX,fmcsa_census,,,,
standard,I-NAVA HOTSHOTS LLC,3469322267,mobile,trucking/logistics,HOUSTON,TX,fmcsa_census,,,,
standard,AD CHAMPS TRUCKING LLC,3379678487,mobile,trucking/logistics,HOUSTON,TX,fmcsa_census,,,,
standard,STEEL STAR CORP,7863789408,mobile,trucking/logistics,HOUSTON,TX,fmcsa_census,,,,
standard,PYNK DIAMOND TRUCKING LLC,3463868402,mobile,trucking/logistics,HOUSTON,TX,fmcsa_census,,,,
standard,JEREMY R WILLIS,2814550370,mobile,trucking/logistics,HOUSTON,TX,fmcsa_census,,,,
standard,JOVO TODOROVIC,2815568380,mobile,trucking/logistics,HOUSTON,TX,fmcsa_census,,,,
standard,DYC LOGISTICS LLC,3467798368,mobile,trucking/logistics,HOUSTON,TX,fmcsa_census,,,,
standard,SAMPSON AMONU,8326142899,mobile,trucking/logistics,HOUSTON,TX,fmcsa_census,,,,
standard,AG TRUCKING LLC,8322735143,mobile,trucking/logistics,HOUSTON,TX,fmcsa_census,,,,
standard,THREE SIXITY FIVE DRIP LLC,4096832543,mobile,trucking/logistics,HOUSTON,TX,fmcsa_census,,,,
standard,J & M ALVAREZ LOGISTICS & TRANSPORTATION,8329712861,mobile,trucking/logistics,HOUSTON,TX,fmcsa_census,,,,
standard,ALOHA TRUCKING LLC,8324254606,mobile,trucking/logistics,HOUSTON,TX,fmcsa_census,,,,
standard,MARTIN PREFERRED FOODS LP,7136533610,mobile,trucking/logistics,HOUSTON,TX,fmcsa_census,,,,
standard,MOHAMED AWEYS,2816625555,mobile,trucking/logistics,HOUSTON,TX,fmcsa_census,,,,
standard,ALEXI TRUCKING COMPANY,8328597925,mobile,trucking/logistics,HOUSTON,TX,fmcsa_census,,,,
standard,HOT RUNNERS LLC,8322332362,mobile,trucking/logistics,HOUSTON,TX,fmcsa_census,,,,
standard,TOLEDO HAULING LLC,8322324098,mobile,trucking/logistics,HOUSTON,TX,fmcsa_census,,,,
standard,LUIS A EUCEDA,8322749095,mobile,trucking/logistics,HOUSTON,TX,fmcsa_census,,,,
standard,OSCAR ANTONIO FAJARDO,2812109297,mobile,trucking/logistics,HOUSTON,TX,fmcsa_census,,,,
standard,E & G TRANSPORT LLC,6203099344,mobile,trucking/logistics,HOUSTON,TX,fmcsa_census,,,,
standard,K3PPS TRUCKING LLC,3463837747,mobile,trucking/logistics,HOUSTON,TX,fmcsa_census,,,,
standard,MCWHIRTER WOOD PRODUCTS INC,7132482335,mobile,trucking/logistics,HOUSTON,TX,fmcsa_census,,,,
standard,RED DRAGON RUN LLC,8326933025,mobile,trucking/logistics,HOUSTON,TX,fmcsa_census,,,,
standard,LOFTY WAYMAKER LLC,8322219988,mobile,trucking/logistics,HOUSTON,TX,fmcsa_census,,,,
standard,IGY TRANSPORT LLC,4093921097,mobile,trucking/logistics,HOUSTON,TX,fmcsa_census,,,,
standard,OAD LOGISTICS LLC,2816690692,mobile,trucking/logistics,HOUSTON,TX,fmcsa_census,,,,
standard,ENGRACE CORPORATION,8324858109,mobile,trucking/logistics,HOUSTON,TX,fmcsa_census,,,,
standard,F A U DELIVERY SERVICE LLC,8326613652,mobile,trucking/logistics,HOUSTON,TX,fmcsa_census,,,,
standard,STRAIGHTWAYS LOGISTICS LLC,2818576361,mobile,trucking/logistics,HOUSTON,TX,fmcsa_census,,,,
standard,MEB TRANSPORTATION LLC,2107108354,mobile,trucking/logistics,HOUSTON,TX,fmcsa_census,,,,
standard,JORGE A AGUILAR,7133203048,mobile,trucking/logistics,HOUSTON,TX,fmcsa_census,,,,
standard,ATLAS SIGN SERVICES INC,8322744482,mobile,trucking/logistics,HOUSTON,TX,fmcsa_census,,,,
standard,KING JAYS TRANSPORTATION LLC,8322476922,mobile,trucking/logistics,HOUSTON,TX,fmcsa_census,,,,
standard,EVERETT HAVEN,8324336540,mobile,trucking/logistics,HOUSTON,TX,fmcsa_census,,,,
standard,JONES ROAD TREE SERVICE LLC,2814690458,mobile,trucking/logistics,HOUSTON,TX,fmcsa_census,,,,
standard,ATHENA TRANSPORT SOLUTIONS LLC,5419159531,mobile,trucking/logistics,HOUSTON,TX,fmcsa_census,,,,
standard,JOSE MANUEL TORRES,8327048548,mobile,trucking/logistics,HOUSTON,TX,fmcsa_census,,,,
standard,ZURIEL'S ENTERPRISES INC,3468121605,mobile,trucking/logistics,HOUSTON,TX,fmcsa_census,,,,
standard,MEXCOR INC,7139790066,mobile,trucking/logistics,HOUSTON,TX,fmcsa_census,,,,
standard,WILLIE E EASON,8325635462,mobile,trucking/logistics,HOUSTON,TX,fmcsa_census,,,,
standard,DYNAMIC GLASS LLC,7138950080,mobile,trucking/logistics,HOUSTON,TX,fmcsa_census,,,,
standard,CHEAPEST MOVERS,7134137918,mobile,trucking/logistics,HOUSTOM,TX,fmcsa_census,,,,
standard,MIGUEL'S VAQUERO TRUCKING SERVICE LLC,2819324795,mobile,trucking/logistics,HOUSTON,TX,fmcsa_census,,,,
standard,ADAM TRUCKLINES LLC,8327749195,mobile,trucking/logistics,RICHMOND,TX,fmcsa_census,,,,
standard,AZTEC SHAFFER LLC,8327245699,mobile,trucking/logistics,HOUSTON,TX,fmcsa_census,,,,
standard,CESAR A NINO,2813877644,mobile,trucking/logistics,HOUSTON,TX,fmcsa_census,,,,
standard,TEAM FENIX LOGISTICS,8325714473,mobile,trucking/logistics,HOUSTON,TX,fmcsa_census,,,,
standard,MIGUEL ANGEL RAMOS-ROSALES,7138929430,mobile,trucking/logistics,HOUSTON,TX,fmcsa_census,,,,
standard,PM TRUCKING LLC,2814089046,mobile,trucking/logistics,HOUSTON,TX,fmcsa_census,,,,
standard,TWINFORMS INC,7868033739,mobile,trucking/logistics,HOUSTON,TX,fmcsa_census,,,,
standard,LA ZARZA CARBON DE MEZQUITE,8322286618,mobile,trucking/logistics,HOUSTON,TX,fmcsa_census,,,,
standard,DEEPAK S RAI,8326876654,mobile,trucking/logistics,HOUSTON,TX,fmcsa_census,,,,
standard,URELIFT GULF COAST LP,2513779494,mobile,trucking/logistics,HOUSTON,TX,fmcsa_census,,,,
standard,DRIVE BY FAITH TRUCKING LLC,3462668269,mobile,trucking/logistics,HOUSTON,TX,fmcsa_census,,,,
standard,GULF PIPE TRANSPORT INC,8324669045,mobile,trucking/logistics,HOUSTON,TX,fmcsa_census,,,,
standard,MANUEL CORDOBA,8322435304,mobile,trucking/logistics,HOUSTON,TX,fmcsa_census,,,,
standard,RUDY LUIS RUBIO,8327998908,mobile,trucking/logistics,HOUSTON,TX,fmcsa_census,,,,
standard,JAMARR SIMS,8325945807,mobile,trucking/logistics,HOUSTON,TX,fmcsa_census,,,,
standard,FREDDIE BOYD,7736127397,mobile,trucking/logistics,HOUSTON,TX,fmcsa_census,,,,
standard,SMARTHUB TRUCKLINES LLC,3462054216,mobile,trucking/logistics,HOUSTON,TX,fmcsa_census,,,,
standard,CLARK'S HARDWOOD LUMBER CO LP,7138626628,mobile,trucking/logistics,HOUSTON,TX,fmcsa_census,,,,
standard,ON D SPOT,8328900383,mobile,trucking/logistics,HOUSTON,TX,fmcsa_census,,,,
standard,JT MAX TRANSPORT LLC,3468213520,mobile,trucking/logistics,HOUSTON,TX,fmcsa_census,,,,
standard,MAJOR LEAGUE LOGISTICS INC,7132832925,mobile,trucking/logistics,HOUSTON,TX,fmcsa_census,,,,
standard,FES DISTRIBUTION LOGISTICS CARRIER LLC,8323027444,mobile,trucking/logistics,HOUSTON,TX,fmcsa_census,,,,
standard,DAFFIN INTERESTS LLC,7135821137,mobile,trucking/logistics,HOUSTON,TX,fmcsa_census,,,,
standard,HAROLD ESTRADA,8328452467,mobile,trucking/logistics,HOUSTON,TX,fmcsa_census,,,,
standard,JOSH LIAM THIAGO EXPRESS LLC,2817037014,mobile,trucking/logistics,HOUSTON,TX,fmcsa_census,,,,
standard,AM TRANSPORTATION LLC,2814506315,mobile,trucking/logistics,HOUSTON,TX,fmcsa_census,,,,
standard,JORGE LUIS FLORES,2816697627,mobile,trucking/logistics,HOUSTON,TX,fmcsa_census,,,,
standard,TRANSPORTES DEL SURESTE,7137425584,mobile,trucking/logistics,HOUSTON,TX,fmcsa_census,,,,
standard,D 31:6 SERVICE'S LLC,3469413591,mobile,trucking/logistics,HOUSTON,TX,fmcsa_census,,,,
standard,ANDREW NORWOOD,2814134007,mobile,trucking/logistics,HOUSTON,TX,fmcsa_census,,,,
standard,BOOKER BROTHERS TRUCKING LLC,7139061018,mobile,trucking/logistics,HOUSTON,TX,fmcsa_census,,,,
standard,NDT LOGISTICS LLC,2815416268,mobile,trucking/logistics,HOUSTON,TX,fmcsa_census,,,,
standard,JR TRUCKING,3462358702,mobile,trucking/logistics,HOUSTON,TX,fmcsa_census,,,,
standard,FREEDOM OPERATIONS LLC,8329623122,mobile,trucking/logistics,HOUSTON,TX,fmcsa_census,,,,
standard,PRECIOUSHANDS TRANSPORT LLC,8324283053,mobile,trucking/logistics,HOUSTON,TX,fmcsa_census,,,,
standard,INTERVISION INC,2816065987,mobile,trucking/logistics,HOUSTON,TX,fmcsa_census,,,,
standard,ROBERTO GAMEZ JR,1832773976,mobile,trucking/logistics,HOUSTON,TX,fmcsa_census,,,,
standard,IN AND OUT DELIVERY SERVICE INC,8322170749,mobile,trucking/logistics,HOUSTON,TX,fmcsa_census,,,,
standard,ALL DAY TRANSPORTATION,8322670648,mobile,trucking/logistics,HOUSTON,TX,fmcsa_census,,,,
standard,DBJ LOGISTICS LLC,8325459155,mobile,trucking/logistics,HOUSTON,TX,fmcsa_census,,,,
standard,R MAX TRUCKING LLC,8328299324,mobile,trucking/logistics,HOUSTON,TX,fmcsa_census,,,,
standard,DEMFIK LLC,8325264719,mobile,trucking/logistics,HOUSTON,TX,fmcsa_census,,,,
standard,CANOPY PROFESSIONAL SERVICES LLC,8322376122,mobile,trucking/logistics,HOUSTON,TX,fmcsa_census,,,,
standard,VLS TRANSPORT LLC,8328604207,mobile,trucking/logistics,HOUSTON,TX,fmcsa_census,,,,
standard,ROMAN BOB,2817874374,mobile,trucking/logistics,HOUSTON,TX,fmcsa_census,,,,
standard,SUMMIT LANDSCAPE SERVICES INC,2815837900,mobile,trucking/logistics,HOUSTON,TX,fmcsa_census,,,,
standard,ABUDIRAH TRANSPORTATION,2818408679,mobile,trucking/logistics,HOUSTON,TX,fmcsa_census,,,,
standard,HUMPIN 66 TRUCKING LLC,2818142206,mobile,trucking/logistics,HOUSTON,TX,fmcsa_census,,,,
standard,WOLF PACK GLOBAL DEFENSE OPS INC,2679721152,mobile,trucking/logistics,HOUSTON,TX,fmcsa_census,,,,
standard,HASTE HAUL LLC,8329824465,mobile,trucking/logistics,HOUSTON,TX,fmcsa_census,,,,
standard,CARLOS A PINILLA,7134931692,mobile,trucking/logistics,HOUSTON,TX,fmcsa_census,,,,
standard,NIMERI LOGISTICS LLC,3467046268,mobile,trucking/logistics,HOUSTON,TX,fmcsa_census,,,,
standard,ROMAN SALINAS,7134783947,mobile,trucking/logistics,HOUSTON,TX,fmcsa_census,,,,
standard,JTK TRANSPORTS LLC,8322730907,mobile,trucking/logistics,HOUSTON,TX,fmcsa_census,,,,
standard,GREENS CONCRETE CONTRACTORS INC,7138994682,mobile,trucking/logistics,HOUSTON,TX,fmcsa_census,,,,
standard,BEHROUZ ARASTOUFAR,8327445231,mobile,trucking/logistics,HOUSTON,TX,fmcsa_census,,,,
standard,MIGUEL AGUILAR,2815159147,mobile,trucking/logistics,HOUSTON,TX,fmcsa_census,,,,
standard,JOEL GARCIA JR,2813308560,mobile,trucking/logistics,HOUSTON,TX,fmcsa_census,,,,
standard,CARMELA DIAZ,7134123026,mobile,trucking/logistics,HOUSTON,TX,fmcsa_census,,,,
standard,LUJANO TRUCKING LLC,8325125741,mobile,trucking/logistics,HOUSTON,TX,fmcsa_census,,,,
standard,PINEROS TRANSPORT LLC,3612909700,mobile,trucking/logistics,HOUSTON,TX,fmcsa_census,,,,
standard,CRUTCHFIELD CONSULTING LLC,7025637511,mobile,trucking/logistics,HOUSTON,TX,fmcsa_census,,,,
standard,GONZO EZ TRANSPORT LLC,8326838495,mobile,trucking/logistics,HOUSTON,TX,fmcsa_census,,,,
standard,STEELDOGS TRUCKING & RV TRANSPORT LLC,7133976853,mobile,trucking/logistics,HOUSTON,TX,fmcsa_census,,,,
standard,CAMERON SCHEFFER,8323303313,mobile,trucking/logistics,HOUSTON,TX,fmcsa_census,,,,
standard,LORD & SF TRUCKING SERVICES LLC,4436038398,mobile,trucking/logistics,HOUSTON,TX,fmcsa_census,,,,
standard,SDS EXPRESS LLC,8322769650,mobile,trucking/logistics,HOUSTON,TX,fmcsa_census,,,,
standard,NEW GEN TRUCKING SERVICES LLC,8323018754,mobile,trucking/logistics,HOUSTON,TX,fmcsa_census,,,,
standard,TIGER LABOR SERVICES LLC,3462523025,mobile,trucking/logistics,HOUSTON,TX,fmcsa_census,,,,
standard,GUADALUPE ESTRADA SAN JUAN,8328634100,mobile,trucking/logistics,HOUSTON,TX,fmcsa_census,,,,
standard,RUSHING TRANSPORT LLC,2252688365,mobile,trucking/logistics,HOUSTON,TX,fmcsa_census,,,,
standard,WILBERTH ROMERO,8326799366,mobile,trucking/logistics,HOUSTON,TX,fmcsa_census,,,,
standard,R&A TRUCK LLC,7865878927,mobile,trucking/logistics,HOUSTON,TX,fmcsa_census,,,,
standard,RUTH HERNANDEZ,8324619382,mobile,trucking/logistics,HOUSTON,TX,fmcsa_census,,,,
standard,LARK LOGISTICS INC,3132873251,mobile,trucking/logistics,HOUSTON,TX,fmcsa_census,,,,
standard,P AND A TRANSPORTATION LLC,8329095017,mobile,trucking/logistics,HOUSTON,TX,fmcsa_census,,,,
standard,HIGHWAY RUNNERZ LLC,3464304623,mobile,trucking/logistics,HOUSTON,TX,fmcsa_census,,,,
standard,VANGUARD UNIFIED TRANSPORT GROUP,3467334855,mobile,trucking/logistics,HOUSTON,TX,fmcsa_census,,,,
standard,QUALITY INGREDIENTS INC,2142870311,mobile,trucking/logistics,HOUSTON,TX,fmcsa_census,,,,
standard,LANCE BERNARD GREENLEAF,7132287897,mobile,trucking/logistics,HOUSTON,TX,fmcsa_census,,,,
standard,JPX LOGISTICS LLC,7136148843,mobile,trucking/logistics,HOUSTON,TX,fmcsa_census,,,,
standard,NEXTIER COMPLETION SOLUTIONS INC,7133256000,mobile,trucking/logistics,HOUSTON,TX,fmcsa_census,,,,
standard,G&G OILFIELD PRODUCTS LLC,2817939942,mobile,trucking/logistics,HOUSTON,TX,fmcsa_census,,,,
standard,MANUEL ALANIS,8326184488,mobile,trucking/logistics,HOUSTON,TX,fmcsa_census,,,,
standard,ARIES FREIGHT TRANSPORT LLC,2812098100,mobile,trucking/logistics,HOUSTON,TX,fmcsa_census,,,,
standard,HUFF ENTERPRISES LLC,2816697004,mobile,trucking/logistics,HOUSTON,TX,fmcsa_census,,,,
standard,BERLIN ELMIRA ALVARADO LOPEZ,2815159658,mobile,trucking/logistics,HOUSTON,TX,fmcsa_census,,,,
standard,BETTY'S TRANSPORT LLC,9564010216,mobile,trucking/logistics,HOUSTON,TX,fmcsa_census,,,,
standard,JESUS E GALAVIZ,8325128163,mobile,trucking/logistics,HOUSTON,TX,fmcsa_census,,,,
standard,ADAGUN KAZEEM FOLARIN BEASLEY JENNIFER MARIE,8328930845,mobile,trucking/logistics,HOUSTON,TX,fmcsa_census,,,,
standard,TEXAS LONGHORN TRUCKING SERVICES LLC,2816270119,mobile,trucking/logistics,HOUSTON,TX,fmcsa_census,,,,
standard,EPG TRANSPORT LLC,3467170120,mobile,trucking/logistics,HOUSTON,TX,fmcsa_census,,,,
standard,DMA TRANSPORT,8323458220,mobile,trucking/logistics,HOUSTON,TX,fmcsa_census,,,,
standard,TURNKEY TEXAS LLC,2817537431,mobile,trucking/logistics,HOUSTON,TX,fmcsa_census,,,,
standard,T&A TRUCKING LLC,6012879767,mobile,trucking/logistics,HOUSTON,TX,fmcsa_census,,,,
standard,LEONEL TRANSPORT SERVICES LLC,8327223471,mobile,trucking/logistics,HOUSTON,TX,fmcsa_census,,,,
standard,VAZQUEZ METAL BUILDINGS AND COMPONENTS,2815705908,mobile,trucking/logistics,HOUSTON,TX,fmcsa_census,,,,
standard,ANGELS TRUCKING LLC,8327550265,mobile,trucking/logistics,HOUSTON,TX,fmcsa_census,,,,
standard,MIGUEL SIBRIAN,2819247340,mobile,trucking/logistics,HOUSTON,TX,fmcsa_census,,,,
standard,M&R TRUCKIN LLC,9562669926,mobile,trucking/logistics,HOUSTON,TX,fmcsa_census,,,,
standard,MARTHA A BERMEJO HERNANDEZ,2816400246,mobile,trucking/logistics,HOUSTON,TX,fmcsa_census,,,,
standard,EXPANSE ELECTRICAL COMPANY LLC,4326340268,mobile,trucking/logistics,HOUSTON,TX,fmcsa_census,,,,
standard,MARGARITA CONTRERAS,7136401940,mobile,trucking/logistics,HOUSTON,TX,fmcsa_census,,,,
standard,GUILLERMO VAZQUEZ-ESTEVEZ,2392891084,mobile,trucking/logistics,HOUSTON,TX,fmcsa_census,,,,
standard,TERRY R WALKER,2818215247,mobile,trucking/logistics,HOUSTON,TX,fmcsa_census,,,,
standard,JESSICAS EMPOWERMENT ENTERPRISES LLC,8326594070,mobile,trucking/logistics,HOUSTON,TX,fmcsa_census,,,,
standard,GRACIE TRUCKING LLC,8324692863,mobile,trucking/logistics,HOUSTON,TX,fmcsa_census,,,,
standard,JOSE ISABEL PEREZ,8323103655,mobile,trucking/logistics,HOUSTON,TX,fmcsa_census,,,,
standard,JOSE E CARREON,2815300184,mobile,trucking/logistics,HOUSTON,TX,fmcsa_census,,,,
standard,RDR TRUCKING CORP,8329783867,mobile,trucking/logistics,HOUSTON,TX,fmcsa_census,,,,
standard,WHITNIEL AUTOMOBILE & LOGISTICS LLC,3462757672,mobile,trucking/logistics,BEASLEY,TX,fmcsa_census,,,,
standard,MUSKOX LOGISTICS LLC,9015023165,mobile,trucking/logistics,HOUSTON,TX,fmcsa_census,,,,
standard,HUSKY LOGISTICS LLC,8329789790,mobile,trucking/logistics,HOUSTON,TX,fmcsa_census,,,,
standard,GERARDO MUJICA,8326714150,mobile,trucking/logistics,HOUSTON,TX,fmcsa_census,,,,
standard,JOSEPH A KNIGHT,2815940990,mobile,trucking/logistics,HOUSTON,TX,fmcsa_census,,,,
standard,CENTRIZ LOGISTICS LLC,8327044924,mobile,trucking/logistics,HOUSTON,TX,fmcsa_census,,,,
standard,RENE M AVILA,2816396501,mobile,trucking/logistics,HOUSTON,TX,fmcsa_census,,,,
standard,H ROAD RUNNERS LLC,5043140699,mobile,trucking/logistics,HOUSTON,TX,fmcsa_census,,,,
standard,GUNITE MASTERS OF TEXAS LLC,2818443319,mobile,trucking/logistics,HOUSTON,TX,fmcsa_census,,,,
standard,FMT SUPERSTAR LLC,7864161347,mobile,trucking/logistics,HOUSTON,TX,fmcsa_census,,,,
standard,JAMIE O LOPEZ,8322509349,mobile,trucking/logistics,HOUSTON,TX,fmcsa_census,,,,
standard,J GUADALUPE HERNANDEZ,2816420864,mobile,trucking/logistics,HOUSTON,TX,fmcsa_census,,,,
standard,EVVS WASTE SOLUTIONS LLC,8325440993,mobile,trucking/logistics,HOUSTON,TX,fmcsa_census,,,,
standard,LLWP TRUCKING LLC,8325138000,mobile,trucking/logistics,HOUSTON,TX,fmcsa_census,,,,
standard,SLR TRUCKING LLC,7133806466,mobile,trucking/logistics,HOUSTON,TX,fmcsa_census,,,,
standard,ILLYA DANIEL,8322875065,mobile,trucking/logistics,HOUSTON,TX,fmcsa_census,,,,
standard,JOSEFINA SANCHEZ,8327380246,mobile,trucking/logistics,HOUSTON,TX,fmcsa_census,,,,
standard,DE LA VEGA TRUCKING LLC,7133666534,mobile,trucking/logistics,HOUSTON,TX,fmcsa_census,,,,
standard,OSCAR FUNES,8325630651,mobile,trucking/logistics,HOUSTON,TX,fmcsa_census,,,,
standard,JAMMEEL ENTERPRISES LLC,8326701568,mobile,trucking/logistics,HOUSTON,TX,fmcsa_census,,,,
standard,EXPRESS DELIVERY SERVICES LLC,8323356068,mobile,trucking/logistics,HOUSTON,TX,fmcsa_census,,,,
standard,PARGA CONSTRUCTION LLC,8325445964,mobile,trucking/logistics,HOUSTON,TX,fmcsa_census,,,,
standard,KIMBERLY RENEAPRICE TRUST,7135692449,mobile,trucking/logistics,HOUSTON,TX,fmcsa_census,,,,
standard,JESUS ARMANDO SUAREZ BOLIVAR,8323394849,mobile,trucking/logistics,HOUSTON,TX,fmcsa_census,,,,
standard,JULIO CESAR HERNANDEZ,2818395340,mobile,trucking/logistics,HOUSTON,TX,fmcsa_census,,,,
standard,HUNG HOAI NGUYEN,8326308470,mobile,trucking/logistics,HOUSTON,TX,fmcsa_census,,,,
standard,HUGO P NINO,7132890557,mobile,trucking/logistics,HOUSTON,TX,fmcsa_census,,,,
standard,ARGENYS DONATILO MELENDEZ CABALLERO,8322903895,mobile,trucking/logistics,HOUSTON,TX,fmcsa_census,,,,
standard,THREE SONS TRUCKING LLC,3463864519,mobile,trucking/logistics,HOUSTON,TX,fmcsa_census,,,,
standard,F100 TRANSPORT LLC,8327540354,mobile,trucking/logistics,HOUSTON,TX,fmcsa_census,,,,
standard,KDR LOGISTICS LLC,5127135198,mobile,trucking/logistics,HOUSTON,TX,fmcsa_census,,,,
standard,OWTH AND MOPHET LOGISTICS LLC,9034454631,mobile,trucking/logistics,HOUSTON,TX,fmcsa_census,,,,
standard,BELLAMAR LOGISTICS LLC,7023753814,mobile,trucking/logistics,HOUSTON,TX,fmcsa_census,,,,
standard,M2&C GLOBAL LLC,8328787956,mobile,trucking/logistics,HOUSTON,TX,fmcsa_census,,,,
standard,NXCESS TRANSPORTATION LLC,3467546742,mobile,trucking/logistics,HOUSTON,TX,fmcsa_census,,,,
standard,WILSON RUIZ,8327292351,mobile,trucking/logistics,HOUSTON,TX,fmcsa_census,,,,
standard,TOP NOTCH LOGISTICS SERVICES LLC,7135979163,mobile,trucking/logistics,HOUSTON,TX,fmcsa_census,,,,
standard,ESPERANZA TRANSPORT LLC,4328037194,mobile,trucking/logistics,HOUSTON,TX,fmcsa_census,,,,
standard,JOAK62TRANSPORTATION LLC,3465451205,mobile,trucking/logistics,HOUSTON,TX,fmcsa_census,,,,
standard,LANZY EXPRESS LLC,3462565330,mobile,trucking/logistics,HOUSTON,TX,fmcsa_census,,,,
standard,MAD EXPRESS TRANSPORT LLC,4099981666,mobile,trucking/logistics,HOUSTON,TX,fmcsa_census,,,,
standard,JCE COMPANY LLC,9799227706,mobile,trucking/logistics,HOUSTON,TX,fmcsa_census,,,,
standard,HENRY IKECHUKWU OHAZURIKE,7136242297,mobile,trucking/logistics,HOUSTON,TX,fmcsa_census,,,,
standard,KING AUTO LOGISTICS LLC,8325772314,mobile,trucking/logistics,HOUSTON,TX,fmcsa_census,,,,
standard,SCOFIELD GROUP LLC,7136439990,mobile,trucking/logistics,HOUSTON,TX,fmcsa_census,,,,
standard,BANDOBI LLC,2812991955,mobile,trucking/logistics,HOUSTON,TX,fmcsa_census,,,,
standard,MATOS BROTHER EXPRESS LLC,2815123348,mobile,trucking/logistics,HOUSTON,TX,fmcsa_census,,,,
standard,LIUBIS MASSO,8322099558,mobile,trucking/logistics,HOUSTON,TX,fmcsa_census,,,,
standard,GRANADOS BROS TRUCKING LLC,4846366561,mobile,trucking/logistics,HOUSTON,TX,fmcsa_census,,,,
standard,SLEEPY GATOR LLC,7868182513,mobile,trucking/logistics,HOUSTON,TX,fmcsa_census,,,,
standard,LADY BOSS TRUCKING LLC,3463007779,mobile,trucking/logistics,HOUSTON,TX,fmcsa_census,,,,
standard,ERRINE WILLIAMS,5042729539,mobile,trucking/logistics,HOUSTON,TX,fmcsa_census,,,,
standard,OLIVEIRA EL-ALLAH EXPRESS TRUST,3463061892,mobile,trucking/logistics,HOUSTON,TX,fmcsa_census,,,,
standard,ENVIROCON SYSTEMS INC,2814432589,mobile,trucking/logistics,HOUSTON,TX,fmcsa_census,,,,
standard,SQUID INK LLC,3072285831,mobile,trucking/logistics,HOUSTON,TX,fmcsa_census,,,,
standard,EAGLE LINE EXPRESS LLC,8329681087,mobile,trucking/logistics,HOUSTON,TX,fmcsa_census,,,,
standard,FOXTAIL FREIGHT BROKER LLC,9198896355,mobile,trucking/logistics,HOUSTON,TX,fmcsa_census,,,,
standard,BERAKAH TRANSPORT LLC,7138150809,mobile,trucking/logistics,HOUSTON,TX,fmcsa_census,,,,
standard,TRANSPORTATION OPERATIONS LLC,3462219555,mobile,trucking/logistics,HOUSTON,TX,fmcsa_census,,,,
standard,CRAZYTIMES LLC,8322833295,mobile,trucking/logistics,HOUSTON,TX,fmcsa_census,,,,
standard,ME TOURS LLC,2812996494,mobile,trucking/logistics,HOUSTON,TX,fmcsa_census,,,,
standard,MOOR QAADIRU EL TRUST,7049684706,mobile,trucking/logistics,HOUSTON,TX,fmcsa_census,,,,
standard,TAFHURT HAULING LLC,8327540072,mobile,trucking/logistics,HOUSTON,TX,fmcsa_census,,,,
standard,EXTRA MILE BROKER,7134942646,mobile,trucking/logistics,HOUSTON,TX,fmcsa_census,,,,
standard,VALI PROJECTS & LOGISTICS LLC,4695011190,mobile,trucking/logistics,HOUSTON,TX,fmcsa_census,,,,
standard,ANGELIA ANNETTE BROWN,2815139784,mobile,trucking/logistics,HOUSTON,TX,fmcsa_census,,,,
standard,SILVERIO BARRERA,7133010368,mobile,trucking/logistics,HOUSTON,TX,fmcsa_census,,,,
standard,FRANCISCO ANTONIO JAIME,7138356875,mobile,trucking/logistics,HOUSTON,TX,fmcsa_census,,,,
standard,EFRIN CRUZ,8323688876,mobile,trucking/logistics,HOUSTON,TX,fmcsa_census,,,,
standard,RENATO ROSALES,2814607400,mobile,trucking/logistics,HOUSTON,TX,fmcsa_census,,,,
standard,LEE SPECIALTIES USA LLC,2817558282,mobile,trucking/logistics,HOUSTON,TX,fmcsa_census,,,,
standard,GLOBAL MATERIAL SOLUTIONS LLC,8329405015,mobile,trucking/logistics,HOUSTON,TX,fmcsa_census,,,,
standard,RAYMUNDO NINO,8328776494,mobile,trucking/logistics,HOUSTON,TX,fmcsa_census,,,,
standard,E & F DIRECT FREIGHT LLC,3462622127,mobile,trucking/logistics,HOUSTON,TX,fmcsa_census,,,,
standard,CK LOGISTICS SOLUTIONS LLC,2405810781,mobile,trucking/logistics,HOUSTON,TX,fmcsa_census,,,,
standard,YOVAM MCCOOK,2818185596,mobile,trucking/logistics,HOUSTON,TX,fmcsa_census,,,,
standard,USAL CARRIERS LLC,7135807240,mobile,trucking/logistics,HOUSTON,TX,fmcsa_census,,,,
standard,CT EXPRESS TRUCKING LLC,7132404098,mobile,trucking/logistics,HOUSTON,TX,fmcsa_census,,,,
standard,MPODIO TRANSPORT LLC,8322083801,mobile,trucking/logistics,HOUSTON,TX,fmcsa_census,,,,
standard,KODY TEXAS ENTERPRISES LLC,8323198966,mobile,trucking/logistics,HOUSTON,TX,fmcsa_census,,,,
standard,EAN TRUCKING CONSTRUCTION SERVICES LLC,8328580859,mobile,trucking/logistics,HOUSTON,TX,fmcsa_census,,,,
standard,JV EXPRESS LLC,8328586842,mobile,trucking/logistics,HOUSTON,TX,fmcsa_census,,,,
standard,USAL SOLUTIONS LLC,7135807241,mobile,trucking/logistics,HOUSTON,TX,fmcsa_census,,,,
standard,JUAN C VALENZUELA,2815076772,mobile,trucking/logistics,HOUSTON,TX,fmcsa_census,,,,
standard,R & R LOGISTICS TRANSPORT LLC,3468040427,mobile,trucking/logistics,HOUSTON,TX,fmcsa_census,,,,
standard,CARLOS A DIAZ,2815799016,mobile,trucking/logistics,HOUSTON,TX,fmcsa_census,,,,
standard,BB&B LOGISTIC LLC,8328453078,mobile,trucking/logistics,HOUSTON,TX,fmcsa_census,,,,
standard,JORGE E VARGAS,18326411732,mobile,trucking/logistics,HOUSTON,TX,fmcsa_census,,,,
standard,BETANCOURT PEGASUS TRUCKING LLC,7862531197,mobile,trucking/logistics,PEARLAND,TX,fmcsa_census,,,,
standard,JOEL NORMAN,7135345070,mobile,trucking/logistics,HOUSTON,TX,fmcsa_census,,,,
standard,ALFREDO BRAVO,9567398469,mobile,trucking/logistics,HOUSTON,TX,fmcsa_census,,,,
standard,JESSECA VALDOVINOS,8327682758,mobile,trucking/logistics,HOUSTON,TX,fmcsa_census,,,,
standard,SUMMAGE & SONS TRANSPORTATION,2817432365,mobile,trucking/logistics,HOUSTON,TX,fmcsa_census,,,,
standard,SPEED TRANSPORTATION SYSTEMS LLC,8329711756,mobile,trucking/logistics,HOUSTON,TX,fmcsa_census,,,,
standard,QUICK PANTRY INC,2816838552,mobile,trucking/logistics,HOUSTON,TX,fmcsa_census,,,,
standard,SANCHEZ JR TRUCKING,8325312610,mobile,trucking/logistics,HOUSTON,TX,fmcsa_census,,,,
standard,JNC GROUP LTD CO,8326492098,mobile,trucking/logistics,HOUSTON,TX,fmcsa_census,,,,
standard,DAVID STROUD,7135827323,mobile,trucking/logistics,HOUSTON,TX,fmcsa_census,,,,
standard,MOROCKS LLC,3467544000,mobile,trucking/logistics,HOUSTON,TX,fmcsa_census,,,,
standard,ISAIAS V MONTES,8327716779,mobile,trucking/logistics,HOUSTON,TX,fmcsa_census,,,,
standard,HAMPTON TRUCKING LLC,8322534697,mobile,trucking/logistics,HOUSTON,TX,fmcsa_census,,,,
standard,JORGE FRANCISCO ARGUELLO,7135696896,mobile,trucking/logistics,HOUSTON,TX,fmcsa_census,,,,
standard,JAUREGUI EXPRESS INC,7132055809,mobile,trucking/logistics,HOUSTON,TX,fmcsa_census,,,,
standard,NELSON VELASQUEZ,2812500289,mobile,trucking/logistics,HOUSTON,TX,fmcsa_census,,,,
standard,JORGE A VASQUEZ,8324880659,mobile,trucking/logistics,HOUSTON,TX,fmcsa_census,,,,
standard,JORGE A VASQUEZ,7132084952,mobile,trucking/logistics,HOUSTON,TX,fmcsa_census,,,,
standard,MARIO'S TILE & COPING INC,7135156813,mobile,trucking/logistics,HOUSTON,TX,fmcsa_census,,,,
standard,JOSE F LANDAVERDE,7137288227,mobile,trucking/logistics,HOUSTON,TX,fmcsa_census,,,,
standard,MARIANO J FRANCO,8327463149,mobile,trucking/logistics,HOUSTON,TX,fmcsa_census,,,,
standard,MITCHWAY TRANSPORT LLC,7138589060,mobile,trucking/logistics,HOUSTON,TX,fmcsa_census,,,,
standard,MARTIN MEJIA,8322876155,mobile,trucking/logistics,HOUSTON,TX,fmcsa_census,,,,
standard,ILEANA ARIAS PEREZ,2818046776,mobile,trucking/logistics,HOUSTON,TX,fmcsa_census,,,,
standard,J LAPRINCE TRUCKING & DISPATCHING LLC,2819049449,mobile,trucking/logistics,HOUSTON,TX,fmcsa_census,,,,
standard,K & R BLESSING TRANSPORT INC,7133196134,mobile,trucking/logistics,HOUSTON,TX,fmcsa_census,,,,
standard,MICHAEL D RISNER,7137269218,mobile,trucking/logistics,HOUSTON,TX,fmcsa_census,,,,
standard,RAMIRO RODAS,7136791531,mobile,trucking/logistics,HOUSTON,TX,fmcsa_census,,,,
standard,HHH INDUSTRIAL & TRANSPORTATION LLC,3464030120,mobile,trucking/logistics,HOUSTON,TX,fmcsa_census,,,,
standard,PETRINA BOATENG,9122711555,mobile,trucking/logistics,HOUSTON,TX,fmcsa_census,,,,
standard,TRIPLE R LOGISTICS LLC,8329885959,mobile,trucking/logistics,HOUSTON,TX,fmcsa_census,,,,
standard,BLADIMIR DAVALOS,7134808869,mobile,trucking/logistics,HOUSTON,TX,fmcsa_census,,,,
standard,HECTOR GALVEZ,2819320989,mobile,trucking/logistics,HOUSTON,TX,fmcsa_census,,,,
standard,N TIME SERVICES LLC,8325242582,mobile,trucking/logistics,HOUSTON,TX,fmcsa_census,,,,
standard,DURIEL TRANSPORTING LLC,9856346137,mobile,trucking/logistics,HOUSTON,TX,fmcsa_census,,,,
standard,JM AMERICAN TRUCK LLC,7134271649,mobile,trucking/logistics,HOUSTON,TX,fmcsa_census,,,,
standard,ECONDREA EXPEDITE FREIGHT LLC,6014798505,mobile,trucking/logistics,HOUSTON,TX,fmcsa_census,,,,
standard,TRINIDAD CARDENAS,8322666044,mobile,trucking/logistics,HOUSTON,TX,fmcsa_census,,,,
standard,KENTEX ENTERPRISE,8326655667,mobile,trucking/logistics,HOUSTON,TX,fmcsa_census,,,,
standard,ABELCO INC,8324217447,mobile,trucking/logistics,HOUSTON,TX,fmcsa_census,,,,
standard,WILFREDO MARTINEZ AYALA,2818324548,mobile,trucking/logistics,HOUSTON,TX,fmcsa_census,,,,
standard,DAMIAN ROSALES LLEVA,2395953084,mobile,trucking/logistics,HOUSTON,TX,fmcsa_census,,,,
standard,GRECIA LOURDES GIL,8325241908,mobile,trucking/logistics,HOUSTON,TX,fmcsa_census,,,,
standard,MOBILE FITNESS TEAM INC,2814959336,mobile,trucking/logistics,HOUSTON,TX,fmcsa_census,,,,
standard,IGJ TRUCKING COMPANY LLC,8322331807,mobile,trucking/logistics,HOUSTON,TX,fmcsa_census,,,,
standard,NU WORLD OPERATIONS LLC,8324961236,mobile,trucking/logistics,HOUSTON,TX,fmcsa_census,,,,
standard,QUORUM CALIBRATION LLC,8328010058,mobile,trucking/logistics,HOUSTON,TX,fmcsa_census,,,,
standard,PARMAR BROTHERS TRANSPORT INC,2819141473,mobile,trucking/logistics,HOUSTON,TX,fmcsa_census,,,,
standard,Y & D TRUCKING,8327452301,mobile,trucking/logistics,HOUSTON,TX,fmcsa_census,,,,
standard,THE ROCKET FREIGHT LLC,2817302552,mobile,trucking/logistics,HOUSTON,TX,fmcsa_census,,,,
standard,LM TEAM INC,3462029481,mobile,trucking/logistics,HOUSTON,TX,fmcsa_census,,,,
standard,48 STATES & RUNNING LLC,8322772361,mobile,trucking/logistics,HOUSTON,TX,fmcsa_census,,,,
standard,SYDNEYMICHAELS TRANSPORTATION LLC,3464248356,mobile,trucking/logistics,HOUSTON,TX,fmcsa_census,,,,
standard,MU TRANSPORT LLC,8328982845,mobile,trucking/logistics,HOUSTON,TX,fmcsa_census,,,,
standard,B2M LOGISTICS LLC,3464613122,mobile,trucking/logistics,HOUSTON,TX,fmcsa_census,,,,
standard,E&Y MANA TRUCKING LLC,8328720818,mobile,trucking/logistics,HOUSTON,TX,fmcsa_census,,,,
standard,KEEPEM MOVING LOGISTICS LLC,8327627929,mobile,trucking/logistics,HOUSTON,TX,fmcsa_census,,,,
standard,JEANENE GONZALES,7134100883,mobile,trucking/logistics,HOUSTON,TX,fmcsa_census,,,,
standard,REYNOLDS TILE & FLOORING,2818080102,mobile,trucking/logistics,HOUSTON,TX,fmcsa_census,,,,
standard,BAYUS LOGISTICS LLC,2818469193,mobile,trucking/logistics,HOUSTON,TX,fmcsa_census,,,,
standard,W & J HOT SHOT LLC,8323720166,mobile,trucking/logistics,HOUSTON,TX,fmcsa_census,,,,
standard,CATALINO RIOS,8329929359,mobile,trucking/logistics,HOUSTON,TX,fmcsa_census,,,,
standard,RENE A CASTILLO,8322863488,mobile,trucking/logistics,HOUSTON,TX,fmcsa_census,,,,
standard,MARLENYS PALMA,2819668431,mobile,trucking/logistics,HOUSTON,TX,fmcsa_census,,,,
standard,TUAN NGUYEN,2814954923,mobile,trucking/logistics,HOUSTON,TX,fmcsa_census,,,,
standard,FRENCHIES TRANSPORTATION LLC,9792679464,mobile,trucking/logistics,HOUSTON,TX,fmcsa_census,,,,
standard,BRYAN JOSEPH CARDENAS,7133809008,mobile,trucking/logistics,HOUSTON,TX,fmcsa_census,,,,
standard,ABIGAIL TRANSPORT LLC,2103077754,mobile,trucking/logistics,HOUSTON,TX,fmcsa_census,,,,
standard,GLOBAL QUEST LOGISTICS LLC,2819408125,mobile,trucking/logistics,HOUSTON,TX,fmcsa_census,,,,
standard,E N M A TRUCKING LLC,8322087268,mobile,trucking/logistics,HOUSTON,TX,fmcsa_census,,,,
standard,PLANT HAULER L LC,7132180860,mobile,trucking/logistics,HOUSTON,TX,fmcsa_census,,,,
standard,KNJ TRUCKING LLC,7132039857,mobile,trucking/logistics,HOUSTON,TX,fmcsa_census,,,,
standard,ED CLARK,7134445391,mobile,trucking/logistics,HOUSTON,TX,fmcsa_census,,,,
standard,I'M TRUCKING ENTERPRISE LLC,3468132013,mobile,trucking/logistics,HOUSTON,TX,fmcsa_census,,,,
standard,MRT LOGISTICS LLC,7864782227,mobile,trucking/logistics,HOUSTON,TX,fmcsa_census,,,,
standard,UTG LOAD EXPRESS LLC,8327713325,mobile,trucking/logistics,HOUSTON,TX,fmcsa_census,,,,
standard,AA ARIAS TRANSPORT LLC,2815716161,mobile,trucking/logistics,HOUSTON,TX,fmcsa_census,,,,
standard,NORGES PARADA LEMES,7029123114,mobile,trucking/logistics,HOUSTON,TX,fmcsa_census,,,,
standard,CARLOS H MELENDES,7137321305,mobile,trucking/logistics,HOUSTON,TX,fmcsa_census,,,,
standard,H&L SUCCESS LLC,8322783722,mobile,trucking/logistics,HOUSTON,TX,fmcsa_census,,,,
standard,KELLY EDWARDS TRUCKING LLC,2259210296,mobile,trucking/logistics,HOUSTON,TX,fmcsa_census,,,,
standard,ANTONI TRANSPORTATION LLC,8322596107,mobile,trucking/logistics,HOUSTON,TX,fmcsa_census,,,,
standard,MORRELL MASONRY SUPPLY INC,2819848135,mobile,trucking/logistics,HOUSTON,TX,fmcsa_census,,,,
standard,ASHLEY EXPRESS LLC,7133916316,mobile,trucking/logistics,HOUSTON,TX,fmcsa_census,,,,
standard,SNAZZY R LOGISTICS LLC,8326731109,mobile,trucking/logistics,HOUSTON,TX,fmcsa_census,,,,
standard,TRUCK THE BOX LLC,9039334688,mobile,trucking/logistics,HOUSTON,TX,fmcsa_census,,,,
standard,HELIVER CIFUENTES,8324106011,mobile,trucking/logistics,HOUSTON,TX,fmcsa_census,,,,
standard,JJ EXPRESS LLC,8627558980,mobile,trucking/logistics,HOUSTON,TX,fmcsa_census,,,,
standard,ORKA TRANSPORT LLC,9152629292,mobile,trucking/logistics,HOUSTON,TX,fmcsa_census,,,,
standard,CHAPTER 6 LLC,2819028332,mobile,trucking/logistics,HOUSTON,TX,fmcsa_census,,,,
standard,LUIS ADALBERTO FLORES,7138756854,mobile,trucking/logistics,HOUSTON,TX,fmcsa_census,,,,
standard,YASMANI MORALES YANES,6205213484,mobile,trucking/logistics,HOUSTON,TX,fmcsa_census,,,,
standard,CISCO LAST MILE LLC,8323666619,mobile,trucking/logistics,HOUSTON,TX,fmcsa_census,,,,
standard,BRACE LOGISTICS LLC,7135600704,mobile,trucking/logistics,HOUSTON,TX,fmcsa_census,,,,
standard,METELMEX INTERNATIONAL INC,2106014842,mobile,trucking/logistics,HOUSTON,TX,fmcsa_census,,,,
standard,JR3 TRANSPORT LLC,8328050883,mobile,trucking/logistics,HOUSTON,TX,fmcsa_census,,,,
standard,CAJUN CRAVEN LLC,8324963956,mobile,trucking/logistics,HOUSTON,TX,fmcsa_census,,,,
standard,M & M ORTIZ TRUCKING LLC,8328817672,mobile,trucking/logistics,HOUSTON,TX,fmcsa_census,,,,
standard,LESTER G GUYTON,8325418837,mobile,trucking/logistics,HOUSTON,TX,fmcsa_census,,,,
standard,PORFIRIO RUIZ,8324735500,mobile,trucking/logistics,HOUSTON,TX,fmcsa_census,,,,
standard,A LIMA TRUCKING CORP,5615630177,mobile,trucking/logistics,HOUSTON,TX,fmcsa_census,,,,
standard,TESHUA BUSINESS GROUP LLC,3184971036,mobile,trucking/logistics,HOUSTON,TX,fmcsa_census,,,,
standard,M SQUARED LOGISTIC SOLUTIONS LLC,7134601555,mobile,trucking/logistics,HOUSTON,TX,fmcsa_census,,,,
standard,QD TRUCKING LLC,4048849838,mobile,trucking/logistics,HOUSTON,TX,fmcsa_census,,,,
standard,TORRES DELIVERY LLC,8322671458,mobile,trucking/logistics,HOUSTON,TX,fmcsa_census,,,,
standard,YOUNG TRANSPORTATION,8325123546,mobile,trucking/logistics,HOUSTON,TX,fmcsa_census,,,,
standard,ADALBERTO CABALLERO CABALLERO,6378366376,mobile,trucking/logistics,HOUSTON,TX,fmcsa_census,,,,
standard,KHOUGHEE BROS LLC,8324757482,mobile,trucking/logistics,HOUSTON,TX,fmcsa_census,,,,
standard,ALEXIS YURI LOBO,7132927580,mobile,trucking/logistics,HOUSTON,TX,fmcsa_census,,,,
standard,MARLON MARSTERS,8329961848,mobile,trucking/logistics,HOUSTON,TX,fmcsa_census,,,,
standard,J J ROADRUNNER TRANSPORTATION LLC,7133846209,mobile,trucking/logistics,HOUSTON,TX,fmcsa_census,,,,
standard,ACS TRANSPORTATION LLC,8323141373,mobile,trucking/logistics,HOUSTON,TX,fmcsa_census,,,,
standard,AKIM LE & DANG NNA,8324985091,mobile,trucking/logistics,HOUSTON,TX,fmcsa_census,,,,
standard,MILLS LOGISTICS LLC,3464280404,mobile,trucking/logistics,HOUSTON,TX,fmcsa_census,,,,
standard,LMVZ TRUCKING LLC,3057056194,mobile,trucking/logistics,HOUSTON,TX,fmcsa_census,,,,
standard,BGM TRUCKING LLC,8326488106,mobile,trucking/logistics,HOUSTON,TX,fmcsa_census,,,,
standard,MIDWEST SOUTHERN TRUCKING LLC,7343087981,mobile,trucking/logistics,HOUSTON,TX,fmcsa_census,,,,
standard,DAGNER TRUCKING LLC,7134019381,mobile,trucking/logistics,HOUSTON,TX,fmcsa_census,,,,
standard,ESTEBAN DE LA TORRE,2815616719,mobile,trucking/logistics,HOUSTON,TX,fmcsa_census,,,,
standard,HERRERA TRUCKING EXPRESS LLC,7135187903,mobile,trucking/logistics,HOUSTON,TX,fmcsa_census,,,,
standard,GRANDE FREIGHT LLC,7134196481,mobile,trucking/logistics,HOUSTON,TX,fmcsa_census,,,,
standard,INTEGRATED ADVANTAGE SERVICES LTD,2814135567,mobile,trucking/logistics,HOUSTON,TX,fmcsa_census,,,,
standard,N&N HOT SHOT LLC,2816857269,mobile,trucking/logistics,HOUSTON,TX,fmcsa_census,,,,
standard,DENIS ORELLANA,7134783733,mobile,trucking/logistics,HOUSTON,TX,fmcsa_census,,,,
standard,DIEGO PIREZ JIMENEZ,8328487805,mobile,trucking/logistics,HOUSTON,TX,fmcsa_census,,,,
standard,KEEYON WILLIAMS,2819324008,mobile,trucking/logistics,HOUSTON,TX,fmcsa_census,,,,
standard,MAURICIO LOPEZ,7136322594,mobile,trucking/logistics,HOUSTON,TX,fmcsa_census,,,,
standard,JORGE R CORONADO,7135171585,mobile,trucking/logistics,HOUSTON,TX,fmcsa_census,,,,
standard,OSCAR GALAN,7138182396,mobile,trucking/logistics,HOUSTON,TX,fmcsa_census,,,,
standard,JEWELS TRUCKING LLC,8326612290,mobile,trucking/logistics,HOUSTON,TX,fmcsa_census,,,,
standard,TIERRA JANECE DYKES-JOHNSON,2818040660,mobile,trucking/logistics,HOUSTON,TX,fmcsa_census,,,,
standard,MCDONALD'S TRUCKING LLC,8327233541,mobile,trucking/logistics,HOUSTON,TX,fmcsa_census,,,,
standard,J&E TOWING LLC,8328980644,mobile,trucking/logistics,HOUSTON,TX,fmcsa_census,,,,
standard,SHELDER & CALVIN TRUCKING LLC,8324272094,mobile,trucking/logistics,HOUSTON,TX,fmcsa_census,,,,
standard,WHITE STONE EXPRESS LLC,8329984049,mobile,trucking/logistics,HOUSTON,TX,fmcsa_census,,,,
standard,MMJ PUMPS LLC,7136926400,mobile,trucking/logistics,HOUSTON,TX,fmcsa_census,,,,
standard,ROADRUNNER TRANSPORTATION USA CORP,7863700969,mobile,trucking/logistics,HOUSTON,TX,fmcsa_census,,,,
standard,DEAN KYLE,7135660872,mobile,trucking/logistics,HOUSTON,TX,fmcsa_census,,,,
standard,USZA ENTERPRISES LLC,8327906896,mobile,trucking/logistics,HOUSTON,TX,fmcsa_census,,,,
standard,H TOWN LOGISTICS,8328683969,mobile,trucking/logistics,HOUSTON,TX,fmcsa_census,,,,
standard,EMILIANO'S LOGISTICS SERVICES LLC,7135053377,mobile,trucking/logistics,HOUSTON,TX,fmcsa_census,,,,
standard,M&M TRANSPORT,8323090529,mobile,trucking/logistics,HOUSTON,TX,fmcsa_census,,,,
standard,ENERGY LOGISTIC LLC,8326415238,mobile,trucking/logistics,HOUSTON,TX,fmcsa_census,,,,
standard,AMBASSADOR DELIVERY SERVICE INC,2819991449,mobile,trucking/logistics,HOUSTON,TX,fmcsa_census,,,,
standard,MARJORIE A JONES,2817269155,mobile,trucking/logistics,HOUSTON,TX,fmcsa_census,,,,
standard,ALL-TEX ROOFING,7135030272,mobile,trucking/logistics,HOUSTON,TX,fmcsa_census,,,,
standard,ONCE27 LLC,8323650095,mobile,trucking/logistics,HOUSTON,TX,fmcsa_census,,,,
standard,CFPS TRUCKING INC,8328781446,mobile,trucking/logistics,HOUSTON,TX,fmcsa_census,,,,
standard,M P U LLC,8329601723,mobile,trucking/logistics,HOUSTON,TX,fmcsa_census,,,,
standard,HECTOR TRUCKING LLC,7868542542,mobile,trucking/logistics,HOUSTON,TX,fmcsa_census,,,,
standard,FRANCISCO ANTONIO FUENTES,2816610199,mobile,trucking/logistics,HOUSTON,TX,fmcsa_census,,,,
standard,JESUS ARROYO,2815135002,mobile,trucking/logistics,HOUSTON,TX,fmcsa_census,,,,
standard,JC&L DELIVERY INC,8322212816,mobile,trucking/logistics,HOUSTON,TX,fmcsa_census,,,,
standard,SAUCEDO JANITORIAL SERVICES,8323822428,mobile,trucking/logistics,HOUSTON,TX,fmcsa_census,,,,
standard,MKL SOLUTIONS LLC,2815788752,mobile,trucking/logistics,HOUSTON,TX,fmcsa_census,,,,
standard,JAG MARITIME TRANSPORTATION SOLUTIONS LLC,2814813128,mobile,trucking/logistics,HOUSTON,TX,fmcsa_census,,,,
standard,MRG LOGISTICS INC,3052024415,mobile,trucking/logistics,HOUSTON,TX,fmcsa_census,,,,
standard,AUTOCARS TRANSPORT LLC,8328780272,mobile,trucking/logistics,HOUSTON,TX,fmcsa_census,,,,
standard,HECTOR RESTREPO,2819355553,mobile,trucking/logistics,HOUSTON,TX,fmcsa_census,,,,
standard,EDWIN MIRANDA,8326626004,mobile,trucking/logistics,HOUSTON,TX,fmcsa_census,,,,
standard,INCREASE TRANSPORT LOGISTICS LLC,8329779960,mobile,trucking/logistics,HOUSTON,TX,fmcsa_census,,,,
standard,NATIONAL TRANSPORTATION INC,7133643366,mobile,trucking/logistics,HOUSTON,TX,fmcsa_census,,,,
standard,DONALD BRAZZEAL,8328817521,mobile,trucking/logistics,HOUSTON,TX,fmcsa_census,,,,
standard,XAVIER RASCHUN BOYD,8326830343,mobile,trucking/logistics,HOUSTON,TX,fmcsa_census,,,,
standard,WILLIAM HARRELL IV,2819896987,mobile,trucking/logistics,HOUSTON,TX,fmcsa_census,,,,
standard,RAMON A CABALLERO,8322791297,mobile,trucking/logistics,HOUSTON,TX,fmcsa_census,,,,
standard,RAMON FARIAS ALVAREZ,8323595898,mobile,trucking/logistics,HOUSTON,TX,fmcsa_census,,,,
standard,D & D FREIGHT SOLUTIONS LLC,2542383079,mobile,trucking/logistics,HOUSTON,TX,fmcsa_census,,,,
standard,ROMAN EMPIRE LOGISTICS LLC,8327760020,mobile,trucking/logistics,HOUSTON,TX,fmcsa_census,,,,
standard,MIKEL TITUS,2819602900,mobile,trucking/logistics,CONROE,TX,fmcsa_census,,,,
standard,BRYAN FITZGERALD HARDIN,2819488205,mobile,trucking/logistics,WILLIS,TX,fmcsa_census,,,,
standard,KJTD TRUCKING LLC,8326488800,mobile,trucking/logistics,WILLIS,TX,fmcsa_census,,,,
standard,WOODS & WOODS HAULING LLC,3344134764,mobile,trucking/logistics,CONROE,TX,fmcsa_census,,,,
standard,COAST TO COAST TRANSPORTATION INC,7138209309,mobile,trucking/logistics,HOUSTON,TX,fmcsa_census,,,,
standard,ENERFLEX ENERGY SYSTEMS INC,2813455076,mobile,trucking/logistics,HOUSTON,TX,fmcsa_census,,,,
standard,SAHLTY LOGISTICS LLC,3467795920,mobile,trucking/logistics,HOUSTON,TX,fmcsa_census,,,,
standard,RAY WOOD,9362302616,mobile,trucking/logistics,CONROE,TX,fmcsa_census,,,,
standard,F & T TRUCKING,2818041580,mobile,trucking/logistics,HOUSTON,TX,fmcsa_census,,,,
standard,IRIS RENEE SYKES WYATT,9362064460,mobile,trucking/logistics,CONROE,TX,fmcsa_census,,,,
standard,JULIO LARA,8327880706,mobile,trucking/logistics,HOUSTON,TX,fmcsa_census,,,,
standard,LUIS MARINEZ,7138706970,mobile,trucking/logistics,HOUSTON,TX,fmcsa_census,,,,
standard,M & X EQUIPMENT LLC,3468040275,mobile,trucking/logistics,CONROE,TX,fmcsa_census,,,,
standard,LVB DUMP TRUCK SERVICE LLC,9365227449,mobile,trucking/logistics,CONROE,TX,fmcsa_census,,,,
standard,P & Z LOGISTIC INC,8322288274,mobile,trucking/logistics,CONROE,TX,fmcsa_census,,,,
standard,BLACK VALLEY DIRECTIONAL DRILLING LLC,9362065859,mobile,trucking/logistics,CONROE,TX,fmcsa_census,,,,
standard,ZEFERINO MARTINEZ,9362249576,mobile,trucking/logistics,WILLIS,TX,fmcsa_census,,,,
standard,AMERICAN MADE MOVING COMPANY,8325484950,mobile,trucking/logistics,CONROE,TX,fmcsa_census,,,,
standard,CEDRIC OLIPHANT,9362955007,mobile,trucking/logistics,HUNTSVILLE,TX,fmcsa_census,,,,
standard,HECKEL LLC,8327208970,mobile,trucking/logistics,CONROE,TX,fmcsa_census,,,,
standard,BCON LLC,5122845347,mobile,trucking/logistics,CONROE,TX,fmcsa_census,,,,
standard,J-ONE TRANSPORTATION LLC,4019998593,mobile,trucking/logistics,HOUSTON,TX,fmcsa_census,,,,
standard,DILLON EXPRESS INC,9362033818,mobile,trucking/logistics,HUNTSVILLE,TX,fmcsa_census,,,,
standard,JOSE C SALMERON,8325923860,mobile,trucking/logistics,HOUSTON,TX,fmcsa_census,,,,
standard,K & T VENTURES INC,2815939012,mobile,trucking/logistics,CLEVELAND,TX,fmcsa_census,,,,
standard,DIAMOND CEG TRUCKING LLC,9364457699,mobile,trucking/logistics,CONROE,TX,fmcsa_census,,,,
standard,BLUE ACE HAULING LLC,4846022245,mobile,trucking/logistics,CONROE,TX,fmcsa_census,,,,
standard,ABITIBI CONSOLIDATED CORP,8322838228,mobile,trucking/logistics,HOUSTON,TX,fmcsa_census,,,,
standard,WILLIE MARTIN LOGGING,9366610468,mobile,trucking/logistics,HUNTSVILLE,TX,fmcsa_census,,,,
standard,TERRY BUCHANAN,9366624989,mobile,trucking/logistics,HUNTSVILLE,TX,fmcsa_census,,,,
standard,IGNACIO VILLA,9366629908,mobile,trucking/logistics,HUNTSVILLE,TX,fmcsa_census,,,,
standard,OAKTREE OF JUDDAH LOGISTICS,3462343537,mobile,trucking/logistics,HOUSTON,TX,fmcsa_census,,,,
standard,MOHAMMAD TAWFIQ KABIRI,8328122197,mobile,trucking/logistics,HOUSTON,TX,fmcsa_census,,,,
standard,JANIER P RELOVA,7862142727,mobile,trucking/logistics,HOUSTON,TX,fmcsa_census,,,,
standard,BVC INVESTMENTS LLC,2547496119,mobile,trucking/logistics,HUNTSVILLE,TX,fmcsa_census,,,,
standard,YOENDRIS BORREGO,8327819477,mobile,trucking/logistics,HOUSTON,TX,fmcsa_census,,,,
standard,DE LOS ANGELES TRUCKING LLC,3462975475,mobile,trucking/logistics,HOUSTON,TX,fmcsa_census,,,,
standard,BERTIS CHATMAN,9364636048,mobile,trucking/logistics,HOUSTON,TX,fmcsa_census,,,,
standard,LEWIE LOGISTICS LLC,7135452755,mobile,trucking/logistics,CONROE,TX,fmcsa_census,,,,
standard,LYNAIL SAWYER,8322350333,mobile,trucking/logistics,HOUSTON,TX,fmcsa_census,,,,
standard,GARCIA'S LAND CLEARING LLC,9364022878,mobile,trucking/logistics,CLEVELAND,TX,fmcsa_census,,,,
standard,LULZIM URUQI,8605030425,mobile,trucking/logistics,WILLIS,TX,fmcsa_census,,,,
standard,1STACC LOGISTICS LLC,3463225605,mobile,trucking/logistics,HOUSTON,TX,fmcsa_census,,,,
standard,GLENMONT TRUCKING LLC,8322750202,mobile,trucking/logistics,HOUSTON,TX,fmcsa_census,,,,
standard,TRI-FLO INTERNATIONAL INC,9368568551,mobile,trucking/logistics,WILLIS,TX,fmcsa_census,,,,
standard,EARL MCDONALD,2812721803,mobile,trucking/logistics,CLEVELAND,TX,fmcsa_census,,,,
standard,MITCHELL JUSTICE,7132011294,mobile,trucking/logistics,HOUSTON,TX,fmcsa_census,,,,
standard,ROBERT D NICHOLAS,2816500622,mobile,trucking/logistics,HUNTSVILLE,TX,fmcsa_census,,,,
standard,TMC ENTERPRICE LLC,8323319378,mobile,trucking/logistics,HOUSTON,TX,fmcsa_census,,,,
standard,GABRIEL ADAMS,8324770307,mobile,trucking/logistics,HUNTSVILLE,TX,fmcsa_census,,,,
standard,LWAYS TRANSPORT LLC,8327311320,mobile,trucking/logistics,HUNTSVILLE,TX,fmcsa_census,,,,
standard,M&G TOP LEVEL MOVING SERVICES LLC,8326061104,mobile,trucking/logistics,CONROE,TX,fmcsa_census,,,,
standard,PINNACLE TECHNOLOGIES INC,5804671597,mobile,trucking/logistics,HOUSTON,TX,fmcsa_census,,,,
standard,KAYLA MERRYFIELD,9367187444,mobile,trucking/logistics,CONROE,TX,fmcsa_census,,,,
standard,TENACIOUS LOGISTICS LLC,8322151617,mobile,trucking/logistics,CONROE,TX,fmcsa_census,,,,
standard,ALDO MANUEL GARCIA SOTOLONGO,8329600969,mobile,trucking/logistics,HOUSTON,TX,fmcsa_census,,,,
standard,AZMEENA DSOUZA,8324753786,mobile,trucking/logistics,HOUSTON,TX,fmcsa_census,,,,
standard,HECTOR DUENAS,2817038360,mobile,trucking/logistics,HOUSTON,TX,fmcsa_census,,,,
standard,INDALLA EXPRESS LLC,8329869469,mobile,trucking/logistics,HOUSTON,TX,fmcsa_census,,,,
standard,EDWARD DAUO,8328456671,mobile,trucking/logistics,HOUSTON,TX,fmcsa_census,,,,
standard,OATES CATTLE & EXOTICS LTD,9362954483,mobile,trucking/logistics,HUNTSVILLE,TX,fmcsa_census,,,,
standard,BUTTERSOFT TRANSPORT,8087662572,mobile,trucking/logistics,HOUSTON,TX,fmcsa_census,,,,
standard,LEONEL ESCOBAR,9362913618,mobile,trucking/logistics,HUNTSVILLE,TX,fmcsa_census,,,,
standard,JASMIN SANDESARA,8327460596,mobile,trucking/logistics,HOUSTON,TX,fmcsa_census,,,,
standard,WOODY'S LAND SERVICES LLC,2817706874,mobile,trucking/logistics,WILLIS,TX,fmcsa_census,,,,
standard,C AND C METAL FAB ETC LLC,2815935751,mobile,trucking/logistics,CLEVELAND,TX,fmcsa_census,,,,
standard,JOSE M DIAZ,3468014094,mobile,trucking/logistics,CLEVELAND,TX,fmcsa_census,,,,
standard,INNOVATION TRANSPORTATION LLC,3465037573,mobile,trucking/logistics,HOUSTON,TX,fmcsa_census,,,,
standard,SHADDAI ADONAI CONSTRUCTION LLC,8323722608,mobile,trucking/logistics,HOUSTON,TX,fmcsa_census,,,,
standard,RAMI TRANSPORTAION GROUP LLC,3467674856,mobile,trucking/logistics,HOUSTON,TX,fmcsa_census,,,,
standard,CHRISTOPHE LOGISTICS LLC,5043305183,mobile,trucking/logistics,HOUSTON,TX,fmcsa_census,,,,
standard,LK-CU TRANSPORT LLC,7575704309,mobile,trucking/logistics,HOUSTON,TX,fmcsa_census,,,,
standard,REINCO SERVICES LLC,9362032193,mobile,trucking/logistics,HUNTSVILLE,TX,fmcsa_census,,,,
standard,GUTIERREZ 0824 TRANSPORT LLC,3463872841,mobile,trucking/logistics,HOUSTON,TX,fmcsa_census,,,,
standard,JUAN M TENORIO,8322643679,mobile,trucking/logistics,HOUSTON,TX,fmcsa_census,,,,
standard,TOBY TULLOS,9366723744,mobile,trucking/logistics,CLEVELAND,TX,fmcsa_census,,,,
standard,TRINIDAD REYNOSO AVELLANEDA,2817948839,mobile,trucking/logistics,HOUSTON,TX,fmcsa_census,,,,
standard,ANTHONY WOODARD,9363144235,mobile,trucking/logistics,CONROE,TX,fmcsa_census,,,,
standard,OCTAVIO S CASTILLO,7134191603,mobile,trucking/logistics,HOUSTON,TX,fmcsa_census,,,,
standard,JOE VARGAS,8326416738,mobile,trucking/logistics,HOUSTON,TX,fmcsa_census,,,,
standard,FIDEL A MUNDO,4252751873,mobile,trucking/logistics,CLEVELAND,TX,fmcsa_census,,,,
standard,LONGWAY TRUCKLINE INC,8322473550,mobile,trucking/logistics,HOUSTON,TX,fmcsa_census,,,,
standard,SELF,9366476024,mobile,trucking/logistics,WILLIS,TX,fmcsa_census,,,,
standard,JOSE ANGEL ORDONEZ,9366483121,mobile,trucking/logistics,WILLIS,TX,fmcsa_census,,,,
standard,ALREADY DONE COMMUNICATIONS LLC,9363558404,mobile,trucking/logistics,HUNTSVILLE,TX,fmcsa_census,,,,
standard,CROSS FOUR TRANSPORT LLC,9155259169,mobile,trucking/logistics,HOUSTON,TX,fmcsa_census,,,,
standard,FREEDOM AMERICAN LOGISTICS LLC,8322588587,mobile,trucking/logistics,HOUSTON,TX,fmcsa_census,,,,
standard,"HOMESAVIORS # 1, LLC",9364445998,mobile,trucking/logistics,CONROE,TX,fmcsa_census,,,,
standard,JOSE MANUEL JR AGUIRRE,7138943316,mobile,trucking/logistics,HOUSTON,TX,fmcsa_census,,,,
standard,TRIPLE DIAMONDS EXPRESS LLC,2812031541,mobile,trucking/logistics,HOUSTON,TX,fmcsa_census,,,,
standard,LOZANO HAULING LLC,9365249155,mobile,trucking/logistics,CONROE,TX,fmcsa_census,,,,
standard,ASSURANCE VELOCITY 2 LLC,2819758577,mobile,trucking/logistics,HOUSTON,TX,fmcsa_census,,,,
standard,ON CALL LOGISTICS,3462909094,mobile,trucking/logistics,HOUSTON,TX,fmcsa_census,,,,
standard,BIG SCOTT TRUCKIN,3462629597,mobile,trucking/logistics,HOUSTON,TX,fmcsa_census,,,,
standard,CHRISTY FRY,9364022354,mobile,trucking/logistics,CLEVELAND,TX,fmcsa_census,,,,
standard,ER0 -C VENTURES LLC,9565346006,mobile,trucking/logistics,HUNTSVILLE,TX,fmcsa_census,,,,
standard,J AND W ARMS TRUCKING INC,8325414729,mobile,trucking/logistics,CLEVELAND,TX,fmcsa_census,,,,
standard,TRUCKING AND LOGISTICS SERVICES LLC,3175291479,mobile,trucking/logistics,HOUSTON,TX,fmcsa_census,,,,
standard,ORISHAS07 T&O LLC,8329236433,mobile,trucking/logistics,HOUSTON,TX,fmcsa_census,,,,
standard,MIAN TRANSPORTATION & TOWING SERVICE LLC,8328085651,mobile,trucking/logistics,HOUSTON,TX,fmcsa_census,,,,
standard,ROY RANCHER,9365250315,mobile,trucking/logistics,CONROE,TX,fmcsa_census,,,,
standard,KDGV TRANSPORT LLC,7138185867,mobile,trucking/logistics,HOUSTON,TX,fmcsa_census,,,,
standard,FIRST CLASS FREIGHT SOLUTIONS LLC,8323032053,mobile,trucking/logistics,HOUSTON,TX,fmcsa_census,,,,
standard,OWL TRUCKING LLC,8329665002,mobile,trucking/logistics,CLEVELAND,TX,fmcsa_census,,,,
standard,VANESSA BRUCETA,8322356718,mobile,trucking/logistics,HOUSTON,TX,fmcsa_census,,,,
standard,BALCH TRANSPORTATION LLC,2818594400,mobile,trucking/logistics,HOUSTON,TX,fmcsa_census,,,,
standard,BENTON WAYNE HOPSON,8328589903,mobile,trucking/logistics,COLDSPRING,TX,fmcsa_census,,,,
standard,WOUNGLY SERVICES LLC,3464388670,mobile,trucking/logistics,HOUSTON,TX,fmcsa_census,,,,
standard,ROBERT MARZE,9362940744,mobile,trucking/logistics,HUNTSVILLE,TX,fmcsa_census,,,,
standard,MELODY LAW HARRISON,8322337416,mobile,trucking/logistics,HUNTSVILE,TX,fmcsa_census,,,,
standard,RC & M ENVIRONMENTAL TRUCKING INC,8325133994,mobile,trucking/logistics,HOUSTON,TX,fmcsa_census,,,,
standard,GERALD W CRAWFORD,2813807590,mobile,trucking/logistics,COLDSPRING,TX,fmcsa_census,,,,
standard,ENLOE TIMBER COMPANY LLC,2818061171,mobile,trucking/logistics,CLEVELAND,TX,fmcsa_census,,,,
standard,EVOLUTION TRANSIT LLC,8325060013,mobile,trucking/logistics,HOUSTON,TX,fmcsa_census,,,,
standard,DANIEL J TRUDEAU,2818028944,mobile,trucking/logistics,COLDSPRING,TX,fmcsa_census,,,,
standard,CHAMPLIN FREIGHT BROKER SERVICES LLC,8323346074,mobile,trucking/logistics,MONTGOMERY,TX,fmcsa_census,,,,
standard,SOLOA TRUCKING LLC,7135987267,mobile,trucking/logistics,HOUSTON,TX,fmcsa_census,,,,
standard,TEXAS DIRT & ROCK LLC,9363559478,mobile,trucking/logistics,HUNTSVILLE,TX,fmcsa_census,,,,
standard,YRP SMART TRUCKING SOLUTIONS LLC,8329661903,mobile,trucking/logistics,COLDSPRING,TX,fmcsa_census,,,,
standard,2 GUYS 1 TRUCK MOVING CO LLC,2816354164,mobile,trucking/logistics,MONTGOMERY,TX,fmcsa_census,,,,
standard,US Y&Y LOGISTICS LLC,8329827642,mobile,trucking/logistics,CLEVELAND,TX,fmcsa_census,,,,
standard,SHULTZ EXPRESS DELIVERY LLC,9367037770,mobile,trucking/logistics,CONROE,TX,fmcsa_census,,,,
standard,GENERATION SERVICES INC,2818562532,mobile,trucking/logistics,HOUSTON,TX,fmcsa_census,,,,
standard,CRAIG ELLISOR,9363678242,mobile,trucking/logistics,COLDSPRING,TX,fmcsa_census,,,,
standard,JUAN MARTINEZ KELLY ANDREA RESTREPO,7134235338,mobile,trucking/logistics,HOUSTON,TX,fmcsa_census,,,,
standard,VADO TRANSPORTATION LLC,8325165471,mobile,trucking/logistics,HOUSTON,TX,fmcsa_census,,,,
standard,ANDORENI RAMIREZ,2817963390,mobile,trucking/logistics,CLEVELAND,TX,fmcsa_census,,,,
standard,SKYLINE USA LLC,8324300996,mobile,trucking/logistics,HOUSTON,TX,fmcsa_census,,,,
standard,SINTHIA JESSENIA MORALES SARMIENTO,3463032640,mobile,trucking/logistics,HOUSTON,TX,fmcsa_census,,,,
standard,F&G LANDSCAPE INC,7136677198,mobile,trucking/logistics,HOUSTON,TX,fmcsa_census,,,,
standard,SONIA HERNANDEZ,928-548-0058,mobile,trucking/logistics,CONROE,TX,fmcsa_census,,,,
standard,SONIA HERNANDEZ,9367772549,mobile,trucking/logistics,CONROE,TX,fmcsa_census,,,,
standard,INFRAPRO SERVICES LLC,2817232809,mobile,trucking/logistics,HUNTSVILLE,TX,fmcsa_census,,,,
standard,ALVIN TRANSPORTING LLC,9364330864,mobile,trucking/logistics,COLDSPRING,TX,fmcsa_census,,,,
standard,RAFAEL ANTONIO FLORES DUBON,8328670551,mobile,trucking/logistics,HOUSTON,TX,fmcsa_census,,,,
standard,PEDRO J RIVERA,8329094472,mobile,trucking/logistics,HOUSTON,TX,fmcsa_census,,,,
standard,FIRST CARGO LLC,6104005320,mobile,trucking/logistics,HOUSTON,TX,fmcsa_census,,,,
standard,INC TRANSPORT LLC,3464618046,mobile,trucking/logistics,HOUSTON,TX,fmcsa_census,,,,
standard,BIG TRUCK TRAPPING LLC,8326094731,mobile,trucking/logistics,HUMBLE,TX,fmcsa_census,,,,
standard,CW TRUCKING,2817555054,mobile,trucking/logistics,CLEVELAND,TX,fmcsa_census,,,,
standard,T-CRANE,7135779973,mobile,trucking/logistics,HOUSTON,TX,fmcsa_census,,,,
standard,T CONSTRUCTION LLC,8328782475,mobile,trucking/logistics,HOUSTON,TX,fmcsa_census,,,,
standard,ECC TRANSPORT COMPANY,8322105466,mobile,trucking/logistics,CONROE,TX,fmcsa_census,,,,
standard,BRITTNEY SULLIVAN LLC,8325990306,mobile,trucking/logistics,CLEVELAND,TX,fmcsa_census,,,,
standard,TEX-MEX SPECIALIZED LLC,9362323532,mobile,trucking/logistics,CLEVELAND,TX,fmcsa_census,,,,
standard,J & T FREIGHT SERVICES LLC,8474546081,mobile,trucking/logistics,CONROE,TX,fmcsa_census,,,,
standard,ELMER MARTINEZ,8325716094,mobile,trucking/logistics,HOUSTON,TX,fmcsa_census,,,,
standard,JOE ENLOE,2816220847,mobile,trucking/logistics,CLEVELAND,TX,fmcsa_census,,,,
standard,SPEEDY TRANSPORTATION LLC,7132832313,mobile,trucking/logistics,HOUSTON,TX,fmcsa_census,,,,
standard,LMT CONCRETE LLC,8323704151,mobile,trucking/logistics,HOUSTON,TX,fmcsa_census,,,,
standard,EASY BREEZY TRANSPORTATION LLC,8329497579,mobile,trucking/logistics,HUMBLE,TX,fmcsa_census,,,,
standard,ELVIA GONZALEZ,8327992977,mobile,trucking/logistics,HOUSTON,TX,fmcsa_census,,,,
standard,LYDIA QUIGLEY TURNER,2815935030,mobile,trucking/logistics,CLEVELAND,TX,fmcsa_census,,,,
standard,FLYING H LOGISTICS LLC,9368903490,mobile,trucking/logistics,CONROE,TX,fmcsa_census,,,,
standard,ROBERTO MESA RAMIREZ,7136817596,mobile,trucking/logistics,HOUSTON,TX,fmcsa_census,,,,
standard,SALVADOR ARAGON,8327904695,mobile,trucking/logistics,HOUSTON,TX,fmcsa_census,,,,
standard,2 FISH ENTERPRISES LLC,2817613279,mobile,trucking/logistics,CLEVELAND,TX,fmcsa_census,,,,
standard,DAVID MESSECAR,9365200008,mobile,trucking/logistics,MONTGOMERY,TX,fmcsa_census,,,,
standard,BISMARCK CASTILLO,8328822155,mobile,trucking/logistics,HOUSTON,TX,fmcsa_census,,,,
standard,AARON S LEACH,9364193058,mobile,trucking/logistics,CONROE,TX,fmcsa_census,,,,
standard,RICHAD ROUSE,7137158710,mobile,trucking/logistics,HOUSTON,TX,fmcsa_census,,,,
standard,ABSOLUTE FREIGHT LP,9365811066,mobile,trucking/logistics,HUNTSVILLE,TX,fmcsa_census,,,,
standard,ROBERT RAY MOORE,9366616628,mobile,trucking/logistics,HUNTSVILLE,TX,fmcsa_census,,,,
standard,G'S HOT SHOT LLC,2814510318,mobile,trucking/logistics,HUMBLE,TX,fmcsa_census,,,,
standard,ABIEL A SORTO,8326577771,mobile,trucking/logistics,HOUSTON,TX,fmcsa_census,,,,
standard,CARLOS TIGREROS,8327856699,mobile,trucking/logistics,HOUSTON,TX,fmcsa_census,,,,
standard,A&A TRUCKING SERVICE LLC,7133197047,mobile,trucking/logistics,HOUSTON,TX,fmcsa_census,,,,
standard,AHMED A ELHELBAWI,8322659438,mobile,trucking/logistics,KINGWOOD,TX,fmcsa_census,,,,
standard,ALVAREZ J TRUCKING CORPORATION,7863330545,mobile,trucking/logistics,HOUSTON,TX,fmcsa_census,,,,
standard,BRAD DUNSTER,9366616098,mobile,trucking/logistics,HUNTSVILLE,TX,fmcsa_census,,,,
standard,JOE BARTLETT,2816597770,mobile,trucking/logistics,CLEVELAND,TX,fmcsa_census,,,,
standard,TED THIBODEAU,9364452560,mobile,trucking/logistics,CONROE,TX,fmcsa_census,,,,
standard,MNM LOGISTICS LLC,8327840080,mobile,trucking/logistics,HOUSTON,TX,fmcsa_census,,,,
standard,FLYTASTIC FASHION,7136791502,mobile,trucking/logistics,HOUSTON,TX,fmcsa_census,,,,
standard,ROADTRAN LLC,9363337244,mobile,trucking/logistics,CONROE,TX,fmcsa_census,,,,
standard,BAIRES MANAGEMENT INC,3462180803,mobile,trucking/logistics,HOUSTON,TX,fmcsa_census,,,,
standard,MARIO LIZALDE,2819600675,mobile,trucking/logistics,KINGWOOD,TX,fmcsa_census,,,,
standard,GEORGE MOTT JR,7138174337,mobile,trucking/logistics,KINGWOOD,TX,fmcsa_census,,,,
standard,JEFFERY JACKSON,9365812835,mobile,trucking/logistics,HUNTSVILLE,TX,fmcsa_census,,,,
standard,PHOEBE ENGLISH,7133800641,mobile,trucking/logistics,HOUSTON,TX,fmcsa_census,,,,
standard,CHAVIRA'S TRUCKING LLC,8323408122,mobile,trucking/logistics,HOUSTON,TX,fmcsa_census,,,,
standard,KENNETH BECK,2816590583,mobile,trucking/logistics,CLEVELAND,TX,fmcsa_census,,,,
standard,KQ TRANSPORT LLC,8326386144,mobile,trucking/logistics,HOUSTON,TX,fmcsa_census,,,,
standard,KING TRUCKING LLC,8328725203,mobile,trucking/logistics,HOUSTON,TX,fmcsa_census,,,,
standard,MARKET STREET USED AUTO PARTS & AUTO SALES INC,7134553099,mobile,trucking/logistics,HOUSTON,TX,fmcsa_census,,,,
standard,FAST N EASY TRANSPORT LLC,8328824248,mobile,trucking/logistics,HOUSTON,TX,fmcsa_census,,,,
standard,D M D LOGISTICS LLC,8327410641,mobile,trucking/logistics,HOUSTON,TX,fmcsa_census,,,,
standard,KATIUSKA LAGO,8329824153,mobile,trucking/logistics,KINGWOOD,TX,fmcsa_census,,,,
standard,D&Q ETC LLC,7137540331,mobile,trucking/logistics,HOUSTON,TX,fmcsa_census,,,,
standard,A MARTINEZ TRANSPORTS LIMITED LIABILITY COMPANY,8322774849,mobile,trucking/logistics,HOUSTON,TX,fmcsa_census,,,,
standard,BIG7EVEN LLC,3463734244,mobile,trucking/logistics,CLEVELAND,TX,fmcsa_census,,,,
standard,HENRY L SMITH,8322879011,mobile,trucking/logistics,HOUSTON,TX,fmcsa_census,,,,
standard,D&C FREIGHT LLC,8324956162,mobile,trucking/logistics,KINGWOOD,TX,fmcsa_census,,,,
standard,DAYSI ARMAS FLEITAS,3462199096,mobile,trucking/logistics,HOUSTON,TX,fmcsa_census,,,,
standard,MALTEQ GROUP LLC,3468780879,mobile,trucking/logistics,DAYTON,TX,fmcsa_census,,,,
standard,ELIAS FLORES,8325495377,mobile,trucking/logistics,HOUSTON,TX,fmcsa_census,,,,
standard,ELITE CHEM LLC,7132945828,mobile,trucking/logistics,KINGWOOD,TX,fmcsa_census,,,,
standard,NESTOR L FALERO,8322126311,mobile,trucking/logistics,HOUSTON,TX,fmcsa_census,,,,
standard,RED WRECKERS LTD CO,8324828964,mobile,trucking/logistics,KINGWOOD,TX,fmcsa_census,,,,
standard,ALPHA DO TRANSPORT CORP,7135612082,mobile,trucking/logistics,HOUSTON,TX,fmcsa_census,,,,
standard,TOUCH DOWN TRUCKING LLC,2816104192,mobile,trucking/logistics,HOUSTON,TX,fmcsa_census,,,,
standard,GLADIATORS DEVELOPMENT INC,8085471236,mobile,trucking/logistics,KINGWOOD,TX,fmcsa_census,,,,
standard,OSHUN ALL STATES TRUCKING INC,8324594660,mobile,trucking/logistics,CLEVELAND,TX,fmcsa_census,,,,
standard,RETEX TRANSPORTATION LLC,3033593084,mobile,trucking/logistics,HOUSTON,TX,fmcsa_census,,,,
standard,BABY BOY EXPRESS LLC,9793086203,mobile,trucking/logistics,HOUSTON,TX,fmcsa_census,,,,
standard,JUAN M SALINAS,8324952962,mobile,trucking/logistics,HOUSTON,TX,fmcsa_census,,,,
standard,ABEL MALDONADO,3016690270,mobile,trucking/logistics,CONROE,TX,fmcsa_census,,,,
standard,J&R ANTHONY HOLDINGS LLC,8329646048,mobile,trucking/logistics,HOUSTON,TX,fmcsa_census,,,,
standard,M&G REYES TRANSPORT LLC,5125458303,mobile,trucking/logistics,HOUSTON,TX,fmcsa_census,,,,
standard,FRED W PHILLIPS,8179440776,mobile,trucking/logistics,HOUSTON,TX,fmcsa_census,,,,
standard,BCM LOGISTICS LLC,2819048883,mobile,trucking/logistics,HOUSTON,TX,fmcsa_census,,,,
standard,VANGUARD LOGISTICS INC,8329061685,mobile,trucking/logistics,HOUSTON,TX,fmcsa_census,,,,
standard,V&A HAULING LLC,7138205860,mobile,trucking/logistics,HOUSTON,TX,fmcsa_census,,,,
standard,FELIPE DE JESUS BANDA,7135949953,mobile,trucking/logistics,HOUSTON,TX,fmcsa_census,,,,
standard,PA&G LOGISTIC LLC,7132329932,mobile,trucking/logistics,HOUSTON,TX,fmcsa_census,,,,
standard,RODRIGUEZ TRANSPORT LLC,8138472833,mobile,trucking/logistics,CLEVELAND,TX,fmcsa_census,,,,
standard,RJBSOLUTION LLC,8323478900,mobile,trucking/logistics,HOUSTON,TX,fmcsa_census,,,,
standard,JOHNNY RAMIREZ,7134443777,mobile,trucking/logistics,HOUSTON,TX,fmcsa_census,,,,
standard,GLENNY TRUCKING LLC,3462326901,mobile,trucking/logistics,HOUSTON,TX,fmcsa_census,,,,
standard,CITY WIDE EQUIPMENT RENTAL INC,7139433656,mobile,trucking/logistics,HOUSTON,TX,fmcsa_census,,,,
standard,CASTLE FURNITURE LP,7139721633,mobile,trucking/logistics,HOUSTON,TX,fmcsa_census,,,,
standard,JUAN CARLOS RODRIGUEZ LOZADA,8329960188,mobile,trucking/logistics,HOUSTON,TX,fmcsa_census,,,,
standard,CALIANA INVESTMENTS LLC,3465923749,mobile,trucking/logistics,HUMBLE,TX,fmcsa_census,,,,
standard,MITCHELL DIGON BLANCO,7863661535,mobile,trucking/logistics,HOUSTON,TX,fmcsa_census,,,,
standard,SIYAM DELIVERY SERVICES LLC,2813230900,mobile,trucking/logistics,HOUSTON,TX,fmcsa_census,,,,
standard,PREMIER TRANSPORT LLC,2816505303,mobile,trucking/logistics,HOUSTON,TX,fmcsa_census,,,,
standard,ALEXIS A VELASQUEZ,8327851215,mobile,trucking/logistics,HOUSTON,TX,fmcsa_census,,,,
standard,SANTIAGO AZUA,9365771497,mobile,trucking/logistics,HUNTSVILLE,TX,fmcsa_census,,,,
standard,EDH EXPRESS LLC,8325574428,mobile,trucking/logistics,HOUSTON,TX,fmcsa_census,,,,
standard,JAMIE LOWE,8325197081,mobile,trucking/logistics,KINGWOOD,TX,fmcsa_census,,,,
standard,YORDANIS ALVAREZ OJEDA,7864446115,mobile,trucking/logistics,HOUSTON,TX,fmcsa_census,,,,
standard,D&L EXCAVATING AND CONCRETE LLC,8324289916,mobile,trucking/logistics,HOUSTON,TX,fmcsa_census,,,,
standard,CHRISTOPHER SHANE TROMETER,9364447686,mobile,trucking/logistics,MONTGOMERY,TX,fmcsa_census,,,,
standard,CRAPPS TRUCKING LLC,7133408869,mobile,trucking/logistics,HUMBLE,TX,fmcsa_census,,,,
standard,S&T COURIERS LLC,8328710500,mobile,trucking/logistics,HUNTSVILLE,TX,fmcsa_census,,,,
standard,LONE STAR EXECUTIVE CHARTERS LLC,8325857338,mobile,trucking/logistics,HUNTSVILLE,TX,fmcsa_census,,,,
standard,FELIX A ALARCON,7133716305,mobile,trucking/logistics,HOUSTON,TX,fmcsa_census,,,,
standard,SARGE MOBILE DETAILING LLC,5134163022,mobile,trucking/logistics,KINGWOOD,TX,fmcsa_census,,,,
standard,BROSKI TRANSPORT & SUPPLY LLC,8326816506,mobile,trucking/logistics,HOUSTON,TX,fmcsa_census,,,,
standard,AP EXPRESS CARGO LLC,8329351983,mobile,trucking/logistics,HOUSTON,TX,fmcsa_census,,,,
standard,ROLL-N-RELL EXPRESS LLC,3466247330,mobile,trucking/logistics,HOUSTON,TX,fmcsa_census,,,,
standard,SPRING TRANSPORTATION LLC,2817989888,mobile,trucking/logistics,KINGWOOD,TX,fmcsa_census,,,,
standard,HDS TRANSPORTATION LLC,8324696238,mobile,trucking/logistics,HUMBLE,TX,fmcsa_census,,,,
standard,ELECTUS LOGISTICS LLC,5049754828,mobile,trucking/logistics,HOUSTON,TX,fmcsa_census,,,,
standard,ST LEGACY TRANSPORT LLC,8325030068,mobile,trucking/logistics,HUMBLE,TX,fmcsa_census,,,,
standard,RAMON PRIMITIVO PRADA RODRIGUEZ,7863080025,mobile,trucking/logistics,CLEVELAND,TX,fmcsa_census,,,,
standard,S TRANSPORTATION,8326552224,mobile,trucking/logistics,HOUSTON,TX,fmcsa_census,,,,
standard,JEROME PIERRE,3467634325,mobile,trucking/logistics,HOUSTON,TX,fmcsa_census,,,,
standard,JACOB WEST LLC,9362039654,mobile,trucking/logistics,MONTGOMERY,TX,fmcsa_census,,,,
standard,DC INSTALLMENT LLC,7135511637,mobile,trucking/logistics,MONTGOMERY,TX,fmcsa_census,,,,
standard,FERNANDO MARTINEZ BRISENO,8327419029,mobile,trucking/logistics,HOUSTON,TX,fmcsa_census,,,,
standard,ELIAS CABRERA,8326057774,mobile,trucking/logistics,HOUSTON,TX,fmcsa_census,,,,
standard,A L K FREIGHT LOGISTICS LLC,5715568300,mobile,trucking/logistics,HUMBLE,TX,fmcsa_census,,,,
standard,YUK INVESTMENTS LLC,3462651527,mobile,trucking/logistics,HUMBLE,TX,fmcsa_census,,,,
standard,TEXAS MADE TRUCKING LLC,9195247667,mobile,trucking/logistics,HOUSTON,TX,fmcsa_census,,,,
standard,MAGNETO & DIESEL INJECTOR SERVICE INC,2816419044,mobile,trucking/logistics,HUMBLE,TX,fmcsa_census,,,,
standard,MIGUEL A ESPINOZA,8322437989,mobile,trucking/logistics,HOUSTON,TX,fmcsa_census,,,,
standard,BBX SOLUTIONS LLC,2816065402,mobile,trucking/logistics,HUMBLE,TX,fmcsa_census,,,,
standard,SILVER LINE LOGISTICS LLC,8322124232,mobile,trucking/logistics,PINEHURST,TX,fmcsa_census,,,,
standard,COMPASS TRUCKING,7138945108,mobile,trucking/logistics,HOUSTON,TX,fmcsa_census,,,,
standard,F & S HOT SHOT SERVICE LLC,2812589804,mobile,trucking/logistics,HOUSTON,TX,fmcsa_census,,,,
standard,LUX VIRIDIS SOLUTION LLC,8323033295,mobile,trucking/logistics,HOUSTON,TX,fmcsa_census,,,,
standard,KAREN MANN,9728213540,mobile,trucking/logistics,DALLAS,TX,nppes,,,,
standard,BY ART EXPRESS LLC,9033808041,mobile,trucking/logistics,HOUSTON,TX,fmcsa_census,,,,
standard,TRUCK ALOT TRUCKING LLC,8326691052,mobile,trucking/logistics,HOUSTON,TX,fmcsa_census,,,,
standard,FIRE AND RESCUE CARGO LLC,2819449119,mobile,trucking/logistics,HOUSTON,TX,fmcsa_census,,,,
standard,ADAVION JOHNSON,9364438989,mobile,trucking/logistics,MONTGOMERY,TX,fmcsa_census,,,,
standard,RALPH STEVENS,9362630163,mobile,trucking/logistics,MONTGOMERY,TX,fmcsa_census,,,,
standard,AUTO TRANSPORT INC,7134530205,mobile,trucking/logistics,HOUSTON,TX,fmcsa_census,,,,
standard,BE FIRST LOGISTICS LLC,8322823103,mobile,trucking/logistics,HOUSTON,TX,fmcsa_census,,,,
standard,DAVID GREENWOOD,8322961775,mobile,trucking/logistics,PLANTERSVILLE,TX,fmcsa_census,,,,
standard,UNITED GUNITE COMPANY LLC,8322745627,mobile,trucking/logistics,HOUSTON,TX,fmcsa_census,,,,
standard,GILL M&L TRANSPORT,3466073888,mobile,trucking/logistics,CLEVELAND,TX,fmcsa_census,,,,
standard,LOGISTICS MADE SIMPLE LLC,2819776572,mobile,trucking/logistics,HOUSTON,TX,fmcsa_census,,,,
standard,CORNEJO TOWING AND RECOVERY LLC,2816229384,mobile,trucking/logistics,CLEVELAND,TX,fmcsa_census,,,,
standard,ONIELKY HERNANDEZ,3463083441,mobile,trucking/logistics,HOUSTON,TX,fmcsa_census,,,,
standard,E & B OLIVO TRANSPORTATION LLC,8322569720,mobile,trucking/logistics,HUMBLE,TX,fmcsa_census,,,,
standard,RODTAM TRANSPORT LLC,8325743947,mobile,trucking/logistics,PLANTERSVILLE,TX,fmcsa_census,,,,
standard,XTREMZ HAULING,2812352525,mobile,trucking/logistics,MONTGOMERY,TX,fmcsa_census,,,,
standard,SORAYA TRUCKING LLC,7134938379,mobile,trucking/logistics,HUMBLE,TX,fmcsa_census,,,,
standard,LONE STAR TRANSPORT AND PILOT SERVICES LLC,7135945986,mobile,trucking/logistics,PLANTERSVILLE,TX,fmcsa_census,,,,
standard,MATAYA EXPRESS LLC,8324570482,mobile,trucking/logistics,HUMBLE,TX,fmcsa_census,,,,
standard,3DA LOGISTICS LLC,8327987361,mobile,trucking/logistics,HOUSTON,TX,fmcsa_census,,,,
standard,D H GRIFFIN OF TEXAS INC,7139914444,mobile,trucking/logistics,HOUSTON,TX,fmcsa_census,,,,
standard,G TIJERINA TRUCKING,9363069733,mobile,trucking/logistics,PLANTERSVILLE,TX,fmcsa_census,,,,
standard,CASTELLON REMODELING LLC,7134234171,mobile,trucking/logistics,CLEVELAND,TX,fmcsa_census,,,,
standard,HUMBERTO FRANCO,8326519458,mobile,trucking/logistics,HOUSTON,TX,fmcsa_census,,,,
standard,JSM MARKETING GROUP LLC,8327155069,mobile,trucking/logistics,HOUSTON,TX,fmcsa_census,,,,
standard,J O GUZMAN TRANSPORT INC,8327153702,mobile,trucking/logistics,HOUSTON,TX,fmcsa_census,,,,
standard,ROAD CITY LOGISTICS LLC,7866034700,mobile,trucking/logistics,HOUSTON,TX,fmcsa_census,,,,
standard,ISMAEL PENA,7132549449,mobile,trucking/logistics,HOUSTON,TX,fmcsa_census,,,,
standard,ALDO RAMOS TRUCKING,7137750814,mobile,trucking/logistics,HOUSTON,TX,fmcsa_census,,,,
standard,MARIO VALLES,8328375418,mobile,trucking/logistics,HOUSTON,TX,fmcsa_census,,,,
standard,TORED TRANSPORTATION LLC,2816069138,mobile,trucking/logistics,HOUSTON,TX,fmcsa_census,,,,
standard,RAMIRO R HERNANDEZ,7134988463,mobile,trucking/logistics,HOUSTON,TX,fmcsa_census,,,,
standard,MARIA L RUBIO,8328781597,mobile,trucking/logistics,HOUSTON,TX,fmcsa_census,,,,
standard,MARTIN PULIDO TRUCKING LLC,7135392264,mobile,trucking/logistics,HOUSTON,TX,fmcsa_census,,,,
standard,NORMA ACALA AND MANUEL A FLORES,8326416051,mobile,trucking/logistics,HOUSTON,TX,fmcsa_census,,,,
standard,LEGOLAS TRANSPORT LLC,3058330730,mobile,trucking/logistics,HOUSTON,TX,fmcsa_census,,,,
standard,TACURONG LLC,3462426632,mobile,trucking/logistics,HUMBLE,TX,fmcsa_census,,,,
standard,JACKSON ELITE BROKERAGE LLC,3182299704,mobile,trucking/logistics,HUMBLE,TX,fmcsa_census,,,,
standard,KENMOR ELECTRIC COMPANY LP,7132015832,mobile,trucking/logistics,HOUSTON,TX,fmcsa_census,,,,
standard,JOSE MA SANCHEZ,9565227999,mobile,trucking/logistics,HOUSTON,TX,fmcsa_census,,,,
standard,ABSOLUTE TRUCKING LLC,8329208093,mobile,trucking/logistics,HOUSTON,TX,fmcsa_census,,,,
standard,TERRY LYNN MCDONALD,2814146298,mobile,trucking/logistics,HUMBLE,TX,fmcsa_census,,,,
standard,SUNRISE TRANSPORT INC,7133761425,mobile,trucking/logistics,HOUSTON,TX,fmcsa_census,,,,
standard,JUAN EDUARDO DEL VALLE,8329412289,mobile,trucking/logistics,HOUSTON,TX,fmcsa_census,,,,
standard,J&J FREIGHT LOGISTICS LLC,8135974668,mobile,trucking/logistics,HOUSTON,TX,fmcsa_census,,,,
standard,ALVARO J ORTEGA,8322961427,mobile,trucking/logistics,HOUSTON,TX,fmcsa_census,,,,
standard,ESSENTIAL TRANSPORTATION SERVICES LLC,2818657404,mobile,trucking/logistics,HUMBLE,TX,fmcsa_census,,,,
standard,MOZIA BELL,8324105025,mobile,trucking/logistics,CLEVELAND,TX,fmcsa_census,,,,
standard,RIBCA TRUCKING INC,8329168001,mobile,trucking/logistics,HOUSTON,TX,fmcsa_census,,,,
standard,JAMES D COOK,8327719849,mobile,trucking/logistics,HUMBLE,TX,fmcsa_census,,,,
standard,GLOBAL LOGISTICS TRUCKING INC,8326921643,mobile,trucking/logistics,HUMBLE,TX,fmcsa_census,,,,
standard,CARLOS SOLACHE,7135308987,mobile,trucking/logistics,HOUSTON,TX,fmcsa_census,,,,
standard,CORTES UNDERGROUND LLC,3467022960,mobile,trucking/logistics,HOUSTON,TX,fmcsa_census,,,,
standard,CIRCLE BOUND TRUCKING DELIVERY LLC,3463472441,mobile,trucking/logistics,HOUSTON,TX,fmcsa_census,,,,
standard,BREADWINNER 6 LOGISTIC LLC,8505247220,mobile,trucking/logistics,HUMBLE,TX,fmcsa_census,,,,
standard,POLMEX DISTRIBUTION CORPORATION,8322354306,mobile,trucking/logistics,POINTBLANK,TX,fmcsa_census,,,,
standard,MCWATERS TRUCKING COMPANY INC,2816593113,mobile,trucking/logistics,CLEVELAND,TX,fmcsa_census,,,,
standard,CHARLES D WISNIESKI,9364439681,mobile,trucking/logistics,PLANTERSVILLE,TX,fmcsa_census,,,,
standard,ARTEMIO VILLRREAL,7137022236,mobile,trucking/logistics,HOUSTON,TX,fmcsa_census,,,,
standard,JSW EXPRESS LLC,7132132394,mobile,trucking/logistics,HOUSTON,TX,fmcsa_census,,,,
standard,SERGIO MENDOZA,8324340683,mobile,trucking/logistics,HOUSTON,TX,fmcsa_census,,,,
standard,F&A LOGISTICS LLC,2814690570,mobile,trucking/logistics,HOUSTON,TX,fmcsa_census,,,,
standard,JOSE V MELGAR,7133669108,mobile,trucking/logistics,HOUSTON,TX,fmcsa_census,,,,
standard,ALBERTO ARGUELLO,8325242770,mobile,trucking/logistics,HOUSTON,TX,fmcsa_census,,,,
standard,ALAZHRI TRANSPORTATION LLC,2035029632,mobile,trucking/logistics,HOUSTON,TX,fmcsa_census,,,,
standard,CONVEYWORKS LLC,3466008214,mobile,trucking/logistics,HUMBLE,TX,fmcsa_census,,,,
standard,ER TRUCKING SERVICES LLC,2813002013,mobile,trucking/logistics,HOUSTON,TX,fmcsa_census,,,,
standard,THOMAS DIEHL,9368255597,mobile,trucking/logistics,PLANTERSVILLE,TX,fmcsa_census,,,,
standard,ENLOG STRATEGIC SERVICES LLC,4126140916,mobile,trucking/logistics,HUMBLE,TX,fmcsa_census,,,,
standard,SHELDON C SANCHEZ,8325334334,mobile,trucking/logistics,HOUSTON,TX,fmcsa_census,,,,
standard,ANCELMO GARZA DELEON,8323846687,mobile,trucking/logistics,HOUSTON,TX,fmcsa_census,,,,
standard,LEO FRANK RAMIREZ,7135165422,mobile,trucking/logistics,HOUSTON,TX,fmcsa_census,,,,
standard,BEST QUALITY COMPANY LLC,8322763060,mobile,trucking/logistics,CLEVELAND,TX,fmcsa_census,,,,
standard,PORTERLOGISTICSLLC,4696164379,mobile,trucking/logistics,HOUSTON,TX,fmcsa_census,,,,
standard,WHAT THE FREIGHT LLC,2819286856,mobile,trucking/logistics,HUMBLE,TX,fmcsa_census,,,,
standard,KEVIN MOCK,9362038298,mobile,trucking/logistics,PLANTERSVILLE,TX,fmcsa_census,,,,
standard,IRON HAULER LLC,2816223120,mobile,trucking/logistics,CLEVELAND,TX,fmcsa_census,,,,
standard,CRISTOBAL GARCIA & EDMUNDO IBARRA AGUIRRE JR,8324886555,mobile,trucking/logistics,HOUSTON,TX,fmcsa_census,,,,
standard,HUNGRYMANTRUCKINGLLC,5045087557,mobile,trucking/logistics,HUMBLE,TX,fmcsa_census,,,,
standard,RED RAVEN LOGISTICS INC,2819688882,mobile,trucking/logistics,HOUSTON,TX,fmcsa_census,,,,
standard,TDI TRUCKING LLC,7576049430,mobile,trucking/logistics,HUMBLE,TX,fmcsa_census,,,,
standard,ECHELON GLOBAL FREIGHT SERVICES LLC,7138197159,mobile,trucking/logistics,HUMBLE,TX,fmcsa_census,,,,
standard,PAPO TRANSPORT LLC,3467193094,mobile,trucking/logistics,HOUSTON,TX,fmcsa_census,,,,
standard,SANTOS E PEREIRA,7132450375,mobile,trucking/logistics,HOUSTON,TX,fmcsa_census,,,,
standard,FREIGHT HAULERS LLC,8327692504,mobile,trucking/logistics,HOUSTON,TX,fmcsa_census,,,,
standard,RO HOGG TRUCKING LLC,9367019974,mobile,trucking/logistics,HUMBLE,TX,fmcsa_census,,,,
standard,SPARTAN CRANE SERVICES LLC,8328591628,mobile,trucking/logistics,HOUSTON,TX,fmcsa_census,,,,
standard,EAKIN INDUSTRIES LLC,2816208625,mobile,trucking/logistics,CLEVELAND,TX,fmcsa_census,,,,
standard,GI ENVIRONMENTAL VACUUM SERVICE INC,7138187242,mobile,trucking/logistics,HOUSTON,TX,fmcsa_census,,,,
standard,ANDERSON WASTE LLC,8323187794,mobile,trucking/logistics,CLEVELAND,TX,fmcsa_census,,,,
standard,JAKOS TRANSPORT,8322105604,mobile,trucking/logistics,HOUSTON,TX,fmcsa_census,,,,
standard,BAY TRUCKING & LOGISTICS LLC,8326460165,mobile,trucking/logistics,HOUSTON,TX,fmcsa_census,,,,
standard,SANTOS VICTORIA SALINAS,7133737253,mobile,trucking/logistics,HOUSTON,TX,fmcsa_census,,,,
standard,GISELLE ALIZE VIZCAYA,8323886776,mobile,trucking/logistics,CLEVELAND,TX,fmcsa_census,,,,
standard,B R O EXPRESS LLC,3465614416,mobile,trucking/logistics,HOUSTON,TX,fmcsa_census,,,,
standard,JOSE LEANDRO HERNANDEZ,7135403802,mobile,trucking/logistics,CLEVELAND,TX,fmcsa_census,,,,
standard,NEWBORN XPRESS,8324951883,mobile,trucking/logistics,HOUSTON,TX,fmcsa_census,,,,
standard,CLM CONNECT LLC,2242007464,mobile,trucking/logistics,HUMBLE,TX,fmcsa_census,,,,
standard,HEWITT GLOBAL CARRIERS LLC,8327325252,mobile,trucking/logistics,HUMBLE,TX,fmcsa_census,,,,
standard,NOLE TRANSPORT LLC,7866727395,mobile,trucking/logistics,HOUSTON,TX,fmcsa_census,,,,
standard,J MARTINEZ TRANSPORT LLC,7868655351,mobile,trucking/logistics,HOUSTON,TX,fmcsa_census,,,,
standard,TRAVIS TIRE RECYCLING LLC,5124222375,mobile,trucking/logistics,CLEVELAND,TX,fmcsa_census,,,,
standard,BELARMINO MEDINA MARTINEZ,3467604969,mobile,trucking/logistics,CLEVELAND,TX,fmcsa_census,,,,
standard,MURRELL TRUCKING LLC,3464470439,mobile,trucking/logistics,CLEVELAND,TX,fmcsa_census,,,,
standard,ISAA&TRUCKING LLC,3054002190,mobile,trucking/logistics,HOUSTON,TX,fmcsa_census,,,,
standard,GULF COAST STORAGE & WAREHOUSING INC,7136784100,mobile,trucking/logistics,HOUSTON,TX,fmcsa_census,,,,
standard,HIGHER POWER LOGISTICS LLC,3373807455,mobile,trucking/logistics,HUMBLE,TX,fmcsa_census,,,,
standard,BAM CONCRETE LLC,2817614293,mobile,trucking/logistics,CLEVELAND,TX,fmcsa_census,,,,
standard,ALNEMRAT LOGISTICS LLC,8477499779,mobile,trucking/logistics,HOUSTON,TX,fmcsa_census,,,,
standard,BIG BOY'S MOVING LLC,2816864003,mobile,trucking/logistics,HOUSTON,TX,fmcsa_census,,,,
standard,HIGH ROAD TRANSPORTATION,7134921725,mobile,trucking/logistics,HUMBLE,TX,fmcsa_census,,,,
standard,LIPSCOMB LOGISTICS LLC,6149733587,mobile,trucking/logistics,HUMBLE,TX,fmcsa_census,,,,
standard,COLE INTERNATIONAL TRANSPORT LLC,8326438089,mobile,trucking/logistics,HOUSTON,TX,fmcsa_census,,,,
standard,ELITE CARGO SOLUTIONS LLC,3258663154,mobile,trucking/logistics,HUMBLE,TX,fmcsa_census,,,,
standard,DIEGO TUTIVEN,2817060224,mobile,trucking/logistics,HUMBLE,TX,fmcsa_census,,,,
standard,24 7 TWISTED LLC,7134591577,mobile,trucking/logistics,HUMBLE,TX,fmcsa_census,,,,
standard,CLEMAR LOGISTICS TRANSPORT LLC,3468733621,mobile,trucking/logistics,HUMBLE,TX,fmcsa_census,,,,
standard,MSK UNITED LLC,3132899372,mobile,trucking/logistics,HOUSTON,TX,fmcsa_census,,,,
standard,EDWARD RISINGER,7132534616,mobile,trucking/logistics,HOUSTON,TX,fmcsa_census,,,,
standard,ORLANDO EFRAIN SARACAY,8322746331,mobile,trucking/logistics,HOUSTON,TX,fmcsa_census,,,,
standard,FALCON TRUCK LINE INC,8323055395,mobile,trucking/logistics,HOUSTON,TX,fmcsa_census,,,,
standard,ANUBIS TRUCKING SERVICES LLC,2815718011,mobile,trucking/logistics,HUMBLE,TX,fmcsa_census,,,,
standard,RED OAKS TRANSPORT LLC,8328635782,mobile,trucking/logistics,HOUSTON,TX,fmcsa_census,,,,
standard,TEXAS TOTAL TRANSPORTATION LLC,3467738977,mobile,trucking/logistics,HOUSTON,TX,fmcsa_census,,,,
standard,DOROTHY CRAWFORD,7136921570,mobile,trucking/logistics,HOUSTON,TX,fmcsa_census,,,,
standard,PEDRO PEREZ TRUCKING,8322137018,mobile,trucking/logistics,HOUSTON,TX,fmcsa_census,,,,
standard,HAULING WITH FAITH LOGISTICS,8322453667,mobile,trucking/logistics,HOUSTON,TX,fmcsa_census,,,,
standard,GALACTIC TRANSPORTATION LLC,8328594776,mobile,trucking/logistics,HUMBLE,TX,fmcsa_census,,,,
standard,JOSE J MOCTEZUMA,2815907113,mobile,trucking/logistics,HOUSTON,TX,fmcsa_census,,,,
standard,HEAVYDROP TRUCKIN LLC,8322852445,mobile,trucking/logistics,HUMBLE,TX,fmcsa_census,,,,
standard,RUBEN P PEQUENO,2813802432,mobile,trucking/logistics,HOUSTON,TX,fmcsa_census,,,,
standard,TRUCKSAMB LLC,8329893989,mobile,trucking/logistics,HUMBLE,TX,fmcsa_census,,,,
standard,RAY LUTH TRANSPORTATION LLC,8035379426,mobile,trucking/logistics,HUMBLE,TX,fmcsa_census,,,,
standard,PRIME PERFORMANCE TRUCKING COMPANY LLC,2143952444,mobile,trucking/logistics,HOUSTON,TX,fmcsa_census,,,,
standard,PJ TRUCKING INC,8329190158,mobile,trucking/logistics,HOUSTON,TX,fmcsa_census,,,,
standard,RED HEAD CARRIERS INC,8322285296,mobile,trucking/logistics,SPRING,TX,fmcsa_census,,,,
standard,M & M HOTSHOT,8322475110,mobile,trucking/logistics,MAGNOLIA,TX,fmcsa_census,,,,
standard,MARIA SOCORRO MORALES,8328697035,mobile,trucking/logistics,HOUSTON,TX,fmcsa_census,,,,
standard,Q-TEX FREIGHT HAULING LLC,7133732791,mobile,trucking/logistics,HUMBLE,TX,fmcsa_census,,,,
standard,BLANCAS TRANSPORT LLC,3469177327,mobile,trucking/logistics,HOUSTON,TX,fmcsa_census,,,,
standard,FATIMA DEL CARMEN CABRERA,8325189432,mobile,trucking/logistics,HOUSTON,TX,fmcsa_census,,,,
standard,JAMES E KELLEY,9362745748,mobile,trucking/logistics,THICKET,TX,fmcsa_census,,,,
standard,DIANA IBARRA MILIA,3463496580,mobile,trucking/logistics,HOUSTON,TX,fmcsa_census,,,,
standard,MARGARITO OLMOS,2813546585,mobile,trucking/logistics,NEW CANEY,TX,fmcsa_census,,,,
standard,NEXT MOVE TRANSPORT LLC,7134712997,mobile,trucking/logistics,HUMBLE,TX,fmcsa_census,,,,
standard,MLB TRANSPORTATION LLC,2817994981,mobile,trucking/logistics,HUMBLE,TX,fmcsa_census,,,,
standard,H & O SERVICES INC,9362745400,mobile,trucking/logistics,THICKET,TX,fmcsa_census,,,,
standard,DURAN AJA TRADING LLC,2816585645,mobile,trucking/logistics,SPRING,TX,fmcsa_census,,,,
standard,ELEGGUA MULTI SERVICES LLC,8324690067,mobile,trucking/logistics,HOUSTON,TX,fmcsa_census,,,,
standard,COSMI ME LLC,8328851120,mobile,trucking/logistics,HUMBLE,TX,fmcsa_census,,,,
standard,MATLOCK ENTERPRISES 2 LLC,7025381517,mobile,trucking/logistics,HUMBLE,TX,fmcsa_census,,,,
standard,FRED HALL TRUCKING,8328013038,mobile,trucking/logistics,NEW CANEY,TX,fmcsa_census,,,,
standard,HOUSTONJR LOGISTICS,7133590619,mobile,trucking/logistics,HOUSTON,TX,fmcsa_census,,,,
standard,HECOS TRANSPORTATION INC,7132811765,mobile,trucking/logistics,HOUSTON,TX,fmcsa_census,,,,
standard,JUAN M PEQUENO,7138999291,mobile,trucking/logistics,HOUSTON,TX,fmcsa_census,,,,
standard,EXPRESS FREIGHT DELIVERY,8327948789,mobile,trucking/logistics,NEW CANEY,TX,fmcsa_census,,,,
standard,U S HEAVY LOGISTICS LLC,8328557142,mobile,trucking/logistics,HUMBLE,TX,fmcsa_census,,,,
standard,PREFERRED TECHNOLOGIES INC,2814420550,mobile,trucking/logistics,HOUSTON,TX,fmcsa_census,,,,
standard,DENNIS MANUEL LOPEZ,2812369313,mobile,trucking/logistics,HOUSTON,TX,fmcsa_census,,,,
standard,DARILL RAFAEL CORONA NOGUERA,2392006282,mobile,trucking/logistics,HOUSTON,TX,fmcsa_census,,,,
standard,A-AFORDABLE STUMP GRINDING & TREE SERVICE,2819005000,mobile,trucking/logistics,NEW CANEY,TX,fmcsa_census,,,,
standard,OMH TRANSPORTATION LLC,7134306320,mobile,trucking/logistics,HUMBLE,TX,fmcsa_census,,,,
standard,NICOLAS MIGUEL REMEDIO QUINONES,2816586833,mobile,trucking/logistics,HOUSTON,TX,fmcsa_census,,,,
standard,JJGS DAVIS TRUCKING LLC,2819439501,mobile,trucking/logistics,HOUSTON,TX,fmcsa_census,,,,
standard,VICTOR DAVIS,8325633512,mobile,trucking/logistics,SPRING,TX,fmcsa_census,,,,
standard,HTX XPEDITE XPRESS LLC,8325705696,mobile,trucking/logistics,HOUSTON,TX,fmcsa_census,,,,
standard,EDWIN A LOPEZ,8322980594,mobile,trucking/logistics,NEW CANEY,TX,fmcsa_census,,,,
standard,SANTAMARIA SHIPPING LOGISTICS LLC,8324899484,mobile,trucking/logistics,HUMBLE,TX,fmcsa_census,,,,
standard,TIMOTHY CHARLES PEVETO,8327244458,mobile,trucking/logistics,NEW CANEY,TX,fmcsa_census,,,,
standard,IN EXPRESS,8327681999,mobile,trucking/logistics,SPRING,TX,fmcsa_census,,,,
standard,THE TRADE MAR INVESTMENT GROUP LLC,2546251392,mobile,trucking/logistics,HUMBLE,TX,fmcsa_census,,,,
standard,H & R SAND CO,7137247864,mobile,trucking/logistics,NEW CANEY,TX,fmcsa_census,,,,
standard,ISAA HERNANDEZ,7133710816,mobile,trucking/logistics,NEW CANEY,TX,fmcsa_census,,,,
standard,MIDWESTERN SERVICES INC,7139238691,mobile,trucking/logistics,HOUSTON,TX,fmcsa_census,,,,
standard,FREDY R GONZALEZ,7135452817,mobile,trucking/logistics,HOUSTON,TX,fmcsa_census,,,,
standard,UNITED PAVING & CONSTRUCTION,2815412313,mobile,trucking/logistics,MAGNOLIA,TX,fmcsa_census,,,,
standard,MDS TRANSPORT LLC,7866262583,mobile,trucking/logistics,SPLENDORA,TX,fmcsa_census,,,,
standard,JOSE GABRIEL ROSAS SENTMAT,2817775206,mobile,trucking/logistics,NEW CANEY,TX,fmcsa_census,,,,
standard,HAMMER PAX TRANSPORTATION LLC,8325629175,mobile,trucking/logistics,MAGNOLIA,TX,fmcsa_census,,,,
standard,SPLENDORA TRANSPORT SYSTEM LLC,7135851575,mobile,trucking/logistics,SPLENDORA,TX,fmcsa_census,,,,
standard,VICTOR H CANTERA,8328668238,mobile,trucking/logistics,HOUSTON,TX,fmcsa_census,,,,
standard,STACY BURROWS,8322667585,mobile,trucking/logistics,MAGNOLIA,TX,fmcsa_census,,,,
standard,WILLIAM GLEN WOODSON,2819617016,mobile,trucking/logistics,MAGNOLIA,TX,fmcsa_census,,,,
standard,IRONMAN METALS,2819742651,mobile,trucking/logistics,HOUSTON,TX,fmcsa_census,,,,
standard,A & R TRANSPORT EXPRESS LLC,3463023129,mobile,trucking/logistics,NEW CANEY,TX,fmcsa_census,,,,
standard,IMPERIAL EAGLE LOGISTIC LLC,8325305767,mobile,trucking/logistics,HOUSTON,TX,fmcsa_census,,,,
standard,LL EXPRESS,2817064190,mobile,trucking/logistics,HUMBLE,TX,fmcsa_census,,,,
standard,COUTWAN GROUP,8323604380,mobile,trucking/logistics,HOUSTON,TX,fmcsa_census,,,,
standard,ASEEL LOGISTICS LLC,3149175925,mobile,trucking/logistics,HOUSTON,TX,fmcsa_census,,,,
standard,SANCHEZ 1ST TRUCKING INC,2814089354,mobile,trucking/logistics,HUMBLE,TX,fmcsa_census,,,,
standard,DEJA-VU INVESTMENTS ENTERPRISE INC,8329069077,mobile,trucking/logistics,SPRING,TX,fmcsa_census,,,,
standard,SHAINE GRAM TRANSPORTATION LLC,8326221089,mobile,trucking/logistics,NEW CANEY,TX,fmcsa_census,,,,
standard,LEE'S PROFESSIONAL ELECTRICAL SERVICES LLC,8325434727,mobile,trucking/logistics,SPLENDORA,TX,fmcsa_census,,,,
standard,GRAY WELDING,2814497281,mobile,trucking/logistics,HOUSTON,TX,fmcsa_census,,,,
standard,JOSE D TORRES,7132426230,mobile,trucking/logistics,HOUSTON,TX,fmcsa_census,,,,
standard,WCH INNOVATIONS TRUCKING LLC,8326845875,mobile,trucking/logistics,HUMBLE,TX,fmcsa_census,,,,
standard,JADE COUNTY LLC,8325415626,mobile,trucking/logistics,HUMBLE,TX,fmcsa_census,,,,
standard,EXPRESS CONNECTION LOGISTICS INC,5034910845,mobile,trucking/logistics,NEW CANEY,TX,fmcsa_census,,,,
standard,SAMUEL R VANDEN SR,2816161452,mobile,trucking/logistics,NEW CANEY,TX,fmcsa_census,,,,
standard,LARRY IT ON,8323818638,mobile,trucking/logistics,SPLENDORA,TX,fmcsa_census,,,,
standard,FRED SUTHERLAND,8329496542,mobile,trucking/logistics,HOUSTON,TX,fmcsa_census,,,,
standard,ROJAS BROTHERS TRANSPORTATION,8323628232,mobile,trucking/logistics,SPRING,TX,fmcsa_census,,,,
standard,TRANS-ANDO LLC,8322563137,mobile,trucking/logistics,HOUSTON,TX,fmcsa_census,,,,
standard,AZ LOGISTICS INC,3462797364,mobile,trucking/logistics,HOUSTON,TX,fmcsa_census,,,,
standard,TEXCOM ENVIRONMENTAL SERVICES LLC,7139770455,mobile,trucking/logistics,HOUSTON,TX,fmcsa_census,,,,
standard,EAGLELINE SHUTTLE LLC,2817805233,mobile,trucking/logistics,HOUSTON,TX,fmcsa_census,,,,
standard,BORN SUPREME TRANSPORT LIMITED LIABILITY COMPANY,5044187761,mobile,trucking/logistics,HUMBLE,TX,fmcsa_census,,,,
standard,JYM VARGAS TRUCKING LLC,8325287440,mobile,trucking/logistics,HOUSTON,TX,fmcsa_census,,,,
standard,GROWTH SERVICES INC,7138235062,mobile,trucking/logistics,SPRING,TX,fmcsa_census,,,,
standard,HONEST BROTHERS CO LLC,8322023023,mobile,trucking/logistics,MAGNOLIA,TX,fmcsa_census,,,,
standard,313 LOGISTICS LLC,8327321283,mobile,trucking/logistics,TOMBALL,TX,fmcsa_census,,,,
standard,TEXAS OUTLAW LOGISTICS LLC,3463722751,mobile,trucking/logistics,HUMBLE,TX,fmcsa_census,,,,
standard,AARON NEIL AMADOR,7139722014,mobile,trucking/logistics,TOMBALL,TX,fmcsa_census,,,,
standard,JARELD LEWIS,9364381775,mobile,trucking/logistics,WILLIS,TX,fmcsa_census,,,,
standard,RAYMOND J MILLER III,2817315359,mobile,trucking/logistics,TOMBALL,TX,fmcsa_census,,,,
standard,ERIKA AGUIRRE MEJIA,9363204571,mobile,trucking/logistics,WILLIS,TX,fmcsa_census,,,,
standard,TRI-CON INVESTMENTS LLC,4099371135,mobile,trucking/logistics,WOODLANDS,TX,fmcsa_census,,,,
standard,ALYAM MEDINA LLC,8325998179,mobile,trucking/logistics,HOUSTON,TX,fmcsa_census,,,,
standard,JOHN WILLIAM LINDLEY,8328783930,mobile,trucking/logistics,HOUSTON,TX,fmcsa_census,,,,
standard,PMI FREIGHT BROKERAGE CORP,7865180922,mobile,trucking/logistics,SPRING,TX,fmcsa_census,,,,
standard,EMY TRUCKING SERVICE,2812124099,mobile,trucking/logistics,HOUSTON,TX,fmcsa_census,,,,
standard,LEFLET CONSTURCTION LLC,2819100099,mobile,trucking/logistics,HOUSTON,TX,fmcsa_census,,,,
standard,NOR'S TRANSPORTATION,3463711716,mobile,trucking/logistics,HOUSTON,TX,fmcsa_census,,,,
standard,G FORCE CEMENT WORKS LLC,7138054486,mobile,trucking/logistics,MAGNOLIA,TX,fmcsa_census,,,,
standard,E E M DELIVERY,8322456674,mobile,trucking/logistics,HOUSTON,TX,fmcsa_census,,,,
standard,CRISTOBAL LOPEZ,7135307625,mobile,trucking/logistics,MAGNOLIA,TX,fmcsa_census,,,,
standard,SFG TRUCKING LLC,8327182196,mobile,trucking/logistics,HOUSTON,TX,fmcsa_census,,,,
standard,TOP COAT TRANSPORTATION LLC,2812519135,mobile,trucking/logistics,TOMBALL,TX,fmcsa_census,,,,
standard,LAS MONTAINS TRANSPORT LLC,7374006331,mobile,trucking/logistics,HOUSTON,TX,fmcsa_census,,,,
standard,LINDY PAINTS INC,8326425944,mobile,trucking/logistics,WILLIS,TX,fmcsa_census,,,,
standard,EXCEL COURIER SERVICES LLC,3462369369,mobile,trucking/logistics,TOMBALL,TX,fmcsa_census,,,,
standard,SIMBELL SUPPLIES LLC,3466003985,mobile,trucking/logistics,HUMBLE,TX,fmcsa_census,,,,
standard,ROTEK LLC,3462471944,mobile,trucking/logistics,HOUSTON,TX,fmcsa_census,,,,
standard,WISELINE LOGISTICS LLC,8323505847,mobile,trucking/logistics,MAGNOLIA,TX,fmcsa_census,,,,
standard,MOONLIGHT DRIVERS LLC,7137055723,mobile,trucking/logistics,HOUSTON,TX,fmcsa_census,,,,
standard,DAVORIN DIMOTI,7138053518,mobile,trucking/logistics,TOMBALL,TX,fmcsa_census,,,,
standard,OSCAR HUMBERTO SOLANO,8326894976,mobile,trucking/logistics,HOUSTON,TX,fmcsa_census,,,,
standard,DEBBIE GRODA,2816426278,mobile,trucking/logistics,MAGNOLIA,TX,fmcsa_census,,,,
standard,GREYSON LLC,5714193750,mobile,trucking/logistics,TOMBALL,TX,fmcsa_census,,,,
standard,OUTLAW EXPEDITED LLC,2813890121,mobile,trucking/logistics,PORTER,TX,fmcsa_census,,,,
standard,TEXPRESS TRUCKING LLC,8324587349,mobile,trucking/logistics,MAGNOLIA,TX,fmcsa_census,,,,
standard,ACE MOMENTUM TRANSPORT SERVICES INC,7133519949,mobile,trucking/logistics,TOMBALL,TX,fmcsa_census,,,,
standard,ACE MOMENTUM TRANSPORT SERVICES INC,8325412860,mobile,trucking/logistics,TOMBALL,TX,fmcsa_census,,,,
standard,RM & A TRUCKING LLC,8325910053,mobile,trucking/logistics,HOUSTON,TX,fmcsa_census,,,,
standard,DAVID HEREDIA,8329845856,mobile,trucking/logistics,HOUSTON,TX,fmcsa_census,,,,
standard,S&WW LLC,8322338288,mobile,trucking/logistics,PORTER,TX,fmcsa_census,,,,
standard,GROUNDGUIDE INC,8324403567,mobile,trucking/logistics,PORTER,TX,fmcsa_census,,,,
standard,ULISES S LOZANO,8325401946,mobile,trucking/logistics,TOMBALL,TX,fmcsa_census,,,,
standard,K4 KINGS BROKERAGE,2817451603,mobile,trucking/logistics,TOMBALL,TX,fmcsa_census,,,,
standard,BOBBY B TRUCKING LLC,8325444492,mobile,trucking/logistics,SPRING,TX,fmcsa_census,,,,
standard,KWIKSHOT TRANSPORT LLC,9365375298,mobile,trucking/logistics,WILLIS,TX,fmcsa_census,,,,
standard,ALAN THOMPSON,8328161464,mobile,trucking/logistics,VOTAW,TX,fmcsa_census,,,,
standard,RENE REYES,7029810103,mobile,trucking/logistics,HOUSTON,TX,fmcsa_census,,,,
standard,HTX FIRST OPERATIONS LLC,7134483694,mobile,trucking/logistics,SPRING,TX,fmcsa_census,,,,
standard,JT FREIGHT HAULERS LLC,7139624831,mobile,trucking/logistics,HUMBLE,TX,fmcsa_census,,,,
standard,CONROE WOOD PRODUCTS INC,9367602974,mobile,trucking/logistics,WILLIS,TX,fmcsa_census,,,,
standard,JEFFREY FOGLESONG,8323140569,mobile,trucking/logistics,MAGNOLIA,TX,fmcsa_census,,,,
standard,RIBRIAN LOGISTICS LLC,2815419890,mobile,trucking/logistics,SPRING,TX,fmcsa_census,,,,
standard,EMJ FREIGHT LLC,7132456543,mobile,trucking/logistics,SPRING,TX,fmcsa_census,,,,
standard,ABSA SERVICES,8322108040,mobile,trucking/logistics,HOUSTON,TX,fmcsa_census,,,,
standard,E & V HAULERS LLC,2819394281,mobile,trucking/logistics,MAGNOLIA,TX,fmcsa_census,,,,
standard,MAREPSA,2242093657,mobile,trucking/logistics,HOUSTON,TX,fmcsa_census,,,,
standard,LUIS MARIO M CHAPA SERNA,8328363222,mobile,trucking/logistics,HOUSTON,TX,fmcsa_census,,,,
standard,CENTRAL LOGISTICS SOLUTIONS LLC,8328487550,mobile,trucking/logistics,TOMBALL,TX,fmcsa_census,,,,
standard,CIRCLE H MOWING INC,2818082813,mobile,trucking/logistics,MAGNOLIA,TX,fmcsa_census,,,,
standard,WOODLAND DS LLC,6178386867,mobile,trucking/logistics,TOMBALL,TX,fmcsa_census,,,,
standard,BROCK TRANSPORTATION LLC,2816220553,mobile,trucking/logistics,PORTER,TX,fmcsa_census,,,,
standard,JUAN JOSE PERRETT-MARTINEZ,2818507334,mobile,trucking/logistics,HOUSTON,TX,fmcsa_census,,,,
standard,SPACE CITY PREMIER TRANSPORT LLC,4699204172,mobile,trucking/logistics,TOMBALL,TX,fmcsa_census,,,,
standard,T & R NEAL TRUCKING LLC,9367271255,mobile,trucking/logistics,WILLIS,TX,fmcsa_census,,,,
standard,T E LOGISTICS LLC,2819757752,mobile,trucking/logistics,HOUSTON,TX,fmcsa_census,,,,
standard,SHARON MCDOUGAL,2078523344,mobile,trucking/logistics,TOMBALL,TX,fmcsa_census,,,,
standard,GLOBAL WELDING SERVICES INC,8325123279,mobile,trucking/logistics,HOUSTON,TX,fmcsa_census,,,,
standard,MARIA T VELASQUEZ,8329609920,mobile,trucking/logistics,PORTER,TX,fmcsa_census,,,,
standard,JG TRUCKING AND LOGISTICS LLC,9364948713,mobile,trucking/logistics,WILLIS,TX,fmcsa_census,,,,
standard,GYM TRUCKING LLC,7132691000,mobile,trucking/logistics,HOUSTON,TX,fmcsa_census,,,,
standard,SAMUEL ALVIN RIGGS,2817996545,mobile,trucking/logistics,HOUSTON,TX,fmcsa_census,,,,
standard,CDF TRANSPORT LLC,8324956711,mobile,trucking/logistics,PORTER,TX,fmcsa_census,,,,
standard,L&K TRUCKING SERVICES LLC,8329145624,mobile,trucking/logistics,WILLIS,TX,fmcsa_census,,,,
standard,FUSSELL'S ENTERPRISE LLC,3023575071,mobile,trucking/logistics,PORTER,TX,fmcsa_census,,,,
standard,CSZ LOGISTICS LLC,8327484707,mobile,trucking/logistics,WILLIS,TX,fmcsa_census,,,,
standard,GURDEEP S GREWAL,2819325063,mobile,trucking/logistics,TOMBALL,TX,fmcsa_census,,,,
standard,DEWEY CRADDOCK,7138244415,mobile,trucking/logistics,PORTER,TX,fmcsa_census,,,,
standard,OG TRANSPORT AND MACHINERY LLC,9563085775,mobile,trucking/logistics,PORTER,TX,fmcsa_census,,,,
standard,A&A HIGHWAY TRANSPORT LLC,8324174937,mobile,trucking/logistics,TOMBALL,TX,fmcsa_census,,,,
standard,HC JEFFRIES TOWER COMPANY INC,2815778000,mobile,trucking/logistics,PORTER,TX,fmcsa_census,,,,
standard,BMP AND ASSOCIATES INC,7137798677,mobile,trucking/logistics,HOUSTON,TX,fmcsa_census,,,,
standard,JGCONTRACTORS LLC,8328440337,mobile,trucking/logistics,HOUSTON,TX,fmcsa_census,,,,
standard,CFL TRANSPORT LLC,8326388433,mobile,trucking/logistics,SPRING,TX,fmcsa_census,,,,
standard,GK TRANSPORTATION LLC,8327155809,mobile,trucking/logistics,SPRING,TX,fmcsa_census,,,,
standard,JUAN ALONSO ARGUETA,7135923250,mobile,trucking/logistics,HOUSTON,TX,fmcsa_census,,,,
standard,TORRES MATERIAL LLC,9362521874,mobile,trucking/logistics,WILLIS,TX,fmcsa_census,,,,
standard,TEXAS LAND CLEARING INC,7132536884,mobile,trucking/logistics,PORTER,TX,fmcsa_census,,,,
standard,PAK COMPANIES,8153543414,mobile,trucking/logistics,MAGNOLIA,TX,fmcsa_census,,,,
standard,COLORFUL ENVIRONMENTS,2813704769,mobile,trucking/logistics,SPRING,TX,fmcsa_census,,,,
standard,ARNY TRUCKS LLC,3463509459,mobile,trucking/logistics,HOUSTON,TX,fmcsa_census,,,,
standard,DAMIAN CHATMAN,7255024365,mobile,trucking/logistics,TOMBALL,TX,fmcsa_census,,,,
standard,EASYGOS LLC,7136143343,mobile,trucking/logistics,HOUSTON,TX,fmcsa_census,,,,
standard,RIOS H&B TRUCKING,8325810920,mobile,trucking/logistics,HOUSTON,TX,fmcsa_census,,,,
standard,BTO TRUCKING COMPANY LLC,8324580772,mobile,trucking/logistics,SPRING,TX,fmcsa_census,,,,
standard,HUGO RANGEL,8325120763,mobile,trucking/logistics,HOUSTON,TX,fmcsa_census,,,,
standard,DNPLR MARKETING LLC,2817304103,mobile,trucking/logistics,HOUSTON,TX,fmcsa_census,,,,
standard,TRAVEL BOX TRANSPORTATION LLC,2813014293,mobile,trucking/logistics,SPRING,TX,fmcsa_census,,,,
standard,WERNER MAUREICIO POSADA,7139330000,mobile,trucking/logistics,HOUSTON,TX,fmcsa_census,,,,
standard,DARYL M SHEPPEARD,2814448082,mobile,trucking/logistics,PORTER,TX,fmcsa_census,,,,
standard,FRED GUILLORY,8328153991,mobile,trucking/logistics,TOMBALL,TX,fmcsa_census,,,,
standard,PHELPS RELIABLE SERVICES LLC,2817443741,mobile,trucking/logistics,SPRING,TX,fmcsa_census,,,,
standard,GONZALO MENESES,2818510758,mobile,trucking/logistics,SPRING,TX,fmcsa_census,,,,
standard,RANDY MILLIGAN,8324932255,mobile,trucking/logistics,PORTER,TX,fmcsa_census,,,,
standard,REBEL CONTRACTORS INC,9363449982,mobile,trucking/logistics,WILLIS,TX,fmcsa_census,,,,
standard,ML LOGISTICS SERVICES LLC,8327626145,mobile,trucking/logistics,HOUSTON,TX,fmcsa_census,,,,
standard,JOSE FIGUEROA RESENDEZ,2817302133,mobile,trucking/logistics,TOMBALL,TX,fmcsa_census,,,,
standard,RIGSBY SOLUTIONS LLC,9365374074,mobile,trucking/logistics,HUMBLE,TX,fmcsa_census,,,,
standard,BISMI LOGISTICS LLC,3462186265,mobile,trucking/logistics,HOUSTON,TX,fmcsa_census,,,,
standard,ROGER ZALDIVAR,7132408213,mobile,trucking/logistics,PORTER,TX,fmcsa_census,,,,
standard,BEAST FREIGHT LOGISTICS LLC,2814139256,mobile,trucking/logistics,HOUSTON,TX,fmcsa_census,,,,
standard,CABIN FOODS LLC,9362318033,mobile,trucking/logistics,CONROE,TX,fmcsa_census,,,,
standard,H LOPEZ TRUCK LLC,7866758432,mobile,trucking/logistics,HOUSTON,TX,fmcsa_census,,,,
standard,5 STARR DYNASTY GROUP LLC,8323569613,mobile,trucking/logistics,HUMBLE,TX,fmcsa_census,,,,
standard,RUBEN MARTINEZ,7134029166,mobile,trucking/logistics,SPRING,TX,fmcsa_census,,,,
standard,ROCKING K TRUCKING LLC,2818259129,mobile,trucking/logistics,MAGNOLIA,TX,fmcsa_census,,,,
standard,LARRY DARNELL HENRY,2813766406,mobile,trucking/logistics,TOMBALL,TX,fmcsa_census,,,,
standard,CANTU TRANSPORT SOLUTIONS LLC,9364459131,mobile,trucking/logistics,WILLIS,TX,fmcsa_census,,,,
standard,RALPH HENRY,9366483062,mobile,trucking/logistics,WILLIS,TX,fmcsa_census,,,,
standard,D&D DRAINAGE SUPPLY LLC,8324822483,mobile,trucking/logistics,CONROE,TX,fmcsa_census,,,,
standard,JERREL E HOLDER,2818832751,mobile,trucking/logistics,HUMBLE,TX,fmcsa_census,,,,
standard,DC EARLY BIRD TRANSPORTATION INC,2815072057,mobile,trucking/logistics,TOMBALL,TX,fmcsa_census,,,,
standard,JOSE FRANCISCO VARGAS,7135944954,mobile,trucking/logistics,HOUSTON,TX,fmcsa_census,,,,
standard,E TRANSPORT SERVICE LLC,8322893493,mobile,trucking/logistics,SPRING,TX,fmcsa_census,,,,
standard,SUREFIRE FREIGHT LLC,2818514310,mobile,trucking/logistics,TOMBALL,TX,fmcsa_census,,,,
standard,BSD TRANSPORT LLC,2818273494,mobile,trucking/logistics,CONROE,TX,fmcsa_census,,,,
standard,SPACE CITY HAULERS,7133736585,mobile,trucking/logistics,HOUSTON,TX,fmcsa_census,,,,
standard,DD TRANSPORT LLC,2817447319,mobile,trucking/logistics,WILLIS,TX,fmcsa_census,,,,
standard,DANIEL ROJAS,8324837206,mobile,trucking/logistics,HOUSTON,TX,fmcsa_census,,,,
standard,READY AUTO LOGISTICS LLC,8324431909,mobile,trucking/logistics,CONROE,TX,fmcsa_census,,,,
standard,OPPORTUNE TRANSPORT LLC,8324744501,mobile,trucking/logistics,SPRING,TX,fmcsa_census,,,,
standard,MAYRA L RODRIGUEZ,8322139236,mobile,trucking/logistics,SPRING,TX,fmcsa_census,,,,
standard,DP TRANSPORTER,8329643143,mobile,trucking/logistics,TOMBALL,TX,fmcsa_census,,,,
standard,SUPER READY TRANSPORT,2816264618,mobile,trucking/logistics,HOUSTON,TX,fmcsa_census,,,,
standard,JOHN MIKE HAIRGROVE,7132494817,mobile,trucking/logistics,NEW CANEY,TX,fmcsa_census,,,,
standard,RLP GROUP LLC,9364668394,mobile,trucking/logistics,NEW WAVERLY,TX,fmcsa_census,,,,
standard,TOM J TOMLINSON,2812124353,mobile,trucking/logistics,NEW CANEY,TX,fmcsa_census,,,,
standard,GENERATION FREIGHT SERVICES LLC,8324471170,mobile,trucking/logistics,HOUSTON,TX,fmcsa_census,,,,
standard,CARLOS RAFAEL RAMIREZ,8324998392,mobile,trucking/logistics,PORTER,TX,fmcsa_census,,,,
standard,ORCA RESOURCES LLC,2817401645,mobile,trucking/logistics,PORTER,TX,fmcsa_census,,,,
standard,Y NATIONAL TRANSPORT LLC,3466610296,mobile,trucking/logistics,SPRING,TX,fmcsa_census,,,,
standard,UPRIGHT TRANSPORTATION,9855197958,mobile,trucking/logistics,HUMBLE,TX,fmcsa_census,,,,
standard,RIVERS HOTSHOT TRUCKING LLC,8325240499,mobile,trucking/logistics,CONROE,TX,fmcsa_census,,,,
standard,ACCOUNTABLE LOGISTICS LLC,5044071492,mobile,trucking/logistics,SPRING,TX,fmcsa_census,,,,
standard,HORUS FREIGHT SOLUTIONS LLC,2819086733,mobile,trucking/logistics,SPRING,TX,fmcsa_census,,,,
standard,VICENTE GRIMALDO,2817537812,mobile,trucking/logistics,PORTER,TX,fmcsa_census,,,,
standard,ROMAR TRUCKING LLC,8325287179,mobile,trucking/logistics,HUMBLE,TX,fmcsa_census,,,,
standard,JOEL ARREDONDO,2816088777,mobile,trucking/logistics,HUMBLE,TX,fmcsa_census,,,,
standard,GET IT THERE AND BACK LLC,3462019211,mobile,trucking/logistics,CONROE,TX,fmcsa_census,,,,
standard,SFH FREIGHT SERVICES LLC,4097368676,mobile,trucking/logistics,SPRING,TX,fmcsa_census,,,,
standard,BLAYNE BENOIT,3375041343,mobile,trucking/logistics,HUMBLE,TX,fmcsa_census,,,,
standard,INFINID TRANSPORTATION LLC,8326897084,mobile,trucking/logistics,SPRING,TX,fmcsa_census,,,,
standard,5 STAR SERVICES TX LLC,3466003627,mobile,trucking/logistics,HUMBLE,TX,fmcsa_census,,,,
standard,ROSARIO GUZMAN,5709727405,mobile,trucking/logistics,SPRING,TX,fmcsa_census,,,,
standard,MACHI TRUCK LLC,7138554820,mobile,trucking/logistics,HOUSTON,TX,fmcsa_census,,,,
standard,ROMERO TRANS COMPANY LLC,8329982587,mobile,trucking/logistics,HOUSTON,TX,fmcsa_census,,,,
standard,ALDAPE TRANSPORT SERVICE LLC,8329432578,mobile,trucking/logistics,PORTER,TX,fmcsa_census,,,,
standard,BAKER WASTE SERVICES LLC,8654144735,mobile,trucking/logistics,SPRING,TX,fmcsa_census,,,,
standard,APEL ENTERPRISES LLC,2818502079,mobile,trucking/logistics,NEW CANEY,TX,fmcsa_census,,,,
standard,ALDEN A BENNETT TRUST,7138245879,mobile,trucking/logistics,HUMBLE,TX,fmcsa_census,,,,
standard,SCHUFF STEEL GULF COAST INC,4804176836,mobile,trucking/logistics,HUMBLE,TX,fmcsa_census,,,,
standard,ALEJANDRO CHAVEZ DIAZ DBA CHILOS SERVICES,8328919261,mobile,trucking/logistics,NEW CANEY,TX,fmcsa_census,,,,
standard,FREIGHT & MORE TRANSPORT CORP,8138411539,mobile,trucking/logistics,HUMBLE,TX,fmcsa_census,,,,
standard,BRY LOGISTICS LLC,8328192603,mobile,trucking/logistics,SHENANDOAH,TX,fmcsa_census,,,,
standard,DAVID JOHNSTON,2813994887,mobile,trucking/logistics,NEW CANEY,TX,fmcsa_census,,,,
standard,PRO JECT CHEMICALS LLC,2818988092,mobile,trucking/logistics,SPRING,TX,fmcsa_census,,,,
standard,TONY DOBYNS,8323096553,mobile,trucking/logistics,NEW CANEY,TX,fmcsa_census,,,,
standard,CR FREIGHT TRANSPORT LLC,7876905457,mobile,trucking/logistics,NEW CANEY,TX,fmcsa_census,,,,
standard,MADD FREIGHT HAULERZ,2542478010,mobile,trucking/logistics,HUMBLE,TX,fmcsa_census,,,,
standard,BRIAN MIZE,2818839316,mobile,trucking/logistics,NEW CANEY,TX,fmcsa_census,,,,
standard,SC HANDLING LLC,7329100610,mobile,trucking/logistics,SPRING,TX,fmcsa_census,,,,
standard,MITCHEL ARENSTEIN,2812960285,mobile,trucking/logistics,SPRING,TX,fmcsa_census,,,,
standard,PJP FARM INC,7133564255,mobile,trucking/logistics,MAGNOLIA,TX,fmcsa_census,,,,
standard,R&R PROVISIONS LLC,2816888686,mobile,trucking/logistics,SPRING,TX,fmcsa_census,,,,
standard,ZAIN A IGLESIAS MORALES,2817975909,mobile,trucking/logistics,HOUSTON,TX,fmcsa_census,,,,
standard,CHRISTOPHER SYKES,9109164710,mobile,trucking/logistics,NEW WAVERLY,TX,fmcsa_census,,,,
standard,VERNON LINCOLN,8322764096,mobile,trucking/logistics,HUMBLE,TX,fmcsa_census,,,,
standard,HORIZON AUTO TRANSPORT LLC,3467753858,mobile,trucking/logistics,CONROE,TX,fmcsa_census,,,,
standard,2AT LOGISTICS LLC,8326039163,mobile,trucking/logistics,SPRING,TX,fmcsa_census,,,,
standard,TWINS TOWING 2405 LLC,7139021435,mobile,trucking/logistics,HOUSTON,TX,fmcsa_census,,,,
standard,A-MATIC LOGISTICS LLC,8327041716,mobile,trucking/logistics,HUMBLE,TX,fmcsa_census,,,,
standard,DAVID RUCKER,9363554556,mobile,trucking/logistics,NEW WAVERLY,TX,fmcsa_census,,,,
standard,EL PARCE TRUCKING LLC,9799226739,mobile,trucking/logistics,HUMBLE,TX,fmcsa_census,,,,
standard,TEXAS TRIANGLE TRANSPORTATION LLC,8325121896,mobile,trucking/logistics,NEW CANEY,TX,fmcsa_census,,,,
standard,BRANDY WALTON,2816735485,mobile,trucking/logistics,NEW CANEY,TX,fmcsa_census,,,,
standard,STRONG GUIDED LOGISTICS AND SERVICES LLC,8322845004,mobile,trucking/logistics,SPRING,TX,fmcsa_census,,,,
standard,WALL TO WALL LOGISTICS LLC,8327024789,mobile,trucking/logistics,CONROE,TX,fmcsa_census,,,,
standard,GTM EXPRESS LLC,8327132605,mobile,trucking/logistics,SPRING,TX,fmcsa_census,,,,
standard,JO'S QUILTING STUDIO INC,2816331825,mobile,trucking/logistics,RICHMOND,TX,fmcsa_census,,,,
standard,DANNY LAWAYNE RED,9364437045,mobile,trucking/logistics,NEW WAVERLY,TX,fmcsa_census,,,,
standard,3MEN TRUCKING LLC,7134927494,mobile,trucking/logistics,RICHMOND,TX,fmcsa_census,,,,
standard,A TO Z TRUCKING SERVICE,7139272890,mobile,trucking/logistics,RICHMOND,TX,fmcsa_census,,,,
standard,ATENAS EXPRESS LLC,3052189865,mobile,trucking/logistics,SPRING,TX,fmcsa_census,,,,
standard,DTR3 LOGISTICS LLC,4093339407,mobile,trucking/logistics,NEW CANEY,TX,fmcsa_census,,,,
standard,BRIMAH DISTRIBUTION LLC,7739306641,mobile,trucking/logistics,CONROE,TX,fmcsa_census,,,,
standard,FAST CONNECTION EXPRESS LLC,8322153122,mobile,trucking/logistics,HUMBLE,TX,fmcsa_census,,,,
standard,KKW LOGISTIC LLC,7136471129,mobile,trucking/logistics,NEW CANEY,TX,fmcsa_census,,,,
standard,J & A TRUCKING EXPRESS LLC,8327976311,mobile,trucking/logistics,NEW WAVERLY,TX,fmcsa_census,,,,
standard,NEW AXIS INDUSTRIES LLC,3466259711,mobile,trucking/logistics,SPRING,TX,fmcsa_census,,,,
standard,KM&F TRANSPORTER LLC,2199023757,mobile,trucking/logistics,SPRING,TX,fmcsa_census,,,,
standard,TRANSPORTATION X LLC,2817936997,mobile,trucking/logistics,PORTER,TX,fmcsa_census,,,,
standard,FADE2BLACK LLC,2814509725,mobile,trucking/logistics,SPRING,TX,fmcsa_census,,,,
standard,INDUSTEX INC,12812380164,mobile,trucking/logistics,RICHMOND,TX,fmcsa_census,,,,
standard,D&D TRANSPORT LLC,4093447591,mobile,trucking/logistics,SPRING,TX,fmcsa_census,,,,
standard,MIGI TRANSPORT SERVICE,3463930435,mobile,trucking/logistics,NEW CANEY,TX,fmcsa_census,,,,
standard,TX HOTSHOT SOLUTIONS LLC,9362902409,mobile,trucking/logistics,CONROE,TX,fmcsa_census,,,,
standard,MALCRIAO TRUCKING LLC,8326463513,mobile,trucking/logistics,HOUSTON,TX,fmcsa_census,,,,
standard,DEAR LOGISTICS LLC,9363208752,mobile,trucking/logistics,SHENANDOAH,TX,fmcsa_census,,,,
standard,LOADS TRANSPORTATION LLC,7139926663,mobile,trucking/logistics,SPRING,TX,fmcsa_census,,,,
standard,21 TRANZPORTERS LLC,8322581821,mobile,trucking/logistics,SPRING,TX,fmcsa_census,,,,
standard,BARKLEY TRUCKING LLC,9364380117,mobile,trucking/logistics,NEW WAVERLY,TX,fmcsa_census,,,,
standard,CITY GUNITE LLC,8328578565,mobile,trucking/logistics,SPRING,TX,fmcsa_census,,,,
standard,CHARM CITY CARRIERS LLC,4438259767,mobile,trucking/logistics,SPRING,TX,fmcsa_census,,,,
standard,BHADMHUS GROUPS LLC,7133914861,mobile,trucking/logistics,HOUSTON,TX,fmcsa_census,,,,
standard,GOD'S ROCK TRANSPORTATION LLC,9546078684,mobile,trucking/logistics,SPRING,TX,fmcsa_census,,,,
standard,MSK ROADLINES INC,7205825095,mobile,trucking/logistics,SPRING,TX,fmcsa_census,,,,
standard,FAST 5 STARR DELIVERY,8328974336,mobile,trucking/logistics,HUMBLE,TX,fmcsa_census,,,,
standard,MT READY MIX INC,2109999999,mobile,trucking/logistics,PORTER,TX,fmcsa_census,,,,
standard,KAREN LUCERO TREJO,7133980783,mobile,trucking/logistics,NEW CANEY,TX,fmcsa_census,,,,
standard,ORLANDO E DIAZ,8324352287,mobile,trucking/logistics,HUMBLE,TX,fmcsa_census,,,,
standard,DML LOGISTICS LLC,8325335797,mobile,trucking/logistics,PORTER,TX,fmcsa_census,,,,
standard,ALEX C PETRUSHANSKY JR,8327195515,mobile,trucking/logistics,NEW CANEY,TX,fmcsa_census,,,,
standard,GILBERTO QUIROGA JR,8329018600,mobile,trucking/logistics,PORTER,TX,fmcsa_census,,,,
standard,STAR AUTO SHIPPING LLC,3467951776,mobile,trucking/logistics,HOUSTON,TX,fmcsa_census,,,,
standard,KAP AND KAP VENTURES LLC,8326338581,mobile,trucking/logistics,HUMBLE,TX,fmcsa_census,,,,
standard,KINGDOM EXPRESS DELIVERY LLC,8328565993,mobile,trucking/logistics,SPRING,TX,fmcsa_census,,,,
standard,M&E LOGISTICS SERVICES LLC,8323748503,mobile,trucking/logistics,RICHMOND,TX,fmcsa_census,,,,
standard,CATES METAL SOLUTIONS LLC,9363442536,mobile,trucking/logistics,NEW WAVERLY,TX,fmcsa_census,,,,
standard,VICTOR ELLIS,9365207825,mobile,trucking/logistics,SPRING,TX,fmcsa_census,,,,
standard,MAC SERVICES LLC,2024393187,mobile,trucking/logistics,HOUSTON,TX,fmcsa_census,,,,
standard,LOFTON'S TRANSPORTATION LLC,8324983479,mobile,trucking/logistics,HUMBLE,TX,fmcsa_census,,,,
standard,MALTEZ LOGISTICS,8326294973,mobile,trucking/logistics,PORTER,TX,fmcsa_census,,,,
standard,SADES LOGISTICS TRANSPORTATION CORPORATION,3465314519,mobile,trucking/logistics,HUMBLE,TX,fmcsa_census,,,,
standard,LISBET MONTALBAN GONZALEZ,8322503535,mobile,trucking/logistics,HOUSTON,TX,fmcsa_census,,,,
standard,PERKS UNLIMITED LLC,8325323308,mobile,trucking/logistics,SPRING,TX,fmcsa_census,,,,
standard,U-T LOGISTICS LLC,8329868236,mobile,trucking/logistics,RICHMOND,TX,fmcsa_census,,,,
standard,SAMMONSCONSTRUCTION COMPANY INC,2813677388,mobile,trucking/logistics,CONROE,TX,fmcsa_census,,,,
standard,GREAT LAKES LOGISTICS LLC,8324662301,mobile,trucking/logistics,HUMBLE,TX,fmcsa_census,,,,
standard,KINGS POOL PLASTER,8322646287,mobile,trucking/logistics,PORTER,TX,fmcsa_census,,,,
standard,ALBERT E PATTON,2812962667,mobile,trucking/logistics,CONROE,TX,fmcsa_census,,,,
standard,GALAXY LOGISTICS GROUP LLC,2515083971,mobile,trucking/logistics,SPRING,TX,fmcsa_census,,,,
standard,RODOLFO HINOJOSA,2818895066,mobile,trucking/logistics,CONROE,TX,fmcsa_census,,,,
standard,HTX CIRCLE LLC,8325446884,mobile,trucking/logistics,NEW CANEY,TX,fmcsa_census,,,,
standard,MIH ROAD CONSTRUCTION LLC,2813238511,mobile,trucking/logistics,NEW CANEY,TX,fmcsa_census,,,,
standard,INDEPENDENT TREE SERVIES INC,2819243427,mobile,trucking/logistics,BEASLEY,TX,fmcsa_census,,,,
standard,2WAY WHEELS LLC,7869090560,mobile,trucking/logistics,PORTER,TX,fmcsa_census,,,,
standard,ROBBIE KARR,8328815955,mobile,trucking/logistics,SPRING,TX,fmcsa_census,,,,
standard,O A K N TRANSPORTATION LLC,3463996245,mobile,trucking/logistics,SPRING,TX,fmcsa_census,,,,
standard,FREIGHT CHAMPIONS LLC,9362176350,mobile,trucking/logistics,SPRING,TX,fmcsa_census,,,,
standard,RUN HUNNID LLC,8322658023,mobile,trucking/logistics,ATASCOCITA,TX,fmcsa_census,,,,
standard,MAXIMILLION ENTERPRISE LLC,7572366115,mobile,trucking/logistics,SPRING,TX,fmcsa_census,,,,
standard,DAVE H JOHNSON,8324156119,mobile,trucking/logistics,SPRING,TX,fmcsa_census,,,,
standard,CLARITY CLEAR LLC,7133962724,mobile,trucking/logistics,NEW CANEY,TX,fmcsa_census,,,,
standard,DOUGLAS B NOLAND,2813500220,mobile,trucking/logistics,SPRING,TX,fmcsa_census,,,,
standard,EL CHINO TIRE SHOP,2522204840,mobile,trucking/logistics,SPRING,TX,fmcsa_census,,,,
standard,JOSE MARIA ROMERO,2813037282,mobile,trucking/logistics,CONROE,TX,fmcsa_census,,,,
standard,EXXON MOBIL CORPORATION,9037383576,mobile,trucking/logistics,SPRING,TX,fmcsa_census,,,,
standard,FEATHERLITE LOGISTICS LLC,2146878317,mobile,trucking/logistics,RICHMOND,TX,fmcsa_census,,,,
standard,24-7 TOW AND TRANSPORTATION LLC,7132406282,mobile,trucking/logistics,SPRING,TX,fmcsa_census,,,,
standard,EXCEPTIONAL TRANSPORTERS LLC,2816600727,mobile,trucking/logistics,SPRING,TX,fmcsa_census,,,,
standard,THOMAS L EDWARDS JR,2817057828,mobile,trucking/logistics,THE WOODLANDS,TX,fmcsa_census,,,,
standard,SFLO-GISTICS LLC,8326966585,mobile,trucking/logistics,SPRING,TX,fmcsa_census,,,,
standard,JOHN HAYWARD THOMAS JR,8327689445,mobile,trucking/logistics,RICHMOND,TX,fmcsa_census,,,,
standard,QUIROGA TRANSPORTATION LLC,2819607250,mobile,trucking/logistics,SPRING,TX,fmcsa_census,,,,
standard,COSJAV LOGISTICS LLC,3468577459,mobile,trucking/logistics,RICHMOND,TX,fmcsa_census,,,,
standard,FALCONGATE LOGISTICS LLC,8328083419,mobile,trucking/logistics,SPRING,TX,fmcsa_census,,,,
standard,FAST PACE LLC,8324457423,mobile,trucking/logistics,SPRING,TX,fmcsa_census,,,,
standard,J JIRET TRANSPORTATION LLC,2819793103,mobile,trucking/logistics,SPRING,TX,fmcsa_census,,,,
standard,JJ EXPRESS LOGISTICS LLC,3467404304,mobile,trucking/logistics,SPRING,TX,fmcsa_census,,,,
standard,JOHN GRUNWALD,2818593500,mobile,trucking/logistics,BROOKSHIRE,TX,fmcsa_census,,,,
standard,AQEL TRANSPORT LLC,4143798011,mobile,trucking/logistics,SPRING,TX,fmcsa_census,,,,
standard,RCR FREIGHT SOLUTIONS,8324518021,mobile,trucking/logistics,SPRING,TX,fmcsa_census,,,,
standard,JUAN FRANCISCO CONTRERAS,8322442393,mobile,trucking/logistics,SPRING,TX,fmcsa_census,,,,
standard,TREY DUNBAR,3463700813,mobile,trucking/logistics,SPRING,TX,fmcsa_census,,,,
standard,PJG LOGISTICS LLC,2817450827,mobile,trucking/logistics,SPRING,TX,fmcsa_census,,,,
standard,JUAN ANTONIO ALMARAZ,2819174547,mobile,trucking/logistics,RICHMOND,TX,fmcsa_census,,,,
standard,RODNEY DEON HOLMES,9797095115,mobile,trucking/logistics,BELLVILLE,TX,fmcsa_census,,,,
standard,SANDRA GONZALEZ MANTILLA,9034958524,mobile,trucking/logistics,SPRING,TX,fmcsa_census,,,,
standard,DRC TRANSPORT LLC,8328129795,mobile,trucking/logistics,SPRING,TX,fmcsa_census,,,,
standard,ACE AVIATION LLC,3868713391,mobile,trucking/logistics,SPRING,TX,fmcsa_census,,,,
standard,RODERICK TERRELL ROBERTS,7132068213,mobile,trucking/logistics,RICHMOND,TX,fmcsa_census,,,,
standard,CHAIN BREAKER TRANSPORT LLC,3468140302,mobile,trucking/logistics,SPRING,TX,fmcsa_census,,,,
standard,ALFONSO ESTEBAN HENRIQUEZ,7138941138,mobile,trucking/logistics,HOUSTON,TX,fmcsa_census,,,,
standard,REPUBLIC CONCRETE LLC,7135573305,mobile,trucking/logistics,BELLVILLE,TX,fmcsa_census,,,,
standard,PJ ASTACIO CONCRETE LLC,8329510434,mobile,trucking/logistics,SPRING,TX,fmcsa_census,,,,
standard,ICEBERGFLAME TRANSPORTATION LLC,3185881309,mobile,trucking/logistics,SPRING,TX,fmcsa_census,,,,
standard,ADOLPHUS LAVAR MCKENZIE,8328839863,mobile,trucking/logistics,SPRING,TX,fmcsa_census,,,,
standard,CONSTELLATION EXPRESS LLC,7136440022,mobile,trucking/logistics,HOUSTON,TX,fmcsa_census,,,,
standard,FOUR COUNTY CONSTRUCTION LLC,9792037710,mobile,trucking/logistics,BELLVILLE,TX,fmcsa_census,,,,
standard,AOTM LOGISTICS LLC,8322123533,mobile,trucking/logistics,RICHMOND,TX,fmcsa_census,,,,
standard,GRIMBERG TRUCKING LLC,9795512675,mobile,trucking/logistics,BELLVILLE,TX,fmcsa_census,,,,
standard,ELYSIAN AMERICAN TRANSPORT LLC,8304992315,mobile,trucking/logistics,RICHMOND,TX,fmcsa_census,,,,
standard,BT TRANSPORTATION INC,2813302784,mobile,trucking/logistics,BROOKSHIRE,TX,fmcsa_census,,,,
standard,TOTAL QUALITY FREIGHT CORPORATION,8329314371,mobile,trucking/logistics,RICHMOND,TX,fmcsa_census,,,,
standard,PESCATLAN LLC,8329147733,mobile,trucking/logistics,SPRING,TX,fmcsa_census,,,,
standard,M & T GLOBAL FREIGHT LLC,8327392632,mobile,trucking/logistics,RICHMOND,TX,fmcsa_census,,,,
standard,RCJ TRANSPORT LOGISTICS INC,7133559421,mobile,trucking/logistics,THE WOODLANDS,TX,fmcsa_census,,,,
standard,SUN BELT INTERNATIONAL CORP,8326556000,mobile,trucking/logistics,BROOKSHIRE,TX,fmcsa_census,,,,
standard,SPRING BAY TRANSPORTATION,8325412414,mobile,trucking/logistics,SPRING,TX,fmcsa_census,,,,
standard,DEJEAN LEGACY LOGISTICS LLC,3462245679,mobile,trucking/logistics,SPRING,TX,fmcsa_census,,,,
standard,1ST CHOICE EXPRESS COURIERS LLC,7135016809,mobile,trucking/logistics,SPRING,TX,fmcsa_census,,,,
standard,BUDCO DRILLING COMPANY INC,2818508295,mobile,trucking/logistics,BROOKSHIRE,TX,fmcsa_census,,,,
standard,PORTS AMERICA TEXAS INC,8326157215,mobile,trucking/logistics,HUMBLE,TX,fmcsa_census,,,,
standard,EDWARD J LEMOINE,7133448807,mobile,trucking/logistics,SPRING,TX,fmcsa_census,,,,
standard,CONFIA LOGISTICS LLC,3466250382,mobile,trucking/logistics,SPRING,TX,fmcsa_census,,,,
standard,THEODORE R RUCKER,2814461501,mobile,trucking/logistics,HUMBLE,TX,fmcsa_census,,,,
standard,DIGGSKID LLC,4054209070,mobile,trucking/logistics,RICHMOND,TX,fmcsa_census,,,,
standard,LOGX GLOBAL LLC,8327045903,mobile,trucking/logistics,RICHMOND,TX,fmcsa_census,,,,
standard,STRANGE AND CREW TRUCKING,8329433566,mobile,trucking/logistics,HOUSTON,TX,fmcsa_census,,,,
standard,MERCURY DELIVERY SERVICES INC,2813679396,mobile,trucking/logistics,SPRING,TX,fmcsa_census,,,,
standard,ALCEE TRUCKING AND DELIVERY LLC,3462381768,mobile,trucking/logistics,SPRING,TX,fmcsa_census,,,,
standard,ELEJIRE TRANSPORT LLC,2819657026,mobile,trucking/logistics,RICHMOND,TX,fmcsa_census,,,,
standard,BLACK ROCK TRUCKING LLC,8016574390,mobile,trucking/logistics,THE WOODLANDS,TX,fmcsa_census,,,,
standard,ROBERT D BUNCH,2818314520,mobile,trucking/logistics,SPRING,TX,fmcsa_census,,,,
standard,ODALEX LOGISTICS LLC,8326309651,mobile,trucking/logistics,RICHMOND,TX,fmcsa_census,,,,
standard,"NO LOVE LOST ENTERPRISES, LLC",3462465874,mobile,trucking/logistics,SPRING,TX,fmcsa_census,,,,
standard,COMET EXPRESS DELIVERY,8324330412,mobile,trucking/logistics,HUMBLE,TX,fmcsa_census,,,,
standard,ALONSO QUINTERO,3464280889,mobile,trucking/logistics,THE WOODLANDS,TX,fmcsa_census,,,,
standard,BEST MOVERS LLC,2819997181,mobile,trucking/logistics,SPRING,TX,fmcsa_census,,,,
standard,MATRIX LOGISTICS LLC,3252030105,mobile,trucking/logistics,MAGNOLIA,TX,fmcsa_census,,,,
standard,ALLGOOD CONSTRUCTION CO INC,2817967234,mobile,trucking/logistics,RICHMOND,TX,fmcsa_census,,,,
standard,HAULSTAR INTERNATIONAL LLC,2817660506,mobile,trucking/logistics,RICHMOND,TX,fmcsa_census,,,,
standard,SUPREME LINE TRANSPORTATION LLC,2819040904,mobile,trucking/logistics,RICHMOND,TX,fmcsa_census,,,,
standard,FALKMEL PRIME LAND LLC,3463370487,mobile,trucking/logistics,MAGNOLIA,TX,fmcsa_census,,,,
standard,BYRON ANTHONY BRUESS,2817999886,mobile,trucking/logistics,BROOKSHIRE,TX,fmcsa_census,,,,
standard,J G TRUCKING INCORPORATED,2817724676,mobile,trucking/logistics,BROOKSHIRE,TX,fmcsa_census,,,,
standard,ALEXEY RODRIGUEZ MORALES,9568014535,mobile,trucking/logistics,RICHMOND,TX,fmcsa_census,,,,
standard,DIAMOND FREIGHT CARRIER LLC,3466966524,mobile,trucking/logistics,RICHMOND,TX,fmcsa_census,,,,
standard,CARLOS VARELA,8327859005,mobile,trucking/logistics,BROOKSHIRE,TX,fmcsa_census,,,,
standard,M MARLON IVY & ASSOCIATES INC,7138293288,mobile,trucking/logistics,SPRING,TX,fmcsa_census,,,,
standard,KRENTON LLC,7132578958,mobile,trucking/logistics,THE WOODLANDS,TX,fmcsa_census,,,,
standard,NOLAN SERVICES INC,8322155732,mobile,trucking/logistics,BROOKSHIRE,TX,fmcsa_census,,,,
standard,QUADVEST LP,2813565347,mobile,trucking/logistics,MAGNOLIA,TX,fmcsa_census,,,,
standard,HERNANDEZ OCHOA SERVICES LLC,8323301108,mobile,trucking/logistics,SPRING,TX,fmcsa_census,,,,
standard,ALL SEASONS TURF GRASS INC,2819145493,mobile,trucking/logistics,BROOKSHIRE,TX,fmcsa_census,,,,
standard,TIGER ROAD LLC,3465441200,mobile,trucking/logistics,RICHMOND,TX,fmcsa_census,,,,
standard,J C TRANSPORT LLC,8323594330,mobile,trucking/logistics,HUMBLE,TX,fmcsa_census,,,,
standard,IAM LOGISTICS,3465003000,mobile,trucking/logistics,THE WOODLANDS,TX,fmcsa_census,,,,
standard,CHRISTIAN TREMBLAY,7134977115,mobile,trucking/logistics,BROOKSHIRE,TX,fmcsa_census,,,,
standard,CIRCLE C GOOSENECK TRUCKING,2815066771,mobile,trucking/logistics,SHEPHERD,TX,fmcsa_census,,,,
standard,JUAN CARLOS AVILA ORDONEZ,8325378309,mobile,trucking/logistics,HOUSTON,TX,fmcsa_census,,,,
standard,SUGAR LAND SCRAP & CONVERTERS INC,2815939956,mobile,trucking/logistics,RICHMOND,TX,fmcsa_census,,,,
standard,SWIFT LOGISTICS LLC,7138248725,mobile,trucking/logistics,HUMBLE,TX,fmcsa_census,,,,
standard,DW TRANSPORT INC,2108331575,mobile,trucking/logistics,RICHMOND,TX,fmcsa_census,,,,
standard,NAPCO CHEMICAL COMPANY,2816516800,mobile,trucking/logistics,SPRING,TX,fmcsa_census,,,,
standard,1-SKY TRANSPORTATION LLC,7135451298,mobile,trucking/logistics,HOUSTON,TX,fmcsa_census,,,,
standard,EPIC STAR LOGISTICS LLC,3462182604,mobile,trucking/logistics,RICHMOND,TX,fmcsa_census,,,,
standard,REFINED TECHNOLOGIES INC,8324824248,mobile,trucking/logistics,SPRING,TX,fmcsa_census,,,,
standard,PREMIER WASTE SERVICES LLC,7135942334,mobile,trucking/logistics,SPRING,TX,fmcsa_census,,,,
standard,FERNANDO QUINTERO,8329644465,mobile,trucking/logistics,SPRING,TX,fmcsa_census,,,,
standard,HASTINGS SALVAGE & RECYCLING,9366286480,mobile,trucking/logistics,SHEPHERD,TX,fmcsa_census,,,,
standard,ARMANDO SANDOVAL,8322582467,mobile,trucking/logistics,HOUSTON,TX,fmcsa_census,,,,
standard,PRIMO HOTSHOT LLC,8329776795,mobile,trucking/logistics,SHEPHERD,TX,fmcsa_census,,,,
standard,JOE TOWERS,8325781680,mobile,trucking/logistics,HUMBLE,TX,fmcsa_census,,,,
standard,LEAVITT TRUCKING LLC,8013682580,mobile,trucking/logistics,RICHMOND,TX,fmcsa_census,,,,
standard,EDGAR SANTIAGO DBA,8328167252,mobile,trucking/logistics,HOUSTON,TX,fmcsa_census,,,,
standard,CHEVALIER VANGUARD LOGISTICS,3465392891,mobile,trucking/logistics,SPRING,TX,fmcsa_census,,,,
standard,BEREKET LOGISTICS LLC,8322797875,mobile,trucking/logistics,HOUSTON,TX,fmcsa_census,,,,
standard,RAMIRO GARZA LLC,2812262060,mobile,trucking/logistics,CYPRESS,TX,fmcsa_census,,,,
standard,CRAIG WEEDEN,2813358540,mobile,trucking/logistics,SPRING,TX,fmcsa_census,,,,
standard,BLUELEAF OPERATIONS,2818445313,mobile,trucking/logistics,RICHMOND,TX,fmcsa_census,,,,
standard,DIANA MARIE MONTGOMERY,8325154113,mobile,trucking/logistics,SPRING,TX,fmcsa_census,,,,
standard,GRUENE RIVER TRANSPORT LLC,8328510293,mobile,trucking/logistics,HOUSTON,TX,fmcsa_census,,,,
standard,MARGARITO GONZALEZ VILLANVEVA,2816421931,mobile,trucking/logistics,CYPRESS,TX,fmcsa_census,,,,
standard,ZIWAT TRUCKING LLC,7134990383,mobile,trucking/logistics,RICHMOND,TX,fmcsa_census,,,,
standard,CASINO TRUCKING LLC,8327641027,mobile,trucking/logistics,SPRING,TX,fmcsa_census,,,,
standard,TDS INVESTMENTS LLC,7132018944,mobile,trucking/logistics,HOUSTON,TX,fmcsa_census,,,,
standard,DAT WAY TRANSPORT LLC,3463519110,mobile,trucking/logistics,SPRING,TX,fmcsa_census,,,,
standard,SIGMA SIX SERVICES INC,8322770497,mobile,trucking/logistics,THE WOODLANDS,TX,fmcsa_census,,,,
standard,ARTHUR KOHN,2814678210,mobile,trucking/logistics,RICHMOND,TX,fmcsa_census,,,,
standard,2 EJ TRANSPORTATION INC,3462658217,mobile,trucking/logistics,HOUSTON,TX,fmcsa_census,,,,
standard,MUNICIPAL DISTRICT SERVICES LLC,2812906500,mobile,trucking/logistics,CYPRESS,TX,fmcsa_census,,,,
standard,BENJAMIN MANU,8326387911,mobile,trucking/logistics,HOUSTON,TX,fmcsa_census,,,,
standard,HALLMARK TRANSPORT SERVICES CORPORATION,18326411757,mobile,trucking/logistics,MAGNOLIA,TX,fmcsa_census,,,,
standard,M&K ON TIME EXPRESS LLC,7132568998,mobile,trucking/logistics,CYPRESS,TX,fmcsa_census,,,,
standard,KCQ TRANSPORTATION LLC,7136348229,mobile,trucking/logistics,HUMBLE,TX,fmcsa_census,,,,
standard,JF MOBILE WELDING LLC,5056489015,mobile,trucking/logistics,BROOKSHIRE,TX,fmcsa_census,,,,
standard,M VILLANUEVA TRUCKING LLC,9792572809,mobile,trucking/logistics,EL CAMPO,TX,fmcsa_census,,,,
standard,MI HVAC AND PLUMBING LLC,2084037504,mobile,trucking/logistics,MAGNOLIA,TX,fmcsa_census,,,,
standard,STEPHEN R COOK,4796195321,mobile,trucking/logistics,LIVINGSTON,TX,fmcsa_census,,,,
standard,SWIFT SHOT LOGISTICS LLC,18324218644,mobile,trucking/logistics,PATTISON,TX,fmcsa_census,,,,
standard,JULIAN ALCANTARA GARCIA,2817407672,mobile,trucking/logistics,MAGNOLIA,TX,fmcsa_census,,,,
standard,BERNEY'S TRUCKING LLC,9793328407,mobile,trucking/logistics,EL CAMPO,TX,fmcsa_census,,,,
standard,EASTEX LINE CLEARING LLC,9363293923,mobile,trucking/logistics,LIVINGTSON,TX,fmcsa_census,,,,
standard,KEVIN SINGLETARY,8324652863,mobile,trucking/logistics,LIVINGSTON,TX,fmcsa_census,,,,
standard,JLES TRUCKING LLC,9082944575,mobile,trucking/logistics,CYPRESS,TX,fmcsa_census,,,,
standard,WILSONINVESTMENTS SOLUTIONS LLC,8327256010,mobile,trucking/logistics,HOUSTON,TX,fmcsa_census,,,,
standard,RICE FARMERS COOPERATIVE,9795413528,mobile,trucking/logistics,EL CAMPO,TX,fmcsa_census,,,,
standard,CRJ TRUCKING,9369336270,mobile,trucking/logistics,LIVINGSTON,TX,fmcsa_census,,,,
standard,J B C HOT SHOT,8326429578,mobile,trucking/logistics,HOUSTON,TX,fmcsa_census,,,,
standard,MC LOGGING AND TREE SERVICES LLC,9363292445,mobile,trucking/logistics,LIVINGSTON,TX,fmcsa_census,,,,
standard,COBEL TRUCKING,8327451608,mobile,trucking/logistics,MAGNOLIA,TX,fmcsa_census,,,,
standard,D & J HOTSHOTS LLC,9369674336,mobile,trucking/logistics,LIVINGSTON,TX,fmcsa_census,,,,
standard,RODEX TRUCKING,2817322072,mobile,trucking/logistics,CYPRESS,TX,fmcsa_census,,,,
standard,JAF HOTSHOTS LLC,8322877864,mobile,trucking/logistics,HOUSTON,TX,fmcsa_census,,,,
standard,ALL-STAR BROTHERS TRUCKING LLC,8325892136,mobile,trucking/logistics,HUMBLE,TX,fmcsa_census,,,,
standard,CARLOS SALCEDO,7132695954,mobile,trucking/logistics,CYPRESS,TX,fmcsa_census,,,,
standard,OMOAUTOLOGISTICS LLC,8325715069,mobile,trucking/logistics,RICHMOND,TX,fmcsa_census,,,,
standard,DREAM HOUSE TRANSPORTATION INC,8326916764,mobile,trucking/logistics,HUMBLE,TX,fmcsa_census,,,,
standard,PRECISE CONTRACT LOGISTICS LLC,8328809969,mobile,trucking/logistics,HUMBLE,TX,fmcsa_census,,,,
standard,ATCHAFALAYA ASSETS INC,3378529674,mobile,trucking/logistics,MAGNOLIA,TX,fmcsa_census,,,,
standard,ROBERT ONEY,9362392212,mobile,trucking/logistics,LIVINGSTON,TX,fmcsa_census,,,,
standard,THE SWARTZ COMPANY,7135894980,mobile,trucking/logistics,CYPRESS,TX,fmcsa_census,,,,
standard,M&G QBA LLC,8329789962,mobile,trucking/logistics,HUMBLE,TX,fmcsa_census,,,,
standard,STANDARD MECHANIC AND DIESEL SERVICES LLC,2817967635,mobile,trucking/logistics,RICHMOND,TX,fmcsa_census,,,,
standard,5LS LIVE LEARN LEAD LOVE LOYALTY L L C,8327240259,mobile,trucking/logistics,HUMBLE,TX,fmcsa_census,,,,
standard,GLORIA C LOZANO,7138267334,mobile,trucking/logistics,HOUSTON,TX,fmcsa_census,,,,
standard,A & D WARREN'S HOTSHOT LLC,9032631686,mobile,trucking/logistics,LIVINGSTON,TX,fmcsa_census,,,,
standard,QUEST INSPAR LLC,2817931577,mobile,trucking/logistics,CYPRESS,TX,fmcsa_census,,,,
standard,KNOCKOUT LOGISTICS LLC,3185057802,mobile,trucking/logistics,LIVINGSTON,TX,fmcsa_census,,,,
standard,FLOR S ZELAYA GARCIA,8327561229,mobile,trucking/logistics,BROOKSHIRE,TX,fmcsa_census,,,,
standard,VALI LOGISTICS TRANSPORT LLC,2819399730,mobile,trucking/logistics,HUMBLE,TX,fmcsa_census,,,,
standard,WE-HAUL TRANSPORTATION LOGISTICS LLC,2816400787,mobile,trucking/logistics,HUMBLE,TX,fmcsa_census,,,,
standard,TOP HAULER LLC,8328717039,mobile,trucking/logistics,HUMBLE,TX,fmcsa_census,,,,
standard,NORTHSTAR TRANSPORTATION LLC,5128209612,mobile,trucking/logistics,MAGNOLIA,TX,fmcsa_census,,,,
standard,MASH TECH LOGISTICS LLC,8322535914,mobile,trucking/logistics,RICHMOND,TX,fmcsa_census,,,,
standard,ADFJ HOME DELIVERY INC,8322298181,mobile,trucking/logistics,CYPRESS,TX,fmcsa_census,,,,
standard,ON SITE TRANSPORTATION LLC,7139928579,mobile,trucking/logistics,HUMBLE,TX,fmcsa_census,,,,
standard,CHRONOSYNC TRANSPORT LLC,7139629636,mobile,trucking/logistics,MAGNOLIA,TX,fmcsa_census,,,,
standard,RXY TRUCKING CO LLC,3463308385,mobile,trucking/logistics,RICHMOND,TX,fmcsa_census,,,,
standard,MONTGOMERY WELDING SERVICES LLC,8329557363,mobile,trucking/logistics,MAGNOLIA,TX,fmcsa_census,,,,
standard,LENARD'S COURIER SERVICE LLC,7138878333,mobile,trucking/logistics,RICHMOND,TX,fmcsa_census,,,,
standard,DOMINGO GONZALEZ,2816629007,mobile,trucking/logistics,CYPRESS,TX,fmcsa_census,,,,
standard,LOY TRANSPORT INC,8325235115,mobile,trucking/logistics,RICHMOND,TX,fmcsa_census,,,,
standard,BPM LOGISTIC LLC,7138269443,mobile,trucking/logistics,LIVINGSTON,TX,fmcsa_census,,,,
standard,JOSE M AGUIRRE,7138470358,mobile,trucking/logistics,HOUSTON,TX,fmcsa_census,,,,
standard,BGM ENTERPRISES,7138998148,mobile,trucking/logistics,HUMBLE,TX,fmcsa_census,,,,
standard,TRACI MCMURTRY,8329673655,mobile,trucking/logistics,HOUSTON,TX,fmcsa_census,,,,
standard,CLAUDIA REYES,8323061812,mobile,trucking/logistics,PATTISON,TX,fmcsa_census,,,,
standard,ARMADILLO EARTHWORKS LLC,7138856962,mobile,trucking/logistics,FULSHEAR,TX,fmcsa_census,,,,
standard,CS&P TECHNOLOGIES LP,8303131524,mobile,trucking/logistics,CYPRESS,TX,fmcsa_census,,,,
standard,MUHAMMAD AMJAD KHAN,5059786872,mobile,trucking/logistics,SPRING,TX,fmcsa_census,,,,
standard,HOUSTON ONE TRANSPORT & LOGISTICS LLC,7709061320,mobile,trucking/logistics,RICHMOND,TX,fmcsa_census,,,,
standard,JESUS A HINOJOSA,8323097166,mobile,trucking/logistics,CYPRESS,TX,fmcsa_census,,,,
standard,JOSE CALDERON VILLANUEVA,8323889812,mobile,trucking/logistics,HOUSTON,TX,fmcsa_census,,,,
standard,VICTOR OLVERA,5206312903,mobile,trucking/logistics,KATY,TX,fmcsa_census,,,,
standard,VICTOR OLVERA,8324234701,mobile,trucking/logistics,KATY,TX,fmcsa_census,,,,
standard,MAXCLAM LLC,8329512058,mobile,trucking/logistics,RICHMOND,TX,fmcsa_census,,,,
standard,ESPARZA LOGISTICS LLC,8323420933,mobile,trucking/logistics,HOUSTON,TX,fmcsa_census,,,,
standard,DACK TRANSPORT LLC,4079783587,mobile,trucking/logistics,SPRING,TX,fmcsa_census,,,,
standard,VIC & ARA LLC,7135623403,mobile,trucking/logistics,BROOKSHIRE,TX,fmcsa_census,,,,
standard,MIRANDA MCDONALD,9363284890,mobile,trucking/logistics,LIVINGSTON,TX,fmcsa_census,,,,
standard,TITAN TRUCKING,2813419903,mobile,trucking/logistics,EL CAMPO,TX,fmcsa_census,,,,
standard,3 D RENTALS LLC,9363277263,mobile,trucking/logistics,LIVINGSTON,TX,fmcsa_census,,,,
standard,TOP TIER LOGISTICS LLC,4072723037,mobile,trucking/logistics,HUMBLE,TX,fmcsa_census,,,,
standard,MOOVERNOUNINC,2819060756,mobile,trucking/logistics,FULSHEAR,TX,fmcsa_census,,,,
standard,W & R ENTERPRISES LLC,7137147793,mobile,trucking/logistics,BROOKSHIRE,TX,fmcsa_census,,,,
standard,D & D VACUUM SERVICE,7132490833,mobile,trucking/logistics,BROOKSHIRE,TX,fmcsa_census,,,,
standard,EXCEL WASTE PARTNERS,2817880953,mobile,trucking/logistics,HOUSTON,TX,fmcsa_census,,,,
standard,P & R GENERAL SERVICES,8326445580,mobile,trucking/logistics,HUMBLE,TX,fmcsa_census,,,,
standard,BROU TRANSPORT LLC,3467320070,mobile,trucking/logistics,CYPRESS,TX,fmcsa_census,,,,
standard,JIREH TRUCKING LOGISTICS LLC,8324188130,mobile,trucking/logistics,LIVINGSTON,TX,fmcsa_census,,,,
standard,4A CARRIES LLC,3465290307,mobile,trucking/logistics,BROOKSHIRE,TX,fmcsa_census,,,,
standard,S & S FREIGHT MATERS LOGISTICS LLC,7082282763,mobile,trucking/logistics,MAGNOLIA,TX,fmcsa_census,,,,
standard,LEROY ADAM BROUSSARD,5156120979,mobile,trucking/logistics,SPRING,TX,fmcsa_census,,,,
standard,CHAPPELL HILL SAUSAGE COMPANY,9798365830,mobile,trucking/logistics,CHAPPELL HILL,TX,fmcsa_census,,,,
standard,TAMER HASSAN,7132971116,mobile,trucking/logistics,PATTISON,TX,fmcsa_census,,,,
standard,TEXAS PRIDE CARRIERS LLC,9728416742,mobile,trucking/logistics,CHAPPELL HILL,TX,fmcsa_census,,,,
standard,MCKINNEY MANAGEMENT INC,7132549674,mobile,trucking/logistics,FULSHEAR,TX,fmcsa_census,,,,
standard,DANIEL A BOLDEN,3462708832,mobile,trucking/logistics,EAST BERNARD,TX,fmcsa_census,,,,
standard,MAXIMINO VILLATORO,2817334471,mobile,trucking/logistics,PATTISON,TX,fmcsa_census,,,,
standard,SCOTT'S TRANSPORTATION & LOGISTICS LLC,9855161447,mobile,trucking/logistics,HUMBLE,TX,fmcsa_census,,,,
standard,GOYA FOODS OF TEXAS INC,7132669834,mobile,trucking/logistics,BROOKSHIRE,TX,fmcsa_census,,,,
standard,AJVA TRUCKING LLC,8328725903,mobile,trucking/logistics,SPRING,TX,fmcsa_census,,,,
standard,PLATINUM LOGISTICS LLC,7348331794,mobile,trucking/logistics,RICHMOND,TX,fmcsa_census,,,,
standard,EDGE VACUUM SERVICE LTD,9795434546,mobile,trucking/logistics,EL CAMPO,TX,fmcsa_census,,,,
standard,WOOD TRUCKING INC,7132067188,mobile,trucking/logistics,CYPRESS,TX,fmcsa_census,,,,
standard,E ANDRADES TRUCKING LLC,8322761656,mobile,trucking/logistics,BROOKSHIRE,TX,fmcsa_census,,,,
standard,77 WAYZ TRUCKING LLC,8324458229,mobile,trucking/logistics,HUMBLE,TX,fmcsa_census,,,,
standard,TRANS DESERT ROADS LLC,5208959288,mobile,trucking/logistics,HOUSTON,TX,fmcsa_census,,,,
standard,RAPID DELIVERY SERVICE INC,7135452959,mobile,trucking/logistics,CHAPPELL HILL,TX,fmcsa_census,,,,
standard,JONES THA HITMAN TRUCKING LLC,8329209875,mobile,trucking/logistics,SPRING,TX,fmcsa_census,,,,
standard,DIAMOND LIVING DISTRIBUTOR LLC,2817661600,mobile,trucking/logistics,MAGNOLIA,TX,fmcsa_census,,,,
standard,TECHTRAIN INC,7135530992,mobile,trucking/logistics,MAGNOLIA,TX,fmcsa_census,,,,
standard,4B TRANSPORTATION,4097912050,mobile,trucking/logistics,LIVINGSTON,TX,fmcsa_census,,,,
standard,FOLOLY GOSHEN LLC,2817960811,mobile,trucking/logistics,RICHMOND,TX,fmcsa_census,,,,
standard,CHAPMAN LOGISTICS LLC,2252797847,mobile,trucking/logistics,BROOKSHIRE,TX,fmcsa_census,,,,
standard,BL OILFIELD SERVICES LP,9795788100,mobile,trucking/logistics,EL CAMPO,TX,fmcsa_census,,,,
standard,DAVID EUGENE HOWELL,9362392202,mobile,trucking/logistics,LIVINGSTON,TX,fmcsa_census,,,,
standard,EDDIE HOLMES,9363270339,mobile,trucking/logistics,LIVINGSTON,TX,fmcsa_census,,,,
standard,RELIABLE TEXAS FUELS,9702756954,mobile,trucking/logistics,BROOKSHIRE,TX,fmcsa_census,,,,
standard,THE FLORES LOGISTIC GROUP LLC,3463705919,mobile,trucking/logistics,SPRING,TX,fmcsa_census,,,,
standard,MAC 7 LOGISTICS LLC,7138870802,mobile,trucking/logistics,RIDGE TRL,TX,fmcsa_census,,,,
standard,J KING FAMILY RANCH LLC,9792772045,mobile,trucking/logistics,CHAPPELL HILL,TX,fmcsa_census,,,,
standard,DISPATCH EVERYWHERE LLC,7205890538,mobile,trucking/logistics,SPRING,TX,fmcsa_census,,,,
standard,WEHAUL TRANSPORT LLC,7134781010,mobile,trucking/logistics,RICHMOND,TX,fmcsa_census,,,,
standard,MJ ANGEL EXPRESS LLC,2817029339,mobile,trucking/logistics,MAGNOLIA,TX,fmcsa_census,,,,
standard,RUBEL CHOWDHURY,8323292884,mobile,trucking/logistics,KATY,TX,fmcsa_census,,,,
standard,ALMA MONICA HERNANDEZ,2807016265,mobile,trucking/logistics,HUMBLE,TX,fmcsa_census,,,,
standard,NASH TRANSPORTATION LLC,3183021206,mobile,trucking/logistics,HUMBLE,TX,fmcsa_census,,,,
standard,TRIPLE T TRANSPORT LLC,9369333365,mobile,trucking/logistics,LIVINGSTON,TX,fmcsa_census,,,,
standard,FONTENOT ENTERPRISES LLC,4099519455,mobile,trucking/logistics,CYPRESS,TX,fmcsa_census,,,,
standard,TEXAS INTERNATIONAL TRUCKING INC,8328776300,mobile,trucking/logistics,RICHMOND,TX,fmcsa_census,,,,
standard,KEVIN SOCHA,9796370284,mobile,trucking/logistics,EL CAMPO,TX,fmcsa_census,,,,
standard,KINGDOM WAY LOGISTICS LLC,7138752871,mobile,trucking/logistics,HOUSTON,TX,fmcsa_census,,,,
standard,THA LITTLE LADY LLC,3058490123,mobile,trucking/logistics,EAST BERNARD,TX,fmcsa_census,,,,
standard,TRANSPORTESXXX FABISAXXX,8322608500,mobile,trucking/logistics,KATY,TX,fmcsa_census,,,,
standard,AMBROSE TRANSPORTATION INC,2484703449,mobile,trucking/logistics,KATY,TX,fmcsa_census,,,,
standard,US ELITE TRANSPORTATION LLC,8322901041,mobile,trucking/logistics,RICHMOND,TX,fmcsa_census,,,,
standard,PERLA RAMIREZ,8324669465,mobile,trucking/logistics,HOUSTON,TX,fmcsa_census,,,,
standard,COHEIRS HOLDINGS LLC,2403054242,mobile,trucking/logistics,KATY,TX,fmcsa_census,,,,
standard,AVT TRUCKING LLC,8324757955,mobile,trucking/logistics,KATY,TX,fmcsa_census,,,,
standard,COYOTE TRANSPORTATION LLC,2817043137,mobile,trucking/logistics,SUGAR LAND,TX,fmcsa_census,,,,
standard,RENE MOREDA,2819037151,mobile,trucking/logistics,MEADOWS PLACE,TX,fmcsa_census,,,,
standard,ROGELIO SALAZAR ARIAS,8326065767,mobile,trucking/logistics,SUGRA LAND,TX,fmcsa_census,,,,
standard,WALLER COUNTY SITE PREP LLC,8327730926,mobile,trucking/logistics,HEMPSTEAD,TX,fmcsa_census,,,,
standard,REITTIE BASIL KEITH,2814099663,mobile,trucking/logistics,MISSOURI CITY,TX,fmcsa_census,,,,
standard,L A L A TRUCKING LLC,2813816654,mobile,trucking/logistics,SEALY,TX,fmcsa_census,,,,
standard,JEFFERY LYNN HAYES,9795332186,mobile,trucking/logistics,WHARTON,TX,fmcsa_census,,,,
standard,SKY CLEAR TRANSPORT LLC,2292241088,mobile,trucking/logistics,CYPRESS,TX,fmcsa_census,,,,
standard,H & K TRANSPORTATION LLC,8327042663,mobile,trucking/logistics,STAFFORD,TX,fmcsa_census,,,,
standard,RKM TRANSPORT LLC,9792213586,mobile,trucking/logistics,HEMPSTEAD,TX,fmcsa_census,,,,
standard,JOSE A ORELLANA,7132695151,mobile,trucking/logistics,SEALY,TX,fmcsa_census,,,,
standard,ESCOBEDO TRUCKING LLC,7134740537,mobile,trucking/logistics,SUGAR LAND,TX,fmcsa_census,,,,
standard,LUIS TORNES NAVARRO,8327296862,mobile,trucking/logistics,STAFFORD,TX,fmcsa_census,,,,
standard,PENA TRANSPORT,7139247957,mobile,trucking/logistics,HOUSTON,TX,fmcsa_census,,,,
standard,CRUE BUILT LLC,8322299474,mobile,trucking/logistics,CYPRESS,TX,fmcsa_census,,,,
standard,AXIEL LOGISTICS LLC,8327577545,mobile,trucking/logistics,RICHMOND,TX,fmcsa_census,,,,
standard,I90 TRANSPORT SERVICES LLC,8329317979,mobile,trucking/logistics,CYPRESS,TX,fmcsa_census,,,,
standard,DOROTHY HALL,2819354896,mobile,trucking/logistics,MISSSOURI CITY,TX,fmcsa_census,,,,
standard,BIG DAWG TRUCKS LLC,8326930293,mobile,trucking/logistics,HEMPSTEAD,TX,fmcsa_census,,,,
standard,H & M ENTERPRISES LLC,2818147671,mobile,trucking/logistics,SUGAR LAND,TX,fmcsa_census,,,,
standard,CUAUHTEMOC AGUILAR,7135156524,mobile,trucking/logistics,PASADENA,TX,fmcsa_census,,,,
standard,MOONLIGHT TRANSPORTATION INC,3463036574,mobile,trucking/logistics,MISSOURI CITY,TX,fmcsa_census,,,,
standard,VRZ TRUCKING,8324741002,mobile,trucking/logistics,STAFFORD,TX,fmcsa_census,,,,
standard,BAR-C LOGISTICS LLC,2817707768,mobile,trucking/logistics,WALLER,TX,fmcsa_census,,,,
standard,JULIO HENRIQUEZ GOMEZ,7138378852,mobile,trucking/logistics,HOUSTON,TX,fmcsa_census,,,,
standard,TEXAS GRAIN AND GRAVEL LLC,8324658507,mobile,trucking/logistics,WHARTON,TX,fmcsa_census,,,,
standard,TRUCKWALA LLC,3462036876,mobile,trucking/logistics,ROSENBERG,TX,fmcsa_census,,,,
standard,KK&T LOGISTICS LLC,4438163065,mobile,trucking/logistics,MISSOURI CITY,TX,fmcsa_census,,,,
standard,ODILON GONZALEZ,8326417597,mobile,trucking/logistics,HOUSTON,TX,fmcsa_census,,,,
standard,JCO TRUCKING LLC,2818573950,mobile,trucking/logistics,KATY,TX,fmcsa_census,,,,
standard,FABIO EVELIO CORNEJO GARCIA,8327686026,mobile,trucking/logistics,SUGARLAND,TX,fmcsa_census,,,,
standard,JPS TRANSPORT LLC,2818408074,mobile,trucking/logistics,SEALY,TX,fmcsa_census,,,,
standard,AMCO TRANSPORTATION SERVICES LLC,8322774823,mobile,trucking/logistics,RICHMOND,TX,fmcsa_census,,,,
standard,FRANCISCO NARCISO MIRANDA,2814151958,mobile,trucking/logistics,RICHMOND,TX,fmcsa_census,,,,
standard,DARRYL MITCHELL,2819146001,mobile,trucking/logistics,RICHMOND,TX,fmcsa_census,,,,
standard,HIGHWAY 45 LOGISTICS SUPPLY LLC,8324840458,mobile,trucking/logistics,CYPRESS,TX,fmcsa_census,,,,
standard,TEX-SAL LOGISTICS LLC,8324510551,mobile,trucking/logistics,SEALY,TX,fmcsa_census,,,,
standard,MATEO RODRIGUEZ,8327660577,mobile,trucking/logistics,PASADENA,TX,fmcsa_census,,,,
standard,JLUM EXPEDITE,3169922869,mobile,trucking/logistics,CYPRESS,TX,fmcsa_census,,,,
standard,STRICTLY BOUT PROSPERING ENTERPRISE,7139922034,mobile,trucking/logistics,MISSOURI CITY,TX,fmcsa_census,,,,
standard,FAMILY BUSINESS TRUCKING LLC,7702949450,mobile,trucking/logistics,RICHMOND,TX,fmcsa_census,,,,
standard,WILSON R GOMEZ,2814602447,mobile,trucking/logistics,KATY,TX,fmcsa_census,,,,
standard,BIRDEN FAMILY TRANSPORT LLC,2817020468,mobile,trucking/logistics,MEADOWS PLACE,TX,fmcsa_census,,,,
standard,GREGORY GERARD DARKINS,8327216201,mobile,trucking/logistics,HOUSTON,TX,fmcsa_census,,,,
standard,TACKETT TRUCKING INC,7138170784,mobile,trucking/logistics,PASADENA,TX,fmcsa_census,,,,
standard,TRAVIS SMITLEY,9798853505,mobile,trucking/logistics,SEALY,TX,fmcsa_census,,,,
standard,MTM ENTERPRISES INC,7135989397,mobile,trucking/logistics,SUGAR LAND,TX,fmcsa_census,,,,
standard,TAC LOGISTICS SERVICES LLC,3462893369,mobile,trucking/logistics,HOUSTON,TX,fmcsa_census,,,,
standard,MARIO E SERNA,8324667232,mobile,trucking/logistics,PASADENA,TX,fmcsa_census,,,,
standard,POLARIS M IMAGING,7132711377,mobile,trucking/logistics,HOUSTON,TX,fmcsa_census,,,,
standard,OMAR REYES,8322943906,mobile,trucking/logistics,MISSOURI CITY,TX,fmcsa_census,,,,
standard,J J & C M STEEL ERECTORS INC,8324836885,mobile,trucking/logistics,CYPRESS,TX,fmcsa_census,,,,
standard,INTERSTATE PRISONER TRANSPORT INC,4326341357,mobile,trucking/logistics,RICHMOND,TX,fmcsa_census,,,,
standard,GL NETTLES INC,9363729020,mobile,trucking/logistics,WALLER,TX,fmcsa_census,,,,
standard,CONGMING TRUCKING INC,3466321365,mobile,trucking/logistics,MISSOURI CITY,TX,fmcsa_census,,,,
standard,BONTON & VALL LLC,3187175811,mobile,trucking/logistics,MISSOURI CITY,TX,fmcsa_census,,,,
standard,CERTIFIED TRANSPORTATION LLC,8328818439,mobile,trucking/logistics,MISSOURI CITY,TX,fmcsa_census,,,,
standard,HAUL BROKERSMEN,8325291085,mobile,trucking/logistics,STAFFORD,TX,fmcsa_census,,,,
standard,ANA D RAMIREZ,2819026850,mobile,trucking/logistics,HOUSTON,TX,fmcsa_census,,,,
standard,CHRISTIAN CAMILO QUINTERO,8326596605,mobile,trucking/logistics,KATY,TX,fmcsa_census,,,,
standard,PREFERRED GAS SERVICES INC,7134780944,mobile,trucking/logistics,HOUSTON,TX,fmcsa_census,,,,
standard,7-STARS EQUIPMENTS LLC,8326921698,mobile,trucking/logistics,SUGAR LAND,TX,fmcsa_census,,,,
standard,LANIC SHIPPING INC,2812218851,mobile,trucking/logistics,HOUSTON,TX,fmcsa_census,,,,
standard,SKEEZER TRANSPORTATION LLC,2818307001,mobile,trucking/logistics,WALLER,TX,fmcsa_census,,,,
standard,FIRSTSAFETY TRANSPORTATION & LOGISTICS LLC,5706206797,mobile,trucking/logistics,RICHMOND,TX,fmcsa_census,,,,
standard,GREG C GAY,8323404072,mobile,trucking/logistics,KATY,TX,fmcsa_census,,,,
standard,AMADOR LIMON,8324731926,mobile,trucking/logistics,PASADENA,TX,fmcsa_census,,,,
standard,JUAN MANUEL RUIZ,2816610183,mobile,trucking/logistics,WALLER,TX,fmcsa_census,,,,
standard,NOVA TRANSPORT II LLC,7087049470,mobile,trucking/logistics,WEST COLUMBIA,TX,fmcsa_census,,,,
standard,RAMOS TRANSPORT & LOGISTICS LLC,8327040554,mobile,trucking/logistics,STAFFORD,TX,fmcsa_census,,,,
standard,AMERICAN EAGLE TRANSPORTATION INC,7134804019,mobile,trucking/logistics,PASADENA,TX,fmcsa_census,,,,
standard,TRUWAY LLC,8322662534,mobile,trucking/logistics,ROSENBERG,TX,fmcsa_census,,,,
standard,TONI CLARK,9365258404,mobile,trucking/logistics,WALLER,TX,fmcsa_census,,,,
standard,TY TA TRUCKING INC,7132593743,mobile,trucking/logistics,ROSENBERG,TX,fmcsa_census,,,,
standard,GREATER TRUCKING LLC,5043523599,mobile,trucking/logistics,MISSOURI CITY,TX,fmcsa_census,,,,
standard,SCOTT STEELE CROSSIN,2819910113,mobile,trucking/logistics,PASADENA,TX,fmcsa_census,,,,
standard,FRANCISCO CASTILLO,8325305156,mobile,trucking/logistics,WALLER,TX,fmcsa_census,,,,
standard,BELCO TRUCKING LLC,7136144612,mobile,trucking/logistics,KATY,TX,fmcsa_census,,,,
standard,TOM RIFE,7134129622,mobile,trucking/logistics,PASADENA,TX,fmcsa_census,,,,
standard,NOUR TRUCKING LLC,8328453353,mobile,trucking/logistics,HOUSTON,TX,fmcsa_census,,,,
standard,GUASO TRUCKING LLC,8327901249,mobile,trucking/logistics,KATY,TX,fmcsa_census,,,,
standard,KEVIN ZUMALT,2816678106,mobile,trucking/logistics,PASADENA,TX,fmcsa_census,,,,
standard,ON TRUCKING LLC,9362326218,mobile,trucking/logistics,WALLER,TX,fmcsa_census,,,,
standard,COTTON CONSTRUCTION INCORPORATED,7137245327,mobile,trucking/logistics,WALLER,TX,fmcsa_census,,,,
standard,JAMES M DAVID & GARY W DAVID,7132485586,mobile,trucking/logistics,PASADENA,TX,fmcsa_census,,,,
standard,SOUTHERN CARRIERS LLC,8324195040,mobile,trucking/logistics,KATY,TX,fmcsa_census,,,,
standard,FREIGHT BROKERAGE EXPRESS LLC,7133989393,mobile,trucking/logistics,HOUSTON,TX,fmcsa_census,,,,
standard,D SMITH CONSTRUCTION LLC,8066630092,mobile,trucking/logistics,SEALY,TX,fmcsa_census,,,,
standard,SIMS WAY TRANSPORT & DELIVERY SERVICE,8322838730,mobile,trucking/logistics,STAFFORD,TX,fmcsa_census,,,,
standard,YOSVANY VALENCIA LOPEZ,8324876275,mobile,trucking/logistics,SUGAR LAND,TX,fmcsa_census,,,,
standard,ANDY & JORDY TRANSPORT LLC,2812368256,mobile,trucking/logistics,SEALY,TX,fmcsa_census,,,,
standard,MAR-CON SERVICES,7134721800,mobile,trucking/logistics,PASADENA,TX,fmcsa_census,,,,
standard,AZENETTE ROMAN,8329211149,mobile,trucking/logistics,KATY,TX,fmcsa_census,,,,
standard,DS TRANSPORTATION LLC,3468435040,mobile,trucking/logistics,ROSENBERG,TX,fmcsa_census,,,,
standard,PASADENA INC,2812174103,mobile,trucking/logistics,PASADENA,TX,fmcsa_census,,,,
standard,LANDY SUPPLIES LLC,3463779641,mobile,trucking/logistics,CYPRESS,TX,fmcsa_census,,,,
standard,JOHAN DE ROJAS,8327020225,mobile,trucking/logistics,KATY,TX,fmcsa_census,,,,
standard,ESTIMBO SERVICES INC,8324730737,mobile,trucking/logistics,PASADENA,TX,fmcsa_census,,,,
standard,STEEL RAIN CONSTRUCTION & LOGISTICS LLC,9792534076,mobile,trucking/logistics,SEALY,TX,fmcsa_census,,,,
standard,EXPRESSWAY INTERNATIONAL LLC,8323387279,mobile,trucking/logistics,SUGAR LAND,TX,fmcsa_census,,,,
standard,DONALD R KRUSHALL JR,9795333731,mobile,trucking/logistics,WHARTON,TX,fmcsa_census,,,,
standard,N B H TRUCKING LLC,7134383277,mobile,trucking/logistics,MISSOURI CITY,TX,fmcsa_census,,,,
standard,786 CARRIERS LLC,3463104248,mobile,trucking/logistics,SUGAR LAND,TX,fmcsa_census,,,,
standard,STARK TRANSPORTATION INC,2813570762,mobile,trucking/logistics,WALLER,TX,fmcsa_census,,,,
standard,TEXAS LONE STAR LOGISTICS AND FREIGHT,8326058224,mobile,trucking/logistics,SEALY,TX,fmcsa_census,,,,
standard,YACKEL CUSTOM HARVESTING LLC,9795590170,mobile,trucking/logistics,WHARTON,TX,fmcsa_census,,,,
standard,BROWN EXPRESS TRANSPORT LLC,5866103194,mobile,trucking/logistics,KATY,TX,fmcsa_census,,,,
standard,CLYDE UNION PUMPS INC,2812914029,mobile,trucking/logistics,PASADENA,TX,fmcsa_census,,,,
standard,BEST DELIVERY SYSTEMS,7137498600,mobile,trucking/logistics,PASADENA,TX,fmcsa_census,,,,
standard,AI-SEALING LLC,2815209479,mobile,trucking/logistics,MISSOURI CITY,TX,fmcsa_census,,,,
standard,CENTRAL ASSEMBLY OF GOD,2819919301,mobile,trucking/logistics,PASADENA,TX,fmcsa_census,,,,
standard,RONALD JURICA,8324920909,mobile,trucking/logistics,WALLER,TX,fmcsa_census,,,,
standard,HHS SHIPPING COMPANY LLC,2819044227,mobile,trucking/logistics,HOUSTON,TX,fmcsa_census,,,,
standard,HD EXPRESS LOGISTICS LLC,3468491908,mobile,trucking/logistics,MISSOURI CITY,TX,fmcsa_census,,,,
standard,MARK VILLAFLORES,2038024392,mobile,trucking/logistics,RICHMOND,TX,fmcsa_census,,,,
standard,MARIA ELENA GALINDO,2814969357,mobile,trucking/logistics,RICHMOND,TX,fmcsa_census,,,,
standard,JKB TRANSPORT,2816924989,mobile,trucking/logistics,HOUSTON,TX,fmcsa_census,,,,
standard,M1K3 SMOOTH HAULING LLC,3462136000,mobile,trucking/logistics,STAFFORD,TX,fmcsa_census,,,,
standard,ARTURO A RAMIREZ,2813815226,mobile,trucking/logistics,RICHMOND,TX,fmcsa_census,,,,
standard,INDUSTRIAL DELIVERY SERVICE INC,2816351810,mobile,trucking/logistics,PASADENA,TX,fmcsa_census,,,,
standard,GRANADOS HAULING LLC,2813804050,mobile,trucking/logistics,HOUSTON,TX,fmcsa_census,,,,
standard,NEW ERA LAWN PLUS MORE,7132645492,mobile,trucking/logistics,MISSOURI CITY,TX,fmcsa_census,,,,
standard,KIMBERLY DIANE TAYLOR,8328002449,mobile,trucking/logistics,WHARTON,TX,fmcsa_census,,,,
standard,ROD KNOCKER 1 LLC,2815563667,mobile,trucking/logistics,SUGAR LAND,TX,fmcsa_census,,,,
standard,PAYNELESS SHIPPING LLC,8322158508,mobile,trucking/logistics,MISSOURI CITY,TX,fmcsa_census,,,,
standard,SULZER ELECTRO MECHANICAL SERVICES US INC,7134733231,mobile,trucking/logistics,PASADENA,TX,fmcsa_census,,,,
standard,WORKLOAD LOGISTICS LLC,8329975955,mobile,trucking/logistics,MISSOURI CITY,TX,fmcsa_census,,,,
standard,LUIS E ZAMBRANO,8326895721,mobile,trucking/logistics,RICHMOND,TX,fmcsa_census,,,,
standard,ATLANTIC PLANT MAINTENANCE SOUTHWEST,8327525359,mobile,trucking/logistics,PASADENA,TX,fmcsa_census,,,,
standard,REGLOBAL LLC,7018851159,mobile,trucking/logistics,WALLER,TX,fmcsa_census,,,,
standard,RICHARD L BALLARD,8324953129,mobile,trucking/logistics,RICHMOND,TX,fmcsa_census,,,,
standard,AROUND THE WORLD TRUCKING,2815304444,mobile,trucking/logistics,SUGARLAND,TX,fmcsa_census,,,,
standard,TARA BELL,8326560233,mobile,trucking/logistics,CYPRESS,TX,fmcsa_census,,,,
standard,COAST II COAST EXPRESS LLC,8325771776,mobile,trucking/logistics,PASADENA,TX,fmcsa_census,,,,
standard,EL YUCA LLC,17867477247,mobile,trucking/logistics,SEALY,TX,fmcsa_census,,,,
standard,YANEY CARBALLOSA LLERENA,8326513874,mobile,trucking/logistics,HOUSTON,TX,fmcsa_census,,,,
standard,KEITH BARBEE,9795339489,mobile,trucking/logistics,WHARTON,TX,fmcsa_census,,,,
standard,IRBY TRUCKING &TRANSPORT LLC,8708143553,mobile,trucking/logistics,KATY,TX,fmcsa_census,,,,
standard,AMIGOS TRANSPORT LLC,8327683416,mobile,trucking/logistics,CYPRESS,TX,fmcsa_census,,,,
standard,TEOFILO VELASQUEZ,8324664881,mobile,trucking/logistics,PASADENA,TX,fmcsa_census,,,,
standard,FREIGHT WRANGLER LLC,8324588791,mobile,trucking/logistics,MEADOWS PLACE,TX,fmcsa_census,,,,
standard,LUIS E FERNANDEZ VARONA,8328807657,mobile,trucking/logistics,PASADENA,TX,fmcsa_census,,,,
standard,ISIDORO E GARCIA JR,2817334543,mobile,trucking/logistics,RICHMOND,TX,fmcsa_census,,,,
standard,GOLDEN STONE TRUCKING INCORPORATED,6094984470,mobile,trucking/logistics,CYPRESS,TX,fmcsa_census,,,,
standard,THE URBAN FORESTERS LLC,8327316531,mobile,trucking/logistics,STAFFORD,TX,fmcsa_census,,,,
standard,ZALAMAR TRUCKING LLC,8326415590,mobile,trucking/logistics,CYPRESS,TX,fmcsa_census,,,,
standard,MOTOR VAN CORP,8328876800,mobile,trucking/logistics,PASADENA,TX,fmcsa_census,,,,
standard,THRILLER S&A CORPORATION INC,4099419601,mobile,trucking/logistics,MISSOURI CITY,TX,fmcsa_census,,,,
standard,EUGENIO VILLANUEVA,8322795538,mobile,trucking/logistics,PASADENA,TX,fmcsa_census,,,,
standard,TEXAS BEB INVESTMENTS CORPORATION,8324285125,mobile,trucking/logistics,STAFFORD,TX,fmcsa_census,,,,
standard,D&Y TRUCKING SERVICE LLC,8329382421,mobile,trucking/logistics,KATY,TX,fmcsa_census,,,,
standard,HEAVY DUTY TRUCKERS LLC,8328630184,mobile,trucking/logistics,PASADENA,TX,fmcsa_census,,,,
standard,RODOLFO LEVARIO,8326436514,mobile,trucking/logistics,PASADENA,TX,fmcsa_census,,,,
standard,AH & SONS INC,7133679427,mobile,trucking/logistics,RICHMOND,TX,fmcsa_census,,,,
standard,VENENCARGOS LLC,9782010685,mobile,trucking/logistics,KATY,TX,fmcsa_census,,,,
standard,1SOURCE PROJECT MANAGEMENT,9795781274,mobile,trucking/logistics,STAFFORD,TX,fmcsa_census,,,,
standard,ARMANDO AYALA,7135017860,mobile,trucking/logistics,PASADENA,TX,fmcsa_census,,,,
standard,CRISTIAN JAVIER ARRIAGA MEJIA,8328060783,mobile,trucking/logistics,HOUSTON,TX,fmcsa_census,,,,
standard,ANDRADE ELITE TRANSPORTATION & LOGISTICS LLC,7138979849,mobile,trucking/logistics,PASADENA,TX,fmcsa_census,,,,
standard,ROBERT L HARPER,2816392689,mobile,trucking/logistics,PASADENA,TX,fmcsa_census,,,,
standard,SAUL G FRASCO,8326876740,mobile,trucking/logistics,MISSOURI,TX,fmcsa_census,,,,
standard,CAJUN GOURMET LLC,2819604274,mobile,trucking/logistics,RICHMOND,TX,fmcsa_census,,,,
standard,JMH LOGISTICS LLC,8326833567,mobile,trucking/logistics,PASADENA,TX,fmcsa_census,,,,
standard,JMCO1 CORPORATION,2817050563,mobile,trucking/logistics,MISSOURI,TX,fmcsa_census,,,,
standard,P&A CORPORATION LLC,3463283717,mobile,trucking/logistics,STAFFORD,TX,fmcsa_census,,,,
standard,DLGEXPRESS LLC,7139797452,mobile,trucking/logistics,MISSOURI CITY,TX,fmcsa_census,,,,
standard,GULF COAST CARRIERS LLC,7132314019,mobile,trucking/logistics,MISSOURI CITY,TX,fmcsa_census,,,,
standard,MOBILE ONE DIESEL AND RECOVERY SERVICES LLC,8328333177,mobile,trucking/logistics,PASADENA,TX,fmcsa_census,,,,
standard,CATHERINE M HARRIS,8327521278,mobile,trucking/logistics,SUGAR LAND,TX,fmcsa_census,,,,
standard,ULONZA CRAIG HAHN,8327854708,mobile,trucking/logistics,WHARTON,TX,fmcsa_census,,,,
standard,KEEL SOLUTION NA LLC,8328704108,mobile,trucking/logistics,CYPRESS,TX,fmcsa_census,,,,
standard,DMQ TRUCKING INC,9087640900,mobile,trucking/logistics,PASADENA,TX,fmcsa_census,,,,
standard,ROCKY MARCIANO,7132944188,mobile,trucking/logistics,RICHMOND,TX,fmcsa_census,,,,
standard,TRUCO TRANSPORT LLC,8326743477,mobile,trucking/logistics,MISSOURI CITY,TX,fmcsa_census,,,,
standard,NO DAYS OFF TRUCKING CO INC,3464051310,mobile,trucking/logistics,MEADOWS PLACE,TX,fmcsa_census,,,,
standard,YAMI SUPPLIERS LLC,8328306636,mobile,trucking/logistics,CYPRESS,TX,fmcsa_census,,,,
standard,READY GARZA MIX LLC,9797302152,mobile,trucking/logistics,WALLER,TX,fmcsa_census,,,,
standard,BOBBY HOWARD,2815157323,mobile,trucking/logistics,ROSENBERG,TX,fmcsa_census,,,,
standard,KRZYSTOF BUNKIEWICZ,9704568694,mobile,trucking/logistics,SUGARLAND,TX,fmcsa_census,,,,
standard,CARLOS RUBALCABA,8326416644,mobile,trucking/logistics,PASADENA,TX,fmcsa_census,,,,
standard,BIG TYME TRUCKING LLC,8328010146,mobile,trucking/logistics,STAFFORD,TX,fmcsa_census,,,,
standard,ARTURO CANTU,2819069587,mobile,trucking/logistics,PASADENA,TX,fmcsa_census,,,,
standard,MOA LOGISTICS LLC,3463505494,mobile,trucking/logistics,STAFFORD,TX,fmcsa_census,,,,
standard,ZEETRANS SERVICES LLC,8329088870,mobile,trucking/logistics,STAFFORD,TX,fmcsa_census,,,,
standard,PIK LOGISTICS LLC,3463095301,mobile,trucking/logistics,KATY,TX,fmcsa_census,,,,
standard,FSG LOGISTICS LLC,5127445846,mobile,trucking/logistics,ROSENBERG,TX,fmcsa_census,,,,
standard,MONTOYAS HOT SHOTS LLC,8327034411,mobile,trucking/logistics,STAFFORD,TX,fmcsa_census,,,,
standard,RV TRANSPORT LLC,7135401550,mobile,trucking/logistics,RICHMOND,TX,fmcsa_census,,,,
standard,SOUTH COAST INDUSTRIES LLC,8329260756,mobile,trucking/logistics,WALLER,TX,fmcsa_census,,,,
standard,PROGRESSIVE TRUCKING INC,8328607455,mobile,trucking/logistics,PASADENA,TX,fmcsa_census,,,,
standard,SIAH LOGISTICS LLC,3464010598,mobile,trucking/logistics,RICHMOND,TX,fmcsa_census,,,,
standard,ROBERT EDWARDS TRUCKING,2819326560,mobile,trucking/logistics,MISSOURI CITY,TX,fmcsa_census,,,,
standard,A CROSS AG SERVICES LLC,9795333006,mobile,trucking/logistics,WHARTON,TX,fmcsa_census,,,,
standard,TERRANCE WILLIAMS,8326617627,mobile,trucking/logistics,MISSOURI CITY,TX,fmcsa_census,,,,
standard,CERTIFIED LOGISTIC SOLUTIONS LLC,8327449467,mobile,trucking/logistics,PASADENA,TX,fmcsa_census,,,,
standard,BALLARD TRANSPORT SERVICE LLC,3468578983,mobile,trucking/logistics,RICHMOND,TX,fmcsa_census,,,,
standard,BEZA TRUCKING LLC,8326875017,mobile,trucking/logistics,ROSENBERG,TX,fmcsa_census,,,,
standard,JOSE ANTONIO MENDOZA JR,8324184814,mobile,trucking/logistics,PASADENA,TX,fmcsa_census,,,,
standard,ROY'S TRUCKING LLC,8327589665,mobile,trucking/logistics,STAFFORD,TX,fmcsa_census,,,,
standard,RIDER CHOICE TRUCKING LLC,8329863506,mobile,trucking/logistics,KATY,TX,fmcsa_census,,,,
standard,ROBERT RODRIGUEZ ACOSTA,2815463872,mobile,trucking/logistics,CYPRESS,TX,fmcsa_census,,,,
standard,TRIPLE J TRUCKERS LLC,9563138390,mobile,trucking/logistics,PASADENA,TX,fmcsa_census,,,,
standard,MIKE ISBELL CONSTRUCTION LLC,7134773517,mobile,trucking/logistics,PASADENA,TX,fmcsa_census,,,,
standard,GLTL INC,7137315233,mobile,trucking/logistics,MISSOURI CITY,TX,fmcsa_census,,,,
standard,JG MARTINEZ TRUCKING LLC,8325265398,mobile,trucking/logistics,PASADENA,TX,fmcsa_census,,,,
standard,PEDRO JAMES REID,8328166659,mobile,trucking/logistics,MISSOURI CITY,TX,fmcsa_census,,,,
standard,JEFFERY HUGHES,7132987760,mobile,trucking/logistics,MISSOURI CITY,TX,fmcsa_census,,,,
standard,AGAPE EXPRESSED TRANSPORTATION LLC,8324201773,mobile,trucking/logistics,MISSOURI CITY,TX,fmcsa_census,,,,
standard,LIAM TRANSPORT LLC,7134299398,mobile,trucking/logistics,PASADENA,TX,fmcsa_census,,,,
standard,LUCKY STAR TRANSPORTATION LLC,8322025687,mobile,trucking/logistics,STAFFORD,TX,fmcsa_census,,,,
standard,ALBERT C HENRY,2815900309,mobile,trucking/logistics,MISSOURI CITY,TX,fmcsa_census,,,,
standard,LORENZO RODRIGUEZ,2819321863,mobile,trucking/logistics,MISSOURI CITY,TX,fmcsa_census,,,,
standard,RIVERSTONE INTERMODAL LOGISTICS LLC,3466490750,mobile,trucking/logistics,SUGAR LAND,TX,fmcsa_census,,,,
standard,STEALTH CONSTRUCTION LLC,7137321661,mobile,trucking/logistics,RICHMOND,TX,fmcsa_census,,,,
standard,THE HARRELL COMPANIES LLC,3123398225,mobile,trucking/logistics,MISSOURI CITY,TX,fmcsa_census,,,,
standard,ALLIED INDUSTRIAL SALES INC,2813326224,mobile,trucking/logistics,PASADENA,TX,fmcsa_census,,,,
standard,YRR TRUCKING LLC,9792572279,mobile,trucking/logistics,KATY,TX,fmcsa_census,,,,
standard,MODUS LOGISTICS INC,8325238034,mobile,trucking/logistics,PASADENA,TX,fmcsa_census,,,,
standard,PAT K EAVES,7135845603,mobile,trucking/logistics,ALVIN,TX,fmcsa_census,,,,
standard,FURMANITE AMERICA INC,2817331997,mobile,trucking/logistics,ALVIN,TX,fmcsa_census,,,,
standard,RAYMOND PETERS,2816586025,mobile,trucking/logistics,MISSOURI CITY,TX,fmcsa_census,,,,
standard,SWR TRANSPORTATION LP,2818249342,mobile,trucking/logistics,ALVIN,TX,fmcsa_census,,,,
standard,KAREN V RODRIGUEZ,2819053003,mobile,trucking/logistics,CYPRESS,TX,fmcsa_census,,,,
standard,TCB ELITE FLEET LLC,8324668661,mobile,trucking/logistics,CROSBY,TX,fmcsa_census,,,,
standard,RENTAL EQUIPMENT LOGISTICS LLC,2818244665,mobile,trucking/logistics,ALVIN,TX,fmcsa_census,,,,
standard,GOALS ENTERPRISE LLC,3466406700,mobile,trucking/logistics,KATY,TX,fmcsa_census,,,,
standard,MAJOR LEGACY TRANSPORT LLC,5042065219,mobile,trucking/logistics,KATY,TX,fmcsa_census,,,,
standard,SAHAL TRUCKING TRANSPORTATION LLC,6178608174,mobile,trucking/logistics,KATY,TX,fmcsa_census,,,,
standard,KRIPTON LIPIZ,8323873411,mobile,trucking/logistics,CYPRESS,TX,fmcsa_census,,,,
standard,MATIAS DIAZ LOPEZ,7134938743,mobile,trucking/logistics,PASADENA,TX,fmcsa_census,,,,
standard,MC TRANSPORT LLC,7874020334,mobile,trucking/logistics,CYPRESS,TX,fmcsa_census,,,,
standard,J-MAS TRANSPORT CORP,9087649377,mobile,trucking/logistics,KATY,TX,fmcsa_census,,,,
standard,M & J TOURING LOGISTICS LLC,8324710151,mobile,trucking/logistics,RICHMOND,TX,fmcsa_census,,,,
standard,THIRD GENERATION DISPOSAL,9367767003,mobile,trucking/logistics,BAYTOWN,TX,fmcsa_census,,,,
standard,BAYCRETE INC,8326952517,mobile,trucking/logistics,BAYTOWN,TX,fmcsa_census,,,,
standard,BZR TRUCKING LLC,8322054040,mobile,trucking/logistics,BAYTOWN,TX,fmcsa_census,,,,
standard,TRACER INTERNATIONAL LLC,7137664360,mobile,trucking/logistics,CYPRESS,TX,fmcsa_census,,,,
standard,SOFIA MOTORWAYS LLC,8322764472,mobile,trucking/logistics,KATY,TX,fmcsa_census,,,,
standard,SORIA BROTHERS DUMPING LLC,3469017198,mobile,trucking/logistics,SUGAR LAND,TX,fmcsa_census,,,,
standard,CLAUSELL TRUCKING,8325670746,mobile,trucking/logistics,MISSOURI CITY,TX,fmcsa_census,,,,
standard,T2CLIFE DELIVERY & CARGO SERVICES LLC,3463212701,mobile,trucking/logistics,MISSOURI CITY,TX,fmcsa_census,,,,
standard,GODFREY JAMES JOHNSON JR,7135577135,mobile,trucking/logistics,MISSOURI CITY,TX,fmcsa_census,,,,
standard,YORDY TRUCKING LLC,4323055867,mobile,trucking/logistics,KATY,TX,fmcsa_census,,,,
standard,ALLEN TRUCKING,8325663196,mobile,trucking/logistics,ALVIN,TX,fmcsa_census,,,,
standard,CELEDON TRUCKING SERVICES LLC,9793888396,mobile,trucking/logistics,CLUTE,TX,fmcsa_census,,,,
standard,JULIO CESAR HUERTA,2816356777,mobile,trucking/logistics,RICHMOND,TX,fmcsa_census,,,,
standard,ROSS T TRUCKING LLC,8326920122,mobile,trucking/logistics,RICHMOND,TX,fmcsa_census,,,,
standard,LONESTAR EXPRESS,3467609477,mobile,trucking/logistics,CYPRESS,TX,fmcsa_census,,,,
standard,OPEN RANGE LOGISTICS LLC,8329984277,mobile,trucking/logistics,ALVIN,TX,fmcsa_census,,,,
standard,AUTO PILOT TRANSPORT,3463902066,mobile,trucking/logistics,MISSOURI CITY,TX,fmcsa_census,,,,
standard,SUPREME LOGISTICS SERVICES LLC,8328154650,mobile,trucking/logistics,SUGAR LAND,TX,fmcsa_census,,,,
standard,ARCELIA MARIA SANCHEZ SOTO,3468435518,mobile,trucking/logistics,SUGAR LAND,TX,fmcsa_census,,,,
standard,K AND S LOGISTICS LIMITED LLC,2819356181,mobile,trucking/logistics,RICHMOND,TX,fmcsa_census,,,,
standard,D & J LOGISTIC SERVICES LLC,7026106802,mobile,trucking/logistics,BAYTOWN,TX,fmcsa_census,,,,
standard,DEW POINT CONTROL LLC,7134475203,mobile,trucking/logistics,RICHMOND,TX,fmcsa_census,,,,
standard,B & B GULF COAST RENTALS LLC,2817998073,mobile,trucking/logistics,SUGAR LAND,TX,fmcsa_census,,,,
standard,BLAT & ALONSO TRUCKING LLC,8634453404,mobile,trucking/logistics,PASADENA,TX,fmcsa_census,,,,
standard,BTOBIDCOM INC,7133035453,mobile,trucking/logistics,KATY,TX,fmcsa_census,,,,
standard,EMYRALD LLC,2818544864,mobile,trucking/logistics,SUGAR LAND,TX,fmcsa_census,,,,
standard,BLACK SHEEP TRUCKING,9798243413,mobile,trucking/logistics,CLUTE,TX,fmcsa_census,,,,
standard,MSST TRUCKING LLC,8325931333,mobile,trucking/logistics,RICHMOND,TX,fmcsa_census,,,,
standard,PREFERRED 1 TRANSPORT LLC,2818146647,mobile,trucking/logistics,BAYTOWN,TX,fmcsa_census,,,,
standard,NCI TRANSPORT LLC,2392347455,mobile,trucking/logistics,BEACH CITY,TX,fmcsa_census,,,,
standard,PAULINO MEDRANO,9794176706,mobile,trucking/logistics,CLUTE,TX,fmcsa_census,,,,
standard,PETROKAL LLC,8326407647,mobile,trucking/logistics,PASADENA,TX,fmcsa_census,,,,
standard,M & S CHRISTIAN CARRIERS LLC,8324144036,mobile,trucking/logistics,BAYTOWN,TX,fmcsa_census,,,,
standard,TEXAS ROCK BUCKETS LLC,9795497313,mobile,trucking/logistics,CLUTE,TX,fmcsa_census,,,,
standard,CERTIFIED CONCRETE SOLUTIONS LLC,8322222222,mobile,trucking/logistics,MISSOURI CITY,TX,fmcsa_census,,,,
standard,FAMTRAX EXPRESS LLC,3465158707,mobile,trucking/logistics,KATY,TX,fmcsa_census,,,,
standard,EADY INC,2814877887,mobile,trucking/logistics,PASADENA,TX,fmcsa_census,,,,
standard,SOFIA TORRES DE LA CRUZ,9564634490,mobile,trucking/logistics,CLUTE,TX,fmcsa_census,,,,
standard,A1 RELIABLE TOWING&TRANSPORT LLC,8325124665,mobile,trucking/logistics,PASADENA,TX,fmcsa_census,,,,
standard,ARMANDO MEDRANO,5056462114,mobile,trucking/logistics,RICHMOND,TX,fmcsa_census,,,,
standard,VERA'S UNDERGROUND UTILITIES INC,8326553793,mobile,trucking/logistics,MISSOURI CITY,TX,fmcsa_census,,,,
standard,TEXAS COASTAL HOT SHOT LLC,2816361466,mobile,trucking/logistics,BAYTOWN,TX,fmcsa_census,,,,
standard,SOBA TRANSPORTATION LLC,8323566292,mobile,trucking/logistics,RICHMOND,TX,fmcsa_census,,,,
standard,CHORUMLU LLC,8328589144,mobile,trucking/logistics,SUGAR LAND,TX,fmcsa_census,,,,
standard,LK AUTO TRANSPORT LLC,8324081823,mobile,trucking/logistics,CYPRESS,TX,fmcsa_census,,,,
standard,PAR ENTERPRISES TRUCKING INC,9106031921,mobile,trucking/logistics,CLUTE,TX,fmcsa_census,,,,
standard,GREENSCAPES SIX LLC,7137143500,mobile,trucking/logistics,BAYTOWN,TX,fmcsa_census,,,,
standard,SECURITY TRUCK SERVICE LLC,2813832224,mobile,trucking/logistics,BAYTOWN,TX,fmcsa_census,,,,
standard,COAST TO COAST CONCRETE PUMPING LLC,6155420449,mobile,trucking/logistics,ALVIN,TX,fmcsa_census,,,,
standard,MANUEL ALEMAN,8324898246,mobile,trucking/logistics,MISSOURI CITY,TX,fmcsa_census,,,,
standard,CHRISTOPHER HOLMES,2816084326,mobile,trucking/logistics,CROSBY,TX,fmcsa_census,,,,
standard,J OQUENDO TRUCKING LLC,7133939069,mobile,trucking/logistics,RICHMOND,TX,fmcsa_census,,,,
standard,UNIVERSAL SOIL DRILLING LLC,8323759903,mobile,trucking/logistics,PASADENA,TX,fmcsa_census,,,,
standard,JERRY L SMITH,8326438324,mobile,trucking/logistics,CROSBY,TX,fmcsa_census,,,,
standard,JERRY L SMITH,2814629412,mobile,trucking/logistics,CROSBY,TX,fmcsa_census,,,,
standard,GRAYS COMMERCIAL INVESTMENTS,2813522530,mobile,trucking/logistics,BAYTOWN,TX,fmcsa_census,,,,
standard,EDWARD LYNN ADKINS,7139273224,mobile,trucking/logistics,CROSBY,TX,fmcsa_census,,,,
standard,YEESSY AVALOS CRUZ,8328868899,mobile,trucking/logistics,CLUTE,TX,fmcsa_census,,,,
standard,PSP TRANSPORT INC,8324723624,mobile,trucking/logistics,BEACH CITY,TX,fmcsa_census,,,,
standard,GULF COAST HAULERS LLC,9794176293,mobile,trucking/logistics,CLUTE,TX,fmcsa_census,,,,
standard,DAY DAY UP TRUCKING LLC,8322060504,mobile,trucking/logistics,RICHMOND,TX,fmcsa_census,,,,
standard,JAMES S & DONNA G MELCER,7134099915,mobile,trucking/logistics,CROSBY,TX,fmcsa_census,,,,
standard,DO OR DIE PRO RODEO LLC,9796655535,mobile,trucking/logistics,ANGLETON,TX,fmcsa_census,,,,
standard,FRY LOGISTICS GROUP LLC,9793312450,mobile,trucking/logistics,CLUTE,TX,fmcsa_census,,,,
standard,TALKE HAZMAT SERVICES INC,3462639909,mobile,trucking/logistics,BAYTOWN,TX,fmcsa_census,,,,
standard,JUAN O HERNANDEZ,8323320399,mobile,trucking/logistics,PASADENA,TX,fmcsa_census,,,,
standard,JOE TIEU,8325738855,mobile,trucking/logistics,CYPRESS,TX,fmcsa_census,,,,
standard,ROY CLINT BAKER,8326215626,mobile,trucking/logistics,ALVIN,TX,fmcsa_census,,,,
standard,JSR TRANSPORT LLC,8329199378,mobile,trucking/logistics,MISSOURI CITY,TX,fmcsa_census,,,,
standard,PENNEY HEAVY HAULING LLC,8325465845,mobile,trucking/logistics,DANBURY,TX,fmcsa_census,,,,
standard,LEWIS LOGISTICS AND FREIGHT LLC,2812104637,mobile,trucking/logistics,KATY,TX,fmcsa_census,,,,
standard,TRI JET EXPRESS INC,2186081042,mobile,trucking/logistics,CROSBY,TX,fmcsa_census,,,,
standard,PRECISE CARRIER LLC,8328671767,mobile,trucking/logistics,BAYTOWN,TX,fmcsa_census,,,,
standard,GHOTRA TRANS LLC,3175150157,mobile,trucking/logistics,RICHWOOD,TX,fmcsa_census,,,,
standard,TORO WASTE AND TRUCKING LLC,8326401809,mobile,trucking/logistics,CYPRESS,TX,fmcsa_census,,,,
standard,LM TRUCKING SOLUTIONS LLC,7132409780,mobile,trucking/logistics,CHANNELVIEW,TX,fmcsa_census,,,,
standard,JR'S TRANSPORT,8324736864,mobile,trucking/logistics,CHANNELVIEW,TX,fmcsa_census,,,,
standard,ELISEO MARROQUIN,7134762390,mobile,trucking/logistics,CHANNELVIEW,TX,fmcsa_census,,,,
standard,STANLEY PARTS AND EQUIPMENT COMPANY INCORPORATED,2819605887,mobile,trucking/logistics,CHANNELVIEW,TX,fmcsa_census,,,,
standard,LEON HARRIS,2816366749,mobile,trucking/logistics,CROSBY,TX,fmcsa_census,,,,
standard,JASON WAYNE REEVES,2816839431,mobile,trucking/logistics,BAYTOWN,TX,fmcsa_census,,,,
standard,MORGAN PORTS LLC,9569550388,mobile,trucking/logistics,CLUTE,TX,fmcsa_census,,,,
standard,F&P TRUCKING LLC,8322088467,mobile,trucking/logistics,CYPRESS,TX,fmcsa_census,,,,
standard,JOSE ANTONIO VIDES,7136585867,mobile,trucking/logistics,PASADENA,TX,fmcsa_census,,,,
standard,AMADO BENAVIDEZ,8328068887,mobile,trucking/logistics,CHANNELVIEW,TX,fmcsa_census,,,,
standard,NORTH ML LOGISTIC LLC,3467338163,mobile,trucking/logistics,KATY,TX,fmcsa_census,,,,
standard,DRIVEOPS LOGISTICS LLC,8322517861,mobile,trucking/logistics,KATY,TX,fmcsa_census,,,,
standard,HEARTS OF GRACE SERVICES,2818245628,mobile,trucking/logistics,DANBURY,TX,fmcsa_census,,,,
standard,BAR 21 GRAIN AND CATTLE LLC,9794810566,mobile,trucking/logistics,DANBURY,TX,fmcsa_census,,,,
standard,SARA CRISP,9794821042,mobile,trucking/logistics,RICHWOOD,TX,fmcsa_census,,,,
standard,WISE FREIGHTER LLC,2819948418,mobile,trucking/logistics,KATY,TX,fmcsa_census,,,,
standard,JUANA TEJADA,8325030000,mobile,trucking/logistics,RICHMOND,TX,fmcsa_census,,,,
standard,QUALITY GASES LLC,7132314554,mobile,trucking/logistics,DANBURY,TX,fmcsa_census,,,,
standard,SHERRY BAILEY,2818045427,mobile,trucking/logistics,CYPRESS,TX,fmcsa_census,,,,
standard,DAVID CAVAZOS,7723602014,mobile,trucking/logistics,PASADENA,TX,fmcsa_census,,,,
standard,EDDIE B JONES,7138268384,mobile,trucking/logistics,ALVIN,TX,fmcsa_census,,,,
standard,JAMORRIUS JENKINS,9798645107,mobile,trucking/logistics,CLUTE,TX,fmcsa_census,,,,
standard,ACCESS WORLD USA TRUCKING LLC,3464050530,mobile,trucking/logistics,BAYTOWN,TX,fmcsa_census,,,,
standard,SOUTHWEST SHIPYARD L P,7132926119,mobile,trucking/logistics,CHANNELVIEW,TX,fmcsa_census,,,,
standard,CHICKENTHANG LOGISTICS INC,7138166061,mobile,trucking/logistics,CROSBY,TX,fmcsa_census,,,,
standard,WILDGOOSE TRUCKING LLC,2819149631,mobile,trucking/logistics,CHANNELVIEW,TX,fmcsa_census,,,,
standard,JULIO CESAR OROZCO,8325730315,mobile,trucking/logistics,PASADENA,TX,fmcsa_census,,,,
standard,"JET-XPORT CARRIER, LLC",9792924380,mobile,trucking/logistics,CLUTE,TX,fmcsa_census,,,,
standard,YENOK LOGISTICS LLC,3465278900,mobile,trucking/logistics,KATY,TX,fmcsa_census,,,,
standard,MIP TRANSPORTATION LLC,2817437537,mobile,trucking/logistics,BAYTOWN,TX,fmcsa_census,,,,
standard,COASTAL PALLET LLC,5055191472,mobile,trucking/logistics,CLUTE,TX,fmcsa_census,,,,
standard,IGIT TRANSPORT LLC,8327738144,mobile,trucking/logistics,CYPRESS,TX,fmcsa_census,,,,
standard,D&D AUTO SALVAGE INC,2814241323,mobile,trucking/logistics,BAYTOWN,TX,fmcsa_census,,,,
standard,WINFIELD TRANSPORTZ LLC,3466407746,mobile,trucking/logistics,FRIENDSWOOD,TX,fmcsa_census,,,,
standard,VINCENT MERRITT,9366417564,mobile,trucking/logistics,DAYTON,TX,fmcsa_census,,,,
standard,RBG & SONS INC,7138246135,mobile,trucking/logistics,KATY,TX,fmcsa_census,,,,
standard,NAVTRANS LOGISTICS LLC,2819100234,mobile,trucking/logistics,DAYTON,TX,fmcsa_census,,,,
standard,LG CARR DELIVERIES LLC,9794177945,mobile,trucking/logistics,OYSTER CREEK,TX,fmcsa_census,,,,
standard,JOHN AARON DURAN,9794794960,mobile,trucking/logistics,BAY CITY,TX,fmcsa_census,,,,
standard,BEASTMODE LOGISTICS CORPORATION,4696078609,mobile,trucking/logistics,DAYTON,TX,fmcsa_census,,,,
standard,PARTNERS WITH ROSCOE,8326143890,mobile,trucking/logistics,ROSENBERG,TX,fmcsa_census,,,,
standard,HUMBERTO GONZALEZ RODRIGUEZ,8329229834,mobile,trucking/logistics,BAY CITY,TX,fmcsa_census,,,,
standard,THERESA MCGALLION,2816912296,mobile,trucking/logistics,CHANNELVIEW,TX,fmcsa_census,,,,
standard,JOHN MAVERICK,3469004071,mobile,trucking/logistics,FRIENDSWOOD,TX,fmcsa_census,,,,
standard,TEXAS RELIABLE TRUCKING INC,8324709475,mobile,trucking/logistics,CHANNELVIEW,TX,fmcsa_census,,,,
standard,STEPHEN W HARROLD,2819897308,mobile,trucking/logistics,CROSBY,TX,fmcsa_census,,,,
standard,JERSON'S CONCRETE LLC,8328739997,mobile,trucking/logistics,CROSBY,TX,fmcsa_census,,,,
standard,JCR TRUCKING SERVICES LLC,2819935340,mobile,trucking/logistics,FRIENDSWOOD,TX,fmcsa_census,,,,
standard,ALDANA,8323431753,mobile,trucking/logistics,CHANNELVIEW,TX,fmcsa_census,,,,
standard,"PURPLE HEART MEDICAL COURIER, LLC",2543383153,mobile,trucking/logistics,FRIENDSWOOD,TX,fmcsa_census,,,,
standard,OUTLAW TRANSPORTATION LLC,3184582082,mobile,trucking/logistics,BAY CITY,TX,fmcsa_census,,,,
standard,A RAMIREZ LOGISTICS GROUP LLC,9799434055,mobile,trucking/logistics,BAY CITY,TX,fmcsa_census,,,,
standard,WAYLON LEWIS JACKSON,2816526161,mobile,trucking/logistics,CROSBY,TX,fmcsa_census,,,,
standard,JUST BEACHIN IT,9792166932,mobile,trucking/logistics,BAY CITY,TX,fmcsa_census,,,,
standard,NEWAY TRANSPORT LLC,4097395407,mobile,trucking/logistics,SANTA FE,TX,fmcsa_census,,,,
standard,GABRIEL MEDRANO,4093301702,mobile,trucking/logistics,SANTA FE,TX,fmcsa_census,,,,
standard,ZION STAR LINE INC,3466899014,mobile,trucking/logistics,KATY,TX,fmcsa_census,,,,
standard,ELTE BLEACH TRANSPORT LLC,9792924865,mobile,trucking/logistics,FREEPORT,TX,fmcsa_census,,,,
standard,ASKEW & WORKERS CONSTRUCTION,2818600606,mobile,trucking/logistics,CHANNELVIEW,TX,fmcsa_census,,,,
standard,INTERNATIONAL CATALYST INC,2814760291,mobile,trucking/logistics,DEER PARK,TX,fmcsa_census,,,,
standard,PARADISE TRANSPORT INC,9792364751,mobile,trucking/logistics,FREEPORT,TX,fmcsa_census,,,,
standard,GORDON DAVID DUECK,5874381175,mobile,trucking/logistics,PASADENA,TX,fmcsa_census,,,,
standard,LOCKLEY LAND IMPROVEMENTS LLC,9795330265,mobile,trucking/logistics,BAY CITY,TX,fmcsa_census,,,,
standard,RICARDO RUIZ RODRIGUEZ,2818501177,mobile,trucking/logistics,BAYTOWN,TX,fmcsa_census,,,,
standard,CRISANGEL TRUCKING INC,9794824122,mobile,trucking/logistics,OYSTER CREEK,TX,fmcsa_census,,,,
standard,SOUTHLAND HAMMERWORKS INC,4097398290,mobile,trucking/logistics,FRIENDSWOOD,TX,fmcsa_census,,,,
standard,EXTREME COLD LLC,8323597945,mobile,trucking/logistics,SUGAR LAND,TX,fmcsa_census,,,,
standard,RED SWAMP CRAWFISH,9366625495,mobile,trucking/logistics,CROSBY,TX,fmcsa_census,,,,
standard,BURKS CONCRETE CONTRACTORS INC,4099254193,mobile,trucking/logistics,SANTA FE,TX,fmcsa_census,,,,
standard,IVORY LOGISTICS LLC,8628889945,mobile,trucking/logistics,ROSENBERG,TX,fmcsa_census,,,,
standard,EQUINOX TRANSPORT SERVICES LLC,2815361964,mobile,trucking/logistics,SUGAR LAND,TX,fmcsa_census,,,,
standard,KELLY EDWARDS LOGISTICS LLC,2254028505,mobile,trucking/logistics,KATY,TX,fmcsa_census,,,,
standard,POINT A TO POINT B LLC,3469017494,mobile,trucking/logistics,SUGAR LAND,TX,fmcsa_census,,,,
standard,LOY K BECK,2816872607,mobile,trucking/logistics,HANKAMER,TX,fmcsa_census,,,,
standard,DARRELL JANAK,9362582506,mobile,trucking/logistics,DAYTON,TX,fmcsa_census,,,,
standard,CHRISTOPHER GLEN DELMAR,8322836936,mobile,trucking/logistics,ROSENBERG,TX,fmcsa_census,,,,
standard,BOSS HOG HAULERS LLC,9793234614,mobile,trucking/logistics,BAY CITY,TX,fmcsa_census,,,,
standard,ANSELMO BENAVIDES,2818513447,mobile,trucking/logistics,DAYTON,TX,fmcsa_census,,,,
standard,JG GARCIA TRANSPORT LLC,8329841308,mobile,trucking/logistics,CHANNELVIEW,TX,fmcsa_census,,,,
standard,LOAD TRUST LOGISTICS LLC,7867572461,mobile,trucking/logistics,SUGAR LAND,TX,fmcsa_census,,,,
standard,STEPHEN MAURICE BURTON,9792401498,mobile,trucking/logistics,BAY CITY,TX,fmcsa_census,,,,
standard,WINDWOOD R&R LLC,8324447886,mobile,trucking/logistics,CROSBY,TX,fmcsa_census,,,,
standard,MAVI BEYAZ LLP,4802461402,mobile,trucking/logistics,KATY,TX,fmcsa_census,,,,
standard,OSCAR URIBE,7134464535,mobile,trucking/logistics,CHANNELVIEW,TX,fmcsa_census,,,,
standard,DONALD SALES,2816866827,mobile,trucking/logistics,DAYTON,TX,fmcsa_census,,,,
standard,JOSE LUIS CANTU,9794803800,mobile,trucking/logistics,FREEPORT,TX,fmcsa_census,,,,
standard,WOLF LINE LOGISTICS LLC,9792043640,mobile,trucking/logistics,KATY,TX,fmcsa_census,,,,
standard,HECTOR ARTURO GARCIA GARCIA,8322484312,mobile,trucking/logistics,BAYTOWN,TX,fmcsa_census,,,,
standard,TATE TRUCKING LOGISTICS LLC,8324515035,mobile,trucking/logistics,SUGAR LAND,TX,fmcsa_census,,,,
standard,CAS EXPRESS LLC,8328129050,mobile,trucking/logistics,CROSBY,TX,fmcsa_census,,,,
standard,FASTTRACKUSA LLC,8327050578,mobile,trucking/logistics,SUGAR LAND,TX,fmcsa_census,,,,
standard,TOP QUALITY TRANSPORT SERVICES LLC,3463914291,mobile,trucking/logistics,SUGAR LAND,TX,fmcsa_census,,,,
standard,JUAN MARCOS GUEVARA,3614037017,mobile,trucking/logistics,BAY CITY,TX,fmcsa_census,,,,
standard,CHARLES JOHNATHAN NICHOLS,7134444179,mobile,trucking/logistics,FRIENDSWOOD,TX,fmcsa_census,,,,
standard,PMSTX LLC,8326277886,mobile,trucking/logistics,DAYTON,TX,fmcsa_census,,,,
standard,JACOB B JEFFERY,8327150127,mobile,trucking/logistics,CROSBY,TX,fmcsa_census,,,,
standard,FAST EAGLE TRANSPORT CORP,2392271577,mobile,trucking/logistics,CHANNELVIEW,TX,fmcsa_census,,,,
standard,EAGLE RAILCAR SERVICES-CHANNELVIEW TEXAS LLC,2817299155,mobile,trucking/logistics,CHANNELVIEW,TX,fmcsa_census,,,,
standard,OMAR MATO,7862508211,mobile,trucking/logistics,CHANNELVIEW,TX,fmcsa_census,,,,
standard,K&K EMPIRE TRANSPORTATION LLC,7134107256,mobile,trucking/logistics,SUGAR LAND,TX,fmcsa_census,,,,
standard,BA TRANSPORT LLC,2818650896,mobile,trucking/logistics,CYPRESS,TX,fmcsa_census,,,,
standard,FAST LANE TRANSPORTATION LLC,2818402804,mobile,trucking/logistics,ROSENBERG,TX,fmcsa_census,,,,
standard,BTI COMPANY LLC,8327847073,mobile,trucking/logistics,CHANNELVIEW,TX,fmcsa_census,,,,
standard,SLATE SPARTANS LLC,2819043407,mobile,trucking/logistics,ROSENBERG,TX,fmcsa_census,,,,
standard,BLUE SHARK EXPRESS LLC,8322887856,mobile,trucking/logistics,PASADENA,TX,fmcsa_census,,,,
standard,DOYE TYLER JR,4094575511,mobile,trucking/logistics,SANTA FE,TX,fmcsa_census,,,,
standard,CARGOWIZE LLC,8328473194,mobile,trucking/logistics,ROSENBERG,TX,fmcsa_census,,,,
standard,RAYMOND CORTEZ,9794791417,mobile,trucking/logistics,BAY CITY,TX,fmcsa_census,,,,
standard,TOP SHOT CARRIERS LLC,8327980428,mobile,trucking/logistics,DAYTON,TX,fmcsa_census,,,,
standard,ROLLOUT LOGISTICS LLC,2817396402,mobile,trucking/logistics,DAYTON,TX,fmcsa_census,,,,
standard,DYL TRUCKING LLC,8325085125,mobile,trucking/logistics,CHANNELVIEW,TX,fmcsa_census,,,,
standard,PRESTIGE DELIVERY SERVICES LLC,9362459777,mobile,trucking/logistics,FREEPORT,TX,fmcsa_census,,,,
standard,THIRD COAST HAULING LLC,4092398251,mobile,trucking/logistics,KATY,TX,fmcsa_census,,,,
standard,RAPID RIDER LOGISTICS LLC,7139690056,mobile,trucking/logistics,FRIENDSWOOD,TX,fmcsa_census,,,,
standard,J ASCENSION SANCHEZ,9792995937,mobile,trucking/logistics,FREEPORT,TX,fmcsa_census,,,,
standard,CALVIN MCGEE JR,8329284085,mobile,trucking/logistics,CYPRESS,TX,fmcsa_census,,,,
standard,VEGAS RG TRUCKING LLC,7025639380,mobile,trucking/logistics,CYPRESS,TX,fmcsa_census,,,,
standard,RHODES RUNNERS TURF & TRANSPORT LLC,2815414241,mobile,trucking/logistics,CROSBY,TX,fmcsa_census,,,,
standard,KURT DAVID SMITH,9792449915,mobile,trucking/logistics,BAY CITY,TX,fmcsa_census,,,,
standard,KJ TRUCKING ENTERPRISES LLC,3619454800,mobile,trucking/logistics,FRIENDSWOOD,TX,fmcsa_census,,,,
standard,ALEJANDRO ROMO,7134743888,mobile,trucking/logistics,FRIENDSWOOD,TX,fmcsa_census,,,,
standard,NAMOSON INC,4696058008,mobile,trucking/logistics,SUGAR LAND,TX,fmcsa_census,,,,
standard,CO TRANSP LLC,8326592269,mobile,trucking/logistics,DAYTON,TX,fmcsa_census,,,,
standard,JOHN DALTON EVANS,4092560092,mobile,trucking/logistics,SANTA FE,TX,fmcsa_census,,,,
standard,PATEL'S TRUCKING,8323606147,mobile,trucking/logistics,SUGARLAND,TX,fmcsa_census,,,,
standard,BECK BULK TRANSPORT LLC,7133059936,mobile,trucking/logistics,HANKAMER,TX,fmcsa_census,,,,
standard,HHT HAULING,4096512127,mobile,trucking/logistics,HANKAMER,TX,fmcsa_census,,,,
standard,FLYING DD TRANSPORTATION,8326238479,mobile,trucking/logistics,DAYTON,TX,fmcsa_census,,,,
standard,CORY DESHAUN ROSS,8323223858,mobile,trucking/logistics,DAYTON,TX,fmcsa_census,,,,
standard,SNIFTERS INC,4099390700,mobile,trucking/logistics,SANTA FE,TX,fmcsa_census,,,,
standard,SHINTECH INC,9792337861,mobile,trucking/logistics,FREEPORT,TX,fmcsa_census,,,,
standard,BEE TRANSPORT LLC,2244805867,mobile,trucking/logistics,KATY,TX,fmcsa_census,,,,
standard,CISNEROS TRANSPORTATION SERVICES LLC,8328906030,mobile,trucking/logistics,CROSBY,TX,fmcsa_census,,,,
standard,BASF CORPORATION,9792364507,mobile,trucking/logistics,FREEPORT,TX,fmcsa_census,,,,
standard,KING TRUCK LINES INC,3462619731,mobile,trucking/logistics,FRIENDSWOOD,TX,fmcsa_census,,,,
standard,STACY REINHART,2817611901,mobile,trucking/logistics,CLEVELAND,TX,fmcsa_census,,,,
standard,G & C EQUIPMENT HAULING LLC,2817707028,mobile,trucking/logistics,CROSBY,TX,fmcsa_census,,,,
standard,SHANNON LEE FAIRCLOTH,4092000146,mobile,trucking/logistics,HARDIN,TX,fmcsa_census,,,,
standard,RDT ASSOCIATES LLC,4135371743,mobile,trucking/logistics,HARDIN,TX,fmcsa_census,,,,
standard,G & J FREIGHT SERVICES LLC,8324338141,mobile,trucking/logistics,DAYTON,TX,fmcsa_census,,,,
standard,PRO DESIGN ACADEMY LLC,4098882441,mobile,trucking/logistics,PEARLAND,TX,fmcsa_census,,,,
standard,SKAB LOGISTICS LLC,3462569366,mobile,trucking/logistics,KATY,TX,fmcsa_census,,,,
standard,CLEVELAND R LINDSEY,8062002529,mobile,trucking/logistics,CYPRESS,TX,fmcsa_census,,,,
standard,JAIRO GIL,8323483322,mobile,trucking/logistics,FRESNO,TX,fmcsa_census,,,,
standard,HOUSTON FLEETING SERVICES LLC,9366412801,mobile,trucking/logistics,CHANNELVIEW,TX,fmcsa_census,,,,
standard,A AND M AUTO TRANSPORT LLC,8324056949,mobile,trucking/logistics,FRESNO,TX,fmcsa_census,,,,
standard,HOWARD ODEAN HARRIS,2817252396,mobile,trucking/logistics,ROSENBERG,TX,fmcsa_census,,,,
standard,SMARTCARD AMERICA USA INC,8328168588,mobile,trucking/logistics,ROSENBERG,TX,fmcsa_census,,,,
standard,TRUSTED COUPLE HOT SHOT LLC,3467028115,mobile,trucking/logistics,KATY,TX,fmcsa_census,,,,
standard,HOGGNERTHANG LLC,7139225607,mobile,trucking/logistics,FRESNO,TX,fmcsa_census,,,,
standard,PENGON FREIGHT INC,7133805887,mobile,trucking/logistics,PEARLAND,TX,fmcsa_census,,,,
standard,GC REMEDIATION LTD,2814857218,mobile,trucking/logistics,PEARLAND,TX,fmcsa_census,,,,
standard,OSCAR MARTINEZ JR,4095998163,mobile,trucking/logistics,LA MARQUE,TX,fmcsa_census,,,,
standard,GODOY READY MIX LLC,2819148384,mobile,trucking/logistics,ROSENBERG,TX,fmcsa_census,,,,
standard,HDO TRUCKING,2816908537,mobile,trucking/logistics,ROSENBERG,TX,fmcsa_census,,,,
standard,STANDLEY TRUCKING LLC,3468184362,mobile,trucking/logistics,CYPRESS,TX,fmcsa_census,,,,
standard,KELLY LONDA,2816155823,mobile,trucking/logistics,BAYTOWN,TX,fmcsa_census,,,,
standard,HARRY F LIVELY,7137056400,mobile,trucking/logistics,PEARLAND,TX,fmcsa_census,,,,
standard,ELFTRANSPORTATION LLC,2816833243,mobile,trucking/logistics,BAYTOWN,TX,fmcsa_census,,,,
standard,PARAH SIMMS LLC,2024769961,mobile,trucking/logistics,KATY,TX,fmcsa_census,,,,
standard,BASIL OILFIELD SERVICE INC,9362745311,mobile,trucking/logistics,SARATOGA,TX,fmcsa_census,,,,
standard,BYM LOGISTICS LLC,8327443948,mobile,trucking/logistics,KATY,TX,fmcsa_census,,,,
standard,ELIGIUM CORPORATION,7137755320,mobile,trucking/logistics,CYPRESS,TX,fmcsa_census,,,,
standard,4A GLOBAL INC,2142931976,mobile,trucking/logistics,KATY,TX,fmcsa_census,,,,
standard,TRAVIS CRISMAN,9362741110,mobile,trucking/logistics,SARATOGA,TX,fmcsa_census,,,,
standard,CAESAR & ASSOCIATES ENTERPRISES LLC,8322628388,mobile,trucking/logistics,BAYTOWN,TX,fmcsa_census,,,,
standard,PIGGYBACK TRANSPORTS LLC,2819486456,mobile,trucking/logistics,MANVEL,TX,fmcsa_census,,,,
standard,RES TRANSPORT LLC,4096599710,mobile,trucking/logistics,SARATOGA,TX,fmcsa_census,,,,
standard,H & V TRANSPORT & SERVICES LLC,2816397385,mobile,trucking/logistics,TEXAS CITY,TX,fmcsa_census,,,,
standard,FUTURE DREAMS COMPANY LLC,8325076009,mobile,trucking/logistics,KATY,TX,fmcsa_census,,,,
standard,JARED DERBIGNEY & EFREN DERBIGNEY,2817793090,mobile,trucking/logistics,KATY,TX,fmcsa_census,,,,
standard,MIGUEL ANGEL VALENCIA,7134176086,mobile,trucking/logistics,MANVEL,TX,fmcsa_census,,,,
standard,C T TRANSPORTATION INC,7138575173,mobile,trucking/logistics,PEARLAND,TX,fmcsa_census,,,,
standard,KAC SERVICES LLC,8328835484,mobile,trucking/logistics,PEARLAND,TX,fmcsa_census,,,,
standard,ELLIOTT'S TRUCKING LLC,2818308102,mobile,trucking/logistics,TEXAS CITY,TX,fmcsa_census,,,,
standard,VENAMERICA TRANSPORTATION CORP,3469179822,mobile,trucking/logistics,KATY,TX,fmcsa_census,,,,
standard,ALLEN HARRISON JR,7134933063,mobile,trucking/logistics,PEARLAND,TX,fmcsa_census,,,,
standard,JOE ROBERT NARANJO,2814897080,mobile,trucking/logistics,MANVEL,TX,fmcsa_census,,,,
standard,ROOSEVELT MILES JR,3463338363,mobile,trucking/logistics,CYPRESS,TX,fmcsa_census,,,,
standard,AARON CRAWFORD WILLIAMS AND DAVID TORRES,4093071989,mobile,trucking/logistics,LA MARQUE,TX,fmcsa_census,,,,
standard,SOLUTIONS LOGISTICS & TRANSPORTATION LLC,8324334647,mobile,trucking/logistics,PEARLAND,TX,fmcsa_census,,,,
standard,GEC ENTERPRISE LLC,8322368602,mobile,trucking/logistics,PEARLAND,TX,fmcsa_census,,,,
standard,JOSE F ARGUETA BLANCO,7133305661,mobile,trucking/logistics,MANVEL,TX,fmcsa_census,,,,
standard,BARNHART OILFIELD SERVICES LLC,9363461121,mobile,trucking/logistics,LIBERTY,TX,fmcsa_census,,,,
standard,SPURLOCK OILFIELD SERVICES LLC,8325032929,mobile,trucking/logistics,PEARLAND,TX,fmcsa_census,,,,
standard,BLAQUE LEGACY LOGISTICS LLC,8326842076,mobile,trucking/logistics,CYPRESS,TX,fmcsa_census,,,,
standard,BULKLOGIX TRANSPORT LLC,2817854462,mobile,trucking/logistics,MANVEL,TX,fmcsa_census,,,,
standard,ARANA TRUCKING LLC,4094439679,mobile,trucking/logistics,LA MARQUE,TX,fmcsa_census,,,,
standard,TL AND SONS TRUCKING,5042926635,mobile,trucking/logistics,KATY,TX,fmcsa_census,,,,
standard,YRP TRUCKING LLC,8325161199,mobile,trucking/logistics,LIBERTY,TX,fmcsa_census,,,,
standard,FOBBS FAMILY EXPRESS,8328882459,mobile,trucking/logistics,FRESNO,TX,fmcsa_census,,,,
standard,ARB TRANSPORT LLC,2817577956,mobile,trucking/logistics,PEARLAND,TX,fmcsa_census,,,,
standard,IRMA L IBARRA,2816911725,mobile,trucking/logistics,BAYTOWN,TX,fmcsa_census,,,,
standard,THE DAVIS KING RANCH LLC,8325743679,mobile,trucking/logistics,PEARLAND,TX,fmcsa_census,,,,
standard,SNORKLIFT LLC,7133823005,mobile,trucking/logistics,PEARLAND,TX,fmcsa_census,,,,
standard,RIVAS & SONS EXPRESS LLC,7134082005,mobile,trucking/logistics,FRESNO,TX,fmcsa_census,,,,
standard,CASEMAN TRUCKING LLC,9363468075,mobile,trucking/logistics,LIBERTY,TX,fmcsa_census,,,,
standard,JAYMALY LLC,8329464908,mobile,trucking/logistics,KATY,TX,fmcsa_census,,,,
standard,CHOSEN ISLAND CUISINE LLC,2814541514,mobile,trucking/logistics,PEARLAND,TX,fmcsa_census,,,,
standard,JUAN A RODRIGUEZ,8325973176,mobile,trucking/logistics,BAYTOWN,TX,fmcsa_census,,,,
standard,TRIPLE DEE LOGISTICS & TRANSPORTATION CO LLC,2482420204,mobile,trucking/logistics,FRESNO,TX,fmcsa_census,,,,
standard,CHARLES J SEBASTIAN,7135690994,mobile,trucking/logistics,BAYTOWN,TX,fmcsa_census,,,,
standard,YAH'S WAY TRANS LLC,3463212214,mobile,trucking/logistics,FRESNO,TX,fmcsa_census,,,,
standard,KV WELD INC,2818381093,mobile,trucking/logistics,BAYTOWN,TX,fmcsa_census,,,,
standard,J RICH TRANSPORT LLC,4095990174,mobile,trucking/logistics,TEXAS CITY,TX,fmcsa_census,,,,
standard,CCEM LLC,8324398948,mobile,trucking/logistics,FRESNO,TX,fmcsa_census,,,,
standard,PRO SELECTIONS INC,4099484457,mobile,trucking/logistics,TEXAS CITY,TX,fmcsa_census,,,,
standard,TEXAS RELOCATION VAN LINES LLC,5129033375,mobile,trucking/logistics,KATY,TX,fmcsa_census,,,,
standard,24 LOADS INC,6826668070,mobile,trucking/logistics,KATY,TX,fmcsa_census,,,,
standard,U-NEAUX LLC,9363337111,mobile,trucking/logistics,BAYTOWN,TX,fmcsa_census,,,,
standard,IRELAND TRANSPORTATION SERVICE LLC,2818772816,mobile,trucking/logistics,MANVEL,TX,fmcsa_census,,,,
standard,ASPHALT AND CONSTRUCTION,2815416147,mobile,trucking/logistics,PEARLAND,TX,fmcsa_census,,,,
standard,RUDOPLH KARL WISTINGHAUSEN IV,7132615740,mobile,trucking/logistics,TEXAS CITY,TX,fmcsa_census,,,,
standard,VERASHON TRANSPORTATION LLC,8329436470,mobile,trucking/logistics,FRESNO,TX,fmcsa_census,,,,
standard,SAPPS LOGISTICS LLC,7134803943,mobile,trucking/logistics,MANVEL,TX,fmcsa_census,,,,
standard,WGY TRANSPORT LLC,8324239968,mobile,trucking/logistics,KATY,TX,fmcsa_census,,,,
standard,KENDRICK LYONS,8323472014,mobile,trucking/logistics,FRESNO,TX,fmcsa_census,,,,
standard,HGP TRUCKING LLC,3059628712,mobile,trucking/logistics,PERLAND,TX,fmcsa_census,,,,
standard,ECCENTRIC LOGISTICS AND VENTURES LLC,3073165029,mobile,trucking/logistics,FRESNO,TX,fmcsa_census,,,,
standard,STARMAX TRANSPORT LLC,3463045223,mobile,trucking/logistics,KATY,TX,fmcsa_census,,,,
standard,MORGAN LEIGH BLACKSTONE,9367762199,mobile,trucking/logistics,LIBERTY,TX,fmcsa_census,,,,
standard,TANGIBILITY TRUCKING LLC,8324232530,mobile,trucking/logistics,FRESNO,TX,fmcsa_census,,,,
standard,50 STATE CARRIERS,8322169017,mobile,trucking/logistics,TEXAS CITY,TX,fmcsa_census,,,,
standard,DOMAC INC,4099453346,mobile,trucking/logistics,TEXAS CITY,TX,fmcsa_census,,,,
standard,BORO TRANSPORT LLC,3466672276,mobile,trucking/logistics,KATY,TX,fmcsa_census,,,,
standard,ROOSEVELT BRYANT III,2817853234,mobile,trucking/logistics,KATY,TX,fmcsa_census,,,,
standard,TRANSPORTATION 75 LLC,8322083028,mobile,trucking/logistics,KATY,TX,fmcsa_census,,,,
standard,OSCAR BASDEN,8326958897,mobile,trucking/logistics,BAYTOWN,TX,fmcsa_census,,,,
standard,GULF CHARTERS INC,7139472877,mobile,trucking/logistics,SOUTH HOUSTON,TX,fmcsa_census,,,,
standard,GLEN PALMER,4058161463,mobile,trucking/logistics,LIBERTY,TX,fmcsa_census,,,,
standard,LIFETIME LOGISTICS LLC,7137914592,mobile,trucking/logistics,PEARLAND,TX,fmcsa_census,,,,
standard,GULF JOCKEY LLC,9158385651,mobile,trucking/logistics,TEXAS CITY,TX,fmcsa_census,,,,
standard,DEREKH LLC,3463685971,mobile,trucking/logistics,CYPRESS,TX,fmcsa_census,,,,
standard,COWL TRANSPORTATION LLC,9363345206,mobile,trucking/logistics,LIBERTY,TX,fmcsa_census,,,,
standard,STARQUALITY CORPORATION,7134098180,mobile,trucking/logistics,KATY,TX,fmcsa_census,,,,
standard,AJ TAYLOR LOGISTICS LLC,7134443019,mobile,trucking/logistics,PEARLAND,TX,fmcsa_census,,,,
standard,JMR TRANSPORT LLC,7135454265,mobile,trucking/logistics,SOUTH HOUSTON,TX,fmcsa_census,,,,
standard,FIRST SDP MANAGEMENT LLC,8328966690,mobile,trucking/logistics,FRESNO,TX,fmcsa_census,,,,
standard,WILLIAMS ELITE TRANSPORTATION LLC,7133329922,mobile,trucking/logistics,FRESNO,TX,fmcsa_census,,,,
standard,LELAND J JOHNSON,7134124620,mobile,trucking/logistics,SOUTH HOUSTON,TX,fmcsa_census,,,,
standard,PRIME HOT SHOT,8322282325,mobile,trucking/logistics,PEARLAND,TX,fmcsa_census,,,,
standard,LITTON EXPRESS LLC,6787177060,mobile,trucking/logistics,WALLISVILLE,TX,fmcsa_census,,,,
standard,YL TRANSPORT LLC,3462109226,mobile,trucking/logistics,CYPRESS,TX,fmcsa_census,,,,
standard,MCCULLOUGH GRAF-X LLC,2817771682,mobile,trucking/logistics,MANVEL,TX,fmcsa_census,,,,
standard,AZIMUTH TRANSPORT LLC,7132592104,mobile,trucking/logistics,LIBERTY,TX,fmcsa_census,,,,
standard,74 AUTO LIQUIDATORS INC,9366413938,mobile,trucking/logistics,WALLISVILLE,TX,fmcsa_census,,,,
standard,VAN DORN FORESTRY LLC,9363365130,mobile,trucking/logistics,LIBERTY,TX,fmcsa_census,,,,
standard,JOSE LUEVANO,7134234261,mobile,trucking/logistics,ROSHARON,TX,fmcsa_census,,,,
standard,BOBBY LEE FRITH,4096825860,mobile,trucking/logistics,TEXAS CITY,TX,fmcsa_census,,,,
standard,G G D TRANSPORT LLC,3466292447,mobile,trucking/logistics,CYPRESS,TX,fmcsa_census,,,,
standard,PEPON TRUCK LLC,9793308470,mobile,trucking/logistics,KATY,TX,fmcsa_census,,,,
standard,CHEM PRO TRANSPORT LLC,2818376496,mobile,trucking/logistics,BAYTOWN,TX,fmcsa_census,,,,
standard,MR CARGO TRANSPORT LLC,3465328855,mobile,trucking/logistics,KATY,TX,fmcsa_census,,,,
standard,BRINGIN' IT HOME LLC,8322586999,mobile,trucking/logistics,PEARLAND,TX,fmcsa_census,,,,
standard,KEN'S EXCLUSIVE TRUCKING L L C,4099344842,mobile,trucking/logistics,TEXAS CITY,TX,fmcsa_census,,,,
standard,TRADITIONAL CARE TRUCKING INC,7135036389,mobile,trucking/logistics,ROSHARON,TX,fmcsa_census,,,,
standard,DIADEL LOGISTICS LLC,7868169129,mobile,trucking/logistics,KATY,TX,fmcsa_census,,,,
standard,JRICH TRUCKING LLC,8645185884,mobile,trucking/logistics,ROSHARON,TX,fmcsa_census,,,,
standard,BLAZE TRANSPORTATION INC,8329190034,mobile,trucking/logistics,ROSHARON,TX,fmcsa_census,,,,
standard,EDWARD A GARCIA,9792577023,mobile,trucking/logistics,MARKHAM,TX,fmcsa_census,,,,
standard,FORD TRUCKING LLC,4096220674,mobile,trucking/logistics,HILLISTER,TX,fmcsa_census,,,,
standard,NATURE GUYS TRUCKING LLC,2816534585,mobile,trucking/logistics,ROSHARON,TX,fmcsa_census,,,,
standard,RHEMA TRUCKING LLC,8322642430,mobile,trucking/logistics,LEAGUE CITY,TX,fmcsa_census,,,,
standard,STINGRAY GLOBAL LLC,8328817149,mobile,trucking/logistics,PEARLAND,TX,fmcsa_census,,,,
standard,YESSE LOGISTIC LLC,8127710029,mobile,trucking/logistics,KATY,TX,fmcsa_census,,,,
standard,G STEWART ENTERPRISES LLC,8324383733,mobile,trucking/logistics,ROSHARON,TX,fmcsa_census,,,,
standard,DORA ALBERT TAYLOR JR,9363915713,mobile,trucking/logistics,RAYWOOD,TX,fmcsa_census,,,,
standard,JD MANLEY INC,7135300710,mobile,trucking/logistics,LEAGUE CITY,TX,fmcsa_census,,,,
standard,PARTY TODAY LOGISTICS LLC,6824598843,mobile,trucking/logistics,KATY,TX,fmcsa_census,,,,
standard,JOHNNY BANE,8327157046,mobile,trucking/logistics,BAYTOWN,TX,fmcsa_census,,,,
standard,TRANSPORTATION NETWORK LLC,8326029080,mobile,trucking/logistics,PEARLAND,TX,fmcsa_census,,,,
standard,A & D RAN LOGISTICS LLC,4097893928,mobile,trucking/logistics,LEAGUE CITY,TX,fmcsa_census,,,,
standard,JORDAN LOGGING INC,4092830467,mobile,trucking/logistics,HILLISTER,TX,fmcsa_census,,,,
standard,SMITH'S LOGISTICS LLC,8325233513,mobile,trucking/logistics,ROSHARON,TX,fmcsa_census,,,,
standard,KBSELECTS,8322870731,mobile,trucking/logistics,KATY,TX,fmcsa_census,,,,
standard,HOTSHOTS AND TRANSPORTATION LLC,3463496051,mobile,trucking/logistics,LEAGUE CITY,TX,fmcsa_census,,,,
standard,MANSONTHA ANTONIO MERCHANT SR,4093386714,mobile,trucking/logistics,HILLISTER,TX,fmcsa_census,,,,
standard,LION TRANSPORTATION LLC,8162554173,mobile,trucking/logistics,LEAGUE CITY,TX,fmcsa_census,,,,
standard,VALERIE SEARS,4097463059,mobile,trucking/logistics,DEWEYVILLE,TX,fmcsa_census,,,,
standard,STALLION PEGASUS LLC,8328809651,mobile,trucking/logistics,LEAGUE CITY,TX,fmcsa_census,,,,
standard,TERNOIR ENTERPRISES LLC,6307747700,mobile,trucking/logistics,BAYTOWN,TX,fmcsa_census,,,,
standard,CARMEN COLBERT,4095994581,mobile,trucking/logistics,TEXASCITY,TX,fmcsa_census,,,,
standard,JOE JORDAN,7136803181,mobile,trucking/logistics,LEAGUE CITY,TX,fmcsa_census,,,,
standard,DAVID BALAY,7086636711,mobile,trucking/logistics,BAYTOWN,TX,fmcsa_census,,,,
standard,SALMS QUICK HAULING LLC,9727625998,mobile,trucking/logistics,TEXAS CITY,TX,fmcsa_census,,,,
standard,ABRAHAM ALANIS,7132139830,mobile,trucking/logistics,BAYTOWN,TX,fmcsa_census,,,,
standard,TEXAS TROPICAL SUPPLY LLC,8328730645,mobile,trucking/logistics,KATY,TX,fmcsa_census,,,,
standard,C & O TRANSPORTATION SERVICES LLC,8329808721,mobile,trucking/logistics,PEARLAND,TX,fmcsa_census,,,,
standard,LCD TRUCKING LLC,4095191580,mobile,trucking/logistics,GROVES,TX,fmcsa_census,,,,
standard,ORLANDO TRUCKING SERVICES LLC,4095660474,mobile,trucking/logistics,GROVES,TX,fmcsa_census,,,,
standard,ACTION TOWING INC,2813303191,mobile,trucking/logistics,LEAGUE CITY,TX,fmcsa_census,,,,
standard,ESCARVILLA TRANSPORT LLC,8328573504,mobile,trucking/logistics,BAYTOWN,TX,fmcsa_census,,,,
standard,WELTON J CATO,4099353258,mobile,trucking/logistics,TEXAS CITY,TX,fmcsa_census,,,,
standard,ODALINA RODRIGUEZ-ALVAREZ,3462973660,mobile,trucking/logistics,GROVES,TX,fmcsa_census,,,,
standard,ALVAND LOGISTICS LLC,8322138624,mobile,trucking/logistics,PEARLAND,TX,fmcsa_census,,,,
standard,C K TRANSPORTATION INC,2813323253,mobile,trucking/logistics,LEAGUE CITY,TX,fmcsa_census,,,,
standard,KOUNTZE ENTERPRISES INC,4092462659,mobile,trucking/logistics,KOUNTZE,TX,fmcsa_census,,,,
standard,J & K UNIQUE AUTO TRANSPORT LLC,2816677525,mobile,trucking/logistics,LEAGUE CITY,TX,fmcsa_census,,,,
standard,GNP TRANSPORTATION SERVICES INC,8323880006,mobile,trucking/logistics,PEARLAND,TX,fmcsa_census,,,,
standard,K & T LOGISTICS LLC,8325789749,mobile,trucking/logistics,BAYTOWN,TX,fmcsa_census,,,,
standard,DARRELL HONEYCUTT,2815208636,mobile,trucking/logistics,BAYTOWN,TX,fmcsa_census,,,,
standard,ZDD LOGISTICS LLC,3618769901,mobile,trucking/logistics,LEAGUE CITY,TX,fmcsa_census,,,,
standard,WILLIAM TRAVIS,4097242103,mobile,trucking/logistics,NEDERLAND,TX,fmcsa_census,,,,
standard,PILLZ-ON-WHEELS,2105489755,mobile,trucking/logistics,ROSHARON,TX,fmcsa_census,,,,
standard,"BURILLIAN LOGISTICS, LLC",7135165807,mobile,trucking/logistics,ROSHARON,TX,fmcsa_census,,,,
standard,HOLLIEWOOD ENTERPRISES LLC,4094057337,mobile,trucking/logistics,ORANGE,TX,fmcsa_census,,,,
standard,PHENOMENAL ENTERPRISE LLC,6017301278,mobile,trucking/logistics,BAYTOWN,TX,fmcsa_census,,,,
standard,GROVES TEXAS TRUCKING LLC,4092931296,mobile,trucking/logistics,GROVES,TX,fmcsa_census,,,,
standard,FYM CONCRETE SERVICES LLC,7133987857,mobile,trucking/logistics,KATY,TX,fmcsa_census,,,,
standard,COOK TRANSPORT OTR LLC,9152346219,mobile,trucking/logistics,NEDERLAND,TX,fmcsa_census,,,,
standard,ERICK HAYNES,4092391055,mobile,trucking/logistics,KOUNTZE,TX,fmcsa_census,,,,
standard,MBC TRANSPORTATION INC,7203646861,mobile,trucking/logistics,TEXAS CITY,TX,fmcsa_census,,,,
standard,WALTER CHERRY TRUCKING INC,2142280829,mobile,trucking/logistics,EVADALE,TX,fmcsa_census,,,,
standard,LAKIESHA TURNER,4094662088,mobile,trucking/logistics,KOUNTZE,TX,fmcsa_census,,,,
standard,SELF MADETRUCKING LLC,4094331221,mobile,trucking/logistics,GROVES,TX,fmcsa_census,,,,
standard,JEHOVAH LOGISTICS LLC,8327545821,mobile,trucking/logistics,PEARLAND,TX,fmcsa_census,,,,
standard,CLEAR LAKE LOGISTICS LLC,2149661792,mobile,trucking/logistics,LEAGUE CITY,TX,fmcsa_census,,,,
standard,HARDIN COUNTY TRACTOR INCORPORATED,4096580262,mobile,trucking/logistics,KOUNTZE,TX,fmcsa_census,,,,
standard,ELGIN H BROWNING,4098860943,mobile,trucking/logistics,ORANGE,TX,fmcsa_census,,,,
standard,SALAZAR E HIJOS LLC,3083838219,mobile,trucking/logistics,GROVES,TX,fmcsa_census,,,,
standard,J&J WRECKER SERVICES LLC,8325305229,mobile,trucking/logistics,KATY,TX,fmcsa_census,,,,
standard,UNIQUE CARE LLC,8322933841,mobile,trucking/logistics,ROSHARON,TX,fmcsa_census,,,,
standard,NONE,9794795113,mobile,trucking/logistics,ORANGE,TX,fmcsa_census,,,,
standard,SHYFT FREIGHT LLC,8329648432,mobile,trucking/logistics,BAYTOWN,TX,fmcsa_census,,,,
standard,BOBBY GUZMAN TRUCKING,4097821888,mobile,trucking/logistics,EVADALE,TX,fmcsa_census,,,,
standard,FSP LTL LLC,8324090452,mobile,trucking/logistics,BAYTOWN,TX,fmcsa_census,,,,
standard,WEAVER CRANE AND RIGGING LLC,4096973247,mobile,trucking/logistics,NEDERLAND,TX,fmcsa_census,,,,
standard,SPEED INDUSTRIAL SERVICE OF BEAUMONT LLC,4092840474,mobile,trucking/logistics,GROVES,TX,fmcsa_census,,,,
standard,WEEBBLE SERVICES LLC,6175137484,mobile,trucking/logistics,BAYTOWN,TX,fmcsa_census,,,,
standard,STEVE QUIBODEAUX,4096971212,mobile,trucking/logistics,ORANGE,TX,fmcsa_census,,,,
standard,TLPW DEVELOPMENT INC,4096707456,mobile,trucking/logistics,ORANGE,TX,fmcsa_census,,,,
standard,ALEXANDRO POLANCO FIGUEROA,7712181991,mobile,trucking/logistics,ROSHARON,TX,fmcsa_census,,,,
standard,ROCKIN DOUBLE M LOGISTICS LLC,3372448139,mobile,trucking/logistics,KOUNTZE,TX,fmcsa_census,,,,
standard,BLAST E&I SUPPLIES & SERVICES LLC,2815571000,mobile,trucking/logistics,LEAGUE CITY,TX,fmcsa_census,,,,
standard,FIRM TRANSPORT SOLUTIONS INC,5128779902,mobile,trucking/logistics,LEAGUE CITY,TX,fmcsa_census,,,,
standard,JAS FREIGHT LLC,2015981873,mobile,trucking/logistics,GROVES,TX,fmcsa_census,,,,
standard,DONALD L SCHMITT,4099984270,mobile,trucking/logistics,ORANGE,TX,fmcsa_census,,,,
standard,H20 PRODUCTIONS,4092846408,mobile,trucking/logistics,NEDERLAND,TX,fmcsa_census,,,,
standard,AMERICAN NOZZLE REPAIR INC,4096709400,mobile,trucking/logistics,ORANGE,TX,fmcsa_census,,,,
standard,LARRY THOMAS,4097823348,mobile,trucking/logistics,KOUNTZE,TX,fmcsa_census,,,,
standard,A & B HOPE TRUCKING LLC,4095999532,mobile,trucking/logistics,TEXAS CITY,TX,fmcsa_census,,,,
standard,MID COUNTY FARM & FEED SUPPLY LLC,4095490186,mobile,trucking/logistics,NEDERLAND,TX,fmcsa_census,,,,
standard,JUAN COLLADO VALENZUELA,8325450578,mobile,trucking/logistics,ROSHARON,TX,fmcsa_census,,,,
standard,KNEES PROPERTIES LLC,4092913298,mobile,trucking/logistics,KOUNTZE,TX,fmcsa_census,,,,
standard,HOWARD PARRONDO,8323989314,mobile,trucking/logistics,PEARLAND,TX,fmcsa_census,,,,
standard,SJL EXPRESS INC,4094994242,mobile,trucking/logistics,TEXAS CITY,TX,fmcsa_census,,,,
standard,DOUGA VELOCITY HOTSHOT TRANSPORTATION SERVICE LLC,4097185531,mobile,trucking/logistics,NEDERLAND,TX,fmcsa_census,,,,
standard,WAYNE EVERETT LEE,4097515091,mobile,trucking/logistics,KOUNTZE,TX,fmcsa_census,,,,
standard,TURNER INDUSTRIES GROUP LLC,4097282612,mobile,trucking/logistics,NEDERLAND,TX,fmcsa_census,,,,
standard,SCOTT ELTON ELMER,4097816237,mobile,trucking/logistics,KOUNTZE,TX,fmcsa_census,,,,
standard,KOST TRANSPORT LLC,8329228887,mobile,trucking/logistics,LEAGUE CITY,TX,fmcsa_census,,,,
standard,HORTON TRANSPORT LLC,3373686071,mobile,trucking/logistics,LEAGUE CITY,TX,fmcsa_census,,,,
standard,JD TRANSPORTATION SPECIALIST LLC,3368482751,mobile,trucking/logistics,NEDERLAND,TX,fmcsa_census,,,,
standard,409 DEMO LLC,4094980040,mobile,trucking/logistics,NEDERLAND,TX,fmcsa_census,,,,
standard,DOWNSHIFT LOGISTICS LLC,4095995598,mobile,trucking/logistics,LEAGUE CITY,TX,fmcsa_census,,,,
standard,BOUMANS AND ASSOCIATES INC,4096583487,mobile,trucking/logistics,NEDERLAND,TX,fmcsa_census,,,,
standard,DAVID F HARPER,4096737858,mobile,trucking/logistics,KOUNTZE,TX,fmcsa_census,,,,
standard,SONNY SERVICES LLC,3464106322,mobile,trucking/logistics,GROVES,TX,fmcsa_census,,,,
standard,ALFRED V HENDERSON,7133209866,mobile,trucking/logistics,PEARLAND,TX,fmcsa_census,,,,
standard,TERRY KIEL,4092394890,mobile,trucking/logistics,KOUNTZE,TX,fmcsa_census,,,,
standard,MCCREE INDUSTRIES LLC,4093730001,mobile,trucking/logistics,KOUNTZE,TX,fmcsa_census,,,,
standard,VESTON INC,2819049821,mobile,trucking/logistics,LEAGUE CITY,TX,fmcsa_census,,,,
standard,LAD ANGELS TRANSPORTATION LLC,2283729050,mobile,trucking/logistics,GROVES,TX,fmcsa_census,,,,
standard,DAVID THOMAS DEATON,4096736923,mobile,trucking/logistics,KOUNTZE,TX,fmcsa_census,,,,
standard,SUGAR CITY TRANSPORT LLC,4099981394,mobile,trucking/logistics,PORT NECHES,TX,fmcsa_census,,,,
standard,DIXIE DUMPERS LLC,4093650457,mobile,trucking/logistics,GROVES,TX,fmcsa_census,,,,
standard,BASCO TRANSPORTATION LLC,8327667173,mobile,trucking/logistics,LEAGUE CITY,TX,fmcsa_census,,,,
standard,P M BYG LLC,4098537637,mobile,trucking/logistics,PORT ARTHUR,TX,fmcsa_census,,,,
standard,MICHAEL A NOVOMINSKY,2812226143,mobile,trucking/logistics,LEAGUE CITY,TX,fmcsa_census,,,,
standard,PHILPOTT MOTORS LTD,4097271451,mobile,trucking/logistics,NEDERLAND,TX,fmcsa_census,,,,
standard,HOBBS TRUCKING LLC,3468167450,mobile,trucking/logistics,ROSHARON,TX,fmcsa_census,,,,
standard,DONALD R WHITEHORN,7138351114,mobile,trucking/logistics,PEARLAND,TX,fmcsa_census,,,,
standard,PRIMAL TRUCKING LLC,5126182999,mobile,trucking/logistics,ROSHARON,TX,fmcsa_census,,,,
standard,TRAN'S TRANSPORTS INC,4093441527,mobile,trucking/logistics,NEDERLAND,TX,fmcsa_census,,,,
standard,GULFSTAR TRUCKING LP,4098423181,mobile,trucking/logistics,BEAUMONT,TX,fmcsa_census,,,,
standard,CONQUEST TRANSPORT LLC,3467755433,mobile,trucking/logistics,DICKINSON,TX,fmcsa_census,,,,
standard,2-U EXPRESS LLC,4097826966,mobile,trucking/logistics,BEAUMONT,TX,fmcsa_census,,,,
standard,PACE HEAVY INDUSTRIES LLC,4097828182,mobile,trucking/logistics,WEBSTER,TX,fmcsa_census,,,,
standard,INTERNATIONAL GALVANIZERS LLC,4098420216,mobile,trucking/logistics,BEAUMONT,TX,fmcsa_census,,,,
standard,REGAL LIVING TRUCKING LLC,9797031094,mobile,trucking/logistics,BRYAN,TX,fmcsa_census,,,,
standard,SPECIALTY TANK SERVICES,2818671125,mobile,trucking/logistics,LA PORTE,TX,fmcsa_census,,,,
standard,DWAN CLOW III,4092014160,mobile,trucking/logistics,VIDOR,TX,fmcsa_census,,,,
standard,JENNIFER RENA HOLLOWAY,4096590893,mobile,trucking/logistics,BEAUMONT,TX,fmcsa_census,,,,
standard,TXSV LLC,2818772773,mobile,trucking/logistics,WEBSTER,TX,fmcsa_census,,,,
standard,L & E GODFREY TRUCKING LLC,4099324056,mobile,trucking/logistics,BEAUMONT,TX,fmcsa_census,,,,
standard,TEAMSTERS TRUCKING LLC,4094220161,mobile,trucking/logistics,VIDOR,TX,fmcsa_census,,,,
standard,A & K RESOURCES LLC,4094663079,mobile,trucking/logistics,BEAUMONT,TX,fmcsa_census,,,,
standard,ROCKIN' KG HAULING & LANDWORKS,4092773927,mobile,trucking/logistics,WINNIE,TX,fmcsa_census,,,,
standard,SLOW ROLL TRANSPORTATION LLC,4095541243,mobile,trucking/logistics,WINNIE,TX,fmcsa_census,,,,
standard,K & P LOGISTICS,4099601319,mobile,trucking/logistics,WINNIE,TX,fmcsa_census,,,,
standard,DILLEY TOWING & RECOVERY LLC,4092991152,mobile,trucking/logistics,VIDOR,TX,fmcsa_census,,,,
standard,ADELA VASQUEZ CHAVEZ,8328636108,mobile,trucking/logistics,SAN LEON,TX,fmcsa_census,,,,
standard,DAVID SELF FORD INC,4092969600,mobile,trucking/logistics,WINNIE,TX,fmcsa_census,,,,
standard,KALL TRANSPORTATION LLC,9795746304,mobile,trucking/logistics,BRYAN,TX,fmcsa_census,,,,
standard,CHARLES J SEALS,8325458136,mobile,trucking/logistics,BEAUMONT,TX,fmcsa_census,,,,
standard,LANE ONE INC,9796617177,mobile,trucking/logistics,BRYAN,TX,fmcsa_census,,,,
standard,BLACK COYOTE TRANSPORTATION LLC,4093512125,mobile,trucking/logistics,VIDOR,TX,fmcsa_census,,,,
standard,GREGORIO CERON BERNAL,5127973298,mobile,trucking/logistics,BAYTOWN,TX,fmcsa_census,,,,
standard,BRISTER'S TRANSPORT LLC,4094334426,mobile,trucking/logistics,VIDOR,TX,fmcsa_census,,,,
standard,WAJ TRANSPORTATION LLC,2817360354,mobile,trucking/logistics,BEAUMONT,TX,fmcsa_census,,,,
standard,LOS PRIMOS RMX LLC,8328400008,mobile,trucking/logistics,BAYTOWN,TX,fmcsa_census,,,,
standard,MARTIN TRUCKING,4099328896,mobile,trucking/logistics,VIDOR,TX,fmcsa_census,,,,
standard,TRI SUPPLY LLC,2548998096,mobile,trucking/logistics,BEAUMONT,TX,fmcsa_census,,,,
standard,RPR GROUP INC,4098333830,mobile,trucking/logistics,BEAUMONT,TX,fmcsa_census,,,,
standard,KEVIN HODGES,5128049460,mobile,trucking/logistics,VIDOR,TX,fmcsa_census,,,,
standard,S & TRIPLE K TRUCKING,7135826894,mobile,trucking/logistics,BEAUMONT,TX,fmcsa_census,,,,
standard,CIRCLE YES TRANSPORTATION LLC,8329559703,mobile,trucking/logistics,WEBSTER,TX,fmcsa_census,,,,
standard,AB LOPEZ TRUCKING LLC,4099264571,mobile,trucking/logistics,BEAUMONT,TX,fmcsa_census,,,,
standard,PAUL E LEWIS,4093957982,mobile,trucking/logistics,BEDIAS,TX,fmcsa_census,,,,
standard,ROBERT J DANIEL,7138243315,mobile,trucking/logistics,LAPORTE,TX,fmcsa_census,,,,
standard,A & P TEMPLOS BULK TRANSPORT LLC,8322857840,mobile,trucking/logistics,DICKINSON,TX,fmcsa_census,,,,
standard,ALEX FLEITES TRANSPORT LLC,8322263192,mobile,trucking/logistics,BAYTOWN,TX,fmcsa_census,,,,
standard,DESTINATION TRUCKING LLC,4094660100,mobile,trucking/logistics,BEAUMONT,TX,fmcsa_census,,,,
standard,DANA BRANDON WEST,9033752128,mobile,trucking/logistics,BRYAN,TX,fmcsa_census,,,,
standard,DOUBLE T TRUCKING LLC,4096594106,mobile,trucking/logistics,VIDOR,TX,fmcsa_census,,,,
standard,MUD BONE & COMPANY,2814095153,mobile,trucking/logistics,BAYTOWN,TX,fmcsa_census,,,,
standard,P EUGENE MARTIN,4098933833,mobile,trucking/logistics,VIDOR,TX,fmcsa_census,,,,
standard,KAROD TRANSPORTATION LLC,8327642856,mobile,trucking/logistics,BEAUMONT,TX,fmcsa_census,,,,
standard,TEN 22 ENTERPRISES LLC,7852107933,mobile,trucking/logistics,BRYAN,TX,fmcsa_census,,,,
standard,JAMES HILLIARD JR,8322602139,mobile,trucking/logistics,BAYTOWN,TX,fmcsa_census,,,,
standard,FLAMINGO EXPRESS LLC,4093509080,mobile,trucking/logistics,BEAUMONT,TX,fmcsa_census,,,,
standard,CHARLES DENSEY,9795741635,mobile,trucking/logistics,BRYAN,TX,fmcsa_census,,,,
standard,EARNEST LEE DAWSON,4095531140,mobile,trucking/logistics,BEAUMONT,TX,fmcsa_census,,,,
standard,ANDINOS SOLUTIONS LLC,8323673510,mobile,trucking/logistics,SAN LEON,TX,fmcsa_census,,,,
standard,ACE WRECKER SERVICE INC,4099885511,mobile,trucking/logistics,VIDOR,TX,fmcsa_census,,,,
standard,HOMER BAZEN,9368742569,mobile,trucking/logistics,BEDIAS,TX,fmcsa_census,,,,
standard,POPEYE TRUCKING LLC,4092236848,mobile,trucking/logistics,BEAUMONT,TX,fmcsa_census,,,,
standard,GEORGE B JOHNSON,2814687891,mobile,trucking/logistics,WEBSTER,TX,fmcsa_census,,,,
standard,ACE PLUS MOVING AND MORE LLC,9793212580,mobile,trucking/logistics,BRYAN,TX,fmcsa_census,,,,
standard,ALL IN ONE MANAGEMENT LLC,8636695042,mobile,trucking/logistics,WINNIE,TX,fmcsa_census,,,,
standard,MODERN CONCRETE & MATERIALS LLC,4096591208,mobile,trucking/logistics,BEAUMONT,TX,fmcsa_census,,,,
standard,PHILLIP G WEBB,4098282110,mobile,trucking/logistics,VIDOR,TX,fmcsa_census,,,,
standard,TERRY CEDRIC TERRELL,9795718824,mobile,trucking/logistics,COLLEGE STATION,TX,fmcsa_census,,,,
standard,LZ TRANSPORTATION INC,4094015707,mobile,trucking/logistics,BEAUMONT,TX,fmcsa_census,,,,
standard,ISAIAS ENTERPRISES INC,4094551399,mobile,trucking/logistics,BEAUMONT,TX,fmcsa_census,,,,
standard,DMJ LANDSCAPING,4094604891,mobile,trucking/logistics,PORT ARTHUR,TX,fmcsa_census,,,,
standard,VIRGINIA ELAM,4093471880,mobile,trucking/logistics,BEAUMONT,TX,fmcsa_census,,,,
standard,M HINOJOSA TRUCKING,8323477299,mobile,trucking/logistics,DICKINSON,TX,fmcsa_census,,,,
standard,DIAMOND L TRANSPORTATION INC,4097820925,mobile,trucking/logistics,CRYSTAL BEACH,TX,fmcsa_census,,,,
standard,BRYAN IRON & METAL,9797757190,mobile,trucking/logistics,BRYAN,TX,fmcsa_census,,,,
standard,CRISTOBAL C FUENTES,7139920850,mobile,trucking/logistics,LAPORTE,TX,fmcsa_census,,,,
standard,DWAINE VAUGHAN,2819101689,mobile,trucking/logistics,DICKINSON,TX,fmcsa_census,,,,
standard,D&D VENTURES INC,4097813415,mobile,trucking/logistics,BEAUMONT,TX,fmcsa_census,,,,
standard,SW TRUCKING LLC,4093639446,mobile,trucking/logistics,BEAUMONT,TX,fmcsa_census,,,,
standard,L-JESS READY MIX LLC,8322622091,mobile,trucking/logistics,BAYTOWN,TX,fmcsa_census,,,,
standard,KENNESTRIA KYOT GORDON,4093650194,mobile,trucking/logistics,PORT ARTHUR,TX,fmcsa_census,,,,
standard,NIR REALTY LLC,4097494905,mobile,trucking/logistics,BEAUMONT,TX,fmcsa_census,,,,
standard,DUNAVANT TRANS GULF TRANSPORTATION LLC,2814700500,mobile,trucking/logistics,LA PORTE,TX,fmcsa_census,,,,
standard,ROBERT WIGGINS FARMS,4097196630,mobile,trucking/logistics,WINNIE,TX,fmcsa_census,,,,
standard,ONE HORSE RANCH CONSTRUCTION LLC,4096568413,mobile,trucking/logistics,VIDOR,TX,fmcsa_census,,,,
standard,LUIS M HERNANDEZ,9563712424,mobile,trucking/logistics,BEAUMONT,TX,fmcsa_census,,,,
standard,FIVE TWENTY SIX DISPATCHING& TRUCKIN LLC,4097907633,mobile,trucking/logistics,BEAUMONT,TX,fmcsa_census,,,,
standard,WYATT DEVELOPMENT LLC,2102183328,mobile,trucking/logistics,COLLEGE STATION,TX,fmcsa_census,,,,
standard,FUSION MECHANICAL LLC,4098800431,mobile,trucking/logistics,VIDOR,TX,fmcsa_census,,,,
standard,PJC TRANSPORT LLC,4095547614,mobile,trucking/logistics,BEAUMONT,TX,fmcsa_census,,,,
standard,S&JEXPEDITINGTAXISERVICES,4092239317,mobile,trucking/logistics,BEAUMONT,TX,fmcsa_census,,,,
standard,C&A ENTERPRISES,4092897927,mobile,trucking/logistics,VIDOR,TX,fmcsa_census,,,,
standard,TEXAS ENVIRONMENTAL RESOURCES INC,4092017096,mobile,trucking/logistics,BEAUMONT,TX,fmcsa_census,,,,
standard,BLUE COLLAR TRANSPORTATION LLC,8326064933,mobile,trucking/logistics,SAN LEON,TX,fmcsa_census,,,,
standard,SANCHEZ LAWN AND LANDSCAPING SERVICE,9797395494,mobile,trucking/logistics,BRYAN,TX,fmcsa_census,,,,
standard,HDW HOTSHOTING LLC,4093501202,mobile,trucking/logistics,BEAUMONT,TX,fmcsa_census,,,,
standard,FREIGHT BOOST LLC,2086595119,mobile,trucking/logistics,VIDOR,TX,fmcsa_census,,,,
standard,ZELLA TRANSPORT,4093514473,mobile,trucking/logistics,WINNIE,TX,fmcsa_census,,,,
standard,OLVERA'S DUMPING SERVICE,4097914471,mobile,trucking/logistics,WINNIE,TX,fmcsa_census,,,,
standard,K DEZEL LOGISTICS LLC,4094992462,mobile,trucking/logistics,BEAUMONT,TX,fmcsa_census,,,,
standard,JAMES B BOND,4094749180,mobile,trucking/logistics,VIDOR,TX,fmcsa_census,,,,
standard,PRESTON WIGINTON,9792041259,mobile,trucking/logistics,COLLEGE STATION,TX,fmcsa_census,,,,
standard,RELIABLE LOGISTICS AND TRANSPORTATION LLC,4094030112,mobile,trucking/logistics,BEAUMONT,TX,fmcsa_census,,,,
standard,GREEN'S CLEAN ALL,7244213469,mobile,trucking/logistics,VIDOR,TX,fmcsa_census,,,,
standard,MMJ&S TRANSPORT,4092773790,mobile,trucking/logistics,BAYTOWN,TX,fmcsa_census,,,,
standard,EMELIDA CARRIAS,9796350883,mobile,trucking/logistics,COLLEGE STATION,TX,fmcsa_census,,,,
standard,ROBERT MEIER,2813838126,mobile,trucking/logistics,DICKINSON,TX,fmcsa_census,,,,
standard,PATHFINDER SERVICES LLC,2817700033,mobile,trucking/logistics,LAPORTE,TX,fmcsa_census,,,,
standard,ABBA TRANSPORT SERVICE LLC,9369940217,mobile,trucking/logistics,BEDIAS,TX,fmcsa_census,,,,
standard,ARD CARRIERS LLC,8322263345,mobile,trucking/logistics,BAYTOWN,TX,fmcsa_census,,,,
standard,PREMIER CRYOGENIC SERVICES TX LLC,2818302557,mobile,trucking/logistics,LA PORTE,TX,fmcsa_census,,,,
standard,ARENAZAS SERVICES LLC,9795996901,mobile,trucking/logistics,BRYAN,TX,fmcsa_census,,,,
standard,FREDDIE LACARR LANDRY,4098279965,mobile,trucking/logistics,BAYTOWN,TX,fmcsa_census,,,,
standard,G&B DELIVERY SERVICE LLC,2812360097,mobile,trucking/logistics,COLLEGE STATION,TX,fmcsa_census,,,,
standard,KODIAK RESOURCES INC,2703146874,mobile,trucking/logistics,DICKINSON,TX,fmcsa_census,,,,
standard,HILLMANS SEAFOOD,2816825410,mobile,trucking/logistics,DICKINSON,TX,fmcsa_census,,,,
standard,ARNEL BROWN JR,9365813764,mobile,trucking/logistics,BEDIAS,TX,fmcsa_census,,,,
standard,WILD TERRA FREIGHT LLC,7132928881,mobile,trucking/logistics,WINNIE,TX,fmcsa_census,,,,
standard,LL FREIGHT ENTERPRISE LLC,4784618039,mobile,trucking/logistics,BEAUMONT,TX,fmcsa_census,,,,
standard,RICHMOND EXPRESS TRUCKING & TRANSPORTS LLC,8324160417,mobile,trucking/logistics,BRYAN,TX,fmcsa_census,,,,
standard,JOBRICO TRANSPORTATION & LOGISTICS LLC,9794817740,mobile,trucking/logistics,BRYAN,TX,fmcsa_census,,,,
standard,LG HOTSHOT LLC,8322938282,mobile,trucking/logistics,WEBSTER,TX,fmcsa_census,,,,
standard,TIM JUNG,2816853077,mobile,trucking/logistics,SAN LEON,TX,fmcsa_census,,,,
standard,NEKIM ARAGON,9723517523,mobile,trucking/logistics,BEDIAS,TX,fmcsa_census,,,,
standard,ZUMMO MEAT COMPANY INC,4098421810,mobile,trucking/logistics,BEAUMONT,TX,fmcsa_census,,,,
standard,MICHAEL MCGEE TRANSPORTATION LLC,4093389159,mobile,trucking/logistics,BEAUMONT,TX,fmcsa_census,,,,
standard,MWG TRUCKING LLC,4095000996,mobile,trucking/logistics,BEAUMONT,TX,fmcsa_census,,,,
standard,AQUAMARINE POOLS OF LOUISIANA,7136919377,mobile,trucking/logistics,VIDOR,TX,fmcsa_census,,,,
standard,GEPO SITE SERVICES LLC,3464139916,mobile,trucking/logistics,VIDOR,TX,fmcsa_census,,,,
standard,CASCLAR LLC,3467856025,mobile,trucking/logistics,LA PORTE,TX,fmcsa_census,,,,
standard,MIGUEL A CLAROS,9792041629,mobile,trucking/logistics,BRYAN,TX,fmcsa_census,,,,
standard,ALL AMERICAN TRANSIT INC,6608267733,mobile,trucking/logistics,DICKINSON,TX,fmcsa_census,,,,
standard,R&D TRUCK SERVICES LLC,8139560578,mobile,trucking/logistics,BAYTOWN,TX,fmcsa_census,,,,
standard,V AND V WAY TRUCKING AND SERVICES LLC,3463155808,mobile,trucking/logistics,LAPO,TX,fmcsa_census,,,,
standard,W3 WEEKEND WATER WELLS,4095504462,mobile,trucking/logistics,VIDOR,TX,fmcsa_census,,,,
standard,PHILIPP CATTLE LLC,9368706548,mobile,trucking/logistics,BEDIAS,TX,fmcsa_census,,,,
standard,STEVEN BAILEY,9792204421,mobile,trucking/logistics,BRYAN,TX,fmcsa_census,,,,
standard,STRONG LEGACY TRUCKING LLC,5129379613,mobile,trucking/logistics,COLLEGE STATION,TX,fmcsa_census,,,,
standard,IB TRUCKING ENTERPRISE LLC,9795758491,mobile,trucking/logistics,BRYAN,TX,fmcsa_census,,,,
standard,HASP CONSTRUCTION SERVICES LLC,2816421087,mobile,trucking/logistics,BEDIAS,TX,fmcsa_census,,,,
standard,JPT ENTERPRISES INC,8599402653,mobile,trucking/logistics,BEDIAS,TX,fmcsa_census,,,,
standard,CHROME AND CLASS LOGISTICS LLC,9795996500,mobile,trucking/logistics,COLLEGE STATION,TX,fmcsa_census,,,,
standard,CHEMICALS INCORPORATED LOGISTICS,2818680167,mobile,trucking/logistics,BAYTOWN,TX,fmcsa_census,,,,
standard,BRYANT K WHEELER,4096510087,mobile,trucking/logistics,BEAUMONT,TX,fmcsa_census,,,,
standard,EDS TRAVEL SERVICES INC,4098405028,mobile,trucking/logistics,BEAUMONT,TX,fmcsa_census,,,,
standard,F T LOGISTICS ENTERPRISES LLC,2815505900,mobile,trucking/logistics,KATY,TX,fmcsa_census,,,,
standard,BRAZOS VALLEY MANUFACTURING,9797782400,mobile,trucking/logistics,BRYAN,TX,fmcsa_census,,,,
standard,SERGIO GOMEZ,8324981059,mobile,trucking/logistics,DEER PARK,TX,fmcsa_census,,,,
standard,TOP SPEC TRANSPORT LLC,9792205486,mobile,trucking/logistics,COLLEGE STATION,TX,fmcsa_census,,,,
standard,BAYPORT BUSINESS PARK LLC.,7135302556,mobile,trucking/logistics,LA PORTE,TX,fmcsa_census,,,,
standard,BURROW GLOBAL CONSTRUCTION LLC,2812997990,mobile,trucking/logistics,DEER PARK,TX,fmcsa_census,,,,
standard,TEXAS LINE LLC,9795953110,mobile,trucking/logistics,COLLEGE STATION,TX,fmcsa_census,,,,
standard,NABIL MOHAMAD OMAR,8324662928,mobile,trucking/logistics,DEER PARK,TX,fmcsa_census,,,,
standard,MARSHALL MOVERS INC,2817726861,mobile,trucking/logistics,KATY,TX,fmcsa_census,,,,
standard,ROAD TO RICHES,7139278979,mobile,trucking/logistics,KATY,TX,fmcsa_census,,,,
standard,OMAR E PENA & ORALIA V PENA,7138238103,mobile,trucking/logistics,DEER PARK,TX,fmcsa_census,,,,
standard,SIEGERT WATER WELLS INC,9798227844,mobile,trucking/logistics,BRYAN,TX,fmcsa_census,,,,
standard,SIEGERT WATER WELLS INC,9793249489,mobile,trucking/logistics,BRYAN,TX,fmcsa_census,,,,
standard,MAKWAY LOGISTICS LLC,2109940540,mobile,trucking/logistics,BRYAN,TX,fmcsa_census,,,,
standard,BON VOYAGE LLC,7138766961,mobile,trucking/logistics,KATY,TX,fmcsa_census,,,,
standard,GBX LOGISTICS LLC,9795746194,mobile,trucking/logistics,COLLEGE STATION,TX,fmcsa_census,,,,
standard,MOSAIC TRANSPORT SERVICES LLC,7577731237,mobile,trucking/logistics,COLLEGE STA,TX,fmcsa_census,,,,
standard,4F COALITION LLC,8176826392,mobile,trucking/logistics,BRYAN,TX,fmcsa_census,,,,
standard,JAMES MARLO WILLIAMS,3173580835,mobile,trucking/logistics,PEARLAND,TX,fmcsa_census,,,,
standard,REDTAIL EQUIPMENT RENTAL LLC,9792555378,mobile,trucking/logistics,COLLEGE STATION,TX,fmcsa_census,,,,
standard,GLT FABRICATORS INC,7136709700,mobile,trucking/logistics,LA PORTE,TX,fmcsa_census,,,,
standard,L & B ENVIRONMENTAL SERVICES LLC,8324447168,mobile,trucking/logistics,DEER PARK,TX,fmcsa_census,,,,
standard,SLOVACEK FOODS LP,9796760405,mobile,trucking/logistics,SNOOK,TX,fmcsa_census,,,,
standard,FAST LANE LOGISTICS TX LLC,9794505876,mobile,trucking/logistics,COLLEGE STATION,TX,fmcsa_census,,,,
standard,"TANK SERVICE, INC.",7134711551,mobile,trucking/logistics,LA PORTE,TX,fmcsa_census,,,,
standard,ADRIAN PEREZ,7137039871,mobile,trucking/logistics,DEER PARK,TX,fmcsa_census,,,,
standard,T&S HAULING LLC,8323041788,mobile,trucking/logistics,DEER PARK,TX,fmcsa_census,,,,
standard,RUFF RYDERS LOGGING,4099370012,mobile,trucking/logistics,BEAUMONT,TX,fmcsa_census,,,,
standard,TEXAS WEST MELON CO INC,9797745683,mobile,trucking/logistics,COLLEGE STATION,TX,fmcsa_census,,,,
standard,THE BURNS CORP INC,9792557490,mobile,trucking/logistics,COLLEGE STATION,TX,fmcsa_census,,,,
standard,AGGIELAND GRASS & STONE LLC,9792294695,mobile,trucking/logistics,COLLEGE STATION,TX,fmcsa_census,,,,
standard,JAMES RHOLLIS,9796903826,mobile,trucking/logistics,COLLEGE STATION,TX,fmcsa_census,,,,
standard,GREENS PRAIRIE INVESTORS LTD,9796907250,mobile,trucking/logistics,COLLEGE STATION,TX,fmcsa_census,,,,
standard,MARCELLUS TRUCKING LLC,4093567940,mobile,trucking/logistics,BEAUMONT,TX,fmcsa_census,,,,
standard,TORO INDUSTRIAL SERVICES,2817270178,mobile,trucking/logistics,LA PORTE,TX,fmcsa_census,,,,
standard,N K C ENTERPRISES LLC,9363484201,mobile,trucking/logistics,MADISONVILLE,TX,fmcsa_census,,,,
standard,FULL SEND FUEL COMPANY LLC,9798203729,mobile,trucking/logistics,SNOOK,TX,fmcsa_census,,,,
standard,MODESTO FERRUFINO,7132521019,mobile,trucking/logistics,COLLEGE STATION,TX,fmcsa_census,,,,
standard,HARDEMAN FREIGHT LINES LLC,9453241044,mobile,trucking/logistics,COLLEGE STATION,TX,fmcsa_census,,,,
standard,EARNIE WELCH,9363495266,mobile,trucking/logistics,MADISONVILLE,TX,fmcsa_census,,,,
standard,AMERICAN PATRIOT TRANSPORTATION & SERVICES LLC,8329715254,mobile,trucking/logistics,BEAUMONT,TX,fmcsa_census,,,,
standard,FRAZIER FREIGHT SYSTEMS LLC,8329073814,mobile,trucking/logistics,KATY,TX,fmcsa_census,,,,
standard,FIDALGO TRANSPORT LLC,7138069988,mobile,trucking/logistics,DEER PARK,TX,fmcsa_census,,,,
standard,FIDALGO TRANSPORT LLC,7133661095,mobile,trucking/logistics,DEER PARK,TX,fmcsa_census,,,,
standard,NORTHFIELD HAULING LLC,8325297883,mobile,trucking/logistics,BRYAN,TX,fmcsa_census,,,,
standard,ALAMO LOGISTICS LLC,6822816714,mobile,trucking/logistics,COLLEGE STATION,TX,fmcsa_census,,,,
standard,PALMERS IMPORTS & TRUCKING LLC,4094603625,mobile,trucking/logistics,BEAUMONT,TX,fmcsa_census,,,,
standard,PHILIP R PATTON,8144497332,mobile,trucking/logistics,BEAUMONT,TX,fmcsa_census,,,,
standard,FLYIN G TRANSPORTATION LLC,7133966281,mobile,trucking/logistics,MADISONVILLE,TX,fmcsa_census,,,,
standard,BERNARDO L BENITEZ RODRIGUEZ,7135303158,mobile,trucking/logistics,KATY,TX,fmcsa_census,,,,
standard,THE WONKU TRIBE WAY LLC,8326592772,mobile,trucking/logistics,DEER PARK,TX,fmcsa_census,,,,
standard,TRICORP ENERGY SERVICES LLC,2142638509,mobile,trucking/logistics,COLLEGE STATION,TX,fmcsa_census,,,,
standard,BROAMOS,9795956363,mobile,trucking/logistics,COLLEGE STA,TX,fmcsa_census,,,,
standard,RAIN KING INC,3616481059,mobile,trucking/logistics,VICTORIA,TX,fmcsa_census,,,,
standard,SETH ANTHONY ARAGUZ,9797772986,mobile,trucking/logistics,COLLEGE,TX,fmcsa_census,,,,
standard,THREE MINDS TRUCKING INC,7736713740,mobile,trucking/logistics,COLLEGE STATION,TX,fmcsa_census,,,,
standard,COLLARD CONSTRUCTION AND LAND SOLUTIONS LLC,9363484915,mobile,trucking/logistics,MADISONVILLE,TX,fmcsa_census,,,,
standard,DAPHNE NICOLE BENSON,9797033730,mobile,trucking/logistics,COLLEGE STA,TX,fmcsa_census,,,,
standard,LEADER GASKET INC,2817032198,mobile,trucking/logistics,DEER PARK,TX,fmcsa_census,,,,
standard,ANDREW STRINGER,9362457521,mobile,trucking/logistics,MADISONVILLE,TX,fmcsa_census,,,,
standard,JOSEPH FAIRCHILD,9794926198,mobile,trucking/logistics,BRYAN,TX,fmcsa_census,,,,
standard,A & M CHURCH OF CHRIST,9796930400,mobile,trucking/logistics,COLLEGE STATION,TX,fmcsa_census,,,,
standard,CHARLES BLAIR,3183417285,mobile,trucking/logistics,KATY,TX,fmcsa_census,,,,
standard,FAMILY BUSINESS,8328579563,mobile,trucking/logistics,KATY,TX,fmcsa_census,,,,
standard,FRANCISCO GRANADOS,9794469247,mobile,trucking/logistics,BRYAN,TX,fmcsa_census,,,,
standard,AWA TRUCKING LLC,8327983825,mobile,trucking/logistics,MADISONVILLE,TX,fmcsa_census,,,,
standard,MANUEL MARROQUIN,2814796128,mobile,trucking/logistics,DEER PARK,TX,fmcsa_census,,,,
standard,TEXAS LIQUID SOLUTIONS LLC,9798203139,mobile,trucking/logistics,COLLEGE STATION,TX,fmcsa_census,,,,
standard,JP TRUCKING DELIVERY SERVICES LLC,8328120168,mobile,trucking/logistics,KATY,TX,fmcsa_census,,,,
standard,CRISIS CONTRACTORS INC,8038442088,mobile,trucking/logistics,BEAUMONT,TX,fmcsa_census,,,,
standard,SGS NORTH AMERICA,2819301919,mobile,trucking/logistics,DEER PARK,TX,fmcsa_census,,,,
standard,PETE OLGUIN JR,3612201706,mobile,trucking/logistics,VICTORIA,TX,fmcsa_census,,,,
standard,DONALD YEATES,8326933557,mobile,trucking/logistics,DEER PARK,TX,fmcsa_census,,,,
standard,CHRISTOPHER SAYLOR,4095491811,mobile,trucking/logistics,DEER PARK,TX,fmcsa_census,,,,
standard,OLGUIN ENTERPRISES INC,3616494991,mobile,trucking/logistics,VICTORIA,TX,fmcsa_census,,,,
standard,JOSE LUIS MUNOZ,9794504883,mobile,trucking/logistics,BRYAN,TX,fmcsa_census,,,,
standard,B WALKER HOT SHOT LLC,9795714347,mobile,trucking/logistics,BRYAN,TX,fmcsa_census,,,,
standard,GUSTAVO L MARTINEZ,9794224709,mobile,trucking/logistics,SOMERVILLE,TX,fmcsa_census,,,,
standard,BRAZOS PAVING INC,9794125136,mobile,trucking/logistics,BRYAN,TX,fmcsa_census,,,,
standard,RODERICK JOHNSON,9792001301,mobile,trucking/logistics,SOMERVILLE,TX,fmcsa_census,,,,
standard,CONCRETE BARBERS,8328472262,mobile,trucking/logistics,PEARLAND,TX,fmcsa_census,,,,
standard,GUIDRY RODEO & CATTLE COMPANY,9363481330,mobile,trucking/logistics,MADISONVILLE,TX,fmcsa_census,,,,
standard,TILLMAN LAND IMPROVEMENT LLC,9794464045,mobile,trucking/logistics,COLLEGE STATION,TX,fmcsa_census,,,,
standard,RSP SERRANO TRANSPORT INC,3467747973,mobile,trucking/logistics,KATY,TX,fmcsa_census,,,,
standard,VICTOR CARL RANDOLPH,9794223207,mobile,trucking/logistics,COLLEGE STATION,TX,fmcsa_census,,,,
standard,BETO'S TRUCKING LLC,9799850600,mobile,trucking/logistics,BRYAN,TX,fmcsa_census,,,,
standard,BALANCED CONSTRUCTION RESOURCES LLC,9792241500,mobile,trucking/logistics,BRYAN,TX,fmcsa_census,,,,
standard,MAXIE LOGISTICS LLC,8325440503,mobile,trucking/logistics,PEARLAND,TX,fmcsa_census,,,,
standard,PRETTY BOY MATHIS,9797396458,mobile,trucking/logistics,COLLEGE STATION,TX,fmcsa_census,,,,
standard,AA DEVELOPMENT ENTERPRISES INC,9792242478,mobile,trucking/logistics,SOMERVILLE,TX,fmcsa_census,,,,
standard,COASTAL TESTING LABORATORIES INC,7134770121,mobile,trucking/logistics,DEER PARK,TX,fmcsa_census,,,,
standard,J J & J TRANSPORT LLC,8328939337,mobile,trucking/logistics,KATY,TX,fmcsa_census,,,,
standard,SHIFT OF THE FREIGHT LLC,8327078704,mobile,trucking/logistics,SEALY,TX,fmcsa_census,,,,
standard,EDWIN EUGENE MOORE,9794060919,mobile,trucking/logistics,SOMERVILLE,TX,fmcsa_census,,,,
standard,3RD COAST FREIGHT LEGEND LLC,3467795616,mobile,trucking/logistics,RICHARDS,TX,fmcsa_census,,,,
standard,ROADRUNNER HAULING INC,2392736167,mobile,trucking/logistics,BEAUMONT,TX,fmcsa_census,,,,
standard,ASAP EQUIPMENT LLC,9793249039,mobile,trucking/logistics,COLLEGE STATION,TX,fmcsa_census,,,,
standard,GHW ENRERPRISES LLC,9366723881,mobile,trucking/logistics,RICHARDS,TX,fmcsa_census,,,,
standard,JACK L & NICOLA A BEREMAN,2816424562,mobile,trucking/logistics,RICHARDS,TX,fmcsa_census,,,,
standard,TAYLOR RAE GODFREY,9792204329,mobile,trucking/logistics,RICHARDS,TX,fmcsa_census,,,,
standard,THE WONKRU TRIBE WAY LLC,8326546869,mobile,trucking/logistics,DEER PARK,TX,fmcsa_census,,,,
standard,BUSTAMANTE TRUCKING LLC,8325942568,mobile,trucking/logistics,DEER PARK,TX,fmcsa_census,,,,
standard,WORLDWIDE LIVESTOCK EXPRESS INC,9365551212,mobile,trucking/logistics,MADISONVILLE,TX,fmcsa_census,,,,
standard,FIRST SVC TRUCKING LLC,9792551186,mobile,trucking/logistics,SOMERVILLE,TX,fmcsa_census,,,,
standard,SANTOS MATHEW MONROY ENTERPRISES INC,7137054158,mobile,trucking/logistics,KATY,TX,fmcsa_census,,,,
standard,T & R TRANSPORTS LLC,8323491710,mobile,trucking/logistics,VICTORIA,TX,fmcsa_census,,,,
standard,DJ EXPRESS HAULING LLC,9794519930,mobile,trucking/logistics,SOMERVILLE,TX,fmcsa_census,,,,
standard,DRCR SERVICES LLC,7138764089,mobile,trucking/logistics,DEER PARK,TX,fmcsa_census,,,,
standard,DANIELLE CAYETANA LARA LEOS,3616762262,mobile,trucking/logistics,VICTORIA,TX,fmcsa_census,,,,
standard,JAMES M PATTON,9363433175,mobile,trucking/logistics,MADISONVILLE,TX,fmcsa_census,,,,
standard,GRANDE SOLUTIONS CONSTRUCTION SERVICES LLC,9797750771,mobile,trucking/logistics,SOMERVILLE,TX,fmcsa_census,,,,
standard,RAQUEL GEDDRY,8324992231,mobile,trucking/logistics,KATY,TX,fmcsa_census,,,,
standard,SAMMY GAMEZ,3616522028,mobile,trucking/logistics,BLOOMINGTON,TX,fmcsa_census,,,,
standard,DUSTY RAY KIRBY,9362450495,mobile,trucking/logistics,MADISONVILLE,TX,fmcsa_census,,,,
standard,GREEN THUMB DISPATCHING LLC,4093337946,mobile,trucking/logistics,BEAUMONT,TX,fmcsa_census,,,,
standard,SHALEPRO CDL LLC,3618942001,mobile,trucking/logistics,VICTORIA,TX,fmcsa_census,,,,
standard,SV & CC TRUCKING LLC,3614844862,mobile,trucking/logistics,VICTORIA,TX,fmcsa_census,,,,
standard,G&M LOGOSTICS,5123939590,mobile,trucking/logistics,COLLEGE STATION,TX,fmcsa_census,,,,
standard,KENNETH WILLIAM SCARBOROUGH,3515507624,mobile,trucking/logistics,VICTORIA,TX,fmcsa_census,,,,
standard,SYLVESTER DOMINGUEZ,9792099784,mobile,trucking/logistics,COLLEGE STATION,TX,fmcsa_census,,,,
standard,ELAND TRANSPORTATION,4095047901,mobile,trucking/logistics,BEAUMONT,TX,fmcsa_census,,,,
standard,TRUCKING APEX LLC,3616463722,mobile,trucking/logistics,VICTORIA,TX,fmcsa_census,,,,
standard,HUMBERTO LOPEZ CASTILLO CLAUDIA YADIRA REYES,3616520565,mobile,trucking/logistics,BLOOMINGTON,TX,fmcsa_census,,,,
standard,AMEZE MANAGEMENT GROUP INC,8327756965,mobile,trucking/logistics,BEAUMONT,TX,fmcsa_census,,,,
standard,DURACON TRUCKING LLC,9792193527,mobile,trucking/logistics,COLLEGE STATION,TX,fmcsa_census,,,,
standard,APRIL NICOLE SMITH,9792551368,mobile,trucking/logistics,COLLEGE STATION,TX,fmcsa_census,,,,
standard,SPAA TRUCKING LLC,3145620506,mobile,trucking/logistics,KATY,TX,fmcsa_census,,,,
standard,SHORELINE EQUIPMENT LLC,9797037988,mobile,trucking/logistics,BRYAN,TX,fmcsa_census,,,,
standard,MACIEL SERVICES LLC,9798203229,mobile,trucking/logistics,BRYAN,TX,fmcsa_census,,,,
standard,GO-BIN SERVICES LLC,7138298924,mobile,trucking/logistics,DEER PARK,TX,fmcsa_census,,,,
standard,TRACK FORCE LOGISTICS LLC,8325576262,mobile,trucking/logistics,PEARLAND,TX,fmcsa_census,,,,
standard,GATOR TESTING SERVICES LLC,3618944820,mobile,trucking/logistics,VICTORIA,TX,fmcsa_census,,,,
standard,MAGNUM TRANSPORT LLC,9853516334,mobile,trucking/logistics,KATY,TX,fmcsa_census,,,,
standard,BRANDON SCOTT FAUTH,5122107233,mobile,trucking/logistics,VICTORIA,TX,fmcsa_census,,,,
standard,SEAL-TITE INSULATION OF TEXAS LLC,3619352828,mobile,trucking/logistics,VICTORIA,TX,fmcsa_census,,,,
standard,L&I TRANSPORTATION LLC,7135605634,mobile,trucking/logistics,KATY,TX,fmcsa_census,,,,
standard,PAIGE ELMORE,9795957511,mobile,trucking/logistics,COLLEGE STA,TX,fmcsa_census,,,,
standard,KWG TRANSPORTATION LLC,5042523940,mobile,trucking/logistics,BEAUMONT,TX,fmcsa_census,,,,
standard,VISLAX LLC,4099238298,mobile,trucking/logistics,BEAUMONT,TX,fmcsa_census,,,,
standard,DARRELL SWOBODA,3616520056,mobile,trucking/logistics,VICTORIA,TX,fmcsa_census,,,,
standard,DENNIS MOORE,6144197023,mobile,trucking/logistics,VICTORIA,TX,fmcsa_census,,,,
standard,DENNIS MOORE,3615500900,mobile,trucking/logistics,VICTORIA,TX,fmcsa_census,,,,
standard,AGR SERVICES LLC,9016878759,mobile,trucking/logistics,BEAUMONT,TX,fmcsa_census,,,,
standard,RAYMOND BRANDL JR,3615500914,mobile,trucking/logistics,VICTORIA,TX,fmcsa_census,,,,
standard,7MB EXPRESS,9795874314,mobile,trucking/logistics,COLLEGE STA,TX,fmcsa_census,,,,
standard,FROM HERE TO THERE TRANSPORTS LLC,3618945126,mobile,trucking/logistics,VICTORIA,TX,fmcsa_census,,,,
standard,GONZO51 LOGISTICS LLC,8326552656,mobile,trucking/logistics,DEER PARK,TX,fmcsa_census,,,,
standard,VIPER SOLUTIONS LLC,3462166179,mobile,trucking/logistics,DEER PARK,TX,fmcsa_census,,,,
standard,BCS CONSTRUCTION INC,7542585719,mobile,trucking/logistics,COLLEGE STATION,TX,fmcsa_census,,,,
standard,REA CONSTRUCTION LLC,4093510726,mobile,trucking/logistics,BEAUMONT,TX,fmcsa_census,,,,
standard,TWO CREEK FEED & FARM LLC,7134174476,mobile,trucking/logistics,BRENHAM,TX,fmcsa_census,,,,
standard,WW ENTERPRISES LLC,9792511808,mobile,trucking/logistics,BRENHAM,TX,fmcsa_census,,,,
standard,LEGEND LOG HOMES LLC,9792510252,mobile,trucking/logistics,BRENHAM,TX,fmcsa_census,,,,
standard,DALTON KAYNE ROBERTS,9793389380,mobile,trucking/logistics,BRENHAM,TX,fmcsa_census,,,,
standard,H 7 TRUCKING LLC,9794213371,mobile,trucking/logistics,BRENHAM,TX,fmcsa_census,,,,
standard,MK TRUCKING,9794514125,mobile,trucking/logistics,BRENHAM,TX,fmcsa_census,,,,
standard,NW ENTERPRISES GROUP LLC,5039171838,mobile,trucking/logistics,BRENHAM,TX,fmcsa_census,,,,
standard,COINDREAU CONSTRUCTION SERVICES LLC,9793470018,mobile,trucking/logistics,BRENHAM,TX,fmcsa_census,,,,
standard,METABOX LOGISTICS LLC,7866517953,mobile,trucking/logistics,KATY,TX,fmcsa_census,,,,
standard,KANER STARS LLC,8216194847,mobile,trucking/logistics,KATY,TX,fmcsa_census,,,,
standard,CREAGER BROS CONCRETE CONTRACTORS INC,3615760057,mobile,trucking/logistics,TELFERNER,TX,fmcsa_census,,,,
standard,GUTIERREZ EXPRESS LLC,8326604503,mobile,trucking/logistics,KATY,TX,fmcsa_census,,,,
standard,R R DOZER & BACKHOE LLC,4093658410,mobile,trucking/logistics,BEAUMONT,TX,fmcsa_census,,,,
standard,KING UNDERGROUND,8326650909,mobile,trucking/logistics,KATY,TX,fmcsa_census,,,,
standard,GOAT LOGISTICS LLC,8329382773,mobile,trucking/logistics,GALVESTON,TX,fmcsa_census,,,,
standard,TYLER JOE GANDY,9794513206,mobile,trucking/logistics,BRENHAM,TX,fmcsa_census,,,,
standard,MARTIN LEMOS OTERO,9794511989,mobile,trucking/logistics,BRENHAM,TX,fmcsa_census,,,,
standard,RUDOLPHS INC,3612936343,mobile,trucking/logistics,YOAKUM,TX,fmcsa_census,,,,
standard,LAZY BAR U SERVICES LLC,3616483070,mobile,trucking/logistics,YOAKUM,TX,fmcsa_census,,,,
standard,RAUL CERVANTES,3612083963,mobile,trucking/logistics,YOAKUM,TX,fmcsa_census,,,,
standard,VERNON'S TRUCKING CO,3612930640,mobile,trucking/logistics,YOAKUM,TX,fmcsa_census,,,,
standard,RACEWAY TRUCKING LLC,2816423520,mobile,trucking/logistics,NAVASOTA,TX,fmcsa_census,,,,
standard,3-C'S TRANSPORT EXPRESS LLC,7139279846,mobile,trucking/logistics,NAVASOTA,TX,fmcsa_census,,,,
standard,MID SOUTH ELECTRIC COOPERATIVE ASSOC,2817012330,mobile,trucking/logistics,NAVASOTA,TX,fmcsa_census,,,,
standard,CHAKMAKSAN INC,4099995954,mobile,trucking/logistics,GALVESTON,TX,fmcsa_census,,,,
standard,TERA WILLIAMSON,9724002481,mobile,trucking/logistics,GALVESTON,TX,fmcsa_census,,,,
standard,IVAN H EXPRESS LLC,8323223167,mobile,trucking/logistics,KATY,TX,fmcsa_census,,,,
standard,LULUEXPRESS LLC,5054710728,mobile,trucking/logistics,GALVESTON,TX,fmcsa_census,,,,
standard,K&H TRANSPORTATION SERVICES LLC,3614071293,mobile,trucking/logistics,YOAKUM,TX,fmcsa_census,,,,
standard,T GRIFFIN TRUCKING & LOGISTICS LLC,2817019216,mobile,trucking/logistics,KATY,TX,fmcsa_census,,,,
standard,TEXAS CUSTOM COATERS,9792196360,mobile,trucking/logistics,NAVASOTA,TX,fmcsa_census,,,,
standard,C&S SOUTHWEST DELIVERY LLC,3083793829,mobile,trucking/logistics,KATY,TX,fmcsa_census,,,,
standard,FRANK ROSALES,3617726299,mobile,trucking/logistics,YOAKUM,TX,fmcsa_census,,,,
standard,EARL MANN,8303347283,mobile,trucking/logistics,BIGFOOT,TX,fmcsa_census,,,,
standard,FREDDIE GONZALES,9792214914,mobile,trucking/logistics,NAVASOTA,TX,fmcsa_census,,,,
standard,STRATTON SERVICES LLC,3612938955,mobile,trucking/logistics,YOAKUM,TX,fmcsa_census,,,,
standard,ARGELIO ACOSTA,9567769640,mobile,trucking/logistics,YOAKUM,TX,fmcsa_census,,,,
standard,SILVIA REGALADO,9793554692,mobile,trucking/logistics,NAVASOTA,TX,fmcsa_census,,,,
standard,HEG EXPRESS TRANSPORTATION LLC,7133075170,mobile,trucking/logistics,KATY,TX,fmcsa_census,,,,
standard,GAIL QUINN,9799850016,mobile,trucking/logistics,BRYAN,TX,fmcsa_census,,,,
standard,FELIPE MENDOZA,2103135563,mobile,trucking/logistics,ATASCOSA,TX,fmcsa_census,,,,
standard,BLUE STEEL TRUCKING LLC,2819611380,mobile,trucking/logistics,KATY,TX,fmcsa_census,,,,
standard,OLIVER BEN GOODMAN,4098938861,mobile,trucking/logistics,BEAUMONT,TX,fmcsa_census,,,,
standard,HEATH INC,9798226924,mobile,trucking/logistics,BRYAN,TX,fmcsa_census,,,,
standard,MB GROUND LLC,4438890739,mobile,trucking/logistics,KATY,TX,fmcsa_census,,,,
standard,SAMUEL TRANSPORT & HOTSHOT SERVICE LLC,9792555639,mobile,trucking/logistics,BRYAN,TX,fmcsa_census,,,,
standard,PROFICIENT TRANSPORT SERVICES LLC,9363555041,mobile,trucking/logistics,NAVASOTA,TX,fmcsa_census,,,,
standard,MJM 0917 TRUCKING,4094662136,mobile,trucking/logistics,BEAUMONT,TX,fmcsa_census,,,,
standard,RODRIGUEZ CARRIER HOTSHOT LLC,2817738841,mobile,trucking/logistics,KATY,TX,fmcsa_census,,,,
standard,SETX GROUP LLC,4094551185,mobile,trucking/logistics,BEAUMONT,TX,fmcsa_census,,,,
standard,WIZARDRY DELIVERY MANAGEMENT LLC,4067673779,mobile,trucking/logistics,BEAUMONT,TX,fmcsa_census,,,,
standard,RACE DELIVERY INC,2024365507,mobile,trucking/logistics,NAVASOTA,TX,fmcsa_census,,,,
standard,FLYING PANTHER LOGISTICS LLC,9547095325,mobile,trucking/logistics,KATY,TX,fmcsa_census,,,,
standard,KADMIEL TRUCKING LLC,8326756016,mobile,trucking/logistics,KATY,TX,fmcsa_census,,,,
standard,SANDRA VALDEZ PENA AND ERNEST MARTINEZ PENA,2103795963,mobile,trucking/logistics,ATASCOSA,TX,fmcsa_census,,,,
standard,ABUNDIO ROSAS GOMEZ,4324244288,mobile,trucking/logistics,ATASCOSA,TX,fmcsa_census,,,,
standard,TEXAS FOUNDATION INC,2102593927,mobile,trucking/logistics,CHARLOTTE,TX,fmcsa_census,,,,
standard,WE SUCK OILFIELD SERVICES LLC,3617728895,mobile,trucking/logistics,YOAKUM,TX,fmcsa_census,,,,
standard,A & C HOTSHOT HAULERS,9794504811,mobile,trucking/logistics,BRYAN,TX,fmcsa_census,,,,
standard,RIBEIRO TRUCKING LLC,8137740459,mobile,trucking/logistics,BRYAN,TX,fmcsa_census,,,,
standard,DARYDAY MULTISERVICES TAX & INSURANCE COMPANY LLC,3463039843,mobile,trucking/logistics,KATY,TX,fmcsa_census,,,,
standard,POWERED UP INVESTMENTS,4093511546,mobile,trucking/logistics,BEAUMONT,TX,fmcsa_census,,,,
standard,C & C TRUCKING,9797778333,mobile,trucking/logistics,NAVASOTA,TX,fmcsa_census,,,,
