priority,business_name,phone,phone_type,category,city,state,source,discovery_method,website,is_sole_proprietor,found_at
standard,OWN IT WITH LOVE,5208694684,unknown,459999,TUCSON,AZ,official_business_licenses,,,,
standard,ETERNITY VALUE,5204401798,unknown,459999,TUCSON,AZ,official_business_licenses,,,,
standard,SHOP AT MAGS,5205498454,unknown,459999,TUCSON,AZ,official_business_licenses,,,,
standard,BEADS UNIQUELY YOURS,5208617873,unknown,459999,TUCSON,AZ,official_business_licenses,,,,
standard,JOHNSON KATHLEEN,8327322289,unknown,459999,TUCSON,AZ,official_business_licenses,,,,
standard,PONDERING POOL,5203264354,unknown,459999,TUCSON,AZ,official_business_licenses,,,,
standard,MI JOUEL,5203583788,unknown,459999,TUCSON,AZ,official_business_licenses,,,,
standard,OLIVE OIL RING,4805770718,unknown,459999,TUCSON,AZ,official_business_licenses,,,,
standard,SELLING U EVERYTHING NOW,5205511136,unknown,459999,TUCSON,AZ,official_business_licenses,,,,
standard,SHINE SHADES,9378387679,unknown,459999,TUCSON,AZ,official_business_licenses,,,,
standard,AREED,5202712166,unknown,459999,TUCSON,AZ,official_business_licenses,,,,
standard,OF HOPE AND CLAY,5209912009,unknown,459999,TUCSON,AZ,official_business_licenses,,,,
standard,BARB'S EYE CANDY,5209754171,unknown,459999,TUCSON,AZ,official_business_licenses,,,,
standard,ALEGRIA CREATIONS,5208787389,unknown,459999,TUCSON,AZ,official_business_licenses,,,,
standard,TOAD KNOT STUDIO,5203057867,unknown,459999,TUCSON,AZ,official_business_licenses,,,,
standard,GRACE AND CLAY LLC,5204748842,unknown,459999,TUCSON,AZ,official_business_licenses,,,,
standard,RACHELLE PRIETO DESIGNS,5753234949,unknown,459999,TUCSON,AZ,official_business_licenses,,,,
standard,CRYSTAL ROSE ROBINSON,5207195427,unknown,459999,TUCSON,AZ,official_business_licenses,,,,
standard,PRETTY SWEET MACS,5202582432,unknown,459999,TUCSON,AZ,official_business_licenses,,,,
standard,GUIDED LUXE,5203128711,unknown,459999,TUCSON,AZ,official_business_licenses,,,,
standard,WANDERING ROAD DESIGNS,7089895000,unknown,459999,Tucson,AZ,official_business_licenses,,,,
standard,MY 3 DESIGNS,5203601919,unknown,459999,TUCSON,AZ,official_business_licenses,,,,
standard,SANDWEAVER,5203292604,unknown,459999,TUCSON,AZ,official_business_licenses,,,,
standard,SHADE CONNECTION,5207929346,unknown,459999,TUCSON,AZ,official_business_licenses,,,,
standard,BOTANICA ODARA IRE,5205518936,unknown,459999,TUCSON,AZ,official_business_licenses,,,,
standard,SAM LOVES SUZY,5204191329,unknown,459999,TUCSON,AZ,official_business_licenses,,,,
standard,HANNTAN ANIME,5203902067,unknown,459999,TUCSON,AZ,official_business_licenses,,,,
standard,OPEN ROAD TRADERS LLC,5209712167,unknown,459999,TUCSON,AZ,official_business_licenses,,,,
standard,MONSOON SEASON JEWELRY,5419688773,unknown,459999,TUCSON,AZ,official_business_licenses,,,,
standard,BOUQUETS BY GABBIE,5205995872,unknown,459999,TUCSON,AZ,official_business_licenses,,,,
standard,EMEI,5202896764,unknown,459999,TUCSON,AZ,official_business_licenses,,,,
standard,ASTRO RUGS STUDIO,5203320634,unknown,459999,TUCSON,AZ,official_business_licenses,,,,
standard,FREEDOM GEMSTONES,5203347730,unknown,459999,TUCSON,AZ,official_business_licenses,,,,
standard,HOWEY DO IT,5202738468,unknown,459999,TUCSON,AZ,official_business_licenses,,,,
standard,RWT CREATIONS,5208861134,unknown,459999,TUCSON,AZ,official_business_licenses,,,,
standard,MJ HERITAGE CO,5209099018,unknown,459999,TUCSON,AZ,official_business_licenses,,,,
standard,LOWBROW STUDIOS,5206686392,unknown,459999,TUCSON,AZ,official_business_licenses,,,,
standard,C'S GIFTS,5204013160,unknown,459999,TUCSON,AZ,official_business_licenses,,,,
standard,YISELART,5206680723,unknown,459999,TUCSON,AZ,official_business_licenses,,,,
standard,STARLIGHT BADGER,5206316571,unknown,459999,TUCSON,AZ,official_business_licenses,,,,
standard,DARK ARTS COMICS LLC,5204064217,unknown,459999,TUCSON,AZ,official_business_licenses,,,,
standard,ELEMENTAL CONCEPTS AZ LLC,5207803253,unknown,459999,TUCSON,AZ,official_business_licenses,,,,
standard,KTM DESIGNS,5204059253,unknown,459999,TUCSON,AZ,official_business_licenses,,,,
standard,"ALL THINGS EMBRODERY, VINYL & MORE",5204444722,unknown,459999,TUCSON,AZ,official_business_licenses,,,,
standard,THE KRAFTY KIND,7753977478,unknown,459999,VAIL,AZ,official_business_licenses,,,,
standard,FENIX SYSTEMS LLC,6233776100,unknown,459999,PHOENIX,AZ,official_business_licenses,,,,
standard,NUESTROTIENDA CABALLO,5202714116,unknown,459999,TUCSON,AZ,official_business_licenses,,,,
standard,CORSTEN CERAMICS,6026473196,unknown,459999,TUCSON,AZ,official_business_licenses,,,,
standard,WICKED WORLD WIDE,5203121857,unknown,459999,TUCSON,AZ,official_business_licenses,,,,
standard,STILLWELL B.L.,5203120151,unknown,459999,TUCSON,AZ,official_business_licenses,,,,
standard,WILD ESSENCE WELLNESS,5206619361,unknown,459999,GREEN VALLEY,AZ,official_business_licenses,,,,
standard,ARIZONA SAGUARO THREADS,5207290243,unknown,459999,TUCSON,AZ,official_business_licenses,,,,
standard,OWL LIT CANDLES,5207304359,unknown,459999,TUCSON,AZ,official_business_licenses,,,,
standard,IT'S AB,5204819837,unknown,459999,TUCSON,AZ,official_business_licenses,,,,
standard,SCENTS BY SALLY,5202616482,unknown,459999,TUCSON,AZ,official_business_licenses,,,,
standard,FACILITADOR,5205956631,unknown,459999,TUCSON,AZ,official_business_licenses,,,,
standard,SOCIAL TENDENCY,5203293863,unknown,459999,TUCSON,AZ,official_business_licenses,,,,
standard,ALIBETH DISTRIBUTION,5203381365,unknown,459999,MARANA,AZ,official_business_licenses,,,,
standard,AZAR 247 MARKET,5207779072,unknown,459999,MARANA,AZ,official_business_licenses,,,,
standard,BEADED DESERT STUDIOS,5209071068,unknown,459999,TUCSON,AZ,official_business_licenses,,,,
standard,DESIREES DEZIGNS,5208227068,unknown,459999,TUCSON,AZ,official_business_licenses,,,,
standard,BARRIO BURGERS LLC,5205002230,unknown,459999,TUCSON,AZ,official_business_licenses,,,,
standard,LITTLE THORN GOODS,5203044185,unknown,459999,TUCSON,AZ,official_business_licenses,,,,
standard,BLUE PALO VERDE 1,9285034777,unknown,459999,GUADALUPE,AZ,official_business_licenses,,,,
standard,DEE'S CREATIONS,5209716026,unknown,459999,TUCSON,AZ,official_business_licenses,,,,
standard,1 HAPPY LADYBUG,5202566496,unknown,459999,TUCSON,AZ,official_business_licenses,,,,
standard,LAURA S CARPENTER,5205511596,unknown,459999,TUCSON,AZ,official_business_licenses,,,,
standard,DISPLAY CRYSTALS,5202775000,unknown,459999,Tucson,AZ,official_business_licenses,,,,
standard,OLD PAINT RECORDS,5202797899,unknown,459999,TUCSON,AZ,official_business_licenses,,,,
standard,INFINITE CROSSROADS,5209991322,unknown,459999,TUCSON,AZ,official_business_licenses,,,,
standard,BRILLE MEAD COMPANY,5202072312,unknown,459999,TUCSON,AZ,official_business_licenses,,,,
standard,TAGALONG GIFTS,5206375427,unknown,459999,TUCSON,AZ,official_business_licenses,,,,
standard,SONORAN DESERT RHINO,5203701923,unknown,459999,TUCSON,AZ,official_business_licenses,,,,
standard,K'S BEAUTY INSIDE & OUT,5202033526,unknown,459999,TUCSON,AZ,official_business_licenses,,,,
standard,CASAMANOLO,5202558113,unknown,459999,SIERRA VISTA,AZ,official_business_licenses,,,,
standard,VSIONS ART,5206394391,unknown,459999,TUCSON,AZ,official_business_licenses,,,,
standard,THE RAIN STORE INC,5202415086,unknown,459999,TUCSON,AZ,official_business_licenses,,,,
standard,ARTE DE ADRIANA,5053216581,unknown,459999,TUCSON,AZ,official_business_licenses,,,,
standard,LOVLIES BY LOIS,5205516849,unknown,459999,TUCSON,AZ,official_business_licenses,,,,
standard,AMETHYST JUNCTION,6142086591,unknown,459999,TUCSON,AZ,official_business_licenses,,,,
standard,LENORE T SOPER,5204057008,unknown,459999,TUCSON,AZ,official_business_licenses,,,,
standard,DCM.ONE LLC,5202796253,unknown,459999,TUCSON,AZ,official_business_licenses,,,,
standard,IMPERFECTIONIST PRINTING,5404354197,unknown,459999,TUCSON,AZ,official_business_licenses,,,,
standard,PIXEL GALAXY ART,5205850090,unknown,459999,TUCSON,AZ,official_business_licenses,,,,
standard,UMETEAAZ LLC,+15202072156,,459999,CHANDLER,AZ,adapter:official_business_licenses,,,,
standard,COPPER STATE AUCTIONS,480-435-9900,unknown,461990,Mesa,AZ,official_business_licenses,,,,
standard,Heli Carrier USA LLC,418 914-5600,unknown,481000,Mesa,AZ,official_business_licenses,,,,
standard,RED BARON LLC,5208890022,unknown,481211,TUCSON,AZ,official_business_licenses,,,,
standard,R KING DRONE SERVICES & IMAGES,5203335884,unknown,481219,TUCSON,AZ,official_business_licenses,,,,
standard,BLING JOYERIA,2816202633,unknown,48310,TUCSON,AZ,official_business_licenses,,,,
standard,VENOM TRUCKING,5202492445,unknown,484000,TUCSON,AZ,official_business_licenses,,,,
standard,SAGUARO TRUCKING INCORPORATED,5206963488,unknown,484110,TUCSON,AZ,official_business_licenses,,,,
standard,F&S TRANSPORTATION,5202458290,unknown,484110,TUCSON,AZ,official_business_licenses,,,,
standard,JGM ENTERPRISES,5207450960,unknown,484110,TUCSON,AZ,official_business_licenses,,,,
standard,A ACTION MOVING TEAM,5204037257,unknown,484110,TUCSON,AZ,official_business_licenses,,,,
standard,MINI ROLL-OFF OF TUCSON,5203214439,unknown,484110,TUCSON,AZ,official_business_licenses,,,,
standard,BLUE RIVER TRUCKING,5204068866,unknown,484110,TUCSON,AZ,official_business_licenses,,,,
standard,BEST MOVERS,5207919989,unknown,484110,TUCSON,AZ,official_business_licenses,,,,
standard,DMC-LOGISTICS,5052173137,unknown,484110,TUCSON,AZ,official_business_licenses,,,,
standard,BARRON-LOYA TRUCKING,5209099786,unknown,484110,TUCSON,AZ,official_business_licenses,,,,
standard,ELY HEAVY HAUL,5204712193,unknown,484110,SAHUARITA,AZ,official_business_licenses,,,,
standard,DIAMOND METAL SERVICES LLC,5204888849,unknown,484110,TUCSON,AZ,official_business_licenses,,,,
standard,K & Y TRUCKING,5203739176,unknown,484110,TUCSON,AZ,official_business_licenses,,,,
standard,EMPIRE SOUTHWEST LLC,4806334105,unknown,484110,PHOENIX,AZ,official_business_licenses,,,,
standard,NORTHSIDE ROCK TRUCKING,5207098520,unknown,484110,MARANA,AZ,official_business_licenses,,,,
standard,MADE TRUCKING & TRANSPORTATION LLC,5202308113,unknown,484110,TUCSON,AZ,official_business_licenses,,,,
standard,KASHU TRUCKING,5204093990,unknown,484110,TUCSON,AZ,official_business_licenses,,,,
standard,STAGE FOUR & MADE,5202307640,unknown,484110,TUCSON,AZ,official_business_licenses,,,,
standard,BILLY COMEAUX TRUCKING,5207491440,unknown,484110,TUCSON,AZ,official_business_licenses,,,,
standard,SDL TOWING,5203206228,unknown,484110,TUCSON,AZ,official_business_licenses,,,,
standard,QV TRUCKING,5207870753,unknown,484110,TUCSON,AZ,official_business_licenses,,,,
standard,GOLDEN BULLET RANSPORT,6023493939,unknown,484110,TUCSON,AZ,official_business_licenses,,,,
standard,H&R MOVES YOU,5202945171,unknown,484110,TUCSON,AZ,official_business_licenses,,,,
standard,ESTOLANO TRUCKING,5207303572,unknown,484110,TUCSON,AZ,official_business_licenses,,,,
standard,AVERY'S AUTO REPAIR,5205741600,unknown,484110,TUCSON,AZ,official_business_licenses,,,,
standard,RAEVEN EXPRESS TRUCKING INC,5202458741,unknown,484110,TUCSON,AZ,official_business_licenses,,,,
standard,BARNETTS TOWING LLC,5206239007,unknown,484110,SIERRA VISTA,AZ,official_business_licenses,,,,
standard,SIMA TRANSPORTATION,5205767450,unknown,484110,TUCSON,AZ,official_business_licenses,,,,
standard,GROUNDFYRE INC,5203050589,unknown,484110,MARANA,AZ,official_business_licenses,,,,
standard,"Old Dominion Freight Line, Inc.",336-822-1321,unknown,484120,Mesa,AZ,official_business_licenses,,,,
standard,RAPIDO TRUCKING,5205345561,unknown,484121,MARANA,AZ,official_business_licenses,,,,
standard,LAJOIE'S TRUCKING LLC,5208080541,unknown,484121,TUCSON,AZ,official_business_licenses,,,,
standard,LA PATO LLC,9286609548,unknown,484121,TUCSON,AZ,official_business_licenses,,,,
standard,TFORCE FREIGHT INC,9723043186,unknown,484121,PHOENIX,AZ,official_business_licenses,,,,
standard,ED & SON EXPRESS,5202223958,unknown,484121,TUCSON,AZ,official_business_licenses,,,,
standard,GIANTS TRUCKING LLC,5204404219,unknown,484121,TUCSON,AZ,official_business_licenses,,,,
standard,THUNDERBIRD TRANSPORT,7152199940,unknown,484122,TUCSON,AZ,official_business_licenses,,,,
standard,ARIZONA PACKOUT,6029045150,unknown,484210,MESA,AZ,official_business_licenses,,,,
standard,A COUPLE OF GUYS AND THEIR TRUCKS,5203023755,unknown,484210,TUCSON,AZ,official_business_licenses,,,,
standard,CHOSEN1 SERVICES,9803493486,unknown,484210,TUCSON,AZ,official_business_licenses,,,,
standard,NICOLOSI MOVES,5207220456,unknown,484210,TUCSON,AZ,official_business_licenses,,,,
standard,GHETTO SOLUTIONS,5033208606,unknown,484210,TUCSON,AZ,official_business_licenses,,,,
standard,AZ MOVERS,5202566666,unknown,484210,TUCSON,AZ,official_business_licenses,,,,
standard,ABBA & SONS LLC,5204443133,unknown,484210,TUCSON,AZ,official_business_licenses,,,,
standard,PACK IT UP SERVICES LLC,5205519472,unknown,484210,TUCSON,AZ,official_business_licenses,,,,
standard,MPH SERVICES,5204097530,unknown,484210,TUCSON,AZ,official_business_licenses,,,,
standard,RECOVERED MEMORIES BY MARICELA,5206095983,unknown,484210,CORONA DE TUCSON,AZ,official_business_licenses,,,,
standard,TUCSON HOT TUBS LLC,5203037727,unknown,484210,TUCSON,AZ,official_business_licenses,,,,
standard,STARS MOVE U TO YOUR DESTINATION LLC,5205616701,unknown,484210,TUCSON,AZ,official_business_licenses,,,,
standard,AAA SOTO'S MOVING & STORAGE,5202759893,unknown,484210,TUCSON,AZ,official_business_licenses,,,,
standard,MCCOY MOVING SERVICES,5202607596,unknown,484210,TUCSON,AZ,official_business_licenses,,,,
standard,MOVING MARVELS,5209349291,unknown,484210,TUCSON,AZ,official_business_licenses,,,,
standard,MISTER SAGUAROS MOVING & LABOR SOLUTIONS,5209758918,unknown,484210,TUCSON,AZ,official_business_licenses,,,,
standard,LEY PIANO COMPANY,5207500372,unknown,484210,TUCSON,AZ,official_business_licenses,,,,
standard,AJ'S MOVING & DELIVERY,5208227980,unknown,484210,TUCSON,AZ,official_business_licenses,,,,
standard,EXCEL MOVERS INC,5202904543,unknown,484210,TUCSON,AZ,official_business_licenses,,,,
standard,BEKINS A-1 MOVERS INC,5207904601,unknown,484210,TUCSON,AZ,official_business_licenses,,,,
standard,APOSTLE MOVE,5203033131,unknown,484210,MARANA,AZ,official_business_licenses,,,,
standard,A AWESOME MOVING COMPANY,5207902367,unknown,484210,TUCSON,AZ,official_business_licenses,,,,
standard,ALL AROUND MOVING,5202892081,unknown,484210,TUCSON,AZ,official_business_licenses,,,,
standard,A-LIST MOVERS,5202567667,unknown,484210,TUCSON,AZ,official_business_licenses,,,,
standard,BLCK TRUCKING,5202417121,unknown,484220,TUCSON,AZ,official_business_licenses,,,,
standard,UNITED FREIGHT SERVICE INC,5206249190,unknown,484220,PHOENIX,AZ,official_business_licenses,,,,
standard,GOOD TIMES TRUCKING,5203320144,unknown,484220,TUCSON,AZ,official_business_licenses,,,,
standard,LELAND STEVENS TRUCKING INC,5206827042,unknown,484220,TUCSON,AZ,official_business_licenses,,,,
standard,SURE SHOT GRAVEL CONVEYOR SYSTEMS,5204909891,unknown,484220,TUCSON,AZ,official_business_licenses,,,,
standard,ARMANDOS HAULING,5203103489,unknown,484220,TUCSON,AZ,official_business_licenses,,,,
standard,ROADRUNNER QUALITY TRANSPORTS,5209790332,unknown,484220,VAIL,AZ,official_business_licenses,,,,
standard,ZONA MOVING AND LABOR,5208613990,unknown,484220,ORO VALLEY,AZ,official_business_licenses,,,,
standard,MADDIE'S TRUCKING,5204400893,unknown,484230,TUCSON,AZ,official_business_licenses,,,,
standard,DAB CARRIERS,5202751112,unknown,484230,TUCSON,AZ,official_business_licenses,,,,
standard,IZEM AUTO SHIPPING LLC,5207289342,unknown,484230,TUCSON,AZ,official_business_licenses,,,,
standard,RELIANCE METAL CENTER,6022754471,unknown,485113,PHOENIX,AZ,official_business_licenses,,,,
standard,HASA INCORPORATED,5204663817,unknown,485113,ELOY,AZ,official_business_licenses,,,,
standard,INGLIS FLORISTS INCORPORATED,5202971158,unknown,485113,TUCSON,AZ,official_business_licenses,,,,
standard,INGLIS FLORISTS INCORPORATED,5206224641,unknown,485113,TUCSON,AZ,official_business_licenses,,,,
standard,TUFESA USA,5202943780,unknown,485113,PHOENIX,AZ,official_business_licenses,,,,
standard,CASAS ADOBES FLOWER SHOP,5202971165,unknown,485113,TUCSON,AZ,official_business_licenses,,,,
standard,VAN TRAN,5207981000,unknown,485113,TUCSON,AZ,official_business_licenses,,,,
standard,TRANSPORTE DIRECTE LLC,5207912222,unknown,485113,CHANDLER,AZ,official_business_licenses,,,,
standard,AJAX BARRICADE INCORPORATED,5207418340,unknown,485113,TUCSON,AZ,official_business_licenses,,,,
standard,AJ'S TRANSPORTATION,5206094942,unknown,485310,TUCSON,AZ,official_business_licenses,,,,
standard,FARGO,5202487555,unknown,485310,TUCSON,AZ,official_business_licenses,,,,
standard,CITY WIDE CAB CO LLC,5208081610,unknown,485310,TUCSON,AZ,official_business_licenses,,,,
standard,TUCSON DISCOUNT TAXI,5202709391,unknown,485310,TUCSON,AZ,official_business_licenses,,,,
standard,SASSY CAB,5208739001,unknown,485310,TUCSON,AZ,official_business_licenses,,,,
standard,PUDO RIDE SHARE,5202786743,unknown,485310,TUCSON,AZ,official_business_licenses,,,,
standard,DAVID PAUL GREEN,5208670491,unknown,485310,TUCSON,AZ,official_business_licenses,,,,
standard,ROYAL TAXI LLC,5208345050,unknown,485310,TUCSON,AZ,official_business_licenses,,,,
standard,HADY TRANSPORTATION,5203364881,unknown,485310,TUCSON,AZ,official_business_licenses,,,,
standard,ARGO TAXI,5207045000,unknown,485310,TUCSON,AZ,official_business_licenses,,,,
standard,TUCSON AIRPORT CAB,5204402543,unknown,485310,Tucson,AZ,official_business_licenses,,,,
standard,VETERAN TAXI SERVICE LLC,7134165147,unknown,485310,SIERRA VISTA,AZ,official_business_licenses,,,,
standard,EXPRESS TAXI 1,5202400344,unknown,485310,TUCSON,AZ,official_business_licenses,,,,
standard,PREFERRED TAXI CAB,5202403001,unknown,485310,TUCSON,AZ,official_business_licenses,,,,
standard,WILLS J TRANSPORTATION,9285148949,unknown,485310,MESA,AZ,official_business_licenses,,,,
standard,UNION CAB,5208911362,unknown,485310,TUCSON,AZ,official_business_licenses,,,,
standard,CRESCENT CAB,5202453978,unknown,485310,TUCSON,AZ,official_business_licenses,,,,
standard,ALL TOWN TAXI,5203083708,unknown,485310,TUCSON,AZ,official_business_licenses,,,,
standard,BLACK TAG TRANSPORTATION,7026376507,unknown,485320,TUCSON,AZ,official_business_licenses,,,,
standard,ALLISON SUBURBAN TRANSPORTATION,5208885466,unknown,485320,TUCSON,AZ,official_business_licenses,,,,
standard,DIAMOND TRANSPORTATION,5208258888,unknown,485320,TUCSON,AZ,official_business_licenses,,,,
standard,ALLISON LIMOUSINE,5209915534,unknown,485320,TUCSON,AZ,official_business_licenses,,,,
standard,RIDE ROYALE LLC,5202505260,unknown,485320,TUCSON,AZ,official_business_licenses,,,,
standard,TUCSON TOWING,5202968609,unknown,485320,TUCSON,AZ,official_business_licenses,,,,
standard,AQUINOGONZ TRANSPORTATION,5204062981,unknown,485320,TUCSON,AZ,official_business_licenses,,,,
standard,VAL-U LUXURY TRANS LLC,5208503230,unknown,485320,TUCSON,AZ,official_business_licenses,,,,
standard,MBL TRANSPORTATION,5205789345,unknown,485320,TUCSON,AZ,official_business_licenses,,,,
standard,JK TRANSPORTATION,5202411234,unknown,485320,TUCSON,AZ,official_business_licenses,,,,
standard,ALLSTATE,5202932618,unknown,485320,TUCSON,AZ,official_business_licenses,,,,
standard,AMERICAN VALET & LIMOUSINE INC,6028610311,unknown,485320,PHOENIX,AZ,official_business_licenses,,,,
standard,ARIZONA SECRET SERVICE,5204400119,unknown,485320,TUCSON,AZ,official_business_licenses,,,,
standard,GEORGE'S TRANSPORTATION,5209771965,unknown,485320,TUCSON,AZ,official_business_licenses,,,,
standard,KOKOPELLI LIMOUSINE,5208088603,unknown,485320,TUCSON,AZ,official_business_licenses,,,,
standard,DESERT RUN TRANSPORTATION,5203015316,unknown,485320,TUCSON,AZ,official_business_licenses,,,,
standard,TRIBUTE TRANSPORTATION,5206618289,unknown,485320,TUCSON,AZ,official_business_licenses,,,,
standard,AMERICA GO SERVICES LLC,5203605354,unknown,485320,TUCSON,AZ,official_business_licenses,,,,
standard,AZGTRANSPO SERVICE LLC,5209551468,unknown,485320,TUCSON,AZ,official_business_licenses,,,,
standard,JACKS PREFERRED TRANSPORTATION,5204681656,unknown,485320,TUCSON,AZ,official_business_licenses,,,,
standard,GOLDSTAR TOWNCAR SERVICE LLC,5204905406,unknown,485320,VAIL,AZ,official_business_licenses,,,,
standard,OTS TRANSPORTATION SERVICES,7632228237,unknown,485410,TUCSON,AZ,official_business_licenses,,,,
standard,RIDE ON TIME NONEMERGENCY TRANSPORTATION,5209913551,unknown,485991,TUCSON,AZ,official_business_licenses,,,,
standard,LEE TRANSPORT,5202485611,unknown,485991,TUCSON,AZ,official_business_licenses,,,,
standard,AMIR TRANSPORTATION,5203894055,unknown,485991,TUCSON,AZ,official_business_licenses,,,,
standard,CARE TRANS,4809730248,unknown,485991,MESA,AZ,official_business_licenses,,,,
standard,COPPER STAR TRANSPORTATION LLC,5203120411,unknown,485991,TUCSON,AZ,official_business_licenses,,,,
standard,CARESTAR,4805599999,unknown,485991,PHOENIX,AZ,official_business_licenses,,,,
standard,TUCSON RIDE,5207844592,unknown,485991,TUCSON,AZ,official_business_licenses,,,,
standard,LES KABANOS NATIONAL TRANSPORTATION COMPANY LLC,5202570222,unknown,485991,TUCSON,AZ,official_business_licenses,,,,
standard,A & A NON MEDICAL TRANSPORTATION LLC,5208085663,unknown,485991,TUCSON,AZ,official_business_licenses,,,,
standard,VALLEY MEDTRANS INC,6023247178,unknown,485991,CHANDLER,AZ,official_business_licenses,,,,
standard,SONORA SHUTTLES LLC,5202941210,unknown,485999,NOGALES,AZ,official_business_licenses,,,,
standard,BUDDHA BUGGY,5204778422,unknown,485999,TUCSON,AZ,official_business_licenses,,,,
standard,IMP TRANSPORT LLC,5202589968,unknown,485999,TUCSON,AZ,official_business_licenses,,,,
standard,ADONAI MOUNTAIN TRANSPORTATION,8172307178,unknown,485999,TUCSON,AZ,official_business_licenses,,,,
standard,LUXE TRANSPORT,5205610114,unknown,485999,TUCSON,AZ,official_business_licenses,,,,
standard,MTCB SENIOR TRANSPORT AND MORE,5204716046,unknown,485999,TUCSON,AZ,official_business_licenses,,,,
standard,LIVERY EXPRESS,5209125345,unknown,485999,TUCSON,AZ,official_business_licenses,,,,
standard,ADOBE TRANSIT,5207455940,unknown,485999,TUCSON,AZ,official_business_licenses,,,,
standard,VANSACH TRANSPORTATION COMPANY,5208699426,unknown,485999,TUCSON,AZ,official_business_licenses,,,,
standard,SPECTER TOURS,5205911946,unknown,487110,TUCSON,AZ,official_business_licenses,,,,
standard,ECO BUZZ TOURS,5208490355,unknown,487110,TUCSON,AZ,official_business_licenses,,,,
standard,ASCENT AVIATION SERVICES,5206165052,unknown,488190,MARANA,AZ,official_business_licenses,,,,
standard,AIRTRONICS,5208813982,unknown,488190,TUCSON,AZ,official_business_licenses,,,,
standard,TONICHE RAILROAD SERVICES,5202680086,unknown,488210,TUCSON,AZ,official_business_licenses,,,,
standard,ACOSTA'S TOWING,5203130446,unknown,488410,TUCSON,AZ,official_business_licenses,,,,
standard,SIERRA ROADSIDE,5205352400,unknown,488410,SOUTH TUCSON,AZ,official_business_licenses,,,,
standard,AJ'S TOWING AND MINISTRIES LLC,5207481444,unknown,488410,TUCSON,AZ,official_business_licenses,,,,
standard,D&J TOWING,5205867224,unknown,488410,SAINT DAVID,AZ,official_business_licenses,,,,
standard,TORRES ENTERPRISE,5206229527,unknown,488410,TUCSON,AZ,official_business_licenses,,,,
standard,CORNELIUS N NOOY TOWING & REPAIR,5208695665,unknown,488410,TUCSON,AZ,official_business_licenses,,,,
standard,LEO'S TOWING,5207806559,unknown,488410,TUCSON,AZ,official_business_licenses,,,,
standard,JCA TOWING LLC,5208384512,unknown,488410,TUCSON,AZ,official_business_licenses,,,,
standard,GDL TOWING SERVICES,5204098313,unknown,488410,TUCSON,AZ,official_business_licenses,,,,
standard,SWIFT TOWING AND RECOVERY,5203048698,unknown,488410,TUCSON,AZ,official_business_licenses,,,,
standard,HOOKS TOWING,5202685344,unknown,488410,SAHUARITA,AZ,official_business_licenses,,,,
standard,FUNKS SERVICES,5202789044,unknown,488410,TUCSON,AZ,official_business_licenses,,,,
standard,SOUTHERN ARIZONA TOWING AND RECOVERY,5203304882,unknown,488410,TUCSON,AZ,official_business_licenses,,,,
standard,ENBELLA'S TOWING,5202667732,unknown,488410,TUCSON,AZ,official_business_licenses,,,,
standard,DOWNTOWN AUTO CENTER,5206223956,unknown,488410,TUCSON,AZ,official_business_licenses,,,,
standard,BULLFROG TOWING,8019188987,unknown,488410,TUCSON,AZ,official_business_licenses,,,,
standard,TARRANGAS TOWING LLC,5209401898,unknown,488410,TUCSON,AZ,official_business_licenses,,,,
standard,A&F TOWING & ROADSIDE ASSISTANCE,5203027862,unknown,488410,TUCSON,AZ,official_business_licenses,,,,
standard,A&B TOWING,5205742225,unknown,488410,TUCSON,AZ,official_business_licenses,,,,
standard,A-1-TOW TRUCK AUTOMOTIVE & SALES,5204715703,unknown,488410,TUCSON,AZ,official_business_licenses,,,,
standard,AA ALL CITY TOWING,5207401234,unknown,488410,TUCSON,AZ,official_business_licenses,,,,
standard,PLUS TOWING & RECYCLING,5209540919,unknown,488410,TUCSON,AZ,official_business_licenses,,,,
standard,RAMIREZ AUTO CARRIERS,5206824377,unknown,488410,MARANA,AZ,official_business_licenses,,,,
standard,HY'S TOWING,5205899759,unknown,488410,TUCSON,AZ,official_business_licenses,,,,
standard,JEFF'S TOWING LLC,5203317947,unknown,488410,TUCSON,AZ,official_business_licenses,,,,
standard,JC TIRES MOBILE 24/7,5202600779,unknown,488410,TUCSON,AZ,official_business_licenses,,,,
standard,A FAST GROUP LLC,5209093984,unknown,488410,TUCSON,AZ,official_business_licenses,,,,
standard,2 B TOWING,5204191940,unknown,488410,SAHUARITA,AZ,official_business_licenses,,,,
standard,SONORAN TOWING & RECOVERY INC,5202352914,unknown,488410,TUCSON,AZ,official_business_licenses,,,,
standard,AUTO RESCUE TOWING SERVICE,5202895144,unknown,488410,TUCSON,AZ,official_business_licenses,,,,
standard,OLD TRUCK TOWING AND MOBILE RECYCLE LLC,5202828933,unknown,488410,TUCSON,AZ,official_business_licenses,,,,
standard,A TO Z TOWING LLC,5205101984,unknown,488410,RED ROCK,AZ,official_business_licenses,,,,
standard,AFFORDABLE TOWING SERVICES,5202931781,unknown,488410,TUCSON,AZ,official_business_licenses,,,,
standard,WATT TOWING,5202489337,unknown,488410,TUCSON,AZ,official_business_licenses,,,,
standard,CHUKO'S TOWING,5207040046,unknown,488410,TUCSON,AZ,official_business_licenses,,,,
standard,ATOMIC TOWING,5205785956,unknown,488410,TUCSON,AZ,official_business_licenses,,,,
standard,1776 TOWING & RECOVERY LLC,5202720361,unknown,488410,TUCSON,AZ,official_business_licenses,,,,
standard,ARIZONA ELITE TOWING INC,5208207723,unknown,488410,CORTARO,AZ,official_business_licenses,,,,
standard,MARINO'S TOWING & REPAIR,5205353238,unknown,488410,TUCSON,AZ,official_business_licenses,,,,
standard,INEZ TOW AND SERVICE LLC,5206648315,unknown,488410,TUCSON,AZ,official_business_licenses,,,,
standard,GARYS TOWING & SALVAGE POOL INCORPORATED,5205749161,unknown,488410,TUCSON,AZ,official_business_licenses,,,,
standard,GREINER AUTO SALVAGE,5203582827,unknown,488410,TUCSON,AZ,official_business_licenses,,,,
standard,E & R TOWING LLC,5205517625,unknown,488410,TUCSON,AZ,official_business_licenses,,,,
standard,TWO SONS TOWING,5203096144,unknown,488410,TUCSON,AZ,official_business_licenses,,,,
standard,ALL-WAYS TOWING LLC,5209038726,unknown,488410,AMADO,AZ,official_business_licenses,,,,
standard,M&S TOWING,5207890350,unknown,488410,TUCSON,AZ,official_business_licenses,,,,
standard,RED SEAL MOBILE TIRES,5204659793,unknown,488410,TUCSON,AZ,official_business_licenses,,,,
standard,AUTO RESCUE TOWING,5204409703,unknown,488410,TUCSON,AZ,official_business_licenses,,,,
standard,OUTLAWS TOWING & RECOEVERY,5205995244,unknown,488410,TUCSON,AZ,official_business_licenses,,,,
standard,ZERVICE TRUCK ROAD SERVICE,5209776938,unknown,488410,TUCSON,AZ,official_business_licenses,,,,
standard,AMERICAN TRANSPORT ASSOCIATES,5204453289,unknown,488490,TUCSON,AZ,official_business_licenses,,,,
standard,TERCERO TRANSPORTATION,5209801647,unknown,488490,TUCSON,AZ,official_business_licenses,,,,
standard,GREYHOUND LINES INC,2148498020,unknown,488490,TUCSON,AZ,official_business_licenses,,,,
standard,JAIME ARRIAGA TRANSPORTATION,5208221271,unknown,488490,TUCSON,AZ,official_business_licenses,,,,
standard,NICE AUTO TRANSPORT,5204053279,unknown,488490,TUCSON,AZ,official_business_licenses,,,,
standard,AETOS AVIATION LLC,5202446958,unknown,488490,TUCSON,AZ,official_business_licenses,,,,
standard,FREIGHT SERVICES,5207773850,unknown,488510,TUCSON,AZ,official_business_licenses,,,,
standard,JW WISNER INC,5203605882,unknown,488510,TUCSON,AZ,official_business_licenses,,,,
standard,DHZ TRANSPORTATION,5206094306,unknown,488510,TUCSON,AZ,official_business_licenses,,,,
standard,AG TRANSPORT,5206044080,unknown,488991,RIO RICO,AZ,official_business_licenses,,,,
standard,HAVEN MEDICAL TRANSPORTATION,5203494987,unknown,488999,TUCSON,AZ,official_business_licenses,,,,
standard,ON PRIME RIDE,5205896029,unknown,488999,TUCSON,AZ,official_business_licenses,,,,
standard,T-DAWG SERVICES,5204907868,unknown,488999,VAIL,AZ,official_business_licenses,,,,
standard,ARIZONA CAR HAULERS,5208913008,unknown,488999,TUCSON,AZ,official_business_licenses,,,,
standard,ACME MEAT COMPANY,6022522263,unknown,488999,PHOENIX,AZ,official_business_licenses,,,,
standard,CAMP LOWELL MAIL DEPOT,5202711426,unknown,491110,TUCSON,AZ,official_business_licenses,,,,
standard,THE UPS STORE 0605,5207228272,unknown,491110,TUCSON,AZ,official_business_licenses,,,,
standard,HIT THE ROAD WITH HENDERSONS,5204614545,unknown,492100,TUCSON,AZ,official_business_licenses,,,,
standard,JOYFUL DELIVERY,7028108727,unknown,492100,DUNCAN,AZ,official_business_licenses,,,,
standard,ROADRUNNER COURIERS,5202589219,unknown,492110,TUCSON,AZ,official_business_licenses,,,,
standard,ROB'S ELITE DELIVERIES LLC,5204972975,unknown,492110,TUCSON,AZ,official_business_licenses,,,,
standard,JEREMY L BOOHER,5204828810,unknown,492110,TUCSON,AZ,official_business_licenses,,,,
standard,ORANGE EXPRESS INC,5205848536,unknown,492110,TUCSON,AZ,official_business_licenses,,,,
standard,EXECUTIVE COURIER,5203257307,unknown,492110,TUCSON,AZ,official_business_licenses,,,,
standard,RAPID COURIERS,5209758271,unknown,492110,TUCSON,AZ,official_business_licenses,,,,
standard,KS LOGISTICS SERVICES LLC,5204840680,unknown,492110,TUCSON,AZ,official_business_licenses,,,,
standard,XCEL DELIVERY SERVICES,5204087200,unknown,492110,TUCSON,AZ,official_business_licenses,,,,
standard,JAKE'S CONVEYANCE LLC,5203995218,unknown,492110,TUCSON,AZ,official_business_licenses,,,,
standard,JOEL L CHAVEZ,5205915055,unknown,492110,TUCSON,AZ,official_business_licenses,,,,
standard,HIEQ LOGISTICS,5206136041,unknown,492110,TUCSON,AZ,official_business_licenses,,,,
standard,TIMESAVERS,5204008995,unknown,492110,TUCSON,AZ,official_business_licenses,,,,
standard,CAMINO COURIER,5202371800,unknown,492110,TUCSON,AZ,official_business_licenses,,,,
standard,MALONE'S EXPEDITED SERVICES,5203010331,unknown,492110,TUCSON,AZ,official_business_licenses,,,,
standard,ANTONIO'S EXPRESS,5203600090,unknown,492110,TUCSON,AZ,official_business_licenses,,,,
standard,GEORGE  MONTANO,5203891294,unknown,492110,TUCSON,AZ,official_business_licenses,,,,
standard,EXPRESS-IT CO INC,5207920335,unknown,492110,CHANDLER,AZ,official_business_licenses,,,,
standard,TCK DELIVERY,5206001926,unknown,492110,TUCSON,AZ,official_business_licenses,,,,
standard,THE RED ROSE,5203225655,unknown,492110,TUCSON,AZ,official_business_licenses,,,,
standard,RIGHT NOW DELIVERY SERVICE,4802780644,unknown,492110,TUCSON,AZ,official_business_licenses,,,,
standard,WILD WEST COURIER LLC,5203898471,unknown,492110,TUCSON,AZ,official_business_licenses,,,,
standard,UNIUNI LOGISTICS INC,5035604963,unknown,492110,TUCSON,AZ,official_business_licenses,,,,
standard,HEAVENLY TOTES,5203894073,unknown,492210,TUCSON,AZ,official_business_licenses,,,,
standard,UPS STORE 0149,5208852300,unknown,492210,TUCSON,AZ,official_business_licenses,,,,
standard,J&J FABRICATION LLC,5208822990,unknown,492210,TUCSON,AZ,official_business_licenses,,,,
standard,ANLICA'S MOBILE NOTARY SERVICES,5202889310,unknown,492210,TUCSON,AZ,official_business_licenses,,,,
standard,NOAH MI AMORE CATERING,5203327363,unknown,492210,TUCSON,AZ,official_business_licenses,,,,
standard,MAYES DND LLC,5202749818,unknown,492210,TUCSON,AZ,official_business_licenses,,,,
standard,ALL AROUND ARIZONA COURIER,5203366019,unknown,492210,TUCSON,AZ,official_business_licenses,,,,
standard,JOHN GEOFFREY IBARRA,5203427469,unknown,492210,TUCSON,AZ,official_business_licenses,,,,
standard,RASOOL TRANSPORTATION LLC,5202215996,unknown,492210,TUCSON,AZ,official_business_licenses,,,,
standard,TNT MESSENGER SERVICE,5203211213,unknown,492210,TUCSON,AZ,official_business_licenses,,,,
standard,MATTHEW WAYNE TRUCKING,5209541956,unknown,492210,TUCSON,AZ,official_business_licenses,,,,
standard,G&L DELIVERY SERVICE LLC,5206686099,unknown,492210,TUCSON,AZ,official_business_licenses,,,,
standard,FORT LOWELL SELF STORAGE,5203233240,unknown,493110,TUCSON,AZ,official_business_licenses,,,,
standard,U-HAUL ALVERNON WAY,5205372159,unknown,493110,TUCSON,AZ,official_business_licenses,,,,
standard,PARK WEST,5206222589,unknown,493110,TUCSON,AZ,official_business_licenses,,,,
standard,AMERICAN SELF STORAGE,5202931233,unknown,493110,TUCSON,AZ,official_business_licenses,,,,
standard,ALVERNON STORAGE,5207474446,unknown,493110,TUCSON,AZ,official_business_licenses,,,,
standard,LEGACY WATCHMAN LLC,5206035143,unknown,493110,TUCSON,AZ,official_business_licenses,,,,
standard,SILVERLAKE WAREHOUSE LLC,5204443480,unknown,493110,TUCSON,AZ,official_business_licenses,,,,
standard,FIRST & RIVER SELF STORAGE,5203191053,unknown,493110,TUCSON,AZ,official_business_licenses,,,,
standard,KOLB ROAD SELF STORAGE,5202961802,unknown,493110,TUCSON,AZ,official_business_licenses,,,,
standard,AMERICAN SELF STORAGE,5207479002,unknown,493110,TUCSON,AZ,official_business_licenses,,,,
standard,RITA RANCH RV & SELF STORAGE,5206640266,unknown,493110,TUCSON,AZ,official_business_licenses,,,,
standard,RITA RANCH SELF STORAGE,4804776304,unknown,493110,PHOENIX,AZ,official_business_licenses,,,,
standard,A & B LOGISTICS INTERNATIONAL,5023581460,unknown,493190,QUEEN CREEK,AZ,official_business_licenses,,,,
standard,BEAR ESSENTIAL NEWS/KIDS,5207929930,unknown,511110,TUCSON,AZ,official_business_licenses,,,,
standard,TERRITORIAL NEWSPAPER,5202941200,unknown,511110,SIERRA VISTA,AZ,official_business_licenses,,,,
standard,EVOLUTIONARY ECOLOGY LTD,5202986033,unknown,511110,TUCSON,AZ,official_business_licenses,,,,
standard,VANGUARD,5204013959,unknown,511110,TUCSON,AZ,official_business_licenses,,,,
standard,MAKEMYNEWSPAPER.COM,+18008490141,,511110,TUCSON,AZ,adapter:official_business_licenses,,,,
standard,ROYAL PUBLISHING,5207774343,unknown,511120,TUCSON,AZ,official_business_licenses,,,,
standard,SCOOTER ZINE,5203071641,unknown,511120,TUCSON,AZ,official_business_licenses,,,,
standard,THE TUCSON DOG MAGAZINE,9284204407,unknown,511120,PRESCOTT,AZ,official_business_licenses,,,,
standard,MEDIA ZOCALO LLC,5209401229,unknown,511120,TUCSON,AZ,official_business_licenses,,,,
standard,DE VISTA ARIZONA,5202073572,unknown,511120,TUCSON,AZ,official_business_licenses,,,,
standard,M&K ADVERTISING & PROMOTION LLC,5206287240,unknown,511120,TUCSON,AZ,official_business_licenses,,,,
standard,LANGUAGE CANVAS LLC,5204771523,unknown,511130,TUCSON,AZ,official_business_licenses,,,,
standard,TUCUMCARI PRESS,5202899894,unknown,511130,TUCSON,AZ,official_business_licenses,,,,
standard,GENEVA ESCOBEDO CREATIVE WRITING,5203608044,unknown,511130,TUCSON,AZ,official_business_licenses,,,,
standard,LAWYERS & JUDGES PUBLISHING COMPANY INCORPORATED,5203231500,unknown,511130,TUCSON,AZ,official_business_licenses,,,,
standard,MEOW MEOW MEDIA LLC,5209093619,unknown,511130,TUCSON,AZ,official_business_licenses,,,,
standard,TWIN PALMS CONSULTING AND PUBLISHING LLC,5207627242,unknown,511130,TUCSON,AZ,official_business_licenses,,,,
standard,ARIZONA BOOK PUBLISHING LLC,5206834494,unknown,511130,TUCSON,AZ,official_business_licenses,,,,
standard,BREAKAWAY MEDIA LLC,5203200858,unknown,511130,TUCSON,AZ,official_business_licenses,,,,
standard,APPLIED PHYSIOLOGY LTD,5208702250,unknown,511130,TUCSON,AZ,official_business_licenses,,,,
standard,PRAV PUBLISHING,5202477212,unknown,511130,TUCSON,AZ,official_business_licenses,,,,
standard,EDGE OF THE SEA LLC,5208205593,unknown,511130,TUCSON,AZ,official_business_licenses,,,,
standard,TUBECAT LLC,5204442929,unknown,511130,TUCSON,AZ,official_business_licenses,,,,
standard,THE HOOD COMPANY,5203494957,unknown,511130,TUCSON,AZ,official_business_licenses,,,,
standard,EMPTY MIND PUBLISHING LLC,5207626765,unknown,511130,TUCSON,AZ,official_business_licenses,,,,
standard,CRIZMAC,5203238555,unknown,511130,TUCSON,AZ,official_business_licenses,,,,
standard,PACK ENTERPRISES LLC,5203014001,unknown,511130,TUCSON,AZ,official_business_licenses,,,,
standard,NEW HERALD PUBLISHING LLC,5209047449,unknown,511130,TUCSON,AZ,official_business_licenses,,,,
standard,SPACEHEATER EDITIONS/ZIMMERMANN MULTIPLE,5209798407,unknown,511130,TUCSON,AZ,official_business_licenses,,,,
standard,MADDEN PREPRINT MEDIA LLC,5203220895,unknown,511130,TUCSON,AZ,official_business_licenses,,,,
standard,THE GAME OF LIFE,5203492558,unknown,511130,TUCSON,AZ,official_business_licenses,,,,
standard,CAMEL NEEDLE HOLDINGS LLC,5204880900,unknown,511130,TUCSON,AZ,official_business_licenses,,,,
standard,POWER PUBLISHING,4804916646,unknown,511130,TUCSON,AZ,official_business_licenses,,,,
standard,WLW NETWORK LLC,5202407103,unknown,511130,TUCSON,AZ,official_business_licenses,,,,
standard,PAPER THEORY AND DESIGN,5209775479,unknown,511191,TUCSON,AZ,official_business_licenses,,,,
standard,NO COYOTES,5205746966,unknown,511191,TUCSON,AZ,official_business_licenses,,,,
standard,SCHAFFNER PRESS INC,5204044526,unknown,511199,TUCSON,AZ,official_business_licenses,,,,
standard,THREE KNOLLS PUBLISHING & PRINTING LLC,5206032094,unknown,511199,TUCSON,AZ,official_business_licenses,,,,
standard,DECO,5203190888,unknown,511199,TUCSON,AZ,official_business_licenses,,,,
standard,RUBY Q DESIGN COMPANY LLC,5203608947,unknown,511199,VAIL,AZ,official_business_licenses,,,,
standard,TWISTED SKILLZ GAME DEV,5202946253,unknown,511199,TUCSON,AZ,official_business_licenses,,,,
standard,BLANK SLATE COMMUNICATIONS,3143634546,unknown,511210,TUCSON,AZ,official_business_licenses,,,,
standard,TALARIUS GAMING AND PUBLISHING LLC,5202486377,unknown,511210,TUCSON,AZ,official_business_licenses,,,,
standard,DAPPER PIG PRODUCTIONS,6233022118,unknown,511210,TUCSON,AZ,official_business_licenses,,,,
standard,COMPUTERIZED MANAGEMENT SYSTEM CO LTD,5202922737,unknown,511210,TUCSON,AZ,official_business_licenses,,,,
standard,ATLAS CONNECT LLC,5206123526,unknown,511210,TUCSON,AZ,official_business_licenses,,,,
standard,RED HAMMER,5209915322,unknown,511210,MORENCI,AZ,official_business_licenses,,,,
standard,Fat Cats Mesa,231-740-2185,unknown,512100,Mesa,AZ,official_business_licenses,,,,
standard,BROTHERHOOD ENTERTAINMENT GROUP,5202504908,unknown,512110,TUCSON,AZ,official_business_licenses,,,,
standard,MONSOON PRODUCTION SERVICES,5206233144,unknown,512110,TUCSON,AZ,official_business_licenses,,,,
standard,BLACK SAND MEDIA PRODUCTIONS,5207843441,unknown,512110,TUCSON,AZ,official_business_licenses,,,,
standard,TOWNER STREET PRODUCTIONS LLC,5203708971,unknown,512110,TUCSON,AZ,official_business_licenses,,,,
standard,KBORK LLC,5208086989,unknown,512110,TUCSON,AZ,official_business_licenses,,,,
standard,PONDO ENTERPRISES LLC,5203080987,unknown,512110,TUCSON,AZ,official_business_licenses,,,,
standard,LOOK HERE! MEDIA,5202765669,unknown,512110,TUCSON,AZ,official_business_licenses,,,,
standard,CLOAK FILMS,3127144425,unknown,512110,TUCSON,AZ,official_business_licenses,,,,
standard,LIVINGLENS MEMOIRS LLC,5202617661,unknown,512110,TUCSON,AZ,official_business_licenses,,,,
standard,XINGAZO MEDIA LLC,5205199605,unknown,512110,TUCSON,AZ,official_business_licenses,,,,
standard,ABBOTT MEDIA PRODUCTIONS LLC,5203271993,unknown,512110,TUCSON,AZ,official_business_licenses,,,,
standard,CARLOS MORENO FILMS,5209068938,unknown,512110,TUCSON,AZ,official_business_licenses,,,,
standard,CARBO PRODUCTIONS LLC,5203317862,unknown,512110,TUCSON,AZ,official_business_licenses,,,,
standard,BLACK SHEEP FILMWORKS LLC,5204037294,unknown,512110,TUCSON,AZ,official_business_licenses,,,,
standard,VISION GREEN ENTERTAINMENT,5202566305,unknown,512110,Tucson,AZ,official_business_licenses,,,,
standard,BIG PICTURE VIDEO PRODUCTION,9288308216,unknown,512110,TUCSON,AZ,official_business_licenses,,,,
standard,IN BLOOM IMAGES,5203318275,unknown,512110,TUCSON,AZ,official_business_licenses,,,,
standard,UGLY LITTLE MONKEYS LLC,5209097335,unknown,512110,TUCSON,AZ,official_business_licenses,,,,
standard,LAUGHING DOG PRODUCTIONS,5205484892,unknown,512110,TUCSON,AZ,official_business_licenses,,,,
standard,HEATWAVE PRODUCTIONS & ENTERTAINMENT LLC,5208379907,unknown,512110,TUCSON,AZ,official_business_licenses,,,,
standard,LENS WEST MEDIA,5202793043,unknown,512110,TUCSON,AZ,official_business_licenses,,,,
standard,CACTUS ROAD ENTERTAINMENT,5203691641,unknown,512110,TUCSON,AZ,official_business_licenses,,,,
standard,ARIZONA VIDEOLINK LLC,5202406732,unknown,512110,TUCSON,AZ,official_business_licenses,,,,
standard,US0N FILMS,5208484148,unknown,512110,TUCSON,AZ,official_business_licenses,,,,
standard,JONESSTORIES,5204274935,unknown,512110,PHOENIX,AZ,official_business_licenses,,,,
standard,Financial Potion,4809995511,unknown,"512110, 512191, 541922",Mesa,AZ,official_business_licenses,,,,
standard,THE SCREENING ROOM,5207302131,unknown,512131,TUCSON,AZ,official_business_licenses,,,,
standard,ROADHOUSE CINEMAS,5204687980,unknown,512131,TUCSON,AZ,official_business_licenses,,,,
standard,THE BARROW NETWORK LLC,5202714817,unknown,512191,TUCSON,AZ,official_business_licenses,,,,
standard,JCWALSHCREATIVE LLC,5206039663,unknown,512191,TUCSON,AZ,official_business_licenses,,,,
standard,ANODES TECHNICAL SERVICES,5206587293,unknown,512191,TUCSON,AZ,official_business_licenses,,,,
standard,ANIMIDIVIDE,5205758921,unknown,512199,TUCSON,AZ,official_business_licenses,,,,
standard,THAT GIRL PRODUCTIONS LLC,2147551850,unknown,512199,TUCSON,AZ,official_business_licenses,,,,
standard,POETIC RECORDS LLC,5203060772,unknown,512220,TUCSON,AZ,official_business_licenses,,,,
standard,JONAS HUNTER PRODUCTIONS,5202506357,unknown,512220,TUCSON,AZ,official_business_licenses,,,,
standard,ENSEY PUBLISHING,5207306219,unknown,512230,TUCSON,AZ,official_business_licenses,,,,
standard,FIG TREE PRODUCTIONS LLC,5204014898,unknown,512240,TUCSON,AZ,official_business_licenses,,,,
standard,DEL CAMINO MUSIC,5205737274,unknown,512240,TUCSON,AZ,official_business_licenses,,,,
standard,GOD BLESSED MUSIC,5202738015,unknown,512240,Tucson,AZ,official_business_licenses,,,,
standard,SOL STUDIOS TUCSON,5202227568,unknown,512240,TUCSON,AZ,official_business_licenses,,,,
standard,THE SCREAM ROOM TUCSON,5203429769,unknown,512240,TUCSON,AZ,official_business_licenses,,,,
standard,JIM BRADY RECORDING STUDIOS,5207913884,unknown,512240,TUCSON,AZ,official_business_licenses,,,,
standard,SHOW SOURCE,5202229731,unknown,512240,TUCSON,AZ,official_business_licenses,,,,
standard,LUNA RECORDING STUDIO,5202607576,unknown,512240,TUCSON,AZ,official_business_licenses,,,,
standard,KEY DA LIFE ENTERTAINMENT LLC,5204095003,unknown,512290,TUCSON,AZ,official_business_licenses,,,,
standard,THE PHABRIC PHARMACY,+15207420646,,512290,TUCSON,AZ,adapter:official_business_licenses,,,,
standard,RAINCAKE BOOKS,5202446969,unknown,513130,TUCSON,AZ,official_business_licenses,,,,
standard,BAKER STREET PRESS,5209771433,unknown,513130,TUCSON,AZ,official_business_licenses,,,,
standard,STEPHEN F MATHESON,6168289492,unknown,513130,TUCSON,AZ,official_business_licenses,,,,
standard,RABBIT HOLE PUBLISHING,5208706373,unknown,513130,TUCSON,AZ,official_business_licenses,,,,
standard,FORAGER ART,3143690045,unknown,513199,TUCSON,AZ,official_business_licenses,,,,
standard,SOLID ROCK GAMES LLC,5208417740,unknown,513210,TUCSON,AZ,official_business_licenses,,,,
standard,PALETTE WELL BEING LLC,6106394600,unknown,513210,TUCSON,AZ,official_business_licenses,,,,
standard,Xzone9 Productions,480-213-0189,unknown,514921,Mesa,AZ,official_business_licenses,,,,
standard,LAW REVIEW RADIO LLC,+15203313232,,515112,TUCSON,AZ,adapter:official_business_licenses,,,,
standard,KHRR-TV40,5203962600,unknown,515120,PHOENIX,AZ,official_business_licenses,,,,
standard,QFLIX LLC,5209007785,unknown,515210,TUCSON,AZ,official_business_licenses,,,,
standard,GRUBER TECHNICAL INCORPORATED,6028632655,unknown,515210,PHOENIX,AZ,official_business_licenses,,,,
standard,SATELLITE MANAGEMENT SERVICES INC,6023864427,unknown,515210,PHOENIX,AZ,official_business_licenses,,,,
standard,TELETRONICS INFORMATION SYSTEM INCORPORATED,5207421400,unknown,515210,TUCSON,AZ,official_business_licenses,,,,
standard,CABLE SOLUTIONS LLC,4809688601,unknown,515210,CHANDLER,AZ,official_business_licenses,,,,
standard,PRO TRENCHING LLC,5206909833,unknown,515210,TUCSON,AZ,official_business_licenses,,,,
standard,KVOA-TV,5207922270,unknown,516120,TUCSON,AZ,official_business_licenses,,,,
standard,BURTLEY & STOUT STUDIOS,5205967235,unknown,516210,TUCSON,AZ,official_business_licenses,,,,
standard,SILVER ECHO PRODUCTIONS,9282463330,unknown,516210,TUCSON,AZ,official_business_licenses,,,,
standard,LETS TALK ABOUT IT BY SM,5203894911,unknown,516210,TUCSON,AZ,official_business_licenses,,,,
standard,MANEKI SOCIAL,9288489339,unknown,516210,TUCSON,AZ,official_business_licenses,,,,
standard,MISTICA LLC,5202450234,unknown,516210,TUCSON,AZ,official_business_licenses,,,,
standard,ORACLE HILL PRODUCTIONS,4802543217,unknown,516210,TUCSON,AZ,official_business_licenses,,,,
standard,GEORGE REDEMPTION OFFICIAL,5202798760,unknown,516210,TUCSON,AZ,official_business_licenses,,,,
standard,INFINITE SINGULARITY PRODUCTIONS,7013402251,unknown,516210,TUCSON,AZ,official_business_licenses,,,,
standard,A Mind for Detail Inc.,4808343434,unknown,516720,Mesa,AZ,official_business_licenses,,,,
standard,MITEL CLOUD SERVICES INC,4809616941,unknown,517110,MESA,AZ,official_business_licenses,,,,
standard,CIVANONET,5204417401,unknown,517110,TUCSON,AZ,official_business_licenses,,,,
standard,SOUTHWEST WIRELESS LLC,5208414527,unknown,517110,TUCSON,AZ,official_business_licenses,,,,
standard,TUCSON NEWSPAPER,5205734266,unknown,517110,TUCSON,AZ,official_business_licenses,,,,
standard,THE UPS STORE #3722,5205731554,unknown,517110,TUCSON,AZ,official_business_licenses,,,,
standard,YOUNG ALARM INCORPORATED,5203225387,unknown,517110,TUCSON,AZ,official_business_licenses,,,,
standard,TOUCH BASE TELECOM INC,5208209159,unknown,517110,TUCSON,AZ,official_business_licenses,,,,
standard,FIRSTDIGITAL TELECOM LLC,8014561000,unknown,517110,TUCSON,AZ,official_business_licenses,,,,
standard,Qwest Corporation,7208881000,unknown,517110,Mesa,AZ,official_business_licenses,,,,
standard,THE NETWORK CENTER,4802705050,unknown,517110,APACHE JUNCTION,AZ,official_business_licenses,,,,
standard,ENERGY CENTER TUCSON LLC,6022819848,unknown,517110,PHOENIX,AZ,official_business_licenses,,,,
standard,HOLIDAY INN EXPRESS HOTEL & SUITES,5202025000,unknown,517110,TUCSON,AZ,official_business_licenses,,,,
standard,CREXENDO BUSINESS SOLUTIONS INC,6027148500,unknown,517110,TEMPE,AZ,official_business_licenses,,,,
standard,CSW COMMUNICATIONS,5204584772,unknown,517110,TUCSON,AZ,official_business_licenses,,,,
standard,SOUTHWEST LAN CONNECTIONS LLC,4808959832,unknown,517110,CHANDLER,AZ,official_business_licenses,,,,
standard,RIVERPARK INN,5202392300,unknown,517110,TUCSON,AZ,official_business_licenses,,,,
standard,THE UPS STORE #0428,5208890077,unknown,517110,TUCSON,AZ,official_business_licenses,,,,
standard,AIR COMM CORPORATION,6022754505,unknown,517121,TEMPE,AZ,official_business_licenses,,,,
standard,WIRELESS PHONES,5209829466,unknown,517122,TUCSON,AZ,official_business_licenses,,,,
standard,FREE PHONES & TABLETS,5203123107,unknown,517122,TUCSON,AZ,official_business_licenses,,,,
standard,HEALTHY X BODY,5207470421,unknown,517122,TUCSON,AZ,official_business_licenses,,,,
standard,PALO VERDE COMMUNICATIONS,5202443737,unknown,517210,CORTARO,AZ,official_business_licenses,,,,
standard,GILA ELECTRONICS OF YUMA INC,9287260896,unknown,517210,YUMA,AZ,official_business_licenses,,,,
standard,SAC WIRELESS LLC,2087555592,unknown,517210,TEMPE,AZ,official_business_licenses,,,,
standard,BLUESPAN WIRELESS,5202070549,unknown,517210,TUCSON,AZ,official_business_licenses,,,,
standard,WIRELESS NATION,5207319900,unknown,517210,TUCSON,AZ,official_business_licenses,,,,
standard,Total Wireless / SG Wireless,713-298-7651,unknown,517312,Mesa,AZ,official_business_licenses,,,,
standard,ACTION COMMUNICATIONS INCORPORATED,5207920326,unknown,517410,TUCSON,AZ,official_business_licenses,,,,
standard,NGX TECH SOLUTIONS,5204545200,unknown,517810,NOGALES,AZ,official_business_licenses,,,,
standard,"IES Communications, LLC",4803796329,unknown,517910,Mesa,AZ,official_business_licenses,,,,
standard,Rapid$wellness 4-U,4805360242,unknown,517911,Mesa,AZ,official_business_licenses,,,,
standard,"EASY SYSTEMS, INC",5203557800,unknown,517911,TUCSON,AZ,official_business_licenses,,,,
standard,GSW TELECOM LLC,5207334142,unknown,517911,TUCSON,AZ,official_business_licenses,,,,
standard,PHOENIXSOFT INC,6027886100,unknown,517919,PHOENIX,AZ,official_business_licenses,,,,
standard,MAXWELL LABS,7039992757,unknown,518210,TUCSON,AZ,official_business_licenses,,,,
standard,ENIGMA TECHNOLOGY SERVICES,9282028300,unknown,518210,TUCSON,AZ,official_business_licenses,,,,
standard,LOGIN INC,5206183000,unknown,518210,TUCSON,AZ,official_business_licenses,,,,
standard,SILVERADO TECHNOLOGIES,5209031580,unknown,518210,TUCSON,AZ,official_business_licenses,,,,
standard,SINGLE FOCUS WEB LLC,5202455819,unknown,518210,TUCSON,AZ,official_business_licenses,,,,
standard,SHELP,5033544840,unknown,518210,TUCSON,AZ,official_business_licenses,,,,
standard,CLEAR CORE,5204135200,unknown,518210,TUCSON,AZ,official_business_licenses,,,,
standard,EQUINOX ANALYTICS,5203389864,unknown,518210,PHOENIX,AZ,official_business_licenses,,,,
standard,DAKOTAPRO,5207453900,unknown,518210,TUCSON,AZ,official_business_licenses,,,,
standard,GTW COMMUNICATIONS INC,5202060612,unknown,518210,TUCSON,AZ,official_business_licenses,,,,
standard,DESERT WEB HOSTING,5202762030,unknown,518210,TUCSON,AZ,official_business_licenses,,,,
standard,LISA M SOLIS,5202359833,unknown,518210,TUCSON,AZ,official_business_licenses,,,,
standard,IDYLL STUDIOS,3862991406,unknown,518210,TUCSON,AZ,official_business_licenses,,,,
standard,L & M BUSINESS SOLUTIONS,5203327337,unknown,518210,TUCSON,AZ,official_business_licenses,,,,
standard,INTOCLICKS/STONE BRIDGE MSP,5203333374,unknown,518210,TUCSON,AZ,official_business_licenses,,,,
standard,VIRTUAL ARCHITECTS LLC,5204072000,unknown,518210,TUCSON,AZ,official_business_licenses,,,,
standard,SOFTWORKS,5207210596,unknown,518210,TUCSON,AZ,official_business_licenses,,,,
standard,SPLENDID CYBORG,2024490625,unknown,518210,TUCSON,AZ,official_business_licenses,,,,
standard,VANTAGE WEST TECHNOLOGIES LLC,5202987882,unknown,518210,TUCSON,AZ,official_business_licenses,,,,
standard,GPS INSIGHT LLC,+18664774321,,518210,SCOTTSDALE,AZ,adapter:official_business_licenses,,,,
standard,DICTOGRAPH SECURITY PATROL,5207220220,unknown,519110,TUCSON,AZ,official_business_licenses,,,,
standard,A-TEAM SECURITY & EVENT SERVICES INC,+15203069551,,519110,TUCSON,AZ,adapter:official_business_licenses,,,,
standard,AZ Unveiled,6023123489,unknown,519130,Mesa,AZ,official_business_licenses,,,,
standard,NONIUS LLC,5204997955,unknown,519130,TUCSON,AZ,official_business_licenses,,,,
standard,NoLimit Business Solutions,480-631-9886,unknown,519130,Mesa,AZ,official_business_licenses,,,,
standard,LEONILA ANGOB AGBADA,5205915063,unknown,519130,TUCSON,AZ,official_business_licenses,,,,
standard,Swaffi & Sons LLC,480-453-8811,unknown,519130,Mesa,AZ,official_business_licenses,,,,
standard,26 TREES PRESS,5208916111,unknown,519130,TUCSON,AZ,official_business_licenses,,,,
standard,WELCOME NEWCOMERS,5209094723,unknown,519190,TUCSON,AZ,official_business_licenses,,,,
standard,MOBILE ADVERTISEMENTS,5205199445,unknown,519190,TUCSON,AZ,official_business_licenses,,,,
standard,AZDEX INFORMATION SERVICE,5203214619,unknown,519190,TUCSON,AZ,official_business_licenses,,,,
standard,HEALTH INFORMATION MANAGEMENT SYSTEMS,5202058982,unknown,519190,TUCSON,AZ,official_business_licenses,,,,
standard,NATIONAL BANK OF ARIZONA,6022125500,unknown,522110,PHOENIX,AZ,official_business_licenses,,,,
standard,US BANK,5207338535,unknown,522110,TUCSON,AZ,official_business_licenses,,,,
standard,TUCSON FEDERAL RESOURCE ALLIANCE,5203227405,unknown,522130,TUCSON,AZ,official_business_licenses,,,,
standard,VANTAGE WEST CREDIT UNION,5209176270,unknown,522130,TUCSON,AZ,official_business_licenses,,,,
standard,CNAC,5203735515,unknown,522220,TUCSON,AZ,official_business_licenses,,,,
standard,TOP SPEED MOTORSPORTS,5207777148,unknown,522220,TUCSON,AZ,official_business_licenses,,,,
standard,ONEMAIN FINANCIAL GROUP LLC,5205267244,unknown,522220,TUCSON,AZ,official_business_licenses,,,,
standard,"AMIGO FINANCE, LLC",5207775800,unknown,522220,TUCSON,AZ,official_business_licenses,,,,
standard,PLUMM B,5203091164,unknown,522220,TUCSON,AZ,official_business_licenses,,,,
standard,JOCE LOANS LLC,5205347485,unknown,522291,TUCSON,AZ,official_business_licenses,,,,
standard,DEBT ERASER,5203293328,unknown,522291,TUCSON,AZ,official_business_licenses,,,,
standard,EL PATRON TITLE LOANS,5204400589,unknown,522291,TUCSON,AZ,official_business_licenses,,,,
standard,TITLEMAX,5209910974,unknown,522291,TUCSON,AZ,official_business_licenses,,,,
standard,VIP MORTGAGE INC,5203143131,unknown,522292,SCOTTSDALE,AZ,official_business_licenses,,,,
standard,REDMOR,5202994339,unknown,522292,TUCSON,AZ,official_business_licenses,,,,
standard,HOTCHKISS FINANCIAL INC,5203240000,unknown,522292,TUCSON,AZ,official_business_licenses,,,,
standard,NOVA HOME LOANS,5206185626,unknown,522292,TUCSON,AZ,official_business_licenses,,,,
standard,NOVA HOME LOANS,5207450050,unknown,522292,TUCSON,AZ,official_business_licenses,,,,
standard,PEOPLES MORTGAGE COMPANY,+18777523530,,522292,TEMPE,AZ,adapter:official_business_licenses,,,,
standard,MORGAN VENTURES,+15209547686,,522292,TUCSON,AZ,adapter:official_business_licenses,,,,
standard,MOUNTAIN SUNRISE HOMES LLC,5206472500,unknown,522294,VAIL,AZ,official_business_licenses,,,,
standard,CASA PAWN,5203447296,unknown,522298,TUCSON,AZ,official_business_licenses,,,,
standard,SILVER AND GOLD TRADING CO,5209553764,unknown,522298,TUCSON,AZ,official_business_licenses,,,,
standard,THE HUB,5203703249,unknown,522298,TUCSON,AZ,official_business_licenses,,,,
standard,Superpawn,480-325-3228,unknown,522298,Mesa,AZ,official_business_licenses,,,,
standard,QUICK TRIP PAWN,5208889900,unknown,522298,TUCSON,AZ,official_business_licenses,,,,
standard,Superpawn,480-668-8227,unknown,522298,Mesa,AZ,official_business_licenses,,,,
standard,Superpawn,480-833-7055,unknown,522298,Mesa,AZ,official_business_licenses,,,,
standard,DISMANTLING SCRAPMETAL RECYCLING,5206037135,unknown,522298,TUCSON,AZ,official_business_licenses,,,,
standard,Mesa Pawn,7733447901,unknown,522298,Mesa,AZ,official_business_licenses,,,,
standard,USA PAWN & JEWELRY,480-610-0011,unknown,522298,Mesa,AZ,official_business_licenses,,,,
standard,B & B Pawn and Gold,(480) 610-1240,unknown,522298,Mesa,AZ,official_business_licenses,,,,
standard,ESTATE WATCH & JEWELRY-TUCSON JEWELER,5202249070,unknown,522299,SCOTTSDALE,AZ,official_business_licenses,,,,
standard,TUCSON JEWELRY BUYERS #1,4809469940,unknown,522299,SCOTTSDALE,AZ,official_business_licenses,,,,
standard,AUTOMOTIVE PARTNERS FUNDING,5208885777,unknown,522310,TUCSON,AZ,official_business_licenses,,,,
standard,BANK OF AMERICA # 9658,5205463280,unknown,522320,TUCSON,AZ,official_business_licenses,,,,
standard,CARD SOLUTIONS INC,5208344944,unknown,522320,TUCSON,AZ,official_business_licenses,,,,
standard,CARDINAL FINANCE,5207905777,unknown,522320,TUCSON,AZ,official_business_licenses,,,,
standard,CARDINAL FINANCE,5207903294,unknown,522320,TUCSON,AZ,official_business_licenses,,,,
standard,CARDINAL FINANCE,5203304645,unknown,522320,TUCSON,AZ,official_business_licenses,,,,
standard,CARDINAL FINANCE,5203735478,unknown,522320,TUCSON,AZ,official_business_licenses,,,,
standard,CARDINAL FINANCE,5207718145,unknown,522320,TUCSON,AZ,official_business_licenses,,,,
standard,CARDINAL FINANCE,5207901668,unknown,522320,TUCSON,AZ,official_business_licenses,,,,
standard,CARDINAL FINANCE,5207417537,unknown,522320,TUCSON,AZ,official_business_licenses,,,,
standard,CARDINAL FINANCE,5202941891,unknown,522320,TUCSON,AZ,official_business_licenses,,,,
standard,CARDINAL FINANCE,5208676669,unknown,522320,TUCSON,AZ,official_business_licenses,,,,
standard,CARDINAL FINANCE,5205959070,unknown,522320,TUCSON,AZ,official_business_licenses,,,,
standard,CARDINAL FINANCE,5205262972,unknown,522320,TUCSON,AZ,official_business_licenses,,,,
standard,SJS BUILDERS LLC,5205491988,unknown,522320,TUCSON,AZ,official_business_licenses,,,,
standard,CASH TIME LOAN CENTERS,4809944559,unknown,522320,SCOTTSDALE,AZ,official_business_licenses,,,,
standard,NICA BUSINESS SOLUTIONS,5205466400,unknown,522320,TUCSON,AZ,official_business_licenses,,,,
standard,FIDELITY NATIONAL TITLE AGENCY INC,5208370180,unknown,522320,TUCSON,AZ,official_business_licenses,,,,
standard,FIDELITY NATIONAL TITLE AGENCY INC,5202906227,unknown,522320,TUCSON,AZ,official_business_licenses,,,,
standard,Edward Jones,480-981-9438,unknown,523120,Mesa,AZ,official_business_licenses,,,,
standard,Edward Jones,4809241700,unknown,523120,Mesa,AZ,official_business_licenses,,,,
standard,Edward Jones,480-985-2651,unknown,523120,Mesa,AZ,official_business_licenses,,,,
standard,Edward Jones,3145152000,unknown,523120,Mesa,AZ,official_business_licenses,,,,
standard,Edward Jones,480-985-3756,unknown,523120,Mesa,AZ,official_business_licenses,,,,
standard,Edward Jones,480-986-2258,unknown,523120,Mesa,AZ,official_business_licenses,,,,
standard,Edward Jones,480-981-9579,unknown,523120,Mesa,AZ,official_business_licenses,,,,
standard,Edward Jones,480-854-8300,unknown,523120,Mesa,AZ,official_business_licenses,,,,
standard,Edward Jones,480-830-0098,unknown,523120,Mesa,AZ,official_business_licenses,,,,
standard,Edward Jones,480-461-9877,unknown,523120,Mesa,AZ,official_business_licenses,,,,
standard,BENJAMIN F EDWARDS & COMPANY INC,5202742748,unknown,523120,TUCSON,AZ,official_business_licenses,,,,
standard,Edward Jones,480-813-2577,unknown,523120,Mesa,AZ,official_business_licenses,,,,
standard,Edward Jones,480-807-8640,unknown,523120,Mesa,AZ,official_business_licenses,,,,
standard,Edward Jones,480-986-7744,unknown,523120,Mesa,AZ,official_business_licenses,,,,
standard,KALIL & CO INC,5207951050,unknown,523140,TUCSON,AZ,official_business_licenses,,,,
standard,US MOBILE HOME BROKERS,5207929900,unknown,523140,TUCSON,AZ,official_business_licenses,,,,
standard,NATIONAL TRUX,5207439293,unknown,523140,TUCSON,AZ,official_business_licenses,,,,
standard,GRAHAM MH SALES,5204430916,unknown,523150,TUCSON,AZ,official_business_licenses,,,,
standard,Horne Ventures LLC,6022642181,unknown,523900,Mesa,AZ,official_business_licenses,,,,
standard,Larson Wealth Management,480-699-5540,unknown,523900,Mesa,AZ,official_business_licenses,,,,
standard,SABINO INVESTMENT MANAGEMENT LLC,5202337613,unknown,523930,TUCSON,AZ,official_business_licenses,,,,
standard,POWER WOMEN INVESTING LLC,5205719053,unknown,523930,TUCSON,AZ,official_business_licenses,,,,
standard,WELLSPRING FINANCIAL PARTNERS,5203271019,unknown,523930,TUCSON,AZ,official_business_licenses,,,,
standard,UBS FINANCIAL SERVICES,5207507500,unknown,523930,TUCSON,AZ,official_business_licenses,,,,
standard,GOLDMAN SACHS PERSONAL FINANCIAL MANAGEMENT,5209001586,unknown,523930,TUCSON,AZ,official_business_licenses,,,,
standard,FOSTER FINANCIAL SERVICES,5202602656,unknown,523930,TUCSON,AZ,official_business_licenses,,,,
standard,"Strong Advisory Group, Inc.",4804990301,unknown,523930,Mesa,AZ,official_business_licenses,,,,
standard,Ridgeline Private Wealth,4807790127,unknown,523930,Mesa,AZ,official_business_licenses,,,,
standard,VANTAGE INVESTING LLC,5205125454,unknown,523930,TUCSON,AZ,official_business_licenses,,,,
standard,GR FINANCIAL GROUP LLC,5205774711,unknown,523930,TUCSON,AZ,official_business_licenses,,,,
standard,YURGEC FINANCIAL SERVICES,5207603200,unknown,523930,TUCSON,AZ,official_business_licenses,,,,
standard,AIO FINANCIAL LLC,5203250769,unknown,523930,TUCSON,AZ,official_business_licenses,,,,
standard,UNDERHILL FINANCIAL ADVISORS,5207952950,unknown,523930,TUCSON,AZ,official_business_licenses,,,,
standard,EL PODER DEL EMPRESARIO-THE POWER OF THE ENTREPRENEUR,4802323913,unknown,523930,TUCSON,AZ,official_business_licenses,,,,
standard,STRATEGIC EQUITY MANAGEMENT INC,5207494580,unknown,523930,TUCSON,AZ,official_business_licenses,,,,
standard,"DecisionPoint Financial, LLC",480-553-6249,unknown,523930,Mesa,AZ,official_business_licenses,,,,
standard,LEFTON FINANCIAL SERVICES,5208864220,unknown,523930,TUCSON,AZ,official_business_licenses,,,,
standard,4 C FINANCIAL SERVICES,5209553393,unknown,523930,TUCSON,AZ,official_business_licenses,,,,
standard,ALLIED PORTFOLIO MANAGEMENT INC,5202961035,unknown,523930,TUCSON,AZ,official_business_licenses,,,,
standard,R & D FINANCIAL SERVICES,480-491-5560,unknown,523930,Mesa,AZ,official_business_licenses,,,,
standard,IDANIA TORRES INSURANCE,5207921112,unknown,523930,TUCSON,AZ,official_business_licenses,,,,
standard,JIM HANNLEY LLC,5206233646,unknown,523930,TUCSON,AZ,official_business_licenses,,,,
standard,CHANTAL INVESTMENT SERVICE,5206153968,unknown,523930,TUCSON,AZ,official_business_licenses,,,,
standard,LEPOW CAPITAL GROUP,5203220055,unknown,523930,TUCSON,AZ,official_business_licenses,,,,
standard,FINANCIAL DIRECTIONS LLC,5204087777,unknown,523930,TUCSON,AZ,official_business_licenses,,,,
standard,CAPITAL WEST PARTNERS,5202969803,unknown,523930,TUCSON,AZ,official_business_licenses,,,,
standard,KDI WEALTH MANAGEMENT,5207330004,unknown,523940,TUCSON,AZ,official_business_licenses,,,,
standard,ATTESSA CAPITAL,5206003064,unknown,523940,TUCSON,AZ,official_business_licenses,,,,
standard,SERENITY CARE MANAGEMENT LLC,5207849626,unknown,523991,TUCSON,AZ,official_business_licenses,,,,
standard,MAGNUSON & ASSOCIATES LTD,5207606048,unknown,524113,TUCSON,AZ,official_business_licenses,,,,
standard,STEWART TITLE & TRUST OF TUCSON,5202584020,unknown,524127,TUCSON,AZ,official_business_licenses,,,,
standard,STEWART TITLE & TRUST OF TUCSON,5203277373,unknown,524127,TUCSON,AZ,official_business_licenses,,,,
standard,Clear Title Agency of Arizona DBA First Arizona Title Agency,480-278-8484,unknown,524191,Mesa,AZ,official_business_licenses,,,,
standard,INSURANCE INFORMATION SERVICES,5202291404,unknown,524210,TUCSON,AZ,official_business_licenses,,,,
standard,FOSTERING TRUST IN INSURANCE,5202033200,unknown,524210,TUCSON,AZ,official_business_licenses,,,,
standard,R & D INVESTMENTS,5203029681,unknown,524210,VAIL,AZ,official_business_licenses,,,,
standard,NOVA INSURANCE SERVICES,5206181441,unknown,524210,TUCSON,AZ,official_business_licenses,,,,
standard,RSS APPRAISAL,5204040140,unknown,524291,TUCSON,AZ,official_business_licenses,,,,
standard,DISASTER RESTORATION KINGS OF AZ,5419713036,unknown,524291,TUCSON,AZ,official_business_licenses,,,,
standard,VITAL CARE OF NORTH,5202308886,unknown,524292,TUCSON,AZ,official_business_licenses,,,,
standard,1ST AMERICAN REAL ESTATE AND PROPERTY MANAGEMENT,5208866023,unknown,524292,TUCSON,AZ,official_business_licenses,,,,
standard,AVESIS THIRD PARTY ADMINISTRATORS LLC,+18005220258,,524292,TEMPE,AZ,adapter:official_business_licenses,,,,
standard,EQUITABLE ADVISORS,5203722243,unknown,524298,TUCSON,AZ,official_business_licenses,,,,
standard,SUTTER APPRAISALS,5205485484,unknown,524298,TUCSON,AZ,official_business_licenses,,,,
standard,TUCSON TOOL SHOP,5206248098,unknown,525101,TUCSON,AZ,official_business_licenses,,,,
standard,RON'S ESTATE COLLECTIBLES,5202043527,unknown,525920,TUCSON,AZ,official_business_licenses,,,,
standard,ON YOUR SIDE ASSET RECOVERY,5206687371,unknown,525920,TUCSON,AZ,official_business_licenses,,,,
standard,SERENDIPITY HOMES LLC,5202617253,unknown,525990,TUCSON,AZ,official_business_licenses,,,,
standard,MONIER INVESTORS MEMBER LLC,5204611389,unknown,53110,TUCSON,AZ,official_business_licenses,,,,
standard,Connect on University Apts,480-969-1066,unknown,53110,Mesa,AZ,official_business_licenses,,,,
standard,JOHNSON STEWART MATERIALS LLC,4808341042,unknown,531100,Mesa,AZ,official_business_licenses,,,,
standard,"Mesa Salad, LLC",6028815486,unknown,531100,Mesa,AZ,official_business_licenses,,,,
standard,HAYES HOME INSPECTION LLC,5204654105,unknown,531110,TUCSON,AZ,official_business_licenses,,,,
standard,GREENWOOD GROUP PROPERTIES,5202565208,unknown,531110,MARANA,AZ,official_business_licenses,,,,
standard,FERENCHAK APPRAISAL SERVICE,5202714578,unknown,531110,TUCSON,AZ,official_business_licenses,,,,
standard,DEED & NOTE TRADERS LLC,5208814855,unknown,531110,TUCSON,AZ,official_business_licenses,,,,
standard,INSIDE OUT HOME INSPECTION,5207219575,unknown,531110,TUCSON,AZ,official_business_licenses,,,,
standard,THE UPS STORE #0663,5208852526,unknown,531110,TUCSON,AZ,official_business_licenses,,,,
standard,ENCOR MANAGEMENT,5202754810,unknown,531110,TUCSON,AZ,official_business_licenses,,,,
standard,STARR PASS REALTY LLC,5202375073,unknown,531110,SAHUARITA,AZ,official_business_licenses,,,,
standard,MC SPILLERS HOLDINGS LLC,4802233322,unknown,531110,TUCSON,AZ,official_business_licenses,,,,
standard,LEIGH B PATTALOCHI CO,5207488333,unknown,531110,TUCSON,AZ,official_business_licenses,,,,
standard,APPRAISALS BY LAW,5208297433,unknown,531110,TUCSON,AZ,official_business_licenses,,,,
standard,BROADSTONE LTD,5206234441,unknown,531110,TUCSON,AZ,official_business_licenses,,,,
standard,JEFFREY HARPER APPRAISALS,5203205800,unknown,531110,TUCSON,AZ,official_business_licenses,,,,
standard,TUCSON REAL ESTATE APPRAISAL,5203266066,unknown,531110,TUCSON,AZ,official_business_licenses,,,,
standard,SOUTHWEST APPRAISAL ASSOCIATES,5203270000,unknown,531110,TUCSON,AZ,official_business_licenses,,,,
standard,ARIZONA HOME INSPECTIONS LLC BY JACK RAN,5208872594,unknown,531110,TUCSON,AZ,official_business_licenses,,,,
standard,SIERRA HOME INSPECTION,5205750734,unknown,531110,TUCSON,AZ,official_business_licenses,,,,
standard,LIBERTY REALTY,5204000637,unknown,531110,TUCSON,AZ,official_business_licenses,,,,
standard,FAIRFAX MANAGEMENT CO,5202909313,unknown,531110,TUCSON,AZ,official_business_licenses,,,,
standard,VALUE POINT VALUATIONS,5205262144,unknown,531110,TUCSON,AZ,official_business_licenses,,,,
standard,NICHOLAS PROPERTY MANAGEMENT,5202413269,unknown,531110,TUCSON,AZ,official_business_licenses,,,,
standard,MATTHEW GRADY BAUTISTA PLLC,5206613839,unknown,531110,TUCSON,AZ,official_business_licenses,,,,
standard,RAMA LA DOCE LLC,5206090293,unknown,531110,TUCSON,AZ,official_business_licenses,,,,
standard,COPPER ROSE COMMUNITY MANAGEMENT,5208880474,unknown,531110,TUCSON,AZ,official_business_licenses,,,,
standard,AGAVE TITLE ANGECY,5209186527,unknown,531110,TUCSON,AZ,official_business_licenses,,,,
standard,TITLE SECURITY AGENCY OF ARIZONA,5206172201,unknown,531110,TUCSON,AZ,official_business_licenses,,,,
standard,EREKUL,5203367248,unknown,531110,TUCSON,AZ,official_business_licenses,,,,
standard,TONY LOPEZ INVESTMENT CO,5203499213,unknown,531110,TUCSON,AZ,official_business_licenses,,,,
standard,JAKE STRUBLE & ASSOCIATES,5208868333,unknown,531110,PHOENIX,AZ,official_business_licenses,,,,
standard,BURDICK RESIDENTIAL APPRAISAL,5207337244,unknown,531110,TUCSON,AZ,official_business_licenses,,,,
standard,GOOD LIFE DISTRIBUTING,5209750374,unknown,531110,TUCSON,AZ,official_business_licenses,,,,
standard,KPD APPRAISALS,5202405830,unknown,531110,TUCSON,AZ,official_business_licenses,,,,
standard,C-MORE REALTY & MANAGEMENT,5207480071,unknown,531110,TUCSON,AZ,official_business_licenses,,,,
standard,SMITH APPRAISAL SERVICES,5208815609,unknown,531110,TUCSON,AZ,official_business_licenses,,,,
standard,ASCENSION REALTY/INVESTMENT,5205739491,unknown,531110,TUCSON,AZ,official_business_licenses,,,,
standard,WAHL & WAHL PLLC,5209072169,unknown,531110,TUCSON,AZ,official_business_licenses,,,,
standard,AA APPRAISAL SERVICES,5202481148,unknown,531110,TUCSON,AZ,official_business_licenses,,,,
standard,GO WEST REALTY,5203316163,unknown,531110,TUCSON,AZ,official_business_licenses,,,,
standard,MAIZLISH CP HOUGHTON LLC,5208678731,unknown,531110,TUCSON,AZ,official_business_licenses,,,,
standard,GINA'S PROPERTY MANAGEMENT & REALTY INC,5205483323,unknown,531110,TUCSON,AZ,official_business_licenses,,,,
standard,PILLAR TO POST PROF HOME INSPECTION,5202992181,unknown,531110,TUCSON,AZ,official_business_licenses,,,,
standard,CATRON & ASSOCIATES,5205795669,unknown,531110,MARANA,AZ,official_business_licenses,,,,
standard,EAST 6TH STREET LLC,5203032054,unknown,531110,TUCSON,AZ,official_business_licenses,,,,
standard,FAST APPRAISAL,5209096558,unknown,531110,TUCSON,AZ,official_business_licenses,,,,
standard,REAL ESTATE SYSTEMS,5207307033,unknown,531110,TUCSON,AZ,official_business_licenses,,,,
standard,STRATEGY REALTY,5204401848,unknown,531110,TUCSON,AZ,official_business_licenses,,,,
standard,A&K VENTURES,5203127029,unknown,531110,TUCSON,AZ,official_business_licenses,,,,
standard,DIVERSIFIED EQUITY CORP,5202408782,unknown,531110,TUCSON,AZ,official_business_licenses,,,,
standard,SCOTIA GROUP MANAGEMENT LLC,5203236515,unknown,531110,TUCSON,AZ,official_business_licenses,,,,
standard,ACCURATE INSPECTIONS SERVICE,5209068985,unknown,531110,TUCSON,AZ,official_business_licenses,,,,
standard,REALTY TUCSON,5202473508,unknown,531110,TUCSON,AZ,official_business_licenses,,,,
standard,SANDSTONE ESTATES LLC,5202761947,unknown,531110,TUCSON,AZ,official_business_licenses,,,,
standard,SHENKAROW REALTY ADVISORS,5202992610,unknown,531110,TUCSON,AZ,official_business_licenses,,,,
standard,ROBSON ASSOCIATES LLC,6024413011,unknown,531110,TUCSON,AZ,official_business_licenses,,,,
standard,MURRAY AUTO APPRAISAL,5203191773,unknown,531110,TUCSON,AZ,official_business_licenses,,,,
standard,NEAL MANNING CO REALTORS,5203256616,unknown,531110,TUCSON,AZ,official_business_licenses,,,,
standard,HUALALAI INVESTMENTS LLC,5202612289,unknown,531110,TUCSON,AZ,official_business_licenses,,,,
standard,HACIENDA MAKARIA LLC,5203262750,unknown,531110,TUCSON,AZ,official_business_licenses,,,,
standard,DOUCETTE REALTY & MANAGEMENT LLC,5209092464,unknown,531110,TUCSON,AZ,official_business_licenses,,,,
standard,PLATINUM MANAGEMENT,5206232324,unknown,531110,TUCSON,AZ,official_business_licenses,,,,
standard,COLDWELL BANKER RESIDENTIAL BROKERAGE,5207454545,unknown,531110,SCOTTSDALE,AZ,official_business_licenses,,,,
standard,CERVANTES-INDA HOLDINGS LLC,5208619846,unknown,531110,TUCSON,AZ,official_business_licenses,,,,
standard,KELLY A NORVELLE,5202560907,unknown,531110,VAIL,AZ,official_business_licenses,,,,
standard,DAVID NICHOLS REALTY INC,5206240426,unknown,531110,TUCSON,AZ,official_business_licenses,,,,
standard,RB PRICE & CO INC,5202983311,unknown,531110,TUCSON,AZ,official_business_licenses,,,,
standard,IRA J GOLD & COMPANY,5202906116,unknown,531110,TUCSON,AZ,official_business_licenses,,,,
standard,WALLIS ORTEGA CO LLC,5208828224,unknown,531120,TUCSON,AZ,official_business_licenses,,,,
standard,RAYMOND MELLENBERNDT JR,5207489433,unknown,531120,TUCSON,AZ,official_business_licenses,,,,
standard,LCC CAMBELL PRINCE LLC,5203232755,unknown,531120,TUCSON,AZ,official_business_licenses,,,,
standard,FORETCO LLC,6027519969,unknown,531120,PHOENIX,AZ,official_business_licenses,,,,
standard,6121 COMPANY LLC,6026253056,unknown,531120,PHOENIX,AZ,official_business_licenses,,,,
standard,LOK REVOC FAMILY TRUST,6023475240,unknown,531120,PHOENIX,AZ,official_business_licenses,,,,
standard,HERDT REAL ESTATE HOLDINGS LLC,5202936111,unknown,531120,SCOTTSDALE,AZ,official_business_licenses,,,,
standard,FRIENDLY PARK LLC,5208841554,unknown,531120,TUCSON,AZ,official_business_licenses,,,,
standard,ARVIZUS HOLDING COMPANY LLC,5209553516,unknown,531120,TUCSON,AZ,official_business_licenses,,,,
standard,ALDECOA RALPH & GUADALUPE M,5204445712,unknown,531120,TUCSON,AZ,official_business_licenses,,,,
standard,DAVID C DONATH & CHARLES GOEHRING,5207902461,unknown,531120,TUCSON,AZ,official_business_licenses,,,,
standard,LINDA E POLITO,5209757419,unknown,531120,TUCSON,AZ,official_business_licenses,,,,
standard,4717 S 12TH AVE LLC,5208347131,unknown,531120,TUCSON,AZ,official_business_licenses,,,,
standard,TARAZON RENTS LLC,5208911772,unknown,531120,TUCSON,AZ,official_business_licenses,,,,
standard,GASLIGHT ENTERPRISES INC,5208864116,unknown,531120,TUCSON,AZ,official_business_licenses,,,,
standard,DESERT INTERIORS,5206226234,unknown,531120,TUCSON,AZ,official_business_licenses,,,,
standard,M&R SHEET METAL & MFG INC,5208815991,unknown,531120,TUCSON,AZ,official_business_licenses,,,,
standard,CHECK WAH JEE,5207439224,unknown,531120,TUCSON,AZ,official_business_licenses,,,,
standard,KOLB ROAD BUSINESS PARK 1 LLC,5204440117,unknown,531120,TUCSON,AZ,official_business_licenses,,,,
standard,GOLDEN SOUTHWEST FINANCIAL GROUP,5209910087,unknown,531120,TUCSON,AZ,official_business_licenses,,,,
standard,MICHELLE KATS EXEMPT TRUST,5207494695,unknown,531120,TUCSON,AZ,official_business_licenses,,,,
standard,MKF INVESTMENTS,5208863200,unknown,531120,TUCSON,AZ,official_business_licenses,,,,
standard,JESUS L ARVIZU/CECILA ARVIZU,5203428839,unknown,531120,TUCSON,AZ,official_business_licenses,,,,
standard,WHITLOCK MARLENE R,5203492267,unknown,531120,TUCSON,AZ,official_business_licenses,,,,
standard,INDEPENDENT FITNESS HOLDINGS INC,5208828788,unknown,531120,TUCSON,AZ,official_business_licenses,,,,
standard,MFS REAL ESTATE LLC,5208618897,unknown,531120,TUCSON,AZ,official_business_licenses,,,,
standard,7334-7340 E BROADWAY BLVD,5209069931,unknown,531120,TUCSON,AZ,official_business_licenses,,,,
standard,WAA GST EXEMPT TRUST,5202937441,unknown,531120,TUCSON,AZ,official_business_licenses,,,,
standard,TOCCO TOUCH LLC,5202417844,unknown,531120,VAIL,AZ,official_business_licenses,,,,
standard,CAMINO PRINCIPAL PLAZA LLC,5207514739,unknown,531120,TUCSON,AZ,official_business_licenses,,,,
standard,GT SUNSET A CLOSE CORPORATION,5209898000,unknown,531120,TUCSON,AZ,official_business_licenses,,,,
standard,GREENBEAN INVESTMENTS LLC,5205471535,unknown,531120,TUCSON,AZ,official_business_licenses,,,,
standard,JAGOR,5205771000,unknown,531120,TUCSON,AZ,official_business_licenses,,,,
standard,NORTH 15TH AVENUE LLC,5207709399,unknown,531120,TUCSON,AZ,official_business_licenses,,,,
standard,RODGERS-HOGE PARTNERS,5203253571,unknown,531120,TUCSON,AZ,official_business_licenses,,,,
standard,KINCAID KATHERINE J,5205738633,unknown,531120,TUCSON,AZ,official_business_licenses,,,,
standard,ARIZONA THEATRE COMPANY,5208848210,unknown,531120,TUCSON,AZ,official_business_licenses,,,,
standard,KOUSSA DENTAL BUILDING LLC,5204043129,unknown,531120,TUCSON,AZ,official_business_licenses,,,,
standard,BRIAN DEVLIN & GARY DEVLIN,5206248873,unknown,531120,TUCSON,AZ,official_business_licenses,,,,
standard,ROBERT STEINMANN,5207929077,unknown,531120,TUCSON,AZ,official_business_licenses,,,,
standard,THE VINCENT COMPANIES LLC,5203224488,unknown,531120,TUCSON,AZ,official_business_licenses,,,,
standard,WATTIS RUNWAY DRIVE,5208868806,unknown,531120,TUCSON,AZ,official_business_licenses,,,,
standard,HAM MIDVALE LLC,6023746715,unknown,531120,PHOENIX,AZ,official_business_licenses,,,,
standard,GREGORY R & NANCY A CARLSON,5204904707,unknown,531120,TUCSON,AZ,official_business_licenses,,,,
standard,FLOYD3 LLLP,4803333976,unknown,531120,SCOTTSDALE,AZ,official_business_licenses,,,,
standard,STORE MASTER FUNDING VI LLC,4802561100,unknown,531120,SCOTTSDALE,AZ,official_business_licenses,,,,
standard,WOUDENBERG PROPERTIES LLC,6023161370,unknown,531120,SCOTTSDALE,AZ,official_business_licenses,,,,
standard,GIG3-CK LLC,6024928973,unknown,531120,CHANDLER,AZ,official_business_licenses,,,,
standard,THE WILLIAM C SCOTT LIVING TRUST,5209099827,unknown,531120,DRAGOON,AZ,official_business_licenses,,,,
standard,CONTRERAS FRANCISCO & SANDRA,5202857916,unknown,531120,NOGALES,AZ,official_business_licenses,,,,
standard,ARC CAFEHLD001 LLC,6026633096,unknown,531120,PHOENIX,AZ,official_business_licenses,,,,
standard,GENERAL DENTISTRY 4 KIDS REAL ESTATE II,6029552314,unknown,531120,PHOENIX,AZ,official_business_licenses,,,,
standard,BARCLAY HOLDINGS XVIII-A,4805969399,unknown,531120,PHOENIX,AZ,official_business_licenses,,,,
standard,EVS PARTNERS LLC,5203239800,unknown,531120,TUCSON,AZ,official_business_licenses,,,,
standard,BJB LLC,5205718818,unknown,531120,TUCSON,AZ,official_business_licenses,,,,
standard,GENE GALLEGO MOLINA,5208831500,unknown,531120,TUCSON,AZ,official_business_licenses,,,,
standard,EGN LLC,5202764760,unknown,531120,TUCSON,AZ,official_business_licenses,,,,
standard,BUSINESS PARK AN ARIZONA LIMITED PARTNERSHIP,5207904751,unknown,531120,TUCSON,AZ,official_business_licenses,,,,
standard,METROPOLITAN TUCSON CONVENTION-VISTOR BUREAU,5206241817,unknown,531120,TUCSON,AZ,official_business_licenses,,,,
standard,250 E WETMORE LLC,5208882800,unknown,531120,TUCSON,AZ,official_business_licenses,,,,
standard,160 ALAMEDA LLC,5208226113,unknown,531120,TUCSON,AZ,official_business_licenses,,,,
standard,6TH AVENUE PROPERTY,5204055186,unknown,531120,TUCSON,AZ,official_business_licenses,,,,
standard,530 SOUTHMAIN LLC,5204656968,unknown,531120,TUCSON,AZ,official_business_licenses,,,,
standard,CMW REAL ESTATE INVESTMENTS LLC,5209917760,unknown,531120,SAHUARITA,AZ,official_business_licenses,,,,
standard,4421-27 ASSOCIATES,5208811383,unknown,531120,TUCSON,AZ,official_business_licenses,,,,
standard,601 N STONE AVENUE LLC,5205145704,unknown,531120,TUCSON,AZ,official_business_licenses,,,,
standard,3130 N SWAN LLC,6309367728,unknown,531120,TUCSON,AZ,official_business_licenses,,,,
standard,MAMULA FAMILY TRUST,5204051806,unknown,531120,MARANA,AZ,official_business_licenses,,,,
standard,6938 E CALLE JUPITER,5203316184,unknown,531120,TUCSON,AZ,official_business_licenses,,,,
standard,CFSA COMMUNITY CAMPUS LLC,5207707898,unknown,531120,TUCSON,AZ,official_business_licenses,,,,
standard,GRACE BUILDING LLC,5205751229,unknown,531120,TUCSON,AZ,official_business_licenses,,,,
standard,CORNERSTONE HOSPITAL OF SOUTHEAST ARIZONA LLC,5205464595,unknown,531120,TUCSON,AZ,official_business_licenses,,,,
standard,OLD TOWN ARTISAN PROPERTIES LLC,5204445155,unknown,531120,TUCSON,AZ,official_business_licenses,,,,
standard,DURAN TAX SERVICE,5203201072,unknown,531120,TUCSON,AZ,official_business_licenses,,,,
standard,RICHARD S & LORENE J SNEAD,5207919011,unknown,531120,TUCSON,AZ,official_business_licenses,,,,
standard,2626 INVESTMENTS LLC,5202483907,unknown,531120,TUCSON,AZ,official_business_licenses,,,,
standard,INGLIS PROPERTIES LLC,5204447035,unknown,531120,TUCSON,AZ,official_business_licenses,,,,
standard,THE CONNIE RAE SIMONDS TRUST,5209042228,unknown,531120,TUCSON,AZ,official_business_licenses,,,,
standard,TC BUILDING LLC,6029086818,unknown,531120,TUCSON,AZ,official_business_licenses,,,,
standard,BROADWAY EXECUTIVE OFFICE LLC,5202250211,unknown,531120,TUCSON,AZ,official_business_licenses,,,,
standard,II SONS PROPERTIES,5202714058,unknown,531120,TUCSON,AZ,official_business_licenses,,,,
standard,JMAXZ LLC,5207917049,unknown,531120,TUCSON,AZ,official_business_licenses,,,,
standard,EDWARDS FAMILY ENTERPRISES LLC,5208811207,unknown,531120,TUCSON,AZ,official_business_licenses,,,,
standard,JESUS J ARNOLD,5203320831,unknown,531120,TUCSON,AZ,official_business_licenses,,,,
standard,DRPM HOLDINGS USA II LLC,5203700523,unknown,531120,TUCSON,AZ,official_business_licenses,,,,
standard,THE VELASCO HOUSE,5202354049,unknown,531120,TUCSON,AZ,official_business_licenses,,,,
standard,FIRST FAMILY COMPANY LTD,5204446224,unknown,531120,TUCSON,AZ,official_business_licenses,,,,
standard,1926 FT LOWELL LLC,5203184600,unknown,531120,TUCSON,AZ,official_business_licenses,,,,
standard,COURY GRANT LLC,5205292600,unknown,531120,TUCSON,AZ,official_business_licenses,,,,
standard,BEAUTY SOLUTIONS 2001,5207452001,unknown,531120,TUCSON,AZ,official_business_licenses,,,,
standard,MAURY AZ CUTS,5202482775,unknown,531120,TUCSON,AZ,official_business_licenses,,,,
standard,CARUSO'S RESTAURANT INC,5206245765,unknown,531120,TUCSON,AZ,official_business_licenses,,,,
standard,GARCIA FAMILY REVOCABLE TRUST,5202411107,unknown,531120,TUCSON,AZ,official_business_licenses,,,,
standard,DAVID CLARKSON INSURANCE AGENCY INCORPORATED,5207214646,unknown,531120,TUCSON,AZ,official_business_licenses,,,,
standard,DANDELION PROPERTIES LLC,5209174747,unknown,531120,TUCSON,AZ,official_business_licenses,,,,
standard,MULCAHY PROPERTIES LLC,5208894949,unknown,531120,TUCSON,AZ,official_business_licenses,,,,
standard,CHARLES CILLITTO,5206249250,unknown,531120,TUCSON,AZ,official_business_licenses,,,,
standard,DESERT DWELLERS,5204003615,unknown,531120,TUCSON,AZ,official_business_licenses,,,,
standard,HUNSAKER PROPERTY MANAGEMENT,5207950075,unknown,531120,TUCSON,AZ,official_business_licenses,,,,
standard,CHIMICHURRI LLC,5206222968,unknown,531120,TUCSON,AZ,official_business_licenses,,,,
standard,J&J FENCE CO,5206223465,unknown,531120,TUCSON,AZ,official_business_licenses,,,,
standard,FADI & MANAL LLC,5203052211,unknown,531120,TUCSON,AZ,official_business_licenses,,,,
standard,HOUGHTON SOUTH,5208700286,unknown,531120,TUCSON,AZ,official_business_licenses,,,,
standard,SLUMBER,5204448072,unknown,531120,TUCSON,AZ,official_business_licenses,,,,
standard,HUNTINGTON PARK PLAZA,5203499201,unknown,531120,TUCSON,AZ,official_business_licenses,,,,
standard,COLONIA VERDE CENTER LLC,5207496879,unknown,531120,TUCSON,AZ,official_business_licenses,,,,
standard,AVIATION POINT LLC,5209544800,unknown,531120,TUCSON,AZ,official_business_licenses,,,,
standard,HERRERA ENTERPRISES LLC,5207923255,unknown,531120,TUCSON,AZ,official_business_licenses,,,,
standard,BROADWAY PROPERTY 3402 LLC,5204049133,unknown,531120,TUCSON,AZ,official_business_licenses,,,,
standard,LPR PROPERTIES LLC,5209540020,unknown,531120,TUCSON,AZ,official_business_licenses,,,,
standard,METRO GNOME MUSIC,5203203780,unknown,531120,TUCSON,AZ,official_business_licenses,,,,
standard,LONDON VIOLET LLC,5203704613,unknown,531120,TUCSON,AZ,official_business_licenses,,,,
standard,MEI HON LLC,5202508352,unknown,531120,TUCSON,AZ,official_business_licenses,,,,
standard,JOHN S & CLAIRE M O'DOWD REVOC TR,5208828222,unknown,531120,TUCSON,AZ,official_business_licenses,,,,
standard,RECOVER AND REALIGN LLC,5203040838,unknown,531120,TUCSON,AZ,official_business_licenses,,,,
standard,KARAMAR PROPERTIES LLC,5204711506,unknown,531120,TUCSON,AZ,official_business_licenses,,,,
standard,SHALOM LAYTIN,5203239206,unknown,531120,TUCSON,AZ,official_business_licenses,,,,
standard,S&G LEASING,5202751663,unknown,531120,TUCSON,AZ,official_business_licenses,,,,
standard,JACK K BELIN,5204443954,unknown,531120,TUCSON,AZ,official_business_licenses,,,,
standard,CHARGERS 1 LLC,5207277110,unknown,531120,TUCSON,AZ,official_business_licenses,,,,
standard,LEVIN FAMILY LIMITED PARTNERSHIP,5206231411,unknown,531120,TUCSON,AZ,official_business_licenses,,,,
standard,COMFORT SUITES AT SABINO CANYON,5202982300,unknown,531120,TUCSON,AZ,official_business_licenses,,,,
standard,PHILLIP & ELIZABETH TANG,5209792119,unknown,531120,TUCSON,AZ,official_business_licenses,,,,
standard,MARISCAL FRANCISCO & HERNANDEZ GRISELDA JT/RS,5203128989,unknown,531120,TUCSON,AZ,official_business_licenses,,,,
standard,DEBERRY TVP OFFICE LLC,5202987111,unknown,531120,TUCSON,AZ,official_business_licenses,,,,
standard,1670 RIVER LLC,5206240126,unknown,531120,TUCSON,AZ,official_business_licenses,,,,
standard,MAXWEL PROPERTIES,5203584124,unknown,531120,TUCSON,AZ,official_business_licenses,,,,
standard,DSSL ASSOCIATES LLC,5207473282,unknown,531120,TUCSON,AZ,official_business_licenses,,,,
standard,DUNSCOMB & SHEPHERD PROPERTIES CORP,5206233526,unknown,531120,TUCSON,AZ,official_business_licenses,,,,
standard,ROCHLIN-SPITZER,5203266364,unknown,531120,TUCSON,AZ,official_business_licenses,,,,
standard,CARLOS & CARMEN DIAZ,5203278113,unknown,531120,TUCSON,AZ,official_business_licenses,,,,
standard,EDMUND MARQUEZ & ASSOCIATES LLC,5203239333,unknown,531120,TUCSON,AZ,official_business_licenses,,,,
standard,D&J ANDERSON,5209759795,unknown,531120,TUCSON,AZ,official_business_licenses,,,,
standard,ELITE PERFORMANCE LLC,5209550920,unknown,531120,TUCSON,AZ,official_business_licenses,,,,
standard,DR REUBEN G WAGELIE,5203255701,unknown,531120,TUCSON,AZ,official_business_licenses,,,,
standard,JAYBEES AUTO SERVICE LLC,5207906035,unknown,531120,TUCSON,AZ,official_business_licenses,,,,
standard,MILLENNIUM PREMIER LLC,5208880081,unknown,531120,TUCSON,AZ,official_business_licenses,,,,
standard,RICHARD B & LINDA CANFIELD,5207430399,unknown,531120,TUCSON,AZ,official_business_licenses,,,,
standard,CAMPBELL 7 LLC,5205770880,unknown,531120,TUCSON,AZ,official_business_licenses,,,,
standard,SHIRLEY DAIL & FRED DAIL HARRISON,5202377591,unknown,531120,TUCSON,AZ,official_business_licenses,,,,
standard,LMFD INVESTMENTS LLC,5206701608,unknown,531120,TUCSON,AZ,official_business_licenses,,,,
standard,STONE TRANSMISSION,5208827200,unknown,531120,TUCSON,AZ,official_business_licenses,,,,
standard,MAGNUS REALTY LLC,5206189602,unknown,531120,TUCSON,AZ,official_business_licenses,,,,
standard,PATRICIA ANDERSON,5202358600,unknown,531120,TUCSON,AZ,official_business_licenses,,,,
standard,PAUL A & VALERIE G MOSES,5208886410,unknown,531120,TUCSON,AZ,official_business_licenses,,,,
standard,SUNBELT BUSINESS CENTER,5203276000,unknown,531120,TUCSON,AZ,official_business_licenses,,,,
standard,J&C DESERT ENTERPRISES LLC,5206234141,unknown,531120,TUCSON,AZ,official_business_licenses,,,,
standard,JFW FIRST AVE LLC,5203229434,unknown,531120,TUCSON,AZ,official_business_licenses,,,,
standard,GALAZ FUSION LLC,5208823649,unknown,531120,TUCSON,AZ,official_business_licenses,,,,
standard,34 WEST FRANKLIN STREET LLC,5208822723,unknown,531120,TUCSON,AZ,official_business_licenses,,,,
standard,"GOVERN  S, BERRY C, PETERS S & PETERS J",5206201957,unknown,531120,TUCSON,AZ,official_business_licenses,,,,
standard,5232 E PIMA LLC,7025138177,unknown,531120,TUCSON,AZ,official_business_licenses,,,,
standard,MY SP LLC,5207215000,unknown,531120,TUCSON,AZ,official_business_licenses,,,,
standard,DSF HOLDINGS LLC,5207339659,unknown,531120,TUCSON,AZ,official_business_licenses,,,,
standard,SILVERBELL PLAZA II,5208889442,unknown,531120,TUCSON,AZ,official_business_licenses,,,,
standard,KEEN SUEY GEE & DEANNA LUM SUN PING GEE,5202999205,unknown,531120,TUCSON,AZ,official_business_licenses,,,,
standard,KUSIAN THOMAS PARTNERSHIP,5206241415,unknown,531120,TUCSON,AZ,official_business_licenses,,,,
standard,KLK PROPERTIES LLC,5208840176,unknown,531120,TUCSON,AZ,official_business_licenses,,,,
standard,LEE FAMILY TRUST,5209778008,unknown,531120,TUCSON,AZ,official_business_licenses,,,,
standard,THREE MD LAND & BUILDING LLC,5204193048,unknown,531120,TUCSON,AZ,official_business_licenses,,,,
standard,SNICKERDOODLE LLC,5203960199,unknown,531120,TUCSON,AZ,official_business_licenses,,,,
standard,FT LOWELL MONTESSORI SCHOOL LLC,5203198668,unknown,531120,TUCSON,AZ,official_business_licenses,,,,
standard,TOM WHITE CARPENTRY INC,5203229116,unknown,531120,TUCSON,AZ,official_business_licenses,,,,
standard,G&K LEVARIO LLC,5203272251,unknown,531120,TUCSON,AZ,official_business_licenses,,,,
standard,TUCSON SUMMIT LLC,5209072023,unknown,531120,TUCSON,AZ,official_business_licenses,,,,
standard,TUCSON METROPOLITAN CHAMBER OF COMMERCE,5207921212,unknown,531120,TUCSON,AZ,official_business_licenses,,,,
standard,VANCO PROPERTIES LLC,5203529200,unknown,531120,TEMPE,AZ,official_business_licenses,,,,
standard,USF PROPCO 1 LLC,4807665874,unknown,531120,PHOENIX,AZ,official_business_licenses,,,,
standard,R&R 17TH STREET LLC,5209044242,unknown,531120,TUCSON,AZ,official_business_licenses,,,,
standard,RALPH M PHILLIPS,5208849018,unknown,531120,TUCSON,AZ,official_business_licenses,,,,
standard,THE WILFORD BROTHERS LLC,5203727765,unknown,531120,TUCSON,AZ,official_business_licenses,,,,
standard,THURBER ENTERPRISES LLC,5204197558,unknown,531120,TUCSON,AZ,official_business_licenses,,,,
standard,TOMMOT INVESTMENTS LLC,5207401541,unknown,531120,TUCSON,AZ,official_business_licenses,,,,
standard,RICK MCGARREY,5203236326,unknown,531120,TUCSON,AZ,official_business_licenses,,,,
standard,TUCSON PORTFOLIO 8 LLC,5205462719,unknown,531120,TUCSON,AZ,official_business_licenses,,,,
standard,PAUL SISKIND,5202759740,unknown,531120,TUCSON,AZ,official_business_licenses,,,,
standard,TAMARA ALEGRIA,5209776718,unknown,531120,TUCSON,AZ,official_business_licenses,,,,
standard,REDONDO TOWER APARTMENTS,5206227723,unknown,531120,SCOTTSDALE,AZ,official_business_licenses,,,,
standard,SPQR HOLDINGS LLC,4803194243,unknown,531120,FOUNTAIN HILLS,AZ,official_business_licenses,,,,
standard,925 E FORT LOWELL PROPERTY LLC,5208816040,unknown,531120,MOUNT LEMMON,AZ,official_business_licenses,,,,
standard,WEED INVESTMENTS INCORPORATED,6024028912,unknown,531120,GLENDALE,AZ,official_business_licenses,,,,
standard,BENJAMIN & KARIELA GALAZ,5202950105,unknown,531120,TUCSON,AZ,official_business_licenses,,,,
standard,CEMROCK PROPERTIES II,5205711999,unknown,531120,TUCSON,AZ,official_business_licenses,,,,
standard,R&C FAMILY TRUST,5209098856,unknown,531120,TUCSON,AZ,official_business_licenses,,,,
standard,CHRIS MANGELS & GAIL PARSONS,5203275901,unknown,531120,TUCSON,AZ,official_business_licenses,,,,
standard,COLEMAN FAMILY TRUST,5204905229,unknown,531120,TUCSON,AZ,official_business_licenses,,,,
standard,COOMBES ENTERPRISES LLC,5202966166,unknown,531120,TUCSON,AZ,official_business_licenses,,,,
standard,CAMPBELL LANDING,5206248837,unknown,531120,TUCSON,AZ,official_business_licenses,,,,
standard,DWIGHT & CHRISTINA SCHANNEP,5204191270,unknown,531120,TUCSON,AZ,official_business_licenses,,,,
standard,EDWARD MENDEZ,5207957557,unknown,531120,TUCSON,AZ,official_business_licenses,,,,
standard,SENTRY PLAZA LLC,5209770475,unknown,531120,TUCSON,AZ,official_business_licenses,,,,
standard,PLAZA DURANGO,5207411071,unknown,531120,TUCSON,AZ,official_business_licenses,,,,
standard,RODOLFO & IRMA LEON,5202945765,unknown,531120,TUCSON,AZ,official_business_licenses,,,,
standard,J3 PROPERTIES,5207488062,unknown,531120,TUCSON,AZ,official_business_licenses,,,,
standard,TANQUE VERDE GROUP LLC,5209894689,unknown,531120,TUCSON,AZ,official_business_licenses,,,,
standard,1936 EAST LLC,5206239829,unknown,531120,TUCSON,AZ,official_business_licenses,,,,
standard,JAMES & PENNY BISHOP,5203266133,unknown,531120,TUCSON,AZ,official_business_licenses,,,,
standard,219 S OLSEN AVE,5207919131,unknown,531120,TUCSON,AZ,official_business_licenses,,,,
standard,"19TH & PARK, LLC",5207778054,unknown,531120,TUCSON,AZ,official_business_licenses,,,,
standard,CIENEGA PROPERTIES INC,5208502858,unknown,531120,TUCSON,AZ,official_business_licenses,,,,
standard,FIRST AVENUE FLEA AND AUCTION,5202561800,unknown,531120,TUCSON,AZ,official_business_licenses,,,,
standard,LANDLOCKED PROPERTIES,5203491687,unknown,531120,TUCSON,AZ,official_business_licenses,,,,
standard,PRINCE ROAD ASSOCIATES LLC,5209550925,unknown,531120,TUCSON,AZ,official_business_licenses,,,,
standard,CF PROPERTY SOLUTIONS LLC,5202192421,unknown,531120,TUCSON,AZ,official_business_licenses,,,,
standard,DAUGHERTY WILLIAM A & SUSAN E,5202470006,unknown,531120,TUCSON,AZ,official_business_licenses,,,,
standard,M+3 LLC,5202929560,unknown,531120,TUCSON,AZ,official_business_licenses,,,,
standard,2409 SPEEDWAY LLC,5205911410,unknown,531120,SAINT DAVID,AZ,official_business_licenses,,,,
standard,RAY & RAE HOLDINGS LLC,5207214000,unknown,531120,TUCSON,AZ,official_business_licenses,,,,
standard,R SCOTT & JANET THOMPSON,5207437160,unknown,531120,TUCSON,AZ,official_business_licenses,,,,
standard,SBA MANAGEMENT LLC,5209362473,unknown,531120,TUCSON,AZ,official_business_licenses,,,,
standard,ROSEN FAMILY TRUST,5204447772,unknown,531120,TUCSON,AZ,official_business_licenses,,,,
standard,BASAD PROPERTIES LLC,5203060602,unknown,531120,TUCSON,AZ,official_business_licenses,,,,
standard,TATRO LIVING TRUST,5203232253,unknown,531120,TUCSON,AZ,official_business_licenses,,,,
standard,KEYA TEHRANI,5208852024,unknown,531120,TUCSON,AZ,official_business_licenses,,,,
standard,SIMAR LLC,5202937770,unknown,531120,TUCSON,AZ,official_business_licenses,,,,
standard,LLJ HOLDINGS LLLP,5208857706,unknown,531120,TUCSON,AZ,official_business_licenses,,,,
standard,MAD ROCCO'S BUILDING LLC,5204444485,unknown,531120,TUCSON,AZ,official_business_licenses,,,,
standard,COX MASONRY INCORPORATED,5206288902,unknown,531120,TUCSON,AZ,official_business_licenses,,,,
standard,MANZANITA INTERNAL MEDICINE LLC,5205470574,unknown,531120,TUCSON,AZ,official_business_licenses,,,,
standard,TMC HOLDINGS,5203244984,unknown,531120,TUCSON,AZ,official_business_licenses,,,,
standard,LANNING ARCHITECTURE,5207920265,unknown,531120,TUCSON,AZ,official_business_licenses,,,,
standard,MALISEWSKI ENTERPRISES,5202685448,unknown,531120,TUCSON,AZ,official_business_licenses,,,,
standard,TANGLED SALON,6082069478,unknown,531120,TUCSON,AZ,official_business_licenses,,,,
standard,MCM,5208505593,unknown,531120,TUCSON,AZ,official_business_licenses,,,,
standard,NAMASTE CREW,5203214762,unknown,531120,TUCSON,AZ,official_business_licenses,,,,
standard,NATASHA WRAE PROPERTIES LLC,5206244224,unknown,531120,TUCSON,AZ,official_business_licenses,,,,
standard,"OHIO STREET BUILDING NO 2, LTD, LLLP",5207771194,unknown,531120,TUCSON,AZ,official_business_licenses,,,,
standard,MKZ ENTERPRISES LLC,5206287032,unknown,531120,TUCSON,AZ,official_business_licenses,,,,
standard,MURDOT LTD PARTNERSHIP,6022631110,unknown,531120,PHOENIX,AZ,official_business_licenses,,,,
standard,MAGPIE LLC,6022333334,unknown,531120,PHOENIX,AZ,official_business_licenses,,,,
standard,TUSCAN INVESTMENTS LLC,4803296331,unknown,531120,GILBERT,AZ,official_business_licenses,,,,
standard,HOUGHTON-IRVINGTON PROPERTIES,5202074422,unknown,531120,TUCSON,AZ,official_business_licenses,,,,
standard,AP AND D INVESTMENTS LLP,5203213351,unknown,531120,TUCSON,AZ,official_business_licenses,,,,
standard,ARIZONA HISPANIC SERVICES LLC,5205513074,unknown,531120,TUCSON,AZ,official_business_licenses,,,,
standard,GEORGE A. CAMACHO & VIRGINIA R. CAMACHO,5207439831,unknown,531120,TUCSON,AZ,official_business_licenses,,,,
standard,DAKETOLD ENTERPRISES LLC,5202042874,unknown,531120,TUCSON,AZ,official_business_licenses,,,,
standard,BALTIC AVENUE HOLDINGS LLC,5202999131,unknown,531120,TUCSON,AZ,official_business_licenses,,,,
standard,KGF INVESTMENTS II LLC,5202588270,unknown,531120,TUCSON,AZ,official_business_licenses,,,,
standard,LOT ONE ON HACIENDA LLC,5202982200,unknown,531120,TUCSON,AZ,official_business_licenses,,,,
standard,"MANNY FUNG, NANCY A FUNG , DAVID FUNG",5207300708,unknown,531120,TUCSON,AZ,official_business_licenses,,,,
standard,887 SOUTH WARREN,5209095166,unknown,531120,TUCSON,AZ,official_business_licenses,,,,
standard,5120 EAST SPEEDWAY LLC,5204447771,unknown,531120,TUCSON,AZ,official_business_licenses,,,,
standard,2944 N COUNTRY CLUB LLC,5207495907,unknown,531120,TUCSON,AZ,official_business_licenses,,,,
standard,GRANDMA TONY'S PIZZA,5208857117,unknown,531120,TUCSON,AZ,official_business_licenses,,,,
standard,KENNY RALEY,5202971369,unknown,531120,TUCSON,AZ,official_business_licenses,,,,
standard,ETAZ HOLDINGS LLC,5207474964,unknown,531120,TUCSON,AZ,official_business_licenses,,,,
standard,J CUMMINGS PROPERTIES,5204286000,unknown,531120,TUCSON,AZ,official_business_licenses,,,,
standard,HISTORIC LABOR TEMPLE,5209903631,unknown,531120,TUCSON,AZ,official_business_licenses,,,,
standard,MAXIMUM CASEY LLC,5207953178,unknown,531120,TUCSON,AZ,official_business_licenses,,,,
standard,NGUYEN PROPERTIES LLC,5203230280,unknown,531120,TUCSON,AZ,official_business_licenses,,,,
standard,BROADWAY STAR PARTNERS,5205446177,unknown,531120,TUCSON,AZ,official_business_licenses,,,,
standard,T MI AMOR LLC,5205710344,unknown,531120,TUCSON,AZ,official_business_licenses,,,,
standard,EASTLAND PARTNERS,5202894121,unknown,531120,VAIL,AZ,official_business_licenses,,,,
standard,AGRO LAND & CATTLE COMPANY,5202964551,unknown,531120,TUCSON,AZ,official_business_licenses,,,,
standard,LEO'S AUTO & HOME SUPPLY INC,5208848892,unknown,531120,TUCSON,AZ,official_business_licenses,,,,
standard,TIN CUP PROPERTIES LLC,5208502822,unknown,531120,TUCSON,AZ,official_business_licenses,,,,
standard,BLOCK ONE PROPERTY LLC,5204093010,unknown,531120,TUCSON,AZ,official_business_licenses,,,,
standard,A SANTINO LLC,5209400102,unknown,531120,TUCSON,AZ,official_business_licenses,,,,
standard,IVAN N & FRANCES J RUSSELL REVOCABLE TRU,5206235826,unknown,531120,TUCSON,AZ,official_business_licenses,,,,
standard,HARRISON 135TH STREET LLC,5204059600,unknown,531120,TUCSON,AZ,official_business_licenses,,,,
standard,RICHMARK LLC,5207955550,unknown,531120,TUCSON,AZ,official_business_licenses,,,,
standard,KENT PROPERTIES LLC,5203232002,unknown,531120,TUCSON,AZ,official_business_licenses,,,,
standard,KATHRYN A PETIT EXEMPTION TRUST,5202992978,unknown,531120,TUCSON,AZ,official_business_licenses,,,,
standard,KARED LLC,5209553030,unknown,531120,TUCSON,AZ,official_business_licenses,,,,
standard,TUCSON AIRPORT AUTHORITY,5205738100,unknown,531120,TUCSON,AZ,official_business_licenses,,,,
standard,GLENN A JONES,5207921706,unknown,531120,TUCSON,AZ,official_business_licenses,,,,
standard,HAM TUCSON LLC,4806946677,unknown,531120,PHOENIX,AZ,official_business_licenses,,,,
standard,GRANT RD/TUCSON BLVD LLC,5203276629,unknown,531120,TUCSON,AZ,official_business_licenses,,,,
standard,WALTER HELMUT & MILDRED,5202984417,unknown,531120,TUCSON,AZ,official_business_licenses,,,,
standard,JANDD FERGUSON LLC,5202964070,unknown,531120,TUCSON,AZ,official_business_licenses,,,,
standard,TGOT HOLDINGS PIMA CAMPUS LLC,5208698521,unknown,531120,TUCSON,AZ,official_business_licenses,,,,
standard,MATZ ENTERPRISES,6026636315,unknown,531120,PHOENIX,AZ,official_business_licenses,,,,
standard,271 N STONE LLC,5208822802,unknown,531120,TUCSON,AZ,official_business_licenses,,,,
standard,285-295 N MEYER AVE,5206248886,unknown,531120,TUCSON,AZ,official_business_licenses,,,,
standard,311 E CONGRESS LLC,5206228848,unknown,531120,TUCSON,AZ,official_business_licenses,,,,
standard,4102 E SPEEDWAY LLC,5209060000,unknown,531120,TUCSON,AZ,official_business_licenses,,,,
standard,APPLIED PROCESS TECHNOLOGIES,5208825100,unknown,531120,TUCSON,AZ,official_business_licenses,,,,
standard,4542 E CAMP LOWELL LLC,5208814900,unknown,531120,TUCSON,AZ,official_business_licenses,,,,
standard,4576 INVESTMENT GROUP LLC,5207452300,unknown,531120,TUCSON,AZ,official_business_licenses,,,,
standard,51 W WETMORE INC,5209907698,unknown,531120,TUCSON,AZ,official_business_licenses,,,,
standard,5522 E GRANT RD LLC,6023710121,unknown,531120,TUCSON,AZ,official_business_licenses,,,,
standard,BROWN CHERRY BUILDING LLC,5202504864,unknown,531120,TUCSON,AZ,official_business_licenses,,,,
standard,PCH LLC,5204193212,unknown,531120,TUCSON,AZ,official_business_licenses,,,,
standard,COMMUNITY FOOD BANK INCORPORATED,5206220525,unknown,531120,TUCSON,AZ,official_business_licenses,,,,
standard,BARBARA BOHANNON & LINDA MULLIGAN,5209915460,unknown,531120,TUCSON,AZ,official_business_licenses,,,,
standard,JAMES BARRINS LLC,5203584553,unknown,531120,TUCSON,AZ,official_business_licenses,,,,
standard,EM-CAR LLC,5207468446,unknown,531120,TUCSON,AZ,official_business_licenses,,,,
standard,GILBERT GARCIA & BARBARA G CARINO,5206228174,unknown,531120,TUCSON,AZ,official_business_licenses,,,,
standard,"DENA V, LESLIE I & CORY J TENNEN",5208703305,unknown,531120,TUCSON,AZ,official_business_licenses,,,,
standard,STEINFELD LEASING,5206230341,unknown,531120,TUCSON,AZ,official_business_licenses,,,,
standard,MEDELLA VINA RANCH LLC,9082959485,unknown,531120,TUCSON,AZ,official_business_licenses,,,,
standard,HAASE TRUST,5207450043,unknown,531120,TUCSON,AZ,official_business_licenses,,,,
standard,BODY GALLERY SALON,5209776089,unknown,531120,TUCSON,AZ,official_business_licenses,,,,
standard,IA INVESTMENTS LLC,5204198700,unknown,531120,TUCSON,AZ,official_business_licenses,,,,
standard,B&B REAL ESTATE,5204718112,unknown,531120,TUCSON,AZ,official_business_licenses,,,,
standard,DIAZ DE LEON OSCAR G & BARBARA J LIVING,5203232268,unknown,531120,TUCSON,AZ,official_business_licenses,,,,
standard,DON SCHWATKEN,5204445153,unknown,531120,TUCSON,AZ,official_business_licenses,,,,
standard,PARPAC,5205917000,unknown,531120,TUCSON,AZ,official_business_licenses,,,,
standard,SHAGG ESTATE LLC,5204859604,unknown,531120,TUCSON,AZ,official_business_licenses,,,,
standard,SW CAMBRIDGE,5207222934,unknown,531120,TUCSON,AZ,official_business_licenses,,,,
standard,LOF,5208812523,unknown,531120,TUCSON,AZ,official_business_licenses,,,,
standard,GEE PROPERTIES - 2 LLC,5202508311,unknown,531120,TUCSON,AZ,official_business_licenses,,,,
standard,LONGVIEW INVESTMENTS,5203205240,unknown,531120,TUCSON,AZ,official_business_licenses,,,,
standard,TTC PROPERTIES LLC,5209070657,unknown,531120,TUCSON,AZ,official_business_licenses,,,,
standard,LEGACY BUSINESS PROPERTIES LLC,5207923113,unknown,531120,TUCSON,AZ,official_business_licenses,,,,
standard,TUCSON AIRPORT CENTER 2 BLDG A,5033009700,unknown,531120,TUCSON,AZ,official_business_licenses,,,,
standard,MANUEL LIZARRAGA,5202350533,unknown,531120,TUCSON,AZ,official_business_licenses,,,,
standard,SANCHEZ MARTINEZ VICENTE GOMEZ SANCHEZ M,5208347520,unknown,531120,TUCSON,AZ,official_business_licenses,,,,
standard,SNELLSTROM  RP,5202984409,unknown,531120,TUCSON,AZ,official_business_licenses,,,,
standard,BILMAD PROPERTIES LLC,5204064006,unknown,531120,TUCSON,AZ,official_business_licenses,,,,
standard,ELIAS/MORENO BUILDING,5206245851,unknown,531120,TUCSON,AZ,official_business_licenses,,,,
standard,SILVERBELL PROPERTIES LLC,5206224506,unknown,531120,TUCSON,AZ,official_business_licenses,,,,
standard,ESPERANZA EMPRESA LLC,5207211998,unknown,531120,TUCSON,AZ,official_business_licenses,,,,
standard,GTT THE SHOPPES AT RITA RANCH LLC,5206472727,unknown,531120,TUCSON,AZ,official_business_licenses,,,,
standard,4525 S PARK LLC,5202733203,unknown,531120,TUCSON,AZ,official_business_licenses,,,,
standard,SALON DE EVENTOS EL MEZQUITE,5202944324,unknown,531120,TUCSON,AZ,official_business_licenses,,,,
standard,HABER BLDG LLC,5203708888,unknown,531120,TUCSON,AZ,official_business_licenses,,,,
standard,WAAHE CONSTRUCTION LLC,3133309028,unknown,531120,TUCSON,AZ,official_business_licenses,,,,
standard,MO EL DORADO,5208820711,unknown,531120,TUCSON,AZ,official_business_licenses,,,,
standard,THE PRINT WELL,5203257631,unknown,531120,TUCSON,AZ,official_business_licenses,,,,
standard,SMS BUILDING LLC,5209779117,unknown,531120,TUCSON,AZ,official_business_licenses,,,,
standard,PAUL E & BONNIE JEA LAOS,5202983146,unknown,531120,TUCSON,AZ,official_business_licenses,,,,
standard,FT LOWELL OLSEN LLC,5205777777,unknown,531120,TUCSON,AZ,official_business_licenses,,,,
standard,THE STILLWELL HOUSE,5206239123,unknown,531120,TUCSON,AZ,official_business_licenses,,,,
standard,TUCSON ST MARYS PLAZA LLC,6029554700,unknown,531120,SCOTTSDALE,AZ,official_business_licenses,,,,
standard,SANTISTEVAN SAMMY E & MARIE L &SANTISTEVAN ENTERPRISES LLC,5207479229,unknown,531120,TUCSON,AZ,official_business_licenses,,,,
standard,WRIGHT-CRAYCROFT LLC,5204035872,unknown,531120,WILLCOX,AZ,official_business_licenses,,,,
standard,RIVER'S EDGE OFFICE,5203231797,unknown,531120,TUCSON,AZ,official_business_licenses,,,,
standard,REDYNS DEVELOPMENT,5202994102,unknown,531120,TUCSON,AZ,official_business_licenses,,,,
standard,KASH PROPERTY MANAGEMENT INC,2165775531,unknown,531120,PHOENIX,AZ,official_business_licenses,,,,
standard,LDR-SILVERBELL LLC,6022660012,unknown,531120,PHOENIX,AZ,official_business_licenses,,,,
standard,WELCOME DINER PROPERTY,6022348933,unknown,531120,PHOENIX,AZ,official_business_licenses,,,,
standard,RSA INVESTMENTS LLC,4808832866,unknown,531120,PHOENIX,AZ,official_business_licenses,,,,
standard,THREE & TWO ENTERPRISES LLC,4804504747,unknown,531120,PHOENIX,AZ,official_business_licenses,,,,
standard,HERDT REAL ESTATE HOLDINGS,5203310123,unknown,531120,SCOTTSDALE,AZ,official_business_licenses,,,,
standard,ARC SPEEDWAY 3601 LLC,6023701648,unknown,531120,SCOTTSDALE,AZ,official_business_licenses,,,,
standard,COOK TUCSON,5203141831,unknown,531120,SCOTTSDALE,AZ,official_business_licenses,,,,
standard,ARENCOR PROPERTIES,5207450292,unknown,531120,TUCSON,AZ,official_business_licenses,,,,
standard,AMERSON OFFICE LLC,5203255883,unknown,531120,TUCSON,AZ,official_business_licenses,,,,
standard,KARIM M RAHINI EVELYN DANISSA NASEEM M RAHIMI,5203732438,unknown,531120,TUCSON,AZ,official_business_licenses,,,,
standard,AZ COMMUNITY DEVELOPMENT,5805450575,unknown,531120,TUCSON,AZ,official_business_licenses,,,,
standard,818 PLUMER LLC,5204191478,unknown,531120,TUCSON,AZ,official_business_licenses,,,,
standard,DCM DEVELOPMENT CO LLC,5208889755,unknown,531120,TUCSON,AZ,official_business_licenses,,,,
standard,335 N FOURTH AVE LLC,5206223639,unknown,531120,TUCSON,AZ,official_business_licenses,,,,
standard,GARY FORD SPECTOR PLLC,5208822767,unknown,531120,TUCSON,AZ,official_business_licenses,,,,
standard,"LAVOR AND PROBSTFELD PROPERTIES, LLC",5203183004,unknown,531120,TUCSON,AZ,official_business_licenses,,,,
standard,MARK J & PATRICIA L STRAHLER,5207450192,unknown,531120,TUCSON,AZ,official_business_licenses,,,,
standard,LA BUENA VIDA PROPERITES LLC,5205450575,unknown,531120,TUCSON,AZ,official_business_licenses,,,,
standard,JAMES R BEAMAN,5203279456,unknown,531120,TUCSON,AZ,official_business_licenses,,,,
standard,KATHRYN MELSTED LLC,9282423598,unknown,531120,SHOW LOW,AZ,official_business_licenses,,,,
standard,ALMA AND FRANCISCO CEBALLOS,5052700839,unknown,531120,TUCSON,AZ,official_business_licenses,,,,
standard,BOB & PAT LLC,5207331484,unknown,531120,TUCSON,AZ,official_business_licenses,,,,
standard,R & R REAL ESTATES LLC,5205448544,unknown,531120,TUCSON,AZ,official_business_licenses,,,,
standard,SPACE ASSOCIATES LLC,5203604313,unknown,531120,TUCSON,AZ,official_business_licenses,,,,
standard,IEA LLC,5208824484,unknown,531120,TUCSON,AZ,official_business_licenses,,,,
standard,AMERCO REAL ESTATE COMPANY,6027904961,unknown,531120,PHOENIX,AZ,official_business_licenses,,,,
standard,JDW REAL ESTATE II LLC,5205751284,unknown,531120,TUCSON,AZ,official_business_licenses,,,,
standard,KOPE LLC,5204440116,unknown,531120,TUCSON,AZ,official_business_licenses,,,,
standard,HBR INVESTMENTS,5207211700,unknown,531120,TUCSON,AZ,official_business_licenses,,,,
standard,PUEBLO PARKING,5206233191,unknown,531120,TUCSON,AZ,official_business_licenses,,,,
standard,VUYANI LLC,5204198076,unknown,531120,TUCSON,AZ,official_business_licenses,,,,
standard,GRANT ROAD MANAGEMENT LLC,5202711290,unknown,531120,TUCSON,AZ,official_business_licenses,,,,
standard,GRB BUILDING LLC,5203201300,unknown,531120,TUCSON,AZ,official_business_licenses,,,,
standard,ZARSA LLC,5202923109,unknown,531120,TUCSON,AZ,official_business_licenses,,,,
standard,ZEBRA DESIGN & DEVELOPMENT INC,5202505040,unknown,531120,TUCSON,AZ,official_business_licenses,,,,
standard,HOUGHTON DREXEL LLC,5208848843,unknown,531120,TUCSON,AZ,official_business_licenses,,,,
standard,WEST MAIN GATE CENTER LLC,5205287715,unknown,531120,TUCSON,AZ,official_business_licenses,,,,
standard,2424 E BROADWAY LTD PARTNERSHIP,5207774949,unknown,531120,TUCSON,AZ,official_business_licenses,,,,
standard,A&A TIRES & WHEELS,5209068857,unknown,531120,TUCSON,AZ,official_business_licenses,,,,
standard,2559 BBH LLC,3039024787,unknown,531120,TUCSON,AZ,official_business_licenses,,,,
standard,40 HELEN STREET,5206233112,unknown,531120,TUCSON,AZ,official_business_licenses,,,,
standard,4E PROPERTIES,5209072407,unknown,531120,TUCSON,AZ,official_business_licenses,,,,
standard,5TH STREET PARTNERS LLC,5203198800,unknown,531120,TUCSON,AZ,official_business_licenses,,,,
standard,5732 EAST SPEEDWAY LLC,5204065527,unknown,531120,TUCSON,AZ,official_business_licenses,,,,
standard,PRUDENT PRESERVATION PARTNERS LLC,5208496477,unknown,531120,TUCSON,AZ,official_business_licenses,,,,
standard,MISSOURI REI LLC,5209829212,unknown,531120,TUCSON,AZ,official_business_licenses,,,,
standard,CCYES LLC,5208875652,unknown,531120,TUCSON,AZ,official_business_licenses,,,,
standard,RENEGADE HOLDINGS,5207426529,unknown,531120,TUCSON,AZ,official_business_licenses,,,,
standard,FOX HAT LLC,5203214477,unknown,531120,TUCSON,AZ,official_business_licenses,,,,
standard,DEGRAVE INVESTMENT COMPAN,5203261441,unknown,531120,TUCSON,AZ,official_business_licenses,,,,
standard,DSE TUCSON LLC,5203928827,unknown,531120,TUCSON,AZ,official_business_licenses,,,,
standard,LL ENTERPRISES,5203027404,unknown,531120,TUCSON,AZ,official_business_licenses,,,,
standard,GUY BEATY & DOROTHY WARNER,5207956663,unknown,531120,TUCSON,AZ,official_business_licenses,,,,
standard,ANDREW & JOAN TEDESCO REVOCABLE TRUST,5208868151,unknown,531120,TUCSON,AZ,official_business_licenses,,,,
standard,B&B MERRITT REAL ESTATE LLC,5755248998,unknown,531120,TUCSON,AZ,official_business_licenses,,,,
standard,B&B MERRITT REAL ESTATE LLC,5204318112,unknown,531120,TUCSON,AZ,official_business_licenses,,,,
standard,JAROCASE SERVICES LLC,5205283311,unknown,531120,TUCSON,AZ,official_business_licenses,,,,
standard,CHASE GROUP LLC,5205914200,unknown,531120,TUCSON,AZ,official_business_licenses,,,,
standard,ROBBINS & ROBBINS LLC,5206645329,unknown,531120,TUCSON,AZ,official_business_licenses,,,,
standard,SHASHASHE INVESTMENTS LLC,5209774343,unknown,531120,TUCSON,AZ,official_business_licenses,,,,
standard,EMERALD MATRIX ARIZONA LLC,5204372259,unknown,531120,TUCSON,AZ,official_business_licenses,,,,
standard,JOHN A MARBLE,5203276386,unknown,531120,TUCSON,AZ,official_business_licenses,,,,
standard,KAYLA BOYER,5203214235,unknown,531120,TUCSON,AZ,official_business_licenses,,,,
standard,TW PARSONS & FP DOOLEY,5206038154,unknown,531120,TUCSON,AZ,official_business_licenses,,,,
standard,KHALIFA SOLIEMAN,5204448342,unknown,531120,TUCSON,AZ,official_business_licenses,,,,
standard,S&S HOLDING CORPORATION,5202477042,unknown,531120,TUCSON,AZ,official_business_licenses,,,,
standard,LADACARPET LLC,5202416229,unknown,531120,TUCSON,AZ,official_business_licenses,,,,
standard,ELVIRA LLC,5206290268,unknown,531120,TUCSON,AZ,official_business_licenses,,,,
standard,CHERRY HOLDINGS LLC,5202377302,unknown,531120,TUCSON,AZ,official_business_licenses,,,,
standard,EUROPEAN AUTO TECH BUILDING AND PROPERTY LLC,5208886575,unknown,531120,TUCSON,AZ,official_business_licenses,,,,
standard,CARL'S JR,5202996468,unknown,531120,TUCSON,AZ,official_business_licenses,,,,
standard,CARROLL PROPERTIES,5208863443,unknown,531120,TUCSON,AZ,official_business_licenses,,,,
standard,FRANKLIN INVESTMENT CO,5209070672,unknown,531120,TUCSON,AZ,official_business_licenses,,,,
standard,48 N TUCSON BLVD LLC,5209075153,unknown,531120,TUCSON,AZ,official_business_licenses,,,,
standard,FAIRFIELD PROFESSIONAL PLAZA,5206228771,unknown,531120,TUCSON,AZ,official_business_licenses,,,,
standard,GOLDEN RULE ENTERPRISE LLC,5204057704,unknown,531120,TUCSON,AZ,official_business_licenses,,,,
standard,EAT PARTNERS LLC,5209096446,unknown,531120,TUCSON,AZ,official_business_licenses,,,,
standard,TUCSON ASSOCIATION OF REALTORS,5203274218,unknown,531120,TUCSON,AZ,official_business_licenses,,,,
standard,VH LAND HOLDINGS LLC,5205469002,unknown,531120,TUCSON,AZ,official_business_licenses,,,,
standard,"WINGED FOOT INVESTMENT SVCS LP LLLP, JHR",5206287888,unknown,531120,TUCSON,AZ,official_business_licenses,,,,
standard,SJH HOLDINGS LLC,5207478339,unknown,531120,TUCSON,AZ,official_business_licenses,,,,
standard,SP2 PROPERTIES INC,5209913150,unknown,531120,TUCSON,AZ,official_business_licenses,,,,
standard,TANG PROPERTIES LLC,5207308293,unknown,531120,TUCSON,AZ,official_business_licenses,,,,
standard,ROBERT & BARBARA HARKINS LIVING TRUST,5206246434,unknown,531120,TUCSON,AZ,official_business_licenses,,,,
standard,TAB CAMPBELL BUILDING,5209075482,unknown,531120,TUCSON,AZ,official_business_licenses,,,,
standard,WEICH REVOCABLE TRUST,5208863181,unknown,531120,TUCSON,AZ,official_business_licenses,,,,
standard,WNDG LLC,4803838189,unknown,531120,SCOTTSDALE,AZ,official_business_licenses,,,,
standard,BCPT PROPERTIES,5209902653,unknown,531120,GILBERT,AZ,official_business_licenses,,,,
standard,LOUISE R BADOUX TRUST,6026284184,unknown,531120,SCOTTSDALE,AZ,official_business_licenses,,,,
standard,JEFFERSON CAPITAL PROPERTY HOLDINGS LLC,4802153147,unknown,531120,SCOTTSDALE,AZ,official_business_licenses,,,,
standard,CFT LAND LLC,6024622404,unknown,531120,TOLLESON,AZ,official_business_licenses,,,,
standard,MEGA FURNITURE LIQUIDATIONS LLC,6023263907,unknown,531120,PEORIA,AZ,official_business_licenses,,,,
standard,HARVEST SEASON LLC,5202700020,unknown,531120,AVONDALE,AZ,official_business_licenses,,,,
standard,CHAPMAN TUCSON LLC,4809700740,unknown,531120,TEMPE,AZ,official_business_licenses,,,,
standard,ECONOMIC DEVELOPMENT AUTHORITY OF TON,5203832900,unknown,531120,SELLS,AZ,official_business_licenses,,,,
standard,BEARDOWN BARBERSHOP LLC,5202033393,unknown,531120,TUCSON,AZ,official_business_licenses,,,,
standard,CORBETT PARTNERS LLC,5202293451,unknown,531120,TUCSON,AZ,official_business_licenses,,,,
standard,DB DESERT PROPERTIES LLC,5202945671,unknown,531120,TUCSON,AZ,official_business_licenses,,,,
standard,BOBAGANOOSH LLC,5202037857,unknown,531120,TUCSON,AZ,official_business_licenses,,,,
standard,ANTONIO & ISABEL APODACA,5208856558,unknown,531120,TUCSON,AZ,official_business_licenses,,,,
standard,AWALE LLC,5202717262,unknown,531120,TUCSON,AZ,official_business_licenses,,,,
standard,CHARLES WEISEL,5207842440,unknown,531120,TUCSON,AZ,official_business_licenses,,,,
standard,NORMAN R FREEMAN II LIVING TRUST,2023683602,unknown,531120,TUCSON,AZ,official_business_licenses,,,,
standard,HEAVENLY INVESTMENT TEAM,5209072048,unknown,531120,TUCSON,AZ,official_business_licenses,,,,
standard,FOUR JAKES DEVELOPMENT LLC,5203270911,unknown,531120,TUCSON,AZ,official_business_licenses,,,,
standard,ONE SOUTH CHURCH,5208845001,unknown,531120,TUCSON,AZ,official_business_licenses,,,,
standard,ECHO PROPERTIES INC,5208813318,unknown,531120,TUCSON,AZ,official_business_licenses,,,,
standard,TA BUILDING CORPORATION,5202727274,unknown,531120,TUCSON,AZ,official_business_licenses,,,,
standard,EL DORADO PLAZA,5207774359,unknown,531120,TUCSON,AZ,official_business_licenses,,,,
standard,EARLE K WHEATLEY,5209553189,unknown,531120,TUCSON,AZ,official_business_licenses,,,,
standard,KDWL,5206315935,unknown,531120,TUCSON,AZ,official_business_licenses,,,,
standard,JOYERIA CORNIDEZ #155,5202943000,unknown,531120,TUCSON,AZ,official_business_licenses,,,,
standard,DP'S LAND MANAGEMENT COMPANY INC,5203250022,unknown,531120,TUCSON,AZ,official_business_licenses,,,,
standard,DOCKINS NICOLAS ANDREW & KAITLIN LEONA,5207470323,unknown,531120,TUCSON,AZ,official_business_licenses,,,,
standard,AVILA ENTERPRISES LLC,5208310911,unknown,531120,TUCSON,AZ,official_business_licenses,,,,
standard,ARTHUR D & JANE E BRETT FAMILY TRUST,5207339896,unknown,531120,TUCSON,AZ,official_business_licenses,,,,
standard,JORICK LLC,5209066088,unknown,531120,TUCSON,AZ,official_business_licenses,,,,
standard,DT AND KP INVESTMENT LLC,5202452329,unknown,531120,TUCSON,AZ,official_business_licenses,,,,
standard,KHURGENA INVESTMENTS LLC,5204408203,unknown,531120,TUCSON,AZ,official_business_licenses,,,,
standard,JCAM PROPERTIES INC,5207600078,unknown,531120,TUCSON,AZ,official_business_licenses,,,,
standard,RICHARD COLLINS,5208678693,unknown,531120,TUCSON,AZ,official_business_licenses,,,,
standard,151 W AJO WAY,5208615886,unknown,531120,TUCSON,AZ,official_business_licenses,,,,
standard,ROSSMAN RENTALS,5208915701,unknown,531120,TUCSON,AZ,official_business_licenses,,,,
standard,4501 EAST BROADWAY LLC,5204991127,unknown,531120,TUCSON,AZ,official_business_licenses,,,,
standard,ALISAR LLC,5204290162,unknown,531120,TUCSON,AZ,official_business_licenses,,,,
standard,EL TACO TOTE,5209757336,unknown,531120,TUCSON,AZ,official_business_licenses,,,,
standard,ARME HOLDINGS LLC,5204194008,unknown,531120,TUCSON,AZ,official_business_licenses,,,,
standard,TCP BUILDING LLC,5203258000,unknown,531120,TUCSON,AZ,official_business_licenses,,,,
standard,SWEENEY FAMILY REVOCABLE TRUST,5204718664,unknown,531120,TUCSON,AZ,official_business_licenses,,,,
standard,KOKOPELLI PROPERTIES LLC,5209041035,unknown,531120,TUCSON,AZ,official_business_licenses,,,,
standard,LEE FAMILY PROPERTY MANAGEMENT LLP,5207953132,unknown,531120,TUCSON,AZ,official_business_licenses,,,,
standard,MSJ LLC,5202705878,unknown,531120,TUCSON,AZ,official_business_licenses,,,,
standard,TUCSON GSA LLC,5208815127,unknown,531120,Tucson,AZ,official_business_licenses,,,,
standard,MCPHERSON REAL ESTATE,5203273306,unknown,531120,TUCSON,AZ,official_business_licenses,,,,
standard,POETS CORNER LLC,5204055517,unknown,531120,TUCSON,AZ,official_business_licenses,,,,
standard,NORTH FIRST AVENUE OFFICE LLC,5207917035,unknown,531120,TUCSON,AZ,official_business_licenses,,,,
standard,1211 SILVERLAKE LLC,6022534800,unknown,531120,PHOENIX,AZ,official_business_licenses,,,,
standard,2470 WEST MAJESTIC LLC,5202929142,unknown,531120,TUCSON,AZ,official_business_licenses,,,,
standard,2850 N SWAN LLC,5209756900,unknown,531120,TUCSON,AZ,official_business_licenses,,,,
standard,2575 N CAMPBELL LLC,5206906921,unknown,531120,TUCSON,AZ,official_business_licenses,,,,
standard,234 ENTERPRISES LLC,5208502557,unknown,531120,TUCSON,AZ,official_business_licenses,,,,
standard,5101 E SPEEDWAY LLC,5202566500,unknown,531120,TUCSON,AZ,official_business_licenses,,,,
standard,EBM PROPERTY'S,5209543886,unknown,531120,SAHUARITA,AZ,official_business_licenses,,,,
standard,ARROWSMITH PSYCHOLOGY,5203144772,unknown,531120,TUCSON,AZ,official_business_licenses,,,,
standard,INFINITE ALLEY HOLDINGS LLC,5208613790,unknown,531120,TUCSON,AZ,official_business_licenses,,,,
standard,DAVID A & SARA C VASQUEZ,5203229090,unknown,531120,TUCSON,AZ,official_business_licenses,,,,
standard,FLORES NACIONAL,5202944505,unknown,531120,TUCSON,AZ,official_business_licenses,,,,
standard,PFA LLC,5208826310,unknown,531120,TUCSON,AZ,official_business_licenses,,,,
standard,ELM & TUCSON LLC,5203201332,unknown,531120,TUCSON,AZ,official_business_licenses,,,,
standard,CHANKIRY & CHHAY CHHANG,5206231114,unknown,531120,TUCSON,AZ,official_business_licenses,,,,
standard,FOUR BEARS ENTERPRISES LLC,5207957737,unknown,531120,TUCSON,AZ,official_business_licenses,,,,
standard,S&N PROPERTIES LLC,5202407105,unknown,531120,TUCSON,AZ,official_business_licenses,,,,
standard,RABAGO DENIA L & SOBERANES MIGUEL,5208613542,unknown,531120,TUCSON,AZ,official_business_licenses,,,,
standard,HITE INVESTMENTS LLC,5207210305,unknown,531120,TUCSON,AZ,official_business_licenses,,,,
standard,ALEXANDER JAMES LLC,5203822800,unknown,531120,TUCSON,AZ,official_business_licenses,,,,
standard,7465 E B'WAY LLC,5208861040,unknown,531120,TUCSON,AZ,official_business_licenses,,,,
standard,901-941 LLC,5204068900,unknown,531120,TUCSON,AZ,official_business_licenses,,,,
standard,ANITA JOS PUTNEY LLC,5206233363,unknown,531120,TUCSON,AZ,official_business_licenses,,,,
standard,RIBEAUCO LLC,5209907932,unknown,531120,TUCSON,AZ,official_business_licenses,,,,
standard,ROGER NETHERTON,5206611006,unknown,531120,TUCSON,AZ,official_business_licenses,,,,
standard,FALKS LLC,7175426232,unknown,531120,TUCSON,AZ,official_business_licenses,,,,
standard,V & C PROPERTIES LLC,5202450538,unknown,531120,TUCSON,AZ,official_business_licenses,,,,
standard,LA ESQUINA AT THE ANNABELLE,5209070564,unknown,531120,TUCSON,AZ,official_business_licenses,,,,
standard,PAYE LLC,5209759933,unknown,531120,TUCSON,AZ,official_business_licenses,,,,
standard,LTNO 2 LLC,5203316377,unknown,531120,TUCSON,AZ,official_business_licenses,,,,
standard,LON WIRTZ,5209545581,unknown,531120,TUCSON,AZ,official_business_licenses,,,,
standard,MARK PUGLIESE LLC,5206658292,unknown,531120,VAIL,AZ,official_business_licenses,,,,
standard,COPPER STATE LAND LLC,9282843120,unknown,531120,SEDONA,AZ,official_business_licenses,,,,
standard,COLE KLINE LLC,5206281663,unknown,531120,TUCSON,AZ,official_business_licenses,,,,
standard,SCHUMER INVESTMENTS LLC,5206683263,unknown,531120,TUCSON,AZ,official_business_licenses,,,,
standard,DHP LLC,5203704419,unknown,531120,TUCSON,AZ,official_business_licenses,,,,
standard,EL CAMPO PROPERTY RENTALS LLP,5202699378,unknown,531120,TUCSON,AZ,official_business_licenses,,,,
standard,BMD LLC,5204440580,unknown,531120,TUCSON,AZ,official_business_licenses,,,,
standard,RINLY R GECOSALA MD PC,5202047383,unknown,531120,TUCSON,AZ,official_business_licenses,,,,
standard,SHK FUTURE DEVELOPMENT,5207477576,unknown,531120,TUCSON,AZ,official_business_licenses,,,,
standard,ERIA LLC,5204011738,unknown,531120,TUCSON,AZ,official_business_licenses,,,,
standard,4023 INVESTMENTS INC,5202373955,unknown,531120,TUCSON,AZ,official_business_licenses,,,,
standard,135CONGRESS LLC,5209777706,unknown,531120,TUCSON,AZ,official_business_licenses,,,,
standard,2469-2471 N COUNTRY CLUB RD LLC,5203236195,unknown,531120,TUCSON,AZ,official_business_licenses,,,,
standard,GIBSON FAMILY LLC,5204037804,unknown,531120,TUCSON,AZ,official_business_licenses,,,,
standard,QUANANHDAI,5204815133,unknown,531120,TUCSON,AZ,official_business_licenses,,,,
standard,ROCKREEF LLC,5204713034,unknown,531120,TUCSON,AZ,official_business_licenses,,,,
standard,TLC SOLAR VENTURES,5202410027,unknown,531120,TUCSON,AZ,official_business_licenses,,,,
standard,OSCAR V CAMPOS MARITAL QDT TRUST,5209751832,unknown,531120,TUCSON,AZ,official_business_licenses,,,,
standard,RIVERDANCE LIMITED PARTNERSHIP,5206232664,unknown,531120,TUCSON,AZ,official_business_licenses,,,,
standard,TUCSON ELECTRIC POWER CO,5207453154,unknown,531120,TUCSON,AZ,official_business_licenses,,,,
standard,SEL LAND LLC,5205145581,unknown,531120,TUCSON,AZ,official_business_licenses,,,,
standard,STEVE ANSELMO,5207458265,unknown,531120,TUCSON,AZ,official_business_licenses,,,,
standard,SWAN COURT,5207452900,unknown,531120,TUCSON,AZ,official_business_licenses,,,,
standard,REMMES INC,5208816124,unknown,531120,TUCSON,AZ,official_business_licenses,,,,
standard,SERGIO & ROSA SALAZAR,5203255037,unknown,531120,TUCSON,AZ,official_business_licenses,,,,
standard,SETA PROPERTIES LLC,5209540013,unknown,531120,TUCSON,AZ,official_business_licenses,,,,
standard,SENSIBARRIO LLC,5206229359,unknown,531120,TUCSON,AZ,official_business_licenses,,,,
standard,WILMOT CORPORATE EXECUTIVE SUITES LLC,5206185400,unknown,531120,TUCSON,AZ,official_business_licenses,,,,
standard,WAYNE HALLQUIST,5209079477,unknown,531120,TUCSON,AZ,official_business_licenses,,,,
standard,WCCP COPPER POINT LLC,5207903900,unknown,531120,TUCSON,AZ,official_business_licenses,,,,
standard,MUNGUIA HARRIET J,4255163191,unknown,531120,CHANDLER,AZ,official_business_licenses,,,,
standard,HORWITCH BROTHERS NUMBER TWO,4809476519,unknown,531120,SCOTTSDALE,AZ,official_business_licenses,,,,
standard,ARIZONA PEST CONTROL COMPANY,5202987821,unknown,531120,TUCSON,AZ,official_business_licenses,,,,
standard,FRIEL INVESTMENTS LLC,5205125294,unknown,531120,TUCSON,AZ,official_business_licenses,,,,
standard,MVM RENTAL PROPERTIES,5209751649,unknown,531120,TUCSON,AZ,official_business_licenses,,,,
standard,HIGDON,5206227217,unknown,531120,TUCSON,AZ,official_business_licenses,,,,
standard,CM BUILDING PARTNERS,5202960800,unknown,531120,TUCSON,AZ,official_business_licenses,,,,
standard,COX PROPERTY MANAGEMENT LLC,5207222000,unknown,531120,TUCSON,AZ,official_business_licenses,,,,
standard,ROBERT H & SHELLY BRAUN,5208885082,unknown,531120,TUCSON,AZ,official_business_licenses,,,,
standard,ANDROB REALTY LLC,8086525594,unknown,531120,TUCSON,AZ,official_business_licenses,,,,
standard,GROSSMAN MICHAEL A & LAUREN B CP/RS,5202961609,unknown,531120,TUCSON,AZ,official_business_licenses,,,,
standard,JASON B GANEM KEVIN A GANEM,5209038237,unknown,531120,TUCSON,AZ,official_business_licenses,,,,
standard,HEALING HANDS CHIROPRACTIC CENTER,5202506480,unknown,531120,TUCSON,AZ,official_business_licenses,,,,
standard,FMO INVESTMENTS,5202459924,unknown,531120,TUCSON,AZ,official_business_licenses,,,,
standard,JJ 4550 LLC,5203275339,unknown,531120,TUCSON,AZ,official_business_licenses,,,,
standard,CARRILLO REALTY INVESTMENTS,5204001575,unknown,531120,TUCSON,AZ,official_business_licenses,,,,
standard,MENESES EDUCARDO,5203338538,unknown,531120,TUCSON,AZ,official_business_licenses,,,,
standard,RENEE KISHBAUGH,5202475549,unknown,531120,TUCSON,AZ,official_business_licenses,,,,
standard,D RAGEL ENTERPRISES LLC,5206037560,unknown,531120,TUCSON,AZ,official_business_licenses,,,,
standard,2425 FT LOWELL LLC,5203274051,unknown,531120,TUCSON,AZ,official_business_licenses,,,,
standard,PRUDENCE 903,5204005065,unknown,531120,TUCSON,AZ,official_business_licenses,,,,
standard,LEMARR PROPERTIES LLC,5205740944,unknown,531120,TUCSON,AZ,official_business_licenses,,,,
standard,DRP PROPERTY MANAGEMENT LLC,5204658728,unknown,531120,TUCSON,AZ,official_business_licenses,,,,
standard,OFF LIFESTYLE,5204409983,unknown,531120,TUCSON,AZ,official_business_licenses,,,,
standard,BARRY N & SUSAN C FRANK,5207424241,unknown,531120,TUCSON,AZ,official_business_licenses,,,,
standard,WILLIAM R & JEANNINE RATZLAFF FAMILY TRU,5204442643,unknown,531120,TUCSON,AZ,official_business_licenses,,,,
standard,TMC HOLDINGS INC,5203245472,unknown,531120,TUCSON,AZ,official_business_licenses,,,,
standard,KARIN R MATHER REVOCABLE TRUST,5202990418,unknown,531120,TUCSON,AZ,official_business_licenses,,,,
standard,MALAGA LLC,5208880516,unknown,531120,TUCSON,AZ,official_business_licenses,,,,
standard,MAIN STREET LLC,5208891840,unknown,531120,TUCSON,AZ,official_business_licenses,,,,
standard,TRCC INVESTMENTS LLC,5209553664,unknown,531120,TUCSON,AZ,official_business_licenses,,,,
standard,PHUOC NGOC LE,5205466245,unknown,531120,TUCSON,AZ,official_business_licenses,,,,
standard,POTTER HOLDINGS LLC,5209776741,unknown,531120,TUCSON,AZ,official_business_licenses,,,,
standard,LONG FAR INVESTMENTS,5209820200,unknown,531120,TUCSON,AZ,official_business_licenses,,,,
standard,ROSE MAYFAIR FLP,4809401395,unknown,531120,CHANDLER,AZ,official_business_licenses,,,,
standard,ROGER JUSSEAUME TRUST,4807759263,unknown,531120,TEMPE,AZ,official_business_licenses,,,,
standard,ALLEN PRESTON,5204442244,unknown,531120,GLENDALE,AZ,official_business_licenses,,,,
standard,FAITH VALENTINA SUASO LIVING TRUST,5204050963,unknown,531120,TUCSON,AZ,official_business_licenses,,,,
standard,CGAA LLC,5202613222,unknown,531120,TUCSON,AZ,official_business_licenses,,,,
standard,CRYSTAL EVENT CENTER,5204425304,unknown,531120,TUCSON,AZ,official_business_licenses,,,,
standard,DEBORAH L ROGERS,5204255201,unknown,531120,TUCSON,AZ,official_business_licenses,,,,
standard,"CP LEGACY, LLC",5202718853,unknown,531120,TUCSON,AZ,official_business_licenses,,,,
standard,JAMES L EATON FAMILY TRUST,5206233100,unknown,531120,TUCSON,AZ,official_business_licenses,,,,
standard,GS PRODUCTION LLC,5206230971,unknown,531120,TUCSON,AZ,official_business_licenses,,,,
standard,THE JOHANSEN GROUP,5206159010,unknown,531120,TUCSON,AZ,official_business_licenses,,,,
standard,1602 EAST FORT LOWELL LLC,5203276351,unknown,531120,TUCSON,AZ,official_business_licenses,,,,
standard,YPON RENTALS,5206233784,unknown,531120,TUCSON,AZ,official_business_licenses,,,,
standard,DON J PFEFFER,5207305556,unknown,531120,TUCSON,AZ,official_business_licenses,,,,
standard,DYNAMIC PROPERTIES,5208695727,unknown,531120,TUCSON,AZ,official_business_licenses,,,,
standard,HJG INVESTEMENTS LLC,5209774872,unknown,531120,TUCSON,AZ,official_business_licenses,,,,
standard,HEIGHT PROPERTIES,5205120020,unknown,531120,TUCSON,AZ,official_business_licenses,,,,
standard,BLLG PROPERTIES LLC,5206221294,unknown,531120,TUCSON,AZ,official_business_licenses,,,,
standard,JACK WEBER,5209405684,unknown,531120,TUCSON,AZ,official_business_licenses,,,,
standard,IRON PARTNERS LLC,5206314421,unknown,531120,TUCSON,AZ,official_business_licenses,,,,
standard,LENT-QUICK ENTERPRISES LLC,5207302772,unknown,531120,TUCSON,AZ,official_business_licenses,,,,
standard,WE B THREE LLC,5202044223,unknown,531120,TUCSON,AZ,official_business_licenses,,,,
standard,EAW LLC,5206612753,unknown,531120,TUCSON,AZ,official_business_licenses,,,,
standard,SIX BONES LLC,5202969008,unknown,531120,TUCSON,AZ,official_business_licenses,,,,
standard,HESPERIAN VENTURES LLC,5205480051,unknown,531120,TUCSON,AZ,official_business_licenses,,,,
standard,M&D HOLDINGS,5205741559,unknown,531120,TUCSON,AZ,official_business_licenses,,,,
standard,EL MURIB GHASSAN O REVOC TRUST,5204406871,unknown,531120,TUCSON,AZ,official_business_licenses,,,,
standard,PARALLAX HOLDINGS LLC,7735074776,unknown,531120,TUCSON,AZ,official_business_licenses,,,,
standard,MOSEY 1 LLC,5208509642,unknown,531120,TUCSON,AZ,official_business_licenses,,,,
standard,OTHER ONE LLC,5202711531,unknown,531120,TUCSON,AZ,official_business_licenses,,,,
standard,MADISON LIVING TRUST,5207459117,unknown,531120,TUCSON,AZ,official_business_licenses,,,,
standard,THE WONG FAMILY LIMITED PARTNERSHIP,5208705872,unknown,531120,TUCSON,AZ,official_business_licenses,,,,
standard,POUNDING SAND LLC,5209062000,unknown,531120,TUCSON,AZ,official_business_licenses,,,,
standard,SOLI DEO GLORIA PROPERTIES LLC,5203250023,unknown,531120,TUCSON,AZ,official_business_licenses,,,,
standard,JODY SUE ROBSON,5206097280,unknown,531120,TUCSON,AZ,official_business_licenses,,,,
standard,K&C PROPERTIES & INVESTMENTS,5207438798,unknown,531120,TUCSON,AZ,official_business_licenses,,,,
standard,LCL INVESTMENT GROUP LLC,5205845804,unknown,531120,TUCSON,AZ,official_business_licenses,,,,
standard,SWAN LEE PROFESSIONAL BUILDING,5204191251,unknown,531120,TUCSON,AZ,official_business_licenses,,,,
standard,MAIN AVENUE VENTURES,5204044479,unknown,531120,TUCSON,AZ,official_business_licenses,,,,
standard,TOM FLOWING WELLS PROPERTIES LLC,5209048970,unknown,531120,TUCSON,AZ,official_business_licenses,,,,
standard,YOGA IS THERAPY LLC,5202229848,unknown,531120,TUCSON,AZ,official_business_licenses,,,,
standard,LCH PROPERTIES LLC,5208828080,unknown,531120,TUCSON,AZ,official_business_licenses,,,,
standard,TIMBERLIN RENTAL,6022692301,unknown,531120,PHOENIX,AZ,official_business_licenses,,,,
standard,ROBERT M CALFEE,5202722384,unknown,531120,PHOENIX,AZ,official_business_licenses,,,,
standard,NEW HAVEN HOLDINGS,6023581460,unknown,531120,QUEEN CREEK,AZ,official_business_licenses,,,,
standard,HORIZON 21 LLC,7022027777,unknown,531120,CHANDLER,AZ,official_business_licenses,,,,
standard,219 E MABEL LLC,5039399195,unknown,531120,SCOTTSDALE,AZ,official_business_licenses,,,,
standard,ARRID LLC,5094962601,unknown,531120,CASA GRANDE,AZ,official_business_licenses,,,,
standard,THE HAIRCUT FACTORY,5204452673,unknown,531120,MESA,AZ,official_business_licenses,,,,
standard,BLUE CREEK PROPERTIES,5203091500,unknown,531120,TUCSON,AZ,official_business_licenses,,,,
standard,ANTONIO & MARTA FRANCO TR,5207410656,unknown,531120,TUCSON,AZ,official_business_licenses,,,,
standard,ARCOLA LLC,5203220213,unknown,531120,TUCSON,AZ,official_business_licenses,,,,
standard,FIRST CHANCE LLC,5204440288,unknown,531120,TUCSON,AZ,official_business_licenses,,,,
standard,NORTHCROSS  SCAMPA,5208200948,unknown,531120,SAHUARITA,AZ,official_business_licenses,,,,
standard,TIMOTHY & DIANE PUNTENNEY,5208828010,unknown,531120,TUCSON,AZ,official_business_licenses,,,,
standard,TITAN PROPERTY HOLDINGS LLC,5208884826,unknown,531120,TUCSON,AZ,official_business_licenses,,,,
standard,BAYLESS HOUSE,5207709913,unknown,531120,TUCSON,AZ,official_business_licenses,,,,
standard,DEERPATH GROUP LLC,5202412336,unknown,531120,TUCSON,AZ,official_business_licenses,,,,
standard,BREW STATION LLC,5204901170,unknown,531120,TUCSON,AZ,official_business_licenses,,,,
standard,MAGEE ENTERPRISES,5202998627,unknown,531120,TUCSON,AZ,official_business_licenses,,,,
standard,DANIEL & MARY ZACHARIAS,5204888570,unknown,531120,TUCSON,AZ,official_business_licenses,,,,
standard,BLONDIES TUCSON,5205431312,unknown,531120,TUCSON,AZ,official_business_licenses,,,,
standard,CARL H WEINSTEIN,5205719400,unknown,531120,TUCSON,AZ,official_business_licenses,,,,
standard,BONIFACE PLAZA,5208885955,unknown,531120,TUCSON,AZ,official_business_licenses,,,,
standard,JIMERSON REVOCABLE TRUST-2013,5202951392,unknown,531120,TUCSON,AZ,official_business_licenses,,,,
standard,LEWIS & ANNE MEINHAUSEN,5208882227,unknown,531120,TUCSON,AZ,official_business_licenses,,,,
standard,1935 BROADWAY RENTAL,5206239000,unknown,531120,TUCSON,AZ,official_business_licenses,,,,
standard,LAS PALMAS EVENTS,5203128997,unknown,531120,TUCSON,AZ,official_business_licenses,,,,
standard,ZOE PROPERTIES LLC,5204980088,unknown,531120,TUCSON,AZ,official_business_licenses,,,,
standard,JOHNSON & CORCORAN BLDNG,5203275911,unknown,531120,TUCSON,AZ,official_business_licenses,,,,
standard,KEL-EV LLC,5209072331,unknown,531120,TUCSON,AZ,official_business_licenses,,,,
standard,DAVILA FAMILY TRUST,5206238241,unknown,531120,TUCSON,AZ,official_business_licenses,,,,
standard,WILLIAM HEMPEL,5207473792,unknown,531120,TUCSON,AZ,official_business_licenses,,,,
standard,O'NEAL ENTERPRISES,5202716761,unknown,531120,TUCSON,AZ,official_business_licenses,,,,
standard,HYSY INVESTMENT LLC,5203362438,unknown,531120,TUCSON,AZ,official_business_licenses,,,,
standard,RONGO INVESTMENTS,5208676430,unknown,531120,TUCSON,AZ,official_business_licenses,,,,
standard,BLG PROPERTY HOLDINGS LLC,4802725029,unknown,531120,TUCSON,AZ,official_business_licenses,,,,
standard,TMT PROPERTIES LLC,5209913171,unknown,531120,ALPINE,AZ,official_business_licenses,,,,
standard,R&L PM LLC,5208813273,unknown,531120,TUCSON,AZ,official_business_licenses,,,,
standard,FREEWHEEL INVESTMENTS LLC,5208871919,unknown,531120,TUCSON,AZ,official_business_licenses,,,,
standard,STEVEN & BRENDA HUETTNER REVOC LIVING TR,5202473006,unknown,531120,TUCSON,AZ,official_business_licenses,,,,
standard,JAMES L DAVENPORT,5205770490,unknown,531120,TUCSON,AZ,official_business_licenses,,,,
standard,KIMIA LIMITED COMPANY,5202579401,unknown,531120,TUCSON,AZ,official_business_licenses,,,,
standard,HEAD HUNTERS,5208864247,unknown,531120,TUCSON,AZ,official_business_licenses,,,,
standard,KIRSCH HERBERT & KAREN JILL,5208850400,unknown,531120,VAIL,AZ,official_business_licenses,,,,
standard,LL FORT LOWELL LLC,3038852174,unknown,531120,TUCSON,AZ,official_business_licenses,,,,
standard,SABAH DRK PROPERTIES LLC,5208811600,unknown,531120,TUCSON,AZ,official_business_licenses,,,,
standard,IMARX INVESTMENT LLC,5209771210,unknown,531120,TUCSON,AZ,official_business_licenses,,,,
standard,LANDMARK LENDING LLC,5203360336,unknown,531120,TUCSON,AZ,official_business_licenses,,,,
standard,MARK D & AMBER ALLEN,5209774584,unknown,531120,TUCSON,AZ,official_business_licenses,,,,
standard,RONALD L GAMBLE,5206223780,unknown,531120,TUCSON,AZ,official_business_licenses,,,,
standard,VAKILI LIVING TRUST,5209547731,unknown,531120,TUCSON,AZ,official_business_licenses,,,,
standard,WRA INVESTMENTS LLC,5203455440,unknown,531120,TUCSON,AZ,official_business_licenses,,,,
standard,REFFSON CO,5202454319,unknown,531120,TUCSON,AZ,official_business_licenses,,,,
standard,HALTER HOLDINGS LLC,5205961200,unknown,531120,TUCSON,AZ,official_business_licenses,,,,
standard,STATE BAR OF ARIZONA,5206239944,unknown,531120,PHOENIX,AZ,official_business_licenses,,,,
standard,KENNETH M & CYNTHIA L PFRANG REVOC TRUST,4806506777,unknown,531120,MESA,AZ,official_business_licenses,,,,
standard,AJB PROPERTIES LLC,4808345817,unknown,531120,MESA,AZ,official_business_licenses,,,,
standard,WTW INVESTMENTS LLC,4808838178,unknown,531120,SUN LAKES,AZ,official_business_licenses,,,,
standard,HOUSING & COMMUNITY DEVELOPMENT,5208375312,unknown,531120,TUCSON,AZ,official_business_licenses,,,,
standard,COPPER VILLAS LLC,5204651525,unknown,531120,TUCSON,AZ,official_business_licenses,,,,
standard,CONGRESS PLAZA LTD,5208824200,unknown,531120,TUCSON,AZ,official_business_licenses,,,,
standard,K&S LEASING LLC,5209779675,unknown,531120,TUCSON,AZ,official_business_licenses,,,,
standard,BLAKESLEY MARIA  E.,5208381198,unknown,531120,TUCSON,AZ,official_business_licenses,,,,
standard,LAW OFFICE OF MICHAEL L BROWN,5203228180,unknown,531120,TUCSON,AZ,official_business_licenses,,,,
standard,DALECKE PROPERTIES LLC,5208697959,unknown,531120,TUCSON,AZ,official_business_licenses,,,,
standard,DARRYL E SMITH,5206229064,unknown,531120,TUCSON,AZ,official_business_licenses,,,,
standard,3914 N CAMPBELL AVE LLC,5208810440,unknown,531120,TUCSON,AZ,official_business_licenses,,,,
standard,MAGILL FAMILY PROPERTIES LLC,5202046708,unknown,531120,TUCSON,AZ,official_business_licenses,,,,
standard,EL AMADOR DOWNTOWN LUXURY INN,5205613366,unknown,531120,TUCSON,AZ,official_business_licenses,,,,
standard,DORADO PROPERTIES AND DEVELOPMENT,5207773144,unknown,531120,TUCSON,AZ,official_business_licenses,,,,
standard,1927 GRANT HOLDINGS LLC,5209064948,unknown,531120,TUCSON,AZ,official_business_licenses,,,,
standard,HHC TUCSON REAL ESTATE LLC,5207450316,unknown,531120,TUCSON,AZ,official_business_licenses,,,,
standard,JK & RYC GEE TRUST,5202507359,unknown,531120,TUCSON,AZ,official_business_licenses,,,,
standard,ELEFANTE VENTURE #1,5205486562,unknown,531120,TUCSON,AZ,official_business_licenses,,,,
standard,STEPHEN GALE KAITLY LONG,5205142534,unknown,531120,TUCSON,AZ,official_business_licenses,,,,
standard,PETER R BONILLAS,5205730803,unknown,531120,TUCSON,AZ,official_business_licenses,,,,
standard,THE NEIHART CORPORATION,5209909425,unknown,531120,TUCSON,AZ,official_business_licenses,,,,
standard,WILLOW RANCH PROPERTIES LLC,5202413333,unknown,531120,TUCSON,AZ,official_business_licenses,,,,
standard,LAYTON MCHENRY,5209908399,unknown,531120,TUCSON,AZ,official_business_licenses,,,,
standard,PIONEERS REST STOP LLC,5835818618,unknown,531120,TUCSON,AZ,official_business_licenses,,,,
standard,MOTEL 6,5206225871,unknown,531120,TUCSON,AZ,official_business_licenses,,,,
standard,ROSA CRAMER,5208849820,unknown,531120,TUCSON,AZ,official_business_licenses,,,,
standard,MYERS  DOUG,5208814550,unknown,531120,TUCSON,AZ,official_business_licenses,,,,
standard,JEFFREY & MICHELLE MCELWAIN,5203199093,unknown,531120,TUCSON,AZ,official_business_licenses,,,,
standard,JENICA ENTERPRISES LLC,5208507125,unknown,531120,TUCSON,AZ,official_business_licenses,,,,
standard,NOVAN ENTERPRISES LLC,5209091598,unknown,531120,TUCSON,AZ,official_business_licenses,,,,
standard,P.HEADS,5209759555,unknown,531120,TUCSON,AZ,official_business_licenses,,,,
standard,VFW #4903,5208810184,unknown,531120,TUCSON,AZ,official_business_licenses,,,,
standard,GATEWAY PROPERTIES LLC,5209068590,unknown,531120,TUCSON,AZ,official_business_licenses,,,,
standard,SCOTT J CUMMINGS,5203278882,unknown,531120,TUCSON,AZ,official_business_licenses,,,,
standard,CRAYCROFT BUILDING LLC,9286990477,unknown,531120,FLAGSTAFF,AZ,official_business_licenses,,,,
standard,SHELBEN PROPERTIES LLC,5206235856,unknown,531120,TUCSON,AZ,official_business_licenses,,,,
standard,TRAT II LLC,5202472929,unknown,531120,TUCSON,AZ,official_business_licenses,,,,
standard,DANIEL'S MOVING & STORAGE INCORPORATED,5205149007,unknown,531120,PHOENIX,AZ,official_business_licenses,,,,
standard,JOE Y & DOROTHY LEE TRUST,5202046877,unknown,531120,MESA,AZ,official_business_licenses,,,,
standard,828 INVESTORS LLC,6026250856,unknown,531120,FOUNTAIN HILLS,AZ,official_business_licenses,,,,
standard,ALEXANDRA G & JEAN-CLAUDE BERGER,5209066660,unknown,531120,TUCSON,AZ,official_business_licenses,,,,
standard,BM VALENCIA LLC,5204191141,unknown,531120,TUCSON,AZ,official_business_licenses,,,,
standard,HURLEY PERRY JV LLC,5204712141,unknown,531120,MARANA,AZ,official_business_licenses,,,,
standard,BROADWAY BREWERY LLC,5203963480,unknown,531120,TUCSON,AZ,official_business_licenses,,,,
standard,BROADWAY FIFTH ASSOC LLC,5207981288,unknown,531120,TUCSON,AZ,official_business_licenses,,,,
standard,NEXTHOME COMPLETE REALTY,5202004027,unknown,531120,SAHUARITA,AZ,official_business_licenses,,,,
standard,THE PHILLIPS COMPANY,5204900765,unknown,531120,TUCSON,AZ,official_business_licenses,,,,
standard,C&D #3 LLC,5206313041,unknown,531120,TUCSON,AZ,official_business_licenses,,,,
standard,COUNTRY CLUB SPEEDWAY LLC,5202473359,unknown,531120,TUCSON,AZ,official_business_licenses,,,,
standard,BRUKER NANO INC,5207411044,unknown,531120,TUCSON,AZ,official_business_licenses,,,,
standard,CAPITAL P LLC,5202982423,unknown,531120,TUCSON,AZ,official_business_licenses,,,,
standard,DOUGLAS D DAVENPORT,5206242233,unknown,531120,TUCSON,AZ,official_business_licenses,,,,
standard,W & L LLC,5208205435,unknown,531120,SAHUARITA,AZ,official_business_licenses,,,,
standard,DOLAN PROPERTIES LLC,5204651040,unknown,531120,TUCSON,AZ,official_business_licenses,,,,
standard,JOHN & SHARON WHITTHORNE,5205913130,unknown,531120,TUCSON,AZ,official_business_licenses,,,,
standard,EL CAMPO PROPERTIES LLLP,5203214292,unknown,531120,TUCSON,AZ,official_business_licenses,,,,
standard,LAST SEPTEMBER PROPERTIES LLC,5209077307,unknown,531120,TUCSON,AZ,official_business_licenses,,,,
standard,CONGRESS AND GRANDE LLC,5205199815,unknown,531120,TUCSON,AZ,official_business_licenses,,,,
standard,MOTHER BASE LLC,7655439569,unknown,531120,TUCSON,AZ,official_business_licenses,,,,
standard,NOSECK BUILDING LLC,5209758571,unknown,531120,TUCSON,AZ,official_business_licenses,,,,
standard,TA CAID INDUSTRIES INC,5202943126,unknown,531120,TUCSON,AZ,official_business_licenses,,,,
standard,ALVERNON WAY TUCSON LLC,5209065266,unknown,531120,TUCSON,AZ,official_business_licenses,,,,
standard,GOLDEN NUGGET INC,5202991372,unknown,531120,TUCSON,AZ,official_business_licenses,,,,
standard,JOANN STELLA RILEY,5202991766,unknown,531120,TUCSON,AZ,official_business_licenses,,,,
standard,GOSWICK COMMERCIAL PROPERTIES LLC,5204030160,unknown,531120,TUCSON,AZ,official_business_licenses,,,,
standard,KEPNER FAMILY TRUST,5206222929,unknown,531120,TUCSON,AZ,official_business_licenses,,,,
standard,LAMINA LLC,5202376576,unknown,531120,TUCSON,AZ,official_business_licenses,,,,
standard,C2D2 AN ARIZONA PARTNERSHIP,5207216614,unknown,531120,TUCSON,AZ,official_business_licenses,,,,
standard,GH LLC,5202988885,unknown,531120,TUCSON,AZ,official_business_licenses,,,,
standard,WILD KATZ CHILDREN'S ADVENTURE PLAYGROUND,5204157955,unknown,531120,TUCSON,AZ,official_business_licenses,,,,
standard,GREGORY & LAURA INGRAM LIVING TRUST,5203012160,unknown,531120,TUCSON,AZ,official_business_licenses,,,,
standard,ROBERT & DONNA MALONE,5203190100,unknown,531120,TUCSON,AZ,official_business_licenses,,,,
standard,WHISTLE STOP DEPOT,5208824969,unknown,531120,TUCSON,AZ,official_business_licenses,,,,
standard,HIGHWATERS I LLC,5209402566,unknown,531120,TUCSON,AZ,official_business_licenses,,,,
standard,SLUSH INC,5207217550,unknown,531120,TUCSON,AZ,official_business_licenses,,,,
standard,MARQUEZ EDMUND & WENDY ANNIKKE,5206242400,unknown,531120,TUCSON,AZ,official_business_licenses,,,,
standard,EXCEL ICE CREAM COMPANY,5208826468,unknown,531120,PHOENIX,AZ,official_business_licenses,,,,
standard,LONGMEADOW PROPERTIES,6024716895,unknown,531120,PHOENIX,AZ,official_business_licenses,,,,
standard,BGA HOLDING CO,6022772144,unknown,531120,PHOENIX,AZ,official_business_licenses,,,,
standard,D & C HOLDINGS LLC,6027574309,unknown,531120,PHOENIX,AZ,official_business_licenses,,,,
standard,ARB LEASING LLC,5204909279,unknown,531120,TUCSON,AZ,official_business_licenses,,,,
standard,DRAGOON PROPERTIES LLC,5209552043,unknown,531120,SAHUARITA,AZ,official_business_licenses,,,,
standard,CITY OF TUCSON WATER DEPT,5207912666,unknown,531120,TUCSON,AZ,official_business_licenses,,,,
standard,BEAN & BEAN LLC,5203265111,unknown,531120,TUCSON,AZ,official_business_licenses,,,,
standard,ATOGY LLC,5202889721,unknown,531120,TUCSON,AZ,official_business_licenses,,,,
standard,JLR RENTALS,5208340936,unknown,531120,TUCSON,AZ,official_business_licenses,,,,
standard,DAVID B & KAREN A HAMMOND,5207513824,unknown,531120,TUCSON,AZ,official_business_licenses,,,,
standard,DESIGNLINES FOR HAIR & NAILS,5203220865,unknown,531120,TUCSON,AZ,official_business_licenses,,,,
standard,4803 LLC,5205450403,unknown,531120,TUCSON,AZ,official_business_licenses,,,,
standard,BROADWAY PROPRIETAS LLC,5206094488,unknown,531120,TUCSON,AZ,official_business_licenses,,,,
standard,DAVID MCCALL LLC,5209779949,unknown,531120,TUCSON,AZ,official_business_licenses,,,,
standard,LAWCHIC INVESTMENTS LLC,5203825444,unknown,531120,TUCSON,AZ,official_business_licenses,,,,
standard,"PANTANO ENTERPRISES, INC.",5209079928,unknown,531120,TUCSON,AZ,official_business_licenses,,,,
standard,JANNIES BEAUTY SHOP,5205782498,unknown,531120,TUCSON,AZ,official_business_licenses,,,,
standard,FLING FRANK & LAURA TRUST,5207477788,unknown,531120,TUCSON,AZ,official_business_licenses,,,,
standard,CH53 ECHO LLC,5204490059,unknown,531120,TUCSON,AZ,official_business_licenses,,,,
standard,MARTINEZ REVOCABLE TR,5203127964,unknown,531120,TUCSON,AZ,official_business_licenses,,,,
standard,PRAISE MANAGEMENT LLC,5207474230,unknown,531120,TUCSON,AZ,official_business_licenses,,,,
standard,ANTOINETTE L DUNN,5202961387,unknown,531120,SEDONA,AZ,official_business_licenses,,,,
standard,BUFFALO WILD WINGS,5209774826,unknown,531120,TUCSON,AZ,official_business_licenses,,,,
standard,ELV LLC,5206233331,unknown,531120,TUCSON,AZ,official_business_licenses,,,,
standard,SIERRA TILE SUPPLY,5203277324,unknown,531120,TUCSON,AZ,official_business_licenses,,,,
standard,FT LOWELL CAMPBELL LLC,5203253390,unknown,531120,TUCSON,AZ,official_business_licenses,,,,
standard,1602-1608 S CRAYCROFT LLC,5208692626,unknown,531120,TUCSON,AZ,official_business_licenses,,,,
standard,3800 SOUTH EVANS BOULEVARD LLC,5208854632,unknown,531120,TUCSON,AZ,official_business_licenses,,,,
standard,GOLD ROCK LLC,5208817211,unknown,531120,TUCSON,AZ,official_business_licenses,,,,
standard,NADINE A RODRIGUEZ,5209069055,unknown,531120,RIO RICO,AZ,official_business_licenses,,,,
standard,WALTER E PARISH,5207214435,unknown,531120,TUCSON,AZ,official_business_licenses,,,,
standard,SWIERGOL JOHN J & MARY A,5202755291,unknown,531120,TUCSON,AZ,official_business_licenses,,,,
standard,PARK AVENUE NORTH LLC,5205489779,unknown,531120,TUCSON,AZ,official_business_licenses,,,,
standard,PHIL SOTO JR,5206224231,unknown,531120,TUCSON,AZ,official_business_licenses,,,,
standard,TUCZONA 2 LLC,5204443994,unknown,531120,TUCSON,AZ,official_business_licenses,,,,
standard,ROBERT & JOAN STEINMANN TRUST,5208851569,unknown,531120,TUCSON,AZ,official_business_licenses,,,,
standard,RHYTHM INDUSTRY LLC,5204818003,unknown,531120,TUCSON,AZ,official_business_licenses,,,,
standard,RIO NUEVO MULTIPURPOSE FACILITIES DISTRI,5206237336,unknown,531120,TUCSON,AZ,official_business_licenses,,,,
standard,SANDERS INVESTMENT COMPANY,5203493685,unknown,531120,TUCSON,AZ,official_business_licenses,,,,
standard,TUCSON HEALTHCARE INVESTORS I LLC,5209097916,unknown,531120,TUCSON,AZ,official_business_licenses,,,,
standard,WCCP ROSEMONT LLC,5204953517,unknown,531120,TUCSON,AZ,official_business_licenses,,,,
standard,MB EPSTEIN VENTURES,5208064000,unknown,531120,TUCSON,AZ,official_business_licenses,,,,
standard,HENSLEY BEVERAGE COMPANY,6232458026,unknown,531120,PHOENIX,AZ,official_business_licenses,,,,
standard,3544 E FT LOWELL LLC,5203727321,unknown,531120,TUCSON,AZ,official_business_licenses,,,,
standard,2736 ASSOCIATES LLP,5203270600,unknown,531120,TUCSON,AZ,official_business_licenses,,,,
standard,22ND STREET ANTIQUE MALL,5205145262,unknown,531120,TUCSON,AZ,official_business_licenses,,,,
standard,ARES 2660 N CAMPBELL HOLDINGS LLC,5202689001,unknown,531120,TUCSON,AZ,official_business_licenses,,,,
standard,4545 EAST BROADWAY LLC,5209248792,unknown,531120,TUCSON,AZ,official_business_licenses,,,,
standard,"BARRIO COLLECTIVE CO, LLC",5209998008,unknown,531120,TUCSON,AZ,official_business_licenses,,,,
standard,J FLOYD LLC,5206093105,unknown,531120,TUCSON,AZ,official_business_licenses,,,,
standard,AMBASSADOR EVENT CENTER,5207905222,unknown,531120,TUCSON,AZ,official_business_licenses,,,,
standard,JOYCE H PEDERSEN REVOCABLE TRUST,5204000126,unknown,531120,TUCSON,AZ,official_business_licenses,,,,
standard,PLAZA 12 AVENUE,5203493718,unknown,531120,TUCSON,AZ,official_business_licenses,,,,
standard,BERT WILLIAMS PROPERTY MANAGEMENT,5209778275,unknown,531120,TUCSON,AZ,official_business_licenses,,,,
standard,1230 S CAMPBELL LLC,5204499701,unknown,531120,TUCSON,AZ,official_business_licenses,,,,
standard,HO INVESTMENTS LLC,5202459028,unknown,531120,TUCSON,AZ,official_business_licenses,,,,
standard,2626 CAMPBELL INVESTMENT LLC,4807517461,unknown,531120,TUCSON,AZ,official_business_licenses,,,,
standard,HOLLMANN HOLDINGS,9082468255,unknown,531120,TUCSON,AZ,official_business_licenses,,,,
standard,CIMARRON LEASING LLC,5203707778,unknown,531120,TUCSON,AZ,official_business_licenses,,,,
standard,OASE FAMILY TRUST,5207902738,unknown,531120,TUCSON,AZ,official_business_licenses,,,,
standard,BPH PROPERTIES LLC,5202377442,unknown,531120,TUCSON,AZ,official_business_licenses,,,,
standard,PALERMO FAMLY TR,5207480286,unknown,531120,TUCSON,AZ,official_business_licenses,,,,
standard,DJQ VENTURES LLC,5207926631,unknown,531120,TUCSON,AZ,official_business_licenses,,,,
standard,LUSCHER,5202967819,unknown,531120,TUCSON,AZ,official_business_licenses,,,,
standard,SUNRISE FUNERAL HOLDINGS,5207472525,unknown,531120,TUCSON,AZ,official_business_licenses,,,,
standard,JON S SUTTON,5204908702,unknown,531120,TUCSON,AZ,official_business_licenses,,,,
standard,LES PACE DE SHIRELY,5202508773,unknown,531120,TUCSON,AZ,official_business_licenses,,,,
standard,LOS RIOS LLC,5205450500,unknown,531120,TUCSON,AZ,official_business_licenses,,,,
standard,FIRST/FT LOWELL LLC,5204036592,unknown,531120,TUCSON,AZ,official_business_licenses,,,,
standard,PETER P & MELINDA H KAY,5203237100,unknown,531120,TUCSON,AZ,official_business_licenses,,,,
standard,SCARLET INVESTMENTS RLLP,5202043622,unknown,531120,TUCSON,AZ,official_business_licenses,,,,
standard,MICHAEL SCHRAMEK LLC,5208693363,unknown,531120,TUCSON,AZ,official_business_licenses,,,,
standard,SALE CREEK LLC,5203273200,unknown,531120,TUCSON,AZ,official_business_licenses,,,,
standard,SHENS LLC,5202881049,unknown,531120,TUCSON,AZ,official_business_licenses,,,,
standard,RENT PROPERTIES LLC,5209093100,unknown,531120,TUCSON,AZ,official_business_licenses,,,,
standard,THE ANTIQUE MALL,5203263070,unknown,531120,TUCSON,AZ,official_business_licenses,,,,
standard,DORADO PLAZA LLC,5202412020,unknown,531120,TUCSON,AZ,official_business_licenses,,,,
standard,EL GRANDE MARKET #2,5208817410,unknown,531120,TUCSON,AZ,official_business_licenses,,,,
standard,ODIE ENTERPRISES LLC,5209552606,unknown,531120,TUCSON,AZ,official_business_licenses,,,,
standard,OMAGA INVESTMENT CO INC,5209759239,unknown,531120,TUCSON,AZ,official_business_licenses,,,,
standard,ROBERT & LINDA LOHSE TRUST 50% TOM & KAT,5209072351,unknown,531120,TUCSON,AZ,official_business_licenses,,,,
standard,PPLR ENTERPRISES LLC,5202842819,unknown,531120,TUCSON,AZ,official_business_licenses,,,,
standard,PIMA ASSET MANAGEMENT,5203433599,unknown,531120,TUCSON,AZ,official_business_licenses,,,,
standard,VALENCIA HOLDINGS LLC,5207330840,unknown,531120,TUCSON,AZ,official_business_licenses,,,,
standard,VANSTELLE LLC,5208885304,unknown,531120,TUCSON,AZ,official_business_licenses,,,,
standard,THE AMERICAN BOARD OF RADIOLOGY,5207902900,unknown,531120,TUCSON,AZ,official_business_licenses,,,,
standard,CHILTON PROPERTIES LLC,6025324726,unknown,531120,PHOENIX,AZ,official_business_licenses,,,,
standard,AARAA INVESTMENTS,5205904776,unknown,531120,TUCSON,AZ,official_business_licenses,,,,
standard,ADOBE OFFICE INVESTMENTS LTD PARTNERSHIP,5207459136,unknown,531120,TUCSON,AZ,official_business_licenses,,,,
standard,4442 6TH LLC,5208691467,unknown,531120,TUCSON,AZ,official_business_licenses,,,,
standard,BACON INDUSTRIES INC,5206234091,unknown,531120,TUCSON,AZ,official_business_licenses,,,,
standard,IRVINGTON INTERSTATE PTNR NRTH,5203186627,unknown,531120,TUCSON,AZ,official_business_licenses,,,,
standard,ALEX & JENNIE MIRAMONTEZ,5208866275,unknown,531120,TUCSON,AZ,official_business_licenses,,,,
standard,KINGAN GARDENS,7025236978,unknown,531120,TUCSON,AZ,official_business_licenses,,,,
standard,KRISTI FRANK PROPERTIES LLC,5203230017,unknown,531120,TUCSON,AZ,official_business_licenses,,,,
standard,DALE G BUTTON,5207900476,unknown,531120,TUCSON,AZ,official_business_licenses,,,,
standard,RALLIS ENTERPRISES,5202975300,unknown,531120,TUCSON,AZ,official_business_licenses,,,,
standard,DARLA NORRISH,5207228434,unknown,531120,TUCSON,AZ,official_business_licenses,,,,
standard,DMAC INVESTMENTS,5202051510,unknown,531120,Tucson,AZ,official_business_licenses,,,,
standard,MISSION ROSE DEVELOPMENT LLC,5207974884,unknown,531120,TUCSON,AZ,official_business_licenses,,,,
standard,HAIR 1ST,5203237222,unknown,531120,TUCSON,AZ,official_business_licenses,,,,
standard,LUPITA'S HAIR FASHIONS,5208895557,unknown,531120,TUCSON,AZ,official_business_licenses,,,,
standard,EAST SPEEDWAY PROPERTIES LLC,5208080509,unknown,531120,TUCSON,AZ,official_business_licenses,,,,
standard,PHRSC LLC,5202706047,unknown,531120,TUCSON,AZ,official_business_licenses,,,,
standard,HELEN STREET STUDIOS LLC,6083451129,unknown,531120,TUCSON,AZ,official_business_licenses,,,,
standard,GARDEN PROPERTIES,5208811778,unknown,531120,TUCSON,AZ,official_business_licenses,,,,
standard,LOSCHIAVO  CHARLES DR,5203220661,unknown,531120,TUCSON,AZ,official_business_licenses,,,,
standard,LAURIE L DONIS KUZDAL,5208204757,unknown,531120,TUCSON,AZ,official_business_licenses,,,,
standard,KORING PROPERTIES LLC,5206226485,unknown,531120,VAIL,AZ,official_business_licenses,,,,
standard,PRESIDENT FRUIT MARKET/LOS CRUCITOS,5202470083,unknown,531120,TUCSON,AZ,official_business_licenses,,,,
standard,CV STAR LLC,5205777624,unknown,531120,TUCSON,AZ,official_business_licenses,,,,
standard,COUNTRY CLUB,5202981343,unknown,531120,TUCSON,AZ,official_business_licenses,,,,
standard,IRVIN N & ANN S CHUMBLER,5203259881,unknown,531120,TUCSON,AZ,official_business_licenses,,,,
standard,DICHRISTOFANO REAL ESTATE GROUP LLC,5209075049,unknown,531120,TUCSON,AZ,official_business_licenses,,,,
standard,EKCO ENTERPRISES LLC,5204446019,unknown,531120,TUCSON,AZ,official_business_licenses,,,,
standard,ELDON DRAPERY CLEANERS,5206227774,unknown,531120,TUCSON,AZ,official_business_licenses,,,,
standard,ROBERT E & KAREN S GIETL 50%,5203225229,unknown,531120,TUCSON,AZ,official_business_licenses,,,,
standard,JEROME & PATRICIA O'NEILL,5202352781,unknown,531120,TUCSON,AZ,official_business_licenses,,,,
standard,GJJJB,5205915725,unknown,531120,TUCSON,AZ,official_business_licenses,,,,
standard,H&M ENTERPRISES,5204051989,unknown,531120,TUCSON,AZ,official_business_licenses,,,,
standard,SEVEN HILLS TUCSON LLC,7326476989,unknown,531120,TUCSON,AZ,official_business_licenses,,,,
standard,ROSEN FAMILY TRUST,5203199191,unknown,531120,TUCSON,AZ,official_business_licenses,,,,
standard,EASTSIDE CYCLE INC,5202350111,unknown,531120,TUCSON,AZ,official_business_licenses,,,,
standard,"OLD PUEBLO GYMNASTICS REALTY, LLC",5206284355,unknown,531120,TUCSON,AZ,official_business_licenses,,,,
standard,PARTY TIME LLC,5208082952,unknown,531120,TUCSON,AZ,official_business_licenses,,,,
standard,RICHARD TROYER,5208815976,unknown,531120,TUCSON,AZ,official_business_licenses,,,,
standard,TEN NORTH SWAN LLC,5203275679,unknown,531120,TUCSON,AZ,official_business_licenses,,,,
standard,SINGH & SONS LLC,6232618867,unknown,531120,TUCSON,AZ,official_business_licenses,,,,
standard,616 GC LLC,5204779616,unknown,531120,TEMPE,AZ,official_business_licenses,,,,
standard,TUCSON SILVERLAKE LLC,6026777747,unknown,531120,SCOTTSDALE,AZ,official_business_licenses,,,,
standard,ONE TEN REI MAIN LLC,5209477372,unknown,531120,TEMPE,AZ,official_business_licenses,,,,
standard,PUERTA ANTIGUA LLC,5207801052,unknown,531120,SAHUARITA,AZ,official_business_licenses,,,,
standard,CIMARRON CIRCLE CONST COMPANY,5208812777,unknown,531120,TUCSON,AZ,official_business_licenses,,,,
standard,JEFFREY & YVONNE HAMSTRA,5205735900,unknown,531120,TUCSON,AZ,official_business_licenses,,,,
standard,JORGE HUMBERTO & GLORIA G FIMBRES,5208615160,unknown,531120,TUCSON,AZ,official_business_licenses,,,,
standard,ROGERS REAL ESTATE HOLDINGS LLC,5208893593,unknown,531120,TUCSON,AZ,official_business_licenses,,,,
standard,2655 N CAMPBELL AVE LLC,5209048689,unknown,531120,TUCSON,AZ,official_business_licenses,,,,
standard,JOSE ALONSO PEREZ,5208895120,unknown,531120,TUCSON,AZ,official_business_licenses,,,,
standard,FIVE STARS LLC,5207514963,unknown,531120,TUCSON,AZ,official_business_licenses,,,,
standard,DECHANT HOLDINGS LLC,5209712620,unknown,531120,TUCSON,AZ,official_business_licenses,,,,
standard,HGEE 2 INVESTMENTS LLC,5209750476,unknown,531120,TUCSON,AZ,official_business_licenses,,,,
standard,HUNTER LJ INVESTMENTS,5204051048,unknown,531120,TUCSON,AZ,official_business_licenses,,,,
standard,CARMEN R DOLNY,5207437700,unknown,531120,TUCSON,AZ,official_business_licenses,,,,
standard,WORTHINGTON JOHN & KATHLEEN,7173194591,unknown,531120,TUCSON,AZ,official_business_licenses,,,,
standard,GRAND CANYON PROPERTY INVESTMENTS LLC,5202473549,unknown,531120,TUCSON,AZ,official_business_licenses,,,,
standard,HVAC BUILDING 1277 LLC,5204617334,unknown,531120,TUCSON,AZ,official_business_licenses,,,,
standard,TORRES VENTURES LLC,5209543507,unknown,531120,TUCSON,AZ,official_business_licenses,,,,
standard,JILLJOE VENTURES ARIZONA LLC,5203251882,unknown,531120,TUCSON,AZ,official_business_licenses,,,,
standard,DENLIB ENTERPRISES,5202983380,unknown,531120,TUCSON,AZ,official_business_licenses,,,,
standard,750 SOUTH CRAYCROFT LLC,6025136238,unknown,531120,TUCSON,AZ,official_business_licenses,,,,
standard,ARMANDO J ALFARO,5203493889,unknown,531120,TUCSON,AZ,official_business_licenses,,,,
standard,RAPHAEL MARTINEZ,5204195567,unknown,531120,TUCSON,AZ,official_business_licenses,,,,
standard,RED LION INN AND SUITE,5207917511,unknown,531120,TUCSON,AZ,official_business_licenses,,,,
standard,MICHALE PROPERTIES LLC,5206612998,unknown,531120,TUCSON,AZ,official_business_licenses,,,,
standard,JUBEE LLC,5202982395,unknown,531120,TUCSON,AZ,official_business_licenses,,,,
standard,CHRISTOPHER J MARTIN,5203755752,unknown,531120,NOGALES,AZ,official_business_licenses,,,,
standard,SOUTHERN ARIZONA HOME BUILDERS ASSOCIATES,5207955114,unknown,531120,TUCSON,AZ,official_business_licenses,,,,
standard,THOMAS V & MARIA C CURRAN,5204614248,unknown,531120,TUCSON,AZ,official_business_licenses,,,,
standard,DABDOUB ACQUISITIONS,5206317788,unknown,531120,TUCSON,AZ,official_business_licenses,,,,
standard,DAVID C MWEWA,5206333537,unknown,531120,TUCSON,AZ,official_business_licenses,,,,
standard,DARTON JEFFERSON AVENUE LLC,5205752798,unknown,531120,TUCSON,AZ,official_business_licenses,,,,
standard,TRES CABALLOS BUILDING LLC,5202981040,unknown,531120,TUCSON,AZ,official_business_licenses,,,,
standard,NACHES SWAN LLC,5203496989,unknown,531120,TUCSON,AZ,official_business_licenses,,,,
standard,TAYLOR FAMILY BUILDING COMPANY LLC,5206094800,unknown,531120,TUCSON,AZ,official_business_licenses,,,,
standard,ROSENTHAL TRUST,5209771771,unknown,531120,TUCSON,AZ,official_business_licenses,,,,
standard,SIEMPRE JUNTOS LLC,5202052313,unknown,531120,TUCSON,AZ,official_business_licenses,,,,
standard,CHISPAS LLC,6027213726,unknown,531120,GILBERT,AZ,official_business_licenses,,,,
standard,WB SANTA RITA LLC,6028187515,unknown,531120,SCOTTSDALE,AZ,official_business_licenses,,,,
standard,FRIS CHKN LLC,4806060820,unknown,531120,SCOTTSDALE,AZ,official_business_licenses,,,,
standard,VERDE INVESTMENTS INCORPORATED,6027785005,unknown,531120,TEMPE,AZ,official_business_licenses,,,,
standard,BELL EDIFICIO LLC,5204044426,unknown,531120,TUCSON,AZ,official_business_licenses,,,,
standard,EL MERENDERO PLAZA LLC,5207811522,unknown,531120,TUCSON,AZ,official_business_licenses,,,,
standard,COLE FAMILY LIVING TRUST,5202580183,unknown,531120,TUCSON,AZ,official_business_licenses,,,,
standard,BURNETTE IMPORT SERVICE LLC,5208880667,unknown,531120,TUCSON,AZ,official_business_licenses,,,,
standard,G&S REAL ESTATE VENTURES INC,5202706351,unknown,531120,TUCSON,AZ,official_business_licenses,,,,
standard,TAFT W LEE,5203257018,unknown,531120,TUCSON,AZ,official_business_licenses,,,,
standard,JC PAAC LLC,5205463233,unknown,531120,TUCSON,AZ,official_business_licenses,,,,
standard,ANTIONETTE L MILLER,5203256352,unknown,531120,TUCSON,AZ,official_business_licenses,,,,
standard,INSPIRED ADVENTURE INVESTMENTS LLC,5203705313,unknown,531120,TUCSON,AZ,official_business_licenses,,,,
standard,IST INVESTMENTS LLC,5204455265,unknown,531120,TUCSON,AZ,official_business_licenses,,,,
standard,IST INVESTMENTS LLC,5204455865,unknown,531120,TUCSON,AZ,official_business_licenses,,,,
standard,LF LEASING LLC,2146165766,unknown,531120,ORO VALLEY,AZ,official_business_licenses,,,,
standard,LRM REAL ESTATE,5203266632,unknown,531120,TUCSON,AZ,official_business_licenses,,,,
standard,MORGAN'S EVENT CENTER,5207701358,unknown,531120,TUCSON,AZ,official_business_licenses,,,,
standard,MADISON TRADING,5204012117,unknown,531120,TUCSON,AZ,official_business_licenses,,,,
standard,MARGARET G KELLEY,5208875414,unknown,531120,TUCSON,AZ,official_business_licenses,,,,
standard,DESAM,5203607860,unknown,531120,TUCSON,AZ,official_business_licenses,,,,
standard,2828 E FORT LOWELL RD LLC,5207291417,unknown,531120,TUCSON,AZ,official_business_licenses,,,,
standard,ALBERT M & GERTRUDE STERNBERG,5209915522,unknown,531120,TUCSON,AZ,official_business_licenses,,,,
standard,ALMOND,5209771110,unknown,531120,TUCSON,AZ,official_business_licenses,,,,
standard,PAWN PARTNERS PROPERTIES LLC,9282266996,unknown,531120,FLAGSTAFF,AZ,official_business_licenses,,,,
standard,PALICE INVESTMENTS LLC,5203213333,unknown,531120,TUCSON,AZ,official_business_licenses,,,,
standard,THE ACME CO PROPERTIES LLC,5204063116,unknown,531120,TUCSON,AZ,official_business_licenses,,,,
standard,MICHAEL AND SUSAN ANDERSON,5203704821,unknown,531120,TUCSON,AZ,official_business_licenses,,,,
standard,NICHOLAS & HELEN J MARKES TR & IONA SFAR,5202996615,unknown,531120,TUCSON,AZ,official_business_licenses,,,,
standard,CONTINENTAL DEVELOPMENT COMPANY LLP,5209542300,unknown,531120,TUCSON,AZ,official_business_licenses,,,,
standard,DAVECK PROPERTIES LLC,6023156875,unknown,531120,TEMPE,AZ,official_business_licenses,,,,
standard,PRECISION TOYOTA OF TUCSON,5203190290,unknown,531120,TUCSON,AZ,official_business_licenses,,,,
standard,D&F EQUIPMENT RENTALS COMPANY,6028850142,unknown,531120,PHOENIX,AZ,official_business_licenses,,,,
standard,PHILABAUM BUILDING LLC,5208847404,unknown,531120,TUCSON,AZ,official_business_licenses,,,,
standard,TMC HEALTH,5203241398,unknown,531120,TUCSON,AZ,official_business_licenses,,,,
standard,WAYNE HALLQUIST LLC,5208704147,unknown,531120,TUCSON,AZ,official_business_licenses,,,,
standard,THREE BRICKS LLC,5209552024,unknown,531120,TUCSON,AZ,official_business_licenses,,,,
standard,SYDCO REALTY CO,5202707118,unknown,531120,TUCSON,AZ,official_business_licenses,,,,
standard,ALBRIGHT FAMILY TRUST,4809918447,unknown,531120,SCOTTSDALE,AZ,official_business_licenses,,,,
standard,PATEL JOITABHAI P & CHANCHIBEN J,5202901234,unknown,531120,TEMPE,AZ,official_business_licenses,,,,
standard,HERBERT E ELAINE REVOCABLE TRUST,6024053999,unknown,531120,LITCHFIELD PARK,AZ,official_business_licenses,,,,
standard,TUHOP LLC,6028287788,unknown,531120,CAREFREE,AZ,official_business_licenses,,,,
standard,CHAN LIVING TRUST,6026924270,unknown,531120,TEMPE,AZ,official_business_licenses,,,,
standard,ALLUVIAL LLC,5206226869,unknown,531120,TUCSON,AZ,official_business_licenses,,,,
standard,ALLAHYAR REZAIMALEK,5203232525,unknown,531120,TUCSON,AZ,official_business_licenses,,,,
standard,FANELLI INVESTMENTS,5203310008,unknown,531120,TUCSON,AZ,official_business_licenses,,,,
standard,ASPIRE WEALTH PARTNERS INC,5208811149,unknown,531120,TUCSON,AZ,official_business_licenses,,,,
standard,BRANCHING ROOTS LLC,5207924207,unknown,531120,TUCSON,AZ,official_business_licenses,,,,
standard,EUCLID PARK LLC,5202964166,unknown,531120,TUCSON,AZ,official_business_licenses,,,,
standard,TAYLOR PASTIME LLC,5204033664,unknown,531120,TUCSON,AZ,official_business_licenses,,,,
standard,TOFOY BLOCK LLC,5209776674,unknown,531120,TUCSON,AZ,official_business_licenses,,,,
standard,ESPERANCE NASSER,5204441724,unknown,531120,TUCSON,AZ,official_business_licenses,,,,
standard,CWI PROPERTIES LLC,5206287919,unknown,531120,TUCSON,AZ,official_business_licenses,,,,
standard,3801 N CAMPBELLAVE LLC,5203220966,unknown,531120,TUCSON,AZ,official_business_licenses,,,,
standard,BENJAMIN L GALAZ,5202072245,unknown,531120,TUCSON,AZ,official_business_licenses,,,,
standard,HOUSE OF GLECCX BOUTIQUE LLC,5202475621,unknown,531120,TUCSON,AZ,official_business_licenses,,,,
standard,JALAL ESLAMI & SHANHAZ KARBASI-MEYBODI,5208815400,unknown,531120,TUCSON,AZ,official_business_licenses,,,,
standard,TICK INVESTMENTS,5209401064,unknown,531120,TUCSON,AZ,official_business_licenses,,,,
standard,RAPA RIVER,5207430866,unknown,531120,TUCSON,AZ,official_business_licenses,,,,
standard,SWANXYZ LLC,5202728706,unknown,531120,TUCSON,AZ,official_business_licenses,,,,
standard,CKG PROPERTIES LLC,5208505191,unknown,531120,TUCSON,AZ,official_business_licenses,,,,
standard,CONDESSA LLC,5203276849,unknown,531120,TUCSON,AZ,official_business_licenses,,,,
standard,MAHONEY FAMILY PARTNERSHP,5203252000,unknown,531120,TUCSON,AZ,official_business_licenses,,,,
standard,PRINCE WEST PLAZA,5205299535,unknown,531120,TUCSON,AZ,official_business_licenses,,,,
standard,JHR INVESTMENT SVCS LP LLLP & WINGED FOO,5203586998,unknown,531120,TUCSON,AZ,official_business_licenses,,,,
standard,JOHNSON BROTHERS PAINTING CORPORATION,5208864788,unknown,531120,TUCSON,AZ,official_business_licenses,,,,
standard,KENNETH A YUKL & PAMELA A DECKER,5209068990,unknown,531120,TUCSON,AZ,official_business_licenses,,,,
standard,MARIO O DURAZO & RICHARD STUDWELL,5206231077,unknown,531120,TUCSON,AZ,official_business_licenses,,,,
standard,MICHAEL & JUDITH BOSNOS,5204651100,unknown,531120,TUCSON,AZ,official_business_licenses,,,,
standard,TS SHELTON PROPERTIES LLC,5208828338,unknown,531120,TUCSON,AZ,official_business_licenses,,,,
standard,PHILIP & SHIRLEY M BUDINGER,5207774356,unknown,531120,TUCSON,AZ,official_business_licenses,,,,
standard,PEACOCK INVESTMENT BUILDERS TUCSON I LL,5205462732,unknown,531120,TUCSON,AZ,official_business_licenses,,,,
standard,LEVINE INVESTMENTS LIMITED PARTNERSHIP,6022488181,unknown,531120,PHOENIX,AZ,official_business_licenses,,,,
standard,RALPH FREEMAN,3172429271,unknown,531120,PHOENIX,AZ,official_business_licenses,,,,
standard,MAW INVESTMENTS LLC,6026191066,unknown,531120,PARADISE VALLEY,AZ,official_business_licenses,,,,
standard,BROKEN CACTUS LLC,4802317283,unknown,531120,MESA,AZ,official_business_licenses,,,,
standard,ARLENE L LEAF,5203262554,unknown,531120,TUCSON,AZ,official_business_licenses,,,,
standard,BROADWAY CRAYCROFT LLC,5203235129,unknown,531120,TUCSON,AZ,official_business_licenses,,,,
standard,DND NEFFSON COMPANY,5202976843,unknown,531120,TUCSON,AZ,official_business_licenses,,,,
standard,MIKE & BARB FRANKE,5205720749,unknown,531120,TUCSON,AZ,official_business_licenses,,,,
standard,MICHAEL WILLIAMS,5206038501,unknown,531120,TUCSON,AZ,official_business_licenses,,,,
standard,LOCO BOYS LLC,5208877777,unknown,531120,TUCSON,AZ,official_business_licenses,,,,
standard,K&S RENTALS,5207456622,unknown,531120,TUCSON,AZ,official_business_licenses,,,,
standard,HEWJ,5203238647,unknown,531120,TUCSON,AZ,official_business_licenses,,,,
standard,GTB PROPERTIES LLC,5204037349,unknown,531120,TUCSON,AZ,official_business_licenses,,,,
standard,DAVERY PROPERTIES,5209070376,unknown,531120,TUCSON,AZ,official_business_licenses,,,,
standard,INTERNAT'L BRO OF ELECTRICAL WORKERS 570,6026226745,unknown,531120,TUCSON,AZ,official_business_licenses,,,,
standard,WARFIELD FAMILY TRUST,5204902204,unknown,531120,TUCSON,AZ,official_business_licenses,,,,
standard,JAMES E IV & MARIA E ROBINSON,5204081650,unknown,531120,TUCSON,AZ,official_business_licenses,,,,
standard,MOLINA INVESTMENT CO LLC,5203388598,unknown,531120,TUCSON,AZ,official_business_licenses,,,,
standard,NIELSEN RODNEY P CYNTHIA L,5204005068,unknown,531120,TUCSON,AZ,official_business_licenses,,,,
standard,SANTANDR PROPERTIES LLC,5203589582,unknown,531120,TUCSON,AZ,official_business_licenses,,,,
standard,AGA PROPERTY MANAGEMENT LLC,4805077549,unknown,531120,GILBERT,AZ,official_business_licenses,,,,
standard,HOLUALOA CONGRESS LLC,5206151094,unknown,531120,TUCSON,AZ,official_business_licenses,,,,
standard,HEMISPHERE GROUP LLC,5202354448,unknown,531120,TUCSON,AZ,official_business_licenses,,,,
standard,BLANCO INVESTMENTS LLC,5209406788,unknown,531120,TUCSON,AZ,official_business_licenses,,,,
standard,M&M PROPERTIES,5202379228,unknown,531120,TUCSON,AZ,official_business_licenses,,,,
standard,THOMAS W HOOD FAMILY LTD #1,5202994400,unknown,531120,TUCSON,AZ,official_business_licenses,,,,
standard,GEE GARDEN PROPERTIES- 1 LLC,5202416909,unknown,531120,TUCSON,AZ,official_business_licenses,,,,
standard,TUCSON THIRD INVESTMENT COMPANY LLC,5202943292,unknown,531120,TUCSON,AZ,official_business_licenses,,,,
standard,JACOBUS AVENUE LLC,5204193905,unknown,531120,TUCSON,AZ,official_business_licenses,,,,
standard,SNOB HOLLOW HOLDING COMPANY LLC,5207800209,unknown,531120,TUCSON,AZ,official_business_licenses,,,,
standard,TIERRA FUERTE LLC,5203255700,unknown,531120,TUCSON,AZ,official_business_licenses,,,,
standard,VALLEY RUG GALLERY LLC,5209795059,unknown,531120,TUCSON,AZ,official_business_licenses,,,,
standard,QT TUCSON LLC,6022902156,unknown,531120,ROUND ROCK,AZ,official_business_licenses,,,,
standard,CBDG CAMPBELL LLC,6024298018,unknown,531120,PHOENIX,AZ,official_business_licenses,,,,
standard,ARCP WS PORTFOLIO I LLC,6027786176,unknown,531120,PHOENIX,AZ,official_business_licenses,,,,
standard,TAMMETTA PROPERTIES,6785242804,unknown,531120,BENSON,AZ,official_business_licenses,,,,
standard,THE SEAN O MCGHEE & JANET L MCGHEE LIVING TRUST,5202377089,unknown,531120,GREEN VALLEY,AZ,official_business_licenses,,,,
standard,4340 ASSOCIATES LLC,5209770004,unknown,531120,TUCSON,AZ,official_business_licenses,,,,
standard,J ARAGHI,5209779617,unknown,531120,MARANA,AZ,official_business_licenses,,,,
standard,HOUGHTON RESIDUAL LLC,5202569689,unknown,531120,MARANA,AZ,official_business_licenses,,,,
standard,8830 E SPEEDWAY LLC,5202965491,unknown,531120,TUCSON,AZ,official_business_licenses,,,,
standard,COMPETITIVE ENGINEERING INC,5207460270,unknown,531120,TUCSON,AZ,official_business_licenses,,,,
standard,PALOMO ENTERPRISES LLC,5203048562,unknown,531120,TUCSON,AZ,official_business_licenses,,,,
standard,HOWARD JUNE ENG & WESLEY JUNE ENG,5207923820,unknown,531120,TUCSON,AZ,official_business_licenses,,,,
standard,SALON MEXICO,5206616297,unknown,531120,TUCSON,AZ,official_business_licenses,,,,
standard,MIGUEL & CHERYL VASQUEZ,5207429497,unknown,531120,TUCSON,AZ,official_business_licenses,,,,
standard,FORT LOWELL REAL ESTATE LLC,5202417743,unknown,531120,TUCSON,AZ,official_business_licenses,,,,
standard,SAYNE REVOC TR 50% & FOX GREGORY C 50%,5208701077,unknown,531120,TUCSON,AZ,official_business_licenses,,,,
standard,FLM LLC,5204952239,unknown,531120,TUCSON,AZ,official_business_licenses,,,,
standard,MVL INVESTMENTS LLC,5204403919,unknown,531120,TUCSON,AZ,official_business_licenses,,,,
standard,BRUCE AND CATHY WRIGHT REVOCABLE TRUST,5209071924,unknown,531120,TUCSON,AZ,official_business_licenses,,,,
standard,CARAPACE LLC,5209074786,unknown,531120,TUCSON,AZ,official_business_licenses,,,,
standard,CHERRY ELIZABETH KRISTIN,5204619694,unknown,531120,TUCSON,AZ,official_business_licenses,,,,
standard,CALIBER MESQUITE,5204815404,unknown,531120,TUCSON,AZ,official_business_licenses,,,,
standard,LAW OFFICE OF ROBERT E FEE,5203220962,unknown,531120,TUCSON,AZ,official_business_licenses,,,,
standard,DNJ HOLDINGS LLC,5203702047,unknown,531120,TUCSON,AZ,official_business_licenses,,,,
standard,FELISHA'S SALON,5203250515,unknown,531120,TUCSON,AZ,official_business_licenses,,,,
standard,EL RIO BARBER STYLIST,5207921411,unknown,531120,TUCSON,AZ,official_business_licenses,,,,
standard,MATTHEW & VICKI DUNNE,5207905046,unknown,531120,TUCSON,AZ,official_business_licenses,,,,
standard,G&M HOLDING LLC,5202477691,unknown,531120,TUCSON,AZ,official_business_licenses,,,,
standard,PUEBLO COUNTRY CLUB LLC,5208504368,unknown,531120,TUCSON,AZ,official_business_licenses,,,,
standard,PAWS PROPERTY LLC,5205340055,unknown,531120,TUCSON,AZ,official_business_licenses,,,,
standard,PRIETA LLC,5209755831,unknown,531120,TUCSON,AZ,official_business_licenses,,,,
standard,HILLTOP PLAZA,5202975086,unknown,531120,TUCSON,AZ,official_business_licenses,,,,
standard,MALPAIS LLC,5209031100,unknown,531120,TUCSON,AZ,official_business_licenses,,,,
standard,QUATTRO NINOS LLC,5203109339,unknown,531120,TUCSON,AZ,official_business_licenses,,,,
standard,DIANA SEGUIN,5205465700,unknown,531120,TUCSON,AZ,official_business_licenses,,,,
standard,NOVA TUCSON PROPERTIES LLC,5206683269,unknown,531120,TUCSON,AZ,official_business_licenses,,,,
standard,SAGO PROPERTIES,5209071461,unknown,531120,TUCSON,AZ,official_business_licenses,,,,
standard,STEPHEN MCLEAR PHILLIP CRAIG PETER ELLIS,5207426839,unknown,531120,TUCSON,AZ,official_business_licenses,,,,
standard,FRANTI IV HOLDINGS LLC,5205485999,unknown,531120,TUCSON,AZ,official_business_licenses,,,,
standard,RICHARD E MARKHAM REVOC LIVING TR,5208847738,unknown,531120,TUCSON,AZ,official_business_licenses,,,,
standard,TV DAWES LLC,5202453603,unknown,531120,TUCSON,AZ,official_business_licenses,,,,
standard,PRINCE SELF STORAGE,5206236376,unknown,531120,TUCSON,AZ,official_business_licenses,,,,
standard,RALPH S SIMONS FAMILY TRUST,5207493106,unknown,531120,PHOENIX,AZ,official_business_licenses,,,,
standard,RIDGETOP TUCSON WG LLC,5403410099,unknown,531120,PHOENIX,AZ,official_business_licenses,,,,
standard,GRANT ROAD TUCSON,4804400575,unknown,531120,PHOENIX,AZ,official_business_licenses,,,,
standard,460 MCK LLC,4808929208,unknown,531120,MESA,AZ,official_business_licenses,,,,
standard,DORA ILENIA TELLEZ,5202353329,unknown,531120,TUCSON,AZ,official_business_licenses,,,,
standard,LFT 21 LLC,5208852256,unknown,531120,TUCSON,AZ,official_business_licenses,,,,
standard,FELLOWSHIP SQUARE TUCSON,5208865537,unknown,531120,PHOENIX,AZ,official_business_licenses,,,,
standard,2905 FLOWING WELLS-TUCSON LLC,6029771100,unknown,531120,PARADISE VALLEY,AZ,official_business_licenses,,,,
standard,ANDREW B COSENTINO TRUST,5204818981,unknown,531120,TUCSON,AZ,official_business_licenses,,,,
standard,DARVIN/HELEN MUSSELMAN,5206227491,unknown,531120,TUCSON,AZ,official_business_licenses,,,,
standard,ABBAS TAHERKHAN,5206237878,unknown,531120,TUCSON,AZ,official_business_licenses,,,,
standard,BRYANT SURVIVORS TRUST,5209062452,unknown,531120,TUCSON,AZ,official_business_licenses,,,,
standard,MCDONALD'S REAL ESTATE COMPANY,6306233295,unknown,531120,TUCSON,AZ,official_business_licenses,,,,
standard,CAPARA LLC,5203219233,unknown,531120,TUCSON,AZ,official_business_licenses,,,,
standard,CAT SUB AZ LLC,5207223000,unknown,531120,TUCSON,AZ,official_business_licenses,,,,
standard,NOVOL LTD,5203497144,unknown,531120,TUCSON,AZ,official_business_licenses,,,,
standard,ERIC GROSSMAN,5203251233,unknown,531120,TUCSON,AZ,official_business_licenses,,,,
standard,BROKEN ANTLER PROPERTIES LLC,5204053221,unknown,531120,TUCSON,AZ,official_business_licenses,,,,
standard,JT JEWELL PROPERTIES LLC,5209076123,unknown,531120,TUCSON,AZ,official_business_licenses,,,,
standard,HECTOR A & GILDA LORENIA CRUZ,5208838239,unknown,531120,TUCSON,AZ,official_business_licenses,,,,
standard,KVLC LLC,5206038018,unknown,531120,TUCSON,AZ,official_business_licenses,,,,
standard,6775 E CAMINO PRINCIPAL LLC,5207214848,unknown,531120,TUCSON,AZ,official_business_licenses,,,,
standard,880 S CRAYCROFT,5209060754,unknown,531120,TUCSON,AZ,official_business_licenses,,,,
standard,MEAD OVIS O LIVING TRUST,5204061530,unknown,531120,TUCSON,AZ,official_business_licenses,,,,
standard,MARK A BE-GURSKI,5209908922,unknown,531120,TUCSON,AZ,official_business_licenses,,,,
standard,414 N 5TH AVE LLC,5206226454,unknown,531120,TUCSON,AZ,official_business_licenses,,,,
standard,ST JOSEPH'S FAMILY PRACTICE ASSOCIATES,5208734806,unknown,531120,TUCSON,AZ,official_business_licenses,,,,
standard,LAPAN FAMILY EXEMPT TRUST,5205771311,unknown,531120,TUCSON,AZ,official_business_licenses,,,,
standard,VICTOR M & NANCY OLVERA,5208873436,unknown,531120,VAIL,AZ,official_business_licenses,,,,
standard,WILLIAM G & VADA M DOWNEY TRUST,5202983353,unknown,531120,VAIL,AZ,official_business_licenses,,,,
standard,KOENEN FOURTH AVENUE LLC,5209752117,unknown,531120,TUCSON,AZ,official_business_licenses,,,,
standard,BROADWAY PROPERTY LLC,5205712202,unknown,531120,TUCSON,AZ,official_business_licenses,,,,
standard,S&S BROOKE LLC,5209753675,unknown,531120,TUCSON,AZ,official_business_licenses,,,,
standard,INNOVATIVE DISTRIBUTION SERVICES LLC,5202909090,unknown,531120,TUCSON,AZ,official_business_licenses,,,,
standard,ST MARYS PROPERTY,6024055186,unknown,531120,TUCSON,AZ,official_business_licenses,,,,
standard,WILLIAM H DOELLE,5202407456,unknown,531120,TUCSON,AZ,official_business_licenses,,,,
standard,XO HAIR N' LASH,5203581173,unknown,531120,TUCSON,AZ,official_business_licenses,,,,
standard,FOUND AT LAST LLC,+15206222711,,531120,TUCSON,AZ,adapter:official_business_licenses,,,,
standard,JAMES R DEDOLPH RENTAL,+15202951861,,531120,TUCSON,AZ,adapter:official_business_licenses,,,,
standard,CAVETT PROPERTIES,+15207330100,,531120,TUCSON,AZ,adapter:official_business_licenses,,,,
standard,EAGLE TUCSON SOUTH LLC,+18008433245,,531120,PHOENIX,AZ,adapter:official_business_licenses,,,,
standard,CLINISYS,+15205702000,,531120,,AZ,adapter:official_business_licenses,,,,
standard,DAVID & VIRGINIA ROBILLARD,+15203256717,,531120,TUCSON,AZ,adapter:official_business_licenses,,,,
standard,A BOX MOVING AND STORAGE,5203038035,unknown,531130,TUCSON,AZ,official_business_licenses,,,,
standard,AAA DESERT CONTAINER,5209170444,unknown,531130,TUCSON,AZ,official_business_licenses,,,,
standard,MIDWAY RV & SELF STORAGE,5203273708,unknown,531130,TUCSON,AZ,official_business_licenses,,,,
standard,PUBLIC STORAGE,6026191891,unknown,531130,PHOENIX,AZ,official_business_licenses,,,,
standard,PARK PLACE RV LP,5202401210,unknown,531130,PHOENIX,AZ,official_business_licenses,,,,
standard,A FAMILY DISCOUNT STORAGE,5205717171,unknown,531130,TUCSON,AZ,official_business_licenses,,,,
standard,A FAMILY DISCOUNT STORAGE,5208858635,unknown,531130,TUCSON,AZ,official_business_licenses,,,,
standard,A FAMILY DISCOUNT STORAGE,5202937191,unknown,531130,TUCSON,AZ,official_business_licenses,,,,
standard,A FAMILY DISCOUNT STORAGE,5207496611,unknown,531130,TUCSON,AZ,official_business_licenses,,,,
standard,ADVANCED MOBILE STORAGE TUCSON INC,5204349494,unknown,531130,TUCSON,AZ,official_business_licenses,,,,
standard,34TH STREET MINI STORAGE LLC,5204857867,unknown,531130,TEMPE,AZ,official_business_licenses,,,,
standard,WILDCAT STORAGE,5209031960,unknown,531130,TUCSON,AZ,official_business_licenses,,,,
standard,PANTANO/22ND ST SELF STORAGE III LLC,5207229276,unknown,531130,TUCSON,AZ,official_business_licenses,,,,
standard,REC NATION RV AND BOAT STORAGE,+18338642644,,531130,TUCSON,AZ,adapter:official_business_licenses,,,,
standard,Evoqua Water Technologies LLC,978-614-7215,unknown,531161,Mesa,AZ,official_business_licenses,,,,
standard,ABSOLUTE ATTITUDE SALON,5207510808,unknown,531190,TUCSON,AZ,official_business_licenses,,,,
standard,DESIGNING HEADS,5202470610,unknown,531190,TUCSON,AZ,official_business_licenses,,,,
standard,CORE CAMPUS MANAGEMENT LLC,5208811818,unknown,531190,TUCSON,AZ,official_business_licenses,,,,
standard,HEADLINERS BARBER SHOP#4,5207473551,unknown,531190,ORO VALLEY,AZ,official_business_licenses,,,,
standard,CONTRERAS MARIA DEL CARMEN,5202946141,unknown,531190,TUCSON,AZ,official_business_licenses,,,,
standard,EXPERTS,5207455002,unknown,531190,TUCSON,AZ,official_business_licenses,,,,
standard,HEADLINER'S BARBER SHOP #1,5203698575,unknown,531190,ORO VALLEY,AZ,official_business_licenses,,,,
standard,MARTHA'S BARBER SHOP,5207920646,unknown,531190,TUCSON,AZ,official_business_licenses,,,,
standard,JORN PROPERTY LLC,5209071696,unknown,531190,TUCSON,AZ,official_business_licenses,,,,
standard,HONEY BEE RV,5204427400,unknown,531190,PHOENIX,AZ,official_business_licenses,,,,
standard,BELIZE NAIL HAIR SALON,5202946464,unknown,531190,TUCSON,AZ,official_business_licenses,,,,
standard,BLOOMFIELD CAPITAL LLC,4802131903,unknown,531190,SCOTTSDALE,AZ,official_business_licenses,,,,
standard,BLOOMFIELD CAPITAL LLC,4802731963,unknown,531190,SCOTTSDALE,AZ,official_business_licenses,,,,
standard,CITY SLICKERS,5207501877,unknown,531190,TUCSON,AZ,official_business_licenses,,,,
standard,INFINITY INVESTMENTS-DCH,5419548884,unknown,531190,TUCSON,AZ,official_business_licenses,,,,
standard,WAGONS WEST ADULT TRAVEL TRAILER ASSN,5208879001,unknown,531190,TUCSON,AZ,official_business_licenses,,,,
standard,HENNEKE 21ST ST,5208864939,unknown,531190,TUCSON,AZ,official_business_licenses,,,,
standard,ZANGANA ALAN & MOURAD PERWIN,5202474865,unknown,531190,TUCSON,AZ,official_business_licenses,,,,
standard,BCOO PROPERTIES,5202300371,unknown,531190,TUCSON,AZ,official_business_licenses,,,,
standard,D&D BARBER SHOP & SUPPLIES,5208813127,unknown,531190,TUCSON,AZ,official_business_licenses,,,,
standard,OLD FARM EXECUTIVE PARK,5206158612,unknown,531190,TUCSON,AZ,official_business_licenses,,,,
standard,PAMELA MARIE AVERY,5205516743,unknown,531190,TUCSON,AZ,official_business_licenses,,,,
standard,TUCSON MEDICAL DENTAL COMPLEX,+15206471987,,531190,TUCSON,AZ,adapter:official_business_licenses,,,,
standard,LM3 ACQUISITIONS LLC,5209099046,unknown,5312,TUCSON,AZ,official_business_licenses,,,,
standard,EQUITY PARTNERS REALTY LLC,5205600716,unknown,531210,TUCSON,AZ,official_business_licenses,,,,
standard,KELLER WILLIAMS SOUTHERN ARIZONA,5208868282,unknown,531210,TUCSON,AZ,official_business_licenses,,,,
standard,CHAPMAN LINDSEY COMMERCIAL REAL ESTATE,5207474000,unknown,531210,TUCSON,AZ,official_business_licenses,,,,
standard,19E LLC,5207926348,unknown,531210,TUCSON,AZ,official_business_licenses,,,,
standard,"ANDERSON REALTY & MGMT SVCS, LLC",5204658867,unknown,531210,TUCSON,AZ,official_business_licenses,,,,
standard,KASE LLC,5203315796,unknown,531210,TUCSON,AZ,official_business_licenses,,,,
standard,FORT LOWELL PROPERTIES,6023182033,unknown,531210,TUCSON,AZ,official_business_licenses,,,,
standard,BELOVED VENTURE LLC,5205199130,unknown,531210,TUCSON,AZ,official_business_licenses,,,,
standard,WERTH REALTY LLC,5203190753,unknown,531210,TUCSON,AZ,official_business_licenses,,,,
standard,AAG REALTY LLC,5203932333,unknown,531210,TUCSON,AZ,official_business_licenses,,,,
standard,RE/MAX RESULTS,5209717100,unknown,531210,TUCSON,AZ,official_business_licenses,,,,
standard,GLENN NOWACKI PLLC,5202406102,unknown,531210,TUCSON,AZ,official_business_licenses,,,,
standard,LIZ NGUYEN PLLC,5202455105,unknown,531210,TUCSON,AZ,official_business_licenses,,,,
standard,NIVITA ANN BROWN PLLC,5209778596,unknown,531210,TUCSON,AZ,official_business_licenses,,,,
standard,BIG D REAL ESTATE,5204049577,unknown,531210,TUCSON,AZ,official_business_licenses,,,,
standard,BERKSHIRE HATHAWAY PREMIER PROPERTIES,5205778333,unknown,531210,TUCSON,AZ,official_business_licenses,,,,
standard,REALTY EXECUTIVES ARIZONA TERRITORY,5202849902,unknown,531210,TUCSON,AZ,official_business_licenses,,,,
standard,ST ONGE PLLC,5207304257,unknown,531210,TUCSON,AZ,official_business_licenses,,,,
standard,MALLEMO TRADING,5209009363,unknown,531210,TUCSON,AZ,official_business_licenses,,,,
standard,DAVE STEVENS REALTY/TAX,5208843432,unknown,531210,TUCSON,AZ,official_business_licenses,,,,
standard,SOL VALLEY REALTY & PROPERTY MANAGEMENT LLC,5208506848,unknown,531210,TUCSON,AZ,official_business_licenses,,,,
standard,BLACKMOOSE INVESTMENTS LLC,5205483632,unknown,531210,TUCSON,AZ,official_business_licenses,,,,
standard,DAYNA THACKER PLLC,5203126699,unknown,531210,TUCSON,AZ,official_business_licenses,,,,
standard,B&K PROPERTY GROUP,5203556006,unknown,531210,TUCSON,AZ,official_business_licenses,,,,
standard,BELLAGIO REAL ESTATE BROKERAGE,4806089284,unknown,531210,PHOENIX,AZ,official_business_licenses,,,,
standard,"SPIRIT MESSINGHAM, PLLC",5204716900,unknown,531210,TUCSON,AZ,official_business_licenses,,,,
standard,THE ADVANTAGE REAL ESTATE & IN,5202076646,unknown,531210,TUCSON,AZ,official_business_licenses,,,,
standard,LYNN KLINE REALTY INC,5209773443,unknown,531210,TUCSON,AZ,official_business_licenses,,,,
standard,BILLY MORRIS PLLC,5202566697,unknown,531210,VAIL,AZ,official_business_licenses,,,,
standard,JOSHUA C NILES PLLC,5209069371,unknown,531210,TUCSON,AZ,official_business_licenses,,,,
standard,DAVILA,5209045383,unknown,531210,TUCSON,AZ,official_business_licenses,,,,
standard,CAROL A SANDERS PLLC,5204493507,unknown,531210,TUCSON,AZ,official_business_licenses,,,,
standard,BEE HOMES,5204090295,unknown,531210,TUCSON,AZ,official_business_licenses,,,,
standard,Fountain of the Sun Association,(480) 380-4000,unknown,531310,Mesa,AZ,official_business_licenses,,,,
standard,AMC,801-615-1249,unknown,531310,Mesa,AZ,official_business_licenses,,,,
standard,LEWIS MANAGEMENT - FIELD SERVICES DIVISION,5207425674,unknown,531311,TUCSON,AZ,official_business_licenses,,,,
standard,DIADEM FOUR COMMUNITY MANAGEMENT,5203733203,unknown,531311,TUCSON,AZ,official_business_licenses,,,,
standard,GD WERNER PROPERTIES,5037799433,unknown,531311,TUCSON,AZ,official_business_licenses,,,,
standard,JCM WEST,6027234539,unknown,531311,TUCSON,AZ,official_business_licenses,,,,
standard,AEGIS LLC,5206645460,unknown,531311,TUCSON,AZ,official_business_licenses,,,,
standard,CASA BONITA RENTAL COMPANY LLC,5202926374,unknown,531311,TUCSON,AZ,official_business_licenses,,,,
standard,OLD PUEBLO PROPERTY RECOVERY,5207345024,unknown,531311,TUCSON,AZ,official_business_licenses,,,,
standard,BGO LAS BRISAS LP,5204576821,unknown,531311,PHOENIX,AZ,official_business_licenses,,,,
standard,BELLA PROPERTIES AND DESIGN,5203495540,unknown,531311,VAIL,AZ,official_business_licenses,,,,
standard,EVERNEST HOLDINGS LLC,5202995850,unknown,531311,TUCSON,AZ,official_business_licenses,,,,
standard,RESIDENTIAL SPECIALISTS,5208863219,unknown,531311,TUCSON,AZ,official_business_licenses,,,,
standard,NORTON RENTALS,5204048263,unknown,531311,TUCSON,AZ,official_business_licenses,,,,
standard,CASAGO,6028889099,unknown,531311,SCOTTSDALE,AZ,official_business_licenses,,,,
standard,BGO AVENTURA LP,5203418647,unknown,531311,PHOENIX,AZ,official_business_licenses,,,,
standard,BGO ALGERIA LP,5205233196,unknown,531311,PHOENIX,AZ,official_business_licenses,,,,
standard,BGO VISTA MONTANA LP,5203896317,unknown,531311,PHOENIX,AZ,official_business_licenses,,,,
standard,LONG REALTY-TUCSON PROPERTY MANAGEMENT,5209750031,unknown,531311,TUCSON,AZ,official_business_licenses,,,,
standard,GUD COMMUNITY MANAGEMENT,4806351133,unknown,531311,MESA,AZ,official_business_licenses,,,,
standard,HOA MANAGEMENT SOLUTIONS,5207607793,unknown,531311,TUCSON,AZ,official_business_licenses,,,,
standard,WELGO SPACE LLC,3073379757,unknown,531311,TUCSON,AZ,official_business_licenses,,,,
standard,ENCLAVE,5202536291,unknown,531311,PHOENIX,AZ,official_business_licenses,,,,
standard,FRAIJO ARCE JESUS FERNANDA,5207040219,unknown,531312,TUCSON,AZ,official_business_licenses,,,,
standard,PRESIDIO TUCSON,5207924000,unknown,531312,TUCSON,AZ,official_business_licenses,,,,
standard,CTS ESTATE SOLUTIONS INC,5203495641,unknown,531312,TUCSON,AZ,official_business_licenses,,,,
standard,WELLNESS COLLECTIVE,5207303952,unknown,531312,TUCSON,AZ,official_business_licenses,,,,
standard,RINCON REALTY & INVESTMENT COMPANY,5208294510,unknown,531312,TUCSON,AZ,official_business_licenses,,,,
standard,MONSOON LAND HOLDINGS LLC,5202896345,unknown,531312,TUCSON,AZ,official_business_licenses,,,,
standard,KVJEM,5203492246,unknown,531312,TUCSON,AZ,official_business_licenses,,,,
standard,BARRIO LEASING,5207983834,unknown,531312,TUCSON,AZ,official_business_licenses,,,,
standard,FAST LANE SHELL,6026193744,unknown,531312,CAVE CREEK,AZ,official_business_licenses,,,,
standard,FAST LANE SHELL,5206649901,unknown,531312,CAVE CREEK,AZ,official_business_licenses,,,,
standard,MROF I SPE I ROLLING HILLS LLC,4804105386,unknown,531312,PHOENIX,AZ,official_business_licenses,,,,
standard,BREEZEBLOCK,5204863806,unknown,531312,TUCSON,AZ,official_business_licenses,,,,
standard,GLOBAL ALLIANCE PROPERTIES I LLC,5206039932,unknown,531312,TUCSON,AZ,official_business_licenses,,,,
standard,METRO SOUTHWEST APPRAISAL,5208347280,unknown,531320,TUCSON,AZ,official_business_licenses,,,,
standard,M BERNSTEIN REAL ESTATE APPRAISER,5203253554,unknown,531320,TUCSON,AZ,official_business_licenses,,,,
standard,SINGLETON VALUATIONS LLC,5208815984,unknown,531320,TUCSON,AZ,official_business_licenses,,,,
standard,PAUL HENDRICKS REAL ESTATE APPRAISAL & C,5203256512,unknown,531320,TUCSON,AZ,official_business_licenses,,,,
standard,FRANK MORGAN APPRAISALS,5204812832,unknown,531320,TUCSON,AZ,official_business_licenses,,,,
standard,TUCSON APPRAISALS,5204950778,unknown,531320,TUCSON,AZ,official_business_licenses,,,,
standard,AMAZON APPRAISALS OF TUCSON LLC,5206288441,unknown,531320,TUCSON,AZ,official_business_licenses,,,,
standard,BROWN & RHODES APPRAISAL SERVICE INC,5202401266,unknown,531320,TUCSON,AZ,official_business_licenses,,,,
standard,APPRAZE.COM,5207981785,unknown,531320,TUCSON,AZ,official_business_licenses,,,,
standard,PRINCE APPRAISALS,5208618911,unknown,531320,TUCSON,AZ,official_business_licenses,,,,
standard,QUALITY VALUATION INC,5202092880,unknown,531320,TUCSON,AZ,official_business_licenses,,,,
standard,AM VALUATION SERVICES PLLC,5204419030,unknown,531320,TUCSON,AZ,official_business_licenses,,,,
standard,BLANSHAN APPRAISALS,5207957677,unknown,531320,TUCSON,AZ,official_business_licenses,,,,
standard,UDELL APPRAISING LLC,5208889192,unknown,531320,TUCSON,AZ,official_business_licenses,,,,
standard,BAKER PETERSON BAKER & ASSOCIATES INC,5208811700,unknown,531320,TUCSON,AZ,official_business_licenses,,,,
standard,REAL ESTATE APPRAISAL LITIGATION,5203220088,unknown,531320,TUCSON,AZ,official_business_licenses,,,,
standard,EVERY APPRAISAL SERVICE,5209544736,unknown,531320,TUCSON,AZ,official_business_licenses,,,,
standard,ALTIZER APPRAISALS,5206035452,unknown,531320,TUCSON,AZ,official_business_licenses,,,,
standard,KEELER & ASSOCIATES APPRAISERS,5202377140,unknown,531320,TUCSON,AZ,official_business_licenses,,,,
standard,JV JAMES & ASSOCIATES,5208863300,unknown,531320,TUCSON,AZ,official_business_licenses,,,,
standard,JCR PROPERTY SERVICES LLC,6025502957,unknown,531390,MESA,AZ,official_business_licenses,,,,
standard,ALTA FUNDING & INVESTMENTS,5202757175,unknown,531390,TUCSON,AZ,official_business_licenses,,,,
standard,MAJESTIC CUSTOM HOMES,5205482125,unknown,531390,TUCSON,AZ,official_business_licenses,,,,
standard,GATEWAY WEST REALTY,5209067363,unknown,531390,TUCSON,AZ,official_business_licenses,,,,
standard,GJ REAL ESTATE DEVELOPERS,5208859117,unknown,531390,TUCSON,AZ,official_business_licenses,,,,
standard,NEW CONCEPT PROPERTY MANAGEMENT AND REAL,5208227050,unknown,531390,TUCSON,AZ,official_business_licenses,,,,
standard,SWIFTFLIP INVESTMENTS,6621016934,unknown,531390,TUCSON,AZ,official_business_licenses,,,,
standard,DESERT BLUE SKY HOLDINGS,5207890753,unknown,531390,TUCSON,AZ,official_business_licenses,,,,
standard,TUCSON REALTY CONSULTING FIRM,5204492308,unknown,531390,VAIL,AZ,official_business_licenses,,,,
standard,20/20 REAL ESTATE REVIEWS,5207602020,unknown,531390,TUCSON,AZ,official_business_licenses,,,,
standard,REAL ESTATE SIGN POST COMPANY LLC,5208297678,unknown,531390,TUCSON,AZ,official_business_licenses,,,,
standard,AGAVE TITLE AGENCY,5209188853,unknown,531390,TUCSON,AZ,official_business_licenses,,,,
standard,CARDINAL REALTY,5205750601,unknown,531390,TUCSON,AZ,official_business_licenses,,,,
standard,Las Palmas Grand,480-357-5000,unknown,532000,Mesa,AZ,official_business_licenses,,,,
standard,FLOWING WELLS PROPERTIES LLC,6233448400,unknown,532000,PHOENIX,AZ,official_business_licenses,,,,
standard,Sunrise Village,480-985-0548,unknown,532000,Mesa,AZ,official_business_licenses,,,,
standard,SONORAN ROVERS LLC,5203109438,unknown,532111,TUCSON,AZ,official_business_licenses,,,,
standard,ENTERPRISE RENT A CAR #50BL,5205841997,unknown,532111,CHANDLER,AZ,official_business_licenses,,,,
standard,ENTERPRISE RENT A CAR #50JC,5208888108,unknown,532111,CHANDLER,AZ,official_business_licenses,,,,
standard,ENTERPRISE RENT A CAR #50DZ,5206284971,unknown,532111,CHANDLER,AZ,official_business_licenses,,,,
standard,MARYMAR PARTY SUPPLIES INC,5207461977,unknown,532111,TUCSON,AZ,official_business_licenses,,,,
standard,LEXUS OF TUCSON,5207453987,unknown,532111,TUCSON,AZ,official_business_licenses,,,,
standard,ROYAL SPEEDWAY,5206962942,unknown,532111,TUCSON,AZ,official_business_licenses,,,,
standard,ENTERPRISE RENT-A-CAR,5202987087,unknown,532111,CHANDLER,AZ,official_business_licenses,,,,
standard,ENTERPRISE RENT-A-CAR,5203210881,unknown,532111,CHANDLER,AZ,official_business_licenses,,,,
standard,ENTERPRISE RENT-A-CAR,5207479700,unknown,532111,CHANDLER,AZ,official_business_licenses,,,,
standard,ENTERPRISE RENT-A-CAR,5208070606,unknown,532111,CHANDLER,AZ,official_business_licenses,,,,
standard,ENTERPRISE AND ALAMO RENT A CAR,5202951964,unknown,532111,CHANDLER,AZ,official_business_licenses,,,,
standard,ENTERPRISE LEASING COMPANY,5207456191,unknown,532111,CHANDLER,AZ,official_business_licenses,,,,
standard,ENTERPRISE LEASING COMPANY,5209186284,unknown,532111,CHANDLER,AZ,official_business_licenses,,,,
standard,ENTERPRISE RENT A CAR #50BX,5202959051,unknown,532111,CHANDLER,AZ,official_business_licenses,,,,
standard,SOBRO5TRANSPORT,5203722063,unknown,532111,TUCSON,AZ,official_business_licenses,,,,
standard,ENTERPRISE RENT A CAR #50IF,5207921602,unknown,532111,CHANDLER,AZ,official_business_licenses,,,,
standard,ENTERPRISE RENT A CAR 50XV,5202955719,unknown,532111,CHANDLER,AZ,official_business_licenses,,,,
standard,SUNROOF RENT A CAR,5206246770,unknown,532111,TUCSON,AZ,official_business_licenses,,,,
standard,O'RIELLY CHEVROLET COMMERCIAL-SPECIALTY,5207478000,unknown,532111,TUCSON,AZ,official_business_licenses,,,,
standard,ARMORED TRANSPORT & VIP/EXECUTIVE PROTEC,5205776056,unknown,532111,TUCSON,AZ,official_business_licenses,,,,
standard,AAA AUTO RENTAL & SALES,5207471813,unknown,532111,TUCSON,AZ,official_business_licenses,,,,
standard,ENTERPRISE RENT-A-CAR #503W,5203257909,unknown,532112,CHANDLER,AZ,official_business_licenses,,,,
standard,U-HAUL CENTER RINCON,6027604961,unknown,532120,PHOENIX,AZ,official_business_licenses,,,,
standard,U-HAUL EAST SPEEDWAY BLVD,6022636571,unknown,532120,PHOENIX,AZ,official_business_licenses,,,,
standard,ARIZONA TRAILER RENTAL LLC,2602031315,unknown,532120,PHOENIX,AZ,official_business_licenses,,,,
standard,BORDERLANDS TRAILER SALES INC,5204298700,unknown,532120,TUCSON,AZ,official_business_licenses,,,,
standard,U-HAUL CENTER GRANT RD,6027604960,unknown,532120,PHOENIX,AZ,official_business_licenses,,,,
standard,MARQUEZ INVESTMENTS LLC,5206182515,unknown,532120,TUCSON,AZ,official_business_licenses,,,,
standard,R AND R RECREATIONAL RENTALS LLC,5204657958,unknown,532120,TUCSON,AZ,official_business_licenses,,,,
standard,GEORGE CHIN,5207953599,unknown,532120,TUCSON,AZ,official_business_licenses,,,,
standard,SWING AWAY EQUIPMENT LLC,5204406466,unknown,532200,TUCSON,AZ,official_business_licenses,,,,
standard,FLASHBULB MEMORIES LLC,5204450925,unknown,532210,PHOENIX,AZ,official_business_licenses,,,,
standard,CITYHILL MEDIA,9286079532,unknown,532210,TUCSON,AZ,official_business_licenses,,,,
standard,HELLO GORGEOUS PHOTO BOOTH RENTAL CO,5204812336,unknown,532210,TUCSON,AZ,official_business_licenses,,,,
standard,OG PARTY PRODUCTIONS,5205263029,unknown,532210,RED ROCK,AZ,official_business_licenses,,,,
standard,A&L WHEELS & REELS LLC,5209046587,unknown,532210,TUCSON,AZ,official_business_licenses,,,,
standard,FOUR ELEVEN LLC,5202693153,unknown,532210,TUCSON,AZ,official_business_licenses,,,,
standard,MIRROR ME MEMORIES,5204427786,unknown,532210,TUCSON,AZ,official_business_licenses,,,,
standard,PRESTIGE TUXEDO RENTAL,5202442140,unknown,532220,TUCSON,AZ,official_business_licenses,,,,
standard,ROYAL TUXEDOS,5203391607,unknown,532220,TUCSON,AZ,official_business_licenses,,,,
standard,TUXEDOS ON BROADWAY INC,5203259936,unknown,532220,TUCSON,AZ,official_business_licenses,,,,
standard,CASA VIDEO,5203266314,unknown,532230,TUCSON,AZ,official_business_licenses,,,,
standard,MO' BOUNCE AZ LLC,8155100864,unknown,532284,SAHUARITA,AZ,official_business_licenses,,,,
standard,JUMP WITH ME TUCSON,5203606180,unknown,532284,TUCSON,AZ,official_business_licenses,,,,
standard,LOS BRINCOLINES,5209108977,unknown,532284,TUCSON,AZ,official_business_licenses,,,,
standard,TUCSON STEEL HORSE LLC,5206614525,unknown,532284,TUCSON,AZ,official_business_licenses,,,,
standard,SAGUARO JUMPERS LLC,5209795365,unknown,532284,TUCSON,AZ,official_business_licenses,,,,
standard,SCITYKES,5092018180,unknown,532284,TUCSON,AZ,official_business_licenses,,,,
standard,ROYAL BOUNCE & SEAT RENTALS LLC,5209045799,unknown,532284,TUCSON,AZ,official_business_licenses,,,,
standard,RATHER BEE GLAMPING,5202228028,unknown,532284,TUCSON,AZ,official_business_licenses,,,,
standard,KEYLA JUMPING AND RENTAL,5209002895,unknown,532284,TUCSON,AZ,official_business_licenses,,,,
standard,MADAI'S RENTALS,5204254475,unknown,532284,TUCSON,AZ,official_business_licenses,,,,
standard,DESERT OASIS WATERCRAFTS LLC,4145746842,unknown,532284,ORO VALLEY,AZ,official_business_licenses,,,,
standard,TUCSON TOOL RENTALS,4803134236,unknown,532289,TUCSON,AZ,official_business_licenses,,,,
standard,JUNIOR SWEET & SOUR,5207889988,unknown,532289,TUCSON,AZ,official_business_licenses,,,,
standard,LEAPS OF FAITH SOFT PLAY,5205510673,unknown,532289,TUCSON,AZ,official_business_licenses,,,,
standard,CRAYCROFT CAPITAL LLC,5204955050,unknown,532289,PHOENIX,AZ,official_business_licenses,,,,
standard,CATIS JUMPING PALACE,5208489193,unknown,532289,TUCSON,AZ,official_business_licenses,,,,
standard,PERSEUS EVENT & PARTY DECOR,5208188317,unknown,532289,RIO RICO,AZ,official_business_licenses,,,,
standard,FUN TIME PARTY RENTALS,5202216331,unknown,532289,TUCSON,AZ,official_business_licenses,,,,
standard,THE NETWORK LOUNGE,5205284046,unknown,532289,TUCSON,AZ,official_business_licenses,,,,
standard,JUMPING TIME PARTY RENTAL,5203699247,unknown,532289,TUCSON,AZ,official_business_licenses,,,,
standard,MANTELERIAS CHARLENE,5204430518,unknown,532289,TUCSON,AZ,official_business_licenses,,,,
standard,G'S JUMP WORLD & PARTY SETUP,5203679378,unknown,532289,TUCSON,AZ,official_business_licenses,,,,
standard,AZ CUDDLE CO,5202761821,unknown,532289,TUCSON,AZ,official_business_licenses,,,,
standard,FRIAS RENTALS,5203360966,unknown,532289,TUCSON,AZ,official_business_licenses,,,,
standard,DESERT SWARM TUCSON,5203443429,unknown,532289,TUCSON,AZ,official_business_licenses,,,,
standard,BETITO'S RENTALS,5208412513,unknown,532289,NOGALES,AZ,official_business_licenses,,,,
standard,EL COMPADRE PARTY RENTALS,5203366149,unknown,532289,TUCSON,AZ,official_business_licenses,,,,
standard,CHAPIS BACKDROPS,5205004766,unknown,532289,TUCSON,AZ,official_business_licenses,,,,
standard,MM DULCERIA Y MAS LLC,5203727864,unknown,532289,TUCSON,AZ,official_business_licenses,,,,
standard,POP UP PARTY MARANA,5204711978,unknown,532289,TUCSON,AZ,official_business_licenses,,,,
standard,TSAI GRANT,5208866527,unknown,532289,TUCSON,AZ,official_business_licenses,,,,
standard,EL TORO LOCO LLC,4806164781,unknown,532289,TUCSON,AZ,official_business_licenses,,,,
standard,JUMP & SHOUT PARTY RENTALS,5205768339,unknown,532289,TUCSON,AZ,official_business_licenses,,,,
standard,JC & KIDS PARTY RENTALS,5202225470,unknown,532289,TUCSON,AZ,official_business_licenses,,,,
standard,ALICIA'S  ALTERATIONS,5203074730,unknown,532290,VAIL,AZ,official_business_licenses,,,,
standard,WATT A RIDE LLC,2245670799,unknown,532290,TUCSON,AZ,official_business_licenses,,,,
standard,KIDZ PARTY ZONE,5203698473,unknown,532290,TUCSON,AZ,official_business_licenses,,,,
standard,CASA BLANCA VENUE,5205613963,unknown,532290,TUCSON,AZ,official_business_licenses,,,,
standard,LOS DANIIS,5203512231,unknown,532290,TUCSON,AZ,official_business_licenses,,,,
standard,STATESERV LLC,5205149880,unknown,532291,MESA,AZ,official_business_licenses,,,,
standard,JUMPMAXX LLC,5204458029,unknown,532292,TUCSON,AZ,official_business_licenses,,,,
standard,STONE HEDGE TOWERS LLC,5203310867,unknown,532292,TUCSON,AZ,official_business_licenses,,,,
standard,MILIKI'S PARTY BOUNCERS,5203904679,unknown,532292,TUCSON,AZ,official_business_licenses,,,,
standard,LIMITLESS PARTIES LLC,5202231296,unknown,532292,TUCSON,AZ,official_business_licenses,,,,
standard,ABC JUMPING CASTLES LLC,5204745758,unknown,532292,TUCSON,AZ,official_business_licenses,,,,
standard,BIKES TUCSON,5209911986,unknown,532292,TUCSON,AZ,official_business_licenses,,,,
standard,FIESTA Y MAS PARTY RENTAL LLC,5208346266,unknown,532292,TUCSON,AZ,official_business_licenses,,,,
standard,J D RENTALS,5204616903,unknown,532292,TUCSON,AZ,official_business_licenses,,,,
standard,MONOS PARTY RENTALS LLC,5202783672,unknown,532292,TUCSON,AZ,official_business_licenses,,,,
standard,AJ'S JUMPING CASTLE,5209402242,unknown,532292,TUCSON,AZ,official_business_licenses,,,,
standard,A JUMP ABOVE,5209903479,unknown,532292,TUCSON,AZ,official_business_licenses,,,,
standard,TUCSON ADVENTURE RENTALS LLC,5202882151,unknown,532292,TUCSON,AZ,official_business_licenses,,,,
standard,AFFORDABLE RENT TO OWN,5208887200,unknown,532299,TUCSON,AZ,official_business_licenses,,,,
standard,GREATER HEIGHTS BOUNCERS,5204771527,unknown,532299,TUCSON,AZ,official_business_licenses,,,,
standard,CRYSTAL ROSAS,5209818079,unknown,532299,TUCSON,AZ,official_business_licenses,,,,
standard,AQUA CHILL OF MESA,4802253949,unknown,532299,APACHE JCT,AZ,official_business_licenses,,,,
standard,SIR BOUNCE ALOT,6024381313,unknown,532299,SCOTTSDALE,AZ,official_business_licenses,,,,
standard,A PARTY FOR ALL OCCASIONS,5208384524,unknown,532299,MARANA,AZ,official_business_licenses,,,,
standard,BOUNCING LITTLE BROTHERS,5206648961,unknown,532299,MARANA,AZ,official_business_licenses,,,,
standard,A LA CARTE RENTALS,5204444437,unknown,532299,TUCSON,AZ,official_business_licenses,,,,
standard,MASTER MIXX,5204250497,unknown,532299,TUCSON,AZ,official_business_licenses,,,,
standard,ARI'S RENTAL,5203395282,unknown,532299,TUCSON,AZ,official_business_licenses,,,,
standard,NEXT LEVEL EVENTS,5205910472,unknown,532299,TUCSON,AZ,official_business_licenses,,,,
standard,TIGER LILY TABLE,5202791838,unknown,532299,TUCSON,AZ,official_business_licenses,,,,
standard,MJJ LEMONADE STAND,5206614012,unknown,532299,TUCSON,AZ,official_business_licenses,,,,
standard,LOS PAISANOS PARTY RENTALS,5203041814,unknown,532299,TUCSON,AZ,official_business_licenses,,,,
standard,BRINCA BRINCA PARTY RENTALS,5207300419,unknown,532299,MARANA,AZ,official_business_licenses,,,,
standard,CELEBRITY PLACE LLC,5207889340,unknown,532299,TUCSON,AZ,official_business_licenses,,,,
standard,PLATINUM ENTERTAINMENT,5203100250,unknown,532299,TUCSON,AZ,official_business_licenses,,,,
standard,LP RENT A FENCE LLC,6239361996,unknown,532299,LAVEEN,AZ,official_business_licenses,,,,
standard,BLANCAS PARTY RENTAL,5203583448,unknown,532299,Tucson,AZ,official_business_licenses,,,,
standard,SUZUKYS PARTY RENTAL,5206644482,unknown,532299,SAHUARITA,AZ,official_business_licenses,,,,
standard,ARIZONA RESTAURANT SOURCE FINANCE LLC,6025402224,unknown,532299,SCOTTSDALE,AZ,official_business_licenses,,,,
standard,LA JUMP & BOUNCE RENTALS,5205898386,unknown,532299,TUCSON,AZ,official_business_licenses,,,,
standard,DIAMOND EVENTS,5205239434,unknown,532299,TUCSON,AZ,official_business_licenses,,,,
standard,WE GOTCHA COVERED,5205731426,unknown,532299,TUCSON,AZ,official_business_licenses,,,,
standard,THE EVENT GUY,5204405660,unknown,532299,TUCSON,AZ,official_business_licenses,,,,
standard,LITTLE MONKEYS,5208488206,unknown,532299,TUCSON,AZ,official_business_licenses,,,,
standard,LIL MONSTERS CASTLES & MORE LLC,5209405100,unknown,532299,TUCSON,AZ,official_business_licenses,,,,
standard,ELITE WEDDING DECOR,5203939033,unknown,532299,TUCSON,AZ,official_business_licenses,,,,
standard,AFFORDABLE RENT TO OWN,5207417200,unknown,532299,TUCSON,AZ,official_business_licenses,,,,
standard,REYE'S ENTERTAINMENT,5203129181,unknown,532299,TUCSON,AZ,official_business_licenses,,,,
standard,WUILOS DULCERIA,5204005583,unknown,532299,TUCSON,AZ,official_business_licenses,,,,
standard,YAY ENTERTAINMENT LLC,5204886086,unknown,532299,TUCSON,AZ,official_business_licenses,,,,
standard,EL CHIKIS,5204813195,unknown,532299,TUCSON,AZ,official_business_licenses,,,,
standard,CORDOVA TENT & EVENT LLC,5209554571,unknown,532299,TUCSON,AZ,official_business_licenses,,,,
standard,FESTIVITY DECOR PARTY RENTALS,5205788761,unknown,532299,TUCSON,AZ,official_business_licenses,,,,
standard,LA PASADITA HOT DOG & TACOS STAND,5203586391,unknown,532299,TUCSON,AZ,official_business_licenses,,,,
standard,EMANUEL JUMPING CASTLE,5204097237,unknown,532310,TUCSON,AZ,official_business_licenses,,,,
standard,PAVEX CORPORATION,5207479000,unknown,532412,TUCSON,AZ,official_business_licenses,,,,
standard,MAXIM CRANE WORKS,4125040185,unknown,532412,PHOENIX,AZ,official_business_licenses,,,,
standard,GMS ROLL-OFFS,5202964270,unknown,532412,TUCSON,AZ,official_business_licenses,,,,
standard,R J CONCRETE PUMPING RENTALS LLC,5205896640,unknown,532412,TUCSON,AZ,official_business_licenses,,,,
standard,PERFORMANCE SYSTEMS,5206290295,unknown,532412,TUCSON,AZ,official_business_licenses,,,,
standard,PREFERRED CONCRETE PUMPING INCORPORATED,5208883345,unknown,532412,TUCSON,AZ,official_business_licenses,,,,
standard,EVERGREEN TANK SOLUTIONS INC,4808946311,unknown,532412,PHOENIX,AZ,official_business_licenses,,,,
standard,SUNSTATE EQUIPMENT CO,6026830271,unknown,532412,PHOENIX,AZ,official_business_licenses,,,,
standard,SUNSTATE EQUIPMENT CO,5206236121,unknown,532412,PHOENIX,AZ,official_business_licenses,,,,
standard,UNITED RENTALS (NORTH AMERICA) INC,5204080999,unknown,532412,TUCSON,AZ,official_business_licenses,,,,
standard,HAREC ENTERPRISES LLC,5207437269,unknown,532412,TUCSON,AZ,official_business_licenses,,,,
standard,LP RENT A FENCE LLC,5204243220,unknown,532412,STANFIELD,AZ,official_business_licenses,,,,
standard,ABEL EQUIPMENT RENTALS LLC,5209409912,unknown,532412,TUCSON,AZ,official_business_licenses,,,,
standard,BORDER TRAFFIC SAFETY LLC,5206642244,unknown,532412,TUCSON,AZ,official_business_licenses,,,,
standard,AFFORDABLE PUMPING & REPAIR CO,5208865900,unknown,532412,TUCSON,AZ,official_business_licenses,,,,
standard,SIMUTEK,5203219077,unknown,532420,TUCSON,AZ,official_business_licenses,,,,
standard,FAMILY LEASE,5207311591,unknown,532420,TUCSON,AZ,official_business_licenses,,,,
standard,CORPORATE FINANCIAL SERVICES LLC,5035586254,unknown,532420,TUCSON,AZ,official_business_licenses,,,,
standard,CRAWFORD COMPUTER CONSULTING,5202981953,unknown,532420,TUCSON,AZ,official_business_licenses,,,,
standard,BUNGOBOX ARIZONA,5206095061,unknown,532420,TUCSON,AZ,official_business_licenses,,,,
standard,WHOLE HEARTED PRODUCTIONS,+18559477628,,532420,TUCSON,AZ,adapter:official_business_licenses,,,,
standard,Arizona Pure Water LLC,480.687.1030,unknown,532420:7359,Mesa,AZ,official_business_licenses,,,,
standard,VALERE MEDICAL SOUTHWEST,7733607475,unknown,532490,PHOENIX,AZ,official_business_licenses,,,,
standard,ARIZONA OFFICE TECHNOLOGIES,6023463000,unknown,532490,PHOENIX,AZ,official_business_licenses,,,,
standard,TRENCH-ADE LLC,6026054150,unknown,532490,PHOENIX,AZ,official_business_licenses,,,,
standard,LAKESHORE ATHLETIC SERVICES INC,8476734100,unknown,532490,PHOENIX,AZ,official_business_licenses,,,,
standard,BANK OF AMERICA # 9889,5202955115,unknown,532490,TUCSON,AZ,official_business_licenses,,,,
standard,CASINO PARTY EVENTS,5209900038,unknown,532490,TUCSON,AZ,official_business_licenses,,,,
standard,PAT'S CAKE & PARTY SUPPLIES,5202569438,unknown,532490,TUCSON,AZ,official_business_licenses,,,,
standard,ARIZONA HEALTH,5207905377,unknown,532490,TUCSON,AZ,official_business_licenses,,,,
standard,GOLDEN PARACHUTE PROPERTIES LLC,5203106014,unknown,532490,TUCSON,AZ,official_business_licenses,,,,
standard,BANK OF AMERICA # 9688,5203222900,unknown,532490,TUCSON,AZ,official_business_licenses,,,,
standard,GROUNDPROBE NORTH AMERICA,5203938287,unknown,532490,TUCSON,AZ,official_business_licenses,,,,
standard,FUN FARM CHOO CHOO / TRENECITOS FELIZ,5206031855,unknown,532490,TUCSON,AZ,official_business_licenses,,,,
standard,AV ASSOCIATES,5202994770,unknown,532490,TUCSON,AZ,official_business_licenses,,,,
standard,CATALINA SCIENTIFIC INSTRUMENTS,5205718000,unknown,532490,TUCSON,AZ,official_business_licenses,,,,
standard,LULU POKINGHORN - THE PLANT LADY,5208820066,unknown,532490,TUCSON,AZ,official_business_licenses,,,,
standard,COMPOSITE MIRROR APPLICATIONS INCORPORATED,5207339302,unknown,532490,TUCSON,AZ,official_business_licenses,,,,
standard,CENTRAL ALARM INCORPORATED,5208828142,unknown,532490,TUCSON,AZ,official_business_licenses,,,,
standard,SHORT EQUIPMENT INC,4809995455,unknown,532490,PHOENIX,AZ,official_business_licenses,,,,
standard,NAUMANN HOBBS MATERIAL HANDLING CORP II,5206235865,unknown,532490,PHOENIX,AZ,official_business_licenses,,,,
standard,ARIZONA CRANE & RIGGING,5207602411,unknown,532490,TUCSON,AZ,official_business_licenses,,,,
standard,SMART CARD SERVICES LLC,5207430600,unknown,532490,TUCSON,AZ,official_business_licenses,,,,
standard,WESTERN ALLIANCE LEASING,6029525427,unknown,532490,PHOENIX,AZ,official_business_licenses,,,,
standard,ARIZONA PRO SOUND (APS) INCORPORATED,5208848550,unknown,532490,TUCSON,AZ,official_business_licenses,,,,
standard,OUR PARTIES ARE JUMPIN,5202356371,unknown,532490,TUCSON,AZ,official_business_licenses,,,,
standard,PORTABLE AC RENTAL,5204493957,unknown,532490,TUCSON,AZ,official_business_licenses,,,,
standard,WATER STREET STATION INCORPORATED,5207218302,unknown,532490,TUCSON,AZ,official_business_licenses,,,,
standard,YELLOW CAB,5206237308,unknown,532490,TEMPE,AZ,official_business_licenses,,,,
standard,WESTERN AMERICAN LEASING,5202991007,unknown,532490,TUCSON,AZ,official_business_licenses,,,,
standard,WATER STREET STATION INCORPORATED,5203264120,unknown,532490,TUCSON,AZ,official_business_licenses,,,,
standard,DESIGN MODULARS INCORPORATED,5207477870,unknown,532490,TUCSON,AZ,official_business_licenses,,,,
standard,THE PEPSI BOTTLING GROUP,5204343164,unknown,532490,TUCSON,AZ,official_business_licenses,,,,
standard,SIGNSTODAY & MIR'S SONORAN STUDIO,5202407040,unknown,532490,TUCSON,AZ,official_business_licenses,,,,
standard,BANK OF AMERICA #3331437,5205747543,unknown,532490,TUCSON,AZ,official_business_licenses,,,,
standard,DESERT BARRICADES,5202192775,unknown,532490,TUCSON,AZ,official_business_licenses,,,,
standard,DATA SERVICE INCORPORATED,5206187666,unknown,532490,TUCSON,AZ,official_business_licenses,,,,
standard,MGM EQUIPMENT LEASING LLC,5209915420,unknown,532490,GREEN VALLEY,AZ,official_business_licenses,,,,
standard,PAK MAIL US452,5203277725,unknown,532490,TUCSON,AZ,official_business_licenses,,,,
standard,OLD PUEBLO THEATRICAL SOLUTIONS INC,5206294397,unknown,532490,TUCSON,AZ,official_business_licenses,,,,
standard,BANK OF AMERICA NA #9655,5207847701,unknown,532490,TUCSON,AZ,official_business_licenses,,,,
standard,DE COLORES PARTY RENTALS,5204817973,unknown,532490,TUCSON,AZ,official_business_licenses,,,,
standard,WILD HORSE STAGING & REDESIGN,5202505006,unknown,532490,TUCSON,AZ,official_business_licenses,,,,
standard,AZ BARRICADES LLC,5203310949,unknown,532490,TUCSON,AZ,official_business_licenses,,,,
standard,QCAV,5203184018,unknown,532490,TUCSON,AZ,official_business_licenses,,,,
standard,AQUA CHILL OF SCOTTSDALE INC,4808299255,unknown,532490,TEMPE,AZ,official_business_licenses,,,,
standard,DESERT ORNAMENTAL ARTISTRY,5202929800,unknown,532490,Tucson,AZ,official_business_licenses,,,,
standard,AMERICAN FENCE COMAPNY OF ARIZONA INC,6023527613,unknown,532490,PHOENIX,AZ,official_business_licenses,,,,
standard,THE DIVE SHOP,5203262424,unknown,532490,TUCSON,AZ,official_business_licenses,,,,
standard,ACE HARDWARE,5204349000,unknown,532490,TUCSON,AZ,official_business_licenses,,,,
standard,COIN & PROFESSIONAL EQUIPMENT COMPANY INCORPORATED,5207907377,unknown,532490,TUCSON,AZ,official_business_licenses,,,,
standard,ACE HARDWARE STORES,5207924338,unknown,532490,TUCSON,AZ,official_business_licenses,,,,
standard,VIVA LA CASA,5202410425,unknown,532490,TUCSON,AZ,official_business_licenses,,,,
standard,ALLIANCE BANK OF ARIZONA,5203227700,unknown,532490,PHOENIX,AZ,official_business_licenses,,,,
standard,DESERT AUDIO LABORATORIES,5207470192,unknown,532490,TUCSON,AZ,official_business_licenses,,,,
standard,MININGROCK EXCAVATION & CONSTRUCTION LLC,5208340400,unknown,532490,TUCSON,AZ,official_business_licenses,,,,
standard,RUBY BEGONIA INTERIOR PLANTS INC,5208826500,unknown,532490,TUCSON,AZ,official_business_licenses,,,,
standard,CAPITAL PUMP AND EQUIPMENT,4807953378,unknown,532490,CHANDLER,AZ,official_business_licenses,,,,
standard,RENTA Y SERVICIO LIMS,5206233988,unknown,532490,TUCSON,AZ,official_business_licenses,,,,
standard,ARIZONA CARNIVAL BALLOON & HELIUM,5208875962,unknown,532490,TUCSON,AZ,official_business_licenses,,,,
standard,APACHE BUSINESS MACHINE INCORPORATED,5205195000,unknown,532490,TUCSON,AZ,official_business_licenses,,,,
standard,MONSTER SIGNS LLC,5207906400,unknown,532490,TUCSON,AZ,official_business_licenses,,,,
standard,AUGUST WEST PRODUCTIONS INCORPORATED,5205710000,unknown,532490,TUCSON,AZ,official_business_licenses,,,,
standard,EDI LASERS,5208859646,unknown,532490,TUCSON,AZ,official_business_licenses,,,,
standard,CYRACOM INTERNATIONAL INC,5207459447,unknown,532490,TUCSON,AZ,official_business_licenses,,,,
standard,QUEVARA FOOD TRUCK SALES AND RENTAL,5203366526,unknown,532490,TUCSON,AZ,official_business_licenses,,,,
standard,PARTY EXPRESS RENTAL EQUIPMENT INCORPORATED,5203229405,unknown,532490,TUCSON,AZ,official_business_licenses,,,,
standard,PIONEER EQUIPMENT,6024374312,unknown,532490,PHOENIX,AZ,official_business_licenses,,,,
standard,AAA AARDVARK AMUSEMENT,5208812620,unknown,532490,TUCSON,AZ,official_business_licenses,,,,
standard,SOUNDCHECK DVR LLC,5204455901,unknown,532490,TUCSON,AZ,official_business_licenses,,,,
standard,PRINCE SMOKE SHOP,5204616548,unknown,533991,TUCSON,AZ,official_business_licenses,,,,
standard,"C.S. Heaton Appraisals, Inc.",4803940948,unknown,54,Mesa,AZ,official_business_licenses,,,,
standard,Bits n Bytes Computers,4803805340,unknown,54,Mesa,AZ,official_business_licenses,,,,
standard,Blue Door Hair Studio,480-560-5539,unknown,54,Mesa,AZ,official_business_licenses,,,,
standard,LAW OFFICE OF LUKE BROWN PLLC,5203261166,unknown,5411,TUCSON,AZ,official_business_licenses,,,,
standard,Arizona Family Law Solutions,602-357-0910,unknown,54110,Mesa,AZ,official_business_licenses,,,,
standard,Valley Injury Team,602-529-4444,unknown,541100,Mesa,AZ,official_business_licenses,,,,
standard,LAW OFFICE OF CARLOS A MEDINA,5202936899,unknown,541110,TUCSON,AZ,official_business_licenses,,,,
standard,"LAW OFFICE OF ROBERT P. ERBE, PLLC",5203090763,unknown,541110,TUCSON,AZ,official_business_licenses,,,,
standard,LAW OFFICES OF GARY A WOLF PC,5206225686,unknown,541110,TUCSON,AZ,official_business_licenses,,,,
standard,LAW OFFICES OF MELISSA ERRICO PLLC,5203210400,unknown,541110,TUCSON,AZ,official_business_licenses,,,,
standard,CARL A PICCARRETA PC,5206038565,unknown,541110,TUCSON,AZ,official_business_licenses,,,,
standard,VINCENT LACSAMANA PC,5206206222,unknown,541110,TUCSON,AZ,official_business_licenses,,,,
standard,KARP & WEISS PC,5203254200,unknown,541110,TUCSON,AZ,official_business_licenses,,,,
standard,LAW OFFICE OF ERIC POST PLLC,5202079601,unknown,541110,TUCSON,AZ,official_business_licenses,,,,
standard,WEEKS LAW FIRM,5203181209,unknown,541110,TUCSON,AZ,official_business_licenses,,,,
standard,HINDERAKER RAUH & WEISMAN PLC,5208816607,unknown,541110,TUCSON,AZ,official_business_licenses,,,,
standard,WATTEL AND YORK LLC,5203520183,unknown,541110,MESA,AZ,official_business_licenses,,,,
standard,DORALINA LAW,5203443529,unknown,541110,TUCSON,AZ,official_business_licenses,,,,
standard,GOLDSCHMIDT SHUPE PLLC,5206225145,unknown,541110,TUCSON,AZ,official_business_licenses,,,,
standard,FLORES & HAYWOOD PLLC,5208845105,unknown,541110,TUCSON,AZ,official_business_licenses,,,,
standard,ABOGADO RAYMUNDO PANZAREL,5208823770,unknown,541110,TUCSON,AZ,official_business_licenses,,,,
standard,AUDILETT LAW PC,5207482440,unknown,541110,TUCSON,AZ,official_business_licenses,,,,
standard,MILITARY TRIAL DEFENDERS PLLC,5204483723,unknown,541110,TUCSON,AZ,official_business_licenses,,,,
standard,HECKER & ASSOCIATES PLLC,5207983803,unknown,541110,TUCSON,AZ,official_business_licenses,,,,
standard,THE HAMEROFF LAW FIRM PC,5207924700,unknown,541110,TUCSON,AZ,official_business_licenses,,,,
standard,THE LEADER LAW FIRM PC,5205759040,unknown,541110,TUCSON,AZ,official_business_licenses,,,,
standard,THE RODRIGUEZ HESTEKIN LAW FIRM PLLC,5203250700,unknown,541110,TUCSON,AZ,official_business_licenses,,,,
standard,RACHEL WILSON PLLC,5207624825,unknown,541110,TUCSON,AZ,official_business_licenses,,,,
standard,SHERICK LAW OFFICE,5203183939,unknown,541110,TUCSON,AZ,official_business_licenses,,,,
standard,SOUTH & WRIGHT PLLC,5203676047,unknown,541110,TUCSON,AZ,official_business_licenses,,,,
standard,LAW OFFICES OF CHARLES R HAMM PLLC,5207952363,unknown,541110,TUCSON,AZ,official_business_licenses,,,,
standard,U2RWORTHIT1,5207306705,unknown,541110,TUCSON,AZ,official_business_licenses,,,,
standard,BURSEY & ASSOCIATES PC,5205293600,unknown,541110,TUCSON,AZ,official_business_licenses,,,,
standard,MYERSSTRICKLAND PLLC,5203276041,unknown,541110,TUCSON,AZ,official_business_licenses,,,,
standard,MOORE MASUNAS & MOORE,5203180001,unknown,541110,TUCSON,AZ,official_business_licenses,,,,
standard,LAW OFFICE OF SCOTT A EWING PLC,5206685264,unknown,541110,TUCSON,AZ,official_business_licenses,,,,
standard,THE LAW OFFICE OF NED GARN PLLC,5206244075,unknown,541110,TUCSON,AZ,official_business_licenses,,,,
standard,HAYES SOLOWAY PC,5208827623,unknown,541110,TUCSON,AZ,official_business_licenses,,,,
standard,NEFF LAW,5204909812,unknown,541110,TUCSON,AZ,official_business_licenses,,,,
standard,LAW OFFICE OF DAVID A AGUILAR,5206288963,unknown,541110,TUCSON,AZ,official_business_licenses,,,,
standard,LAW OFFICE OF JULIANA L ORE-GIRON PLLC,5202884688,unknown,541110,TUCSON,AZ,official_business_licenses,,,,
standard,KRUCHEK LAW PLLC,5207454405,unknown,541110,TUCSON,AZ,official_business_licenses,,,,
standard,SLUTES SAKRISON & ROGERS PC,5206246691,unknown,541110,TUCSON,AZ,official_business_licenses,,,,
standard,MICHAEL B HALLADAY PC,5206221744,unknown,541110,TUCSON,AZ,official_business_licenses,,,,
standard,RONALD RYAN PC,5203299835,unknown,541110,TUCSON,AZ,official_business_licenses,,,,
standard,PRICE AND PRICE,5207956630,unknown,541110,TUCSON,AZ,official_business_licenses,,,,
standard,FLETCHER STRUSE FICKBOHM & WAGNER PLC,5205755555,unknown,541110,TUCSON,AZ,official_business_licenses,,,,
standard,FENNEMORE CRAIG PC,5208796800,unknown,541110,TUCSON,AZ,official_business_licenses,,,,
standard,FARHANG & MEDCOFF PLLC,5202142000,unknown,541110,TUCSON,AZ,official_business_licenses,,,,
standard,MICHAEL J BLOOM,5208829904,unknown,541110,TUCSON,AZ,official_business_licenses,,,,
standard,MILLER PITT & MCANALLY PC,5207923836,unknown,541110,TUCSON,AZ,official_business_licenses,,,,
standard,THE LARA LAW FIRM PLLC,5205770707,unknown,541110,TUCSON,AZ,official_business_licenses,,,,
standard,LAW OFFICE OF GREGORY SOLARES,5203607571,unknown,541110,TUCSON,AZ,official_business_licenses,,,,
standard,MOELLER LAW OFFICE PC,5207958852,unknown,541110,TUCSON,AZ,official_business_licenses,,,,
standard,JOHN A GRAVINA,5207954330,unknown,541110,TUCSON,AZ,official_business_licenses,,,,
standard,KAREN E KARL PLLX,5208812121,unknown,541110,TUCSON,AZ,official_business_licenses,,,,
standard,LAW OFFICE OF JIM E CALLE PC,5202750199,unknown,541110,TUCSON,AZ,official_business_licenses,,,,
standard,PHELPS LACLAIR PLC,4808922488,unknown,541110,MESA,AZ,official_business_licenses,,,,
standard,PHELPS LACLAIR PLC,5202824460,unknown,541110,MESA,AZ,official_business_licenses,,,,
standard,AZ INJURY ATTORNEYS,5207771828,unknown,541110,TUCSON,AZ,official_business_licenses,,,,
standard,LAW OFFICE OF ALEC HANUS,5206241403,unknown,541110,TUCSON,AZ,official_business_licenses,,,,
standard,LAW OFFICE OF JEREMY ZARZYCKI,5202706099,unknown,541110,TUCSON,AZ,official_business_licenses,,,,
standard,LAW OFFICES OF MALCOLM K RYDER LC,5203314630,unknown,541110,TUCSON,AZ,official_business_licenses,,,,
standard,HILLMAN LAW LTD,5207422500,unknown,541110,TUCSON,AZ,official_business_licenses,,,,
standard,MACBAN LAW OFFICES,5206246446,unknown,541110,TUCSON,AZ,official_business_licenses,,,,
standard,TODD HALE LAW PLLC,5202561012,unknown,541110,TUCSON,AZ,official_business_licenses,,,,
standard,WEST-WATT LAW PLC,5207957300,unknown,541110,TUCSON,AZ,official_business_licenses,,,,
standard,WILLIE JORDAN-CURTIS,5209079855,unknown,541110,TUCSON,AZ,official_business_licenses,,,,
standard,WOLF & SULTAN PC,5208829633,unknown,541110,TUCSON,AZ,official_business_licenses,,,,
standard,WIEDLE LAW PLLC,5205352325,unknown,541110,TUCSON,AZ,official_business_licenses,,,,
standard,BENAVIDEZ LAW GROUP PC,5206231461,unknown,541110,TUCSON,AZ,official_business_licenses,,,,
standard,GREEN EVANS SCHROEDER PLLC,5208828852,unknown,541110,TUCSON,AZ,official_business_licenses,,,,
standard,JACOB M BERNSTEIN LAW,5202045942,unknown,541110,TUCSON,AZ,official_business_licenses,,,,
standard,LAW OFFICE OF NOLAN Q REIDHEAD,5207979215,unknown,541110,TUCSON,AZ,official_business_licenses,,,,
standard,GUGINO & MORTIMER PLLC,5205777171,unknown,541110,TUCSON,AZ,official_business_licenses,,,,
standard,BUSBY BELL & BIGGS PC,5202930344,unknown,541110,TUCSON,AZ,official_business_licenses,,,,
standard,RUSING LOPEZ LIZARDI & SAFFER PLLC,5207924800,unknown,541110,TUCSON,AZ,official_business_licenses,,,,
standard,PRISCILLA FRISBY ATTORNEY AT LAW PLLC,5206281234,unknown,541110,TUCSON,AZ,official_business_licenses,,,,
standard,RICHARD B BACAL LAW OFFICE,5207401213,unknown,541110,TUCSON,AZ,official_business_licenses,,,,
standard,"LAW OFFICES OF JENNIFER HUANG, PC",5206206810,unknown,541110,TUCSON,AZ,official_business_licenses,,,,
standard,CIRILLO LAW FIRM PC,5205480294,unknown,541110,TUCSON,AZ,official_business_licenses,,,,
standard,"CURL, GLASSON & PATRASCIOIU PLC",5208847777,unknown,541110,TUCSON,AZ,official_business_licenses,,,,
standard,LAW OFFICE OF DAVID LIPARTITO,5206221944,unknown,541110,TUCSON,AZ,official_business_licenses,,,,
standard,LAW OFFICE OF LENORE TSAKANIKA,5208841345,unknown,541110,TUCSON,AZ,official_business_licenses,,,,
standard,WILLIAM V CROSWELL,5206223355,unknown,541110,TUCSON,AZ,official_business_licenses,,,,
standard,MENDELSOHN OSERAN & SPENCER PLC,5203257500,unknown,541110,TUCSON,AZ,official_business_licenses,,,,
standard,THE LAW OFFICE OF JAMES M. WADLEIGH,5203253082,unknown,541110,TUCSON,AZ,official_business_licenses,,,,
standard,THE REYNA LAW FIRM,5207847200,unknown,541110,TUCSON,AZ,official_business_licenses,,,,
standard,ALAN R SOLOT,5202991465,unknown,541110,TUCSON,AZ,official_business_licenses,,,,
standard,KENNETH K GRAHAM,5206227494,unknown,541110,TUCSON,AZ,official_business_licenses,,,,
standard,DAVID J POLAN,5207418330,unknown,541110,TUCSON,AZ,official_business_licenses,,,,
standard,RICHARD C BOCK,5207924940,unknown,541110,TUCSON,AZ,official_business_licenses,,,,
standard,"ROBERT L BARRASSO, ATTORNEY AT LAW",5206247550,unknown,541110,TUCSON,AZ,official_business_licenses,,,,
standard,JEFFREY S KATZ LAW OFFICE,5207459200,unknown,541110,TUCSON,AZ,official_business_licenses,,,,
standard,GALLEGO LAW FIRM PC,5208828300,unknown,541110,TUCSON,AZ,official_business_licenses,,,,
standard,BURRIS & MACOMBER PLLC,5207752000,unknown,541110,TUCSON,AZ,official_business_licenses,,,,
standard,GREGORY J ANDERSON,5203491676,unknown,541110,TUCSON,AZ,official_business_licenses,,,,
standard,DIX & FORMAN PC,5207480800,unknown,541110,TUCSON,AZ,official_business_licenses,,,,
standard,STUBBS & SCHUBART PC,5206235466,unknown,541110,TUCSON,AZ,official_business_licenses,,,,
standard,THOMAS A ZLAKET,5207500250,unknown,541110,TUCSON,AZ,official_business_licenses,,,,
standard,LEE & TRAVERS PLC,5203225575,unknown,541110,TUCSON,AZ,official_business_licenses,,,,
standard,ARROTTA LAW FIRM,5208810000,unknown,541110,TUCSON,AZ,official_business_licenses,,,,
standard,MANCH LAW FIRM PLLC,5207776102,unknown,541110,TUCSON,AZ,official_business_licenses,,,,
standard,MARCHETTI LAW PLLC,5203342067,unknown,541110,TUCSON,AZ,official_business_licenses,,,,
standard,CHARLES P STIRTON,5202963985,unknown,541110,TUCSON,AZ,official_business_licenses,,,,
standard,PAUL D BATES ESQ,5208827300,unknown,541110,TUCSON,AZ,official_business_licenses,,,,
standard,THE LAW OFFICE OF RUBIN SALTER JR,5206235706,unknown,541110,TUCSON,AZ,official_business_licenses,,,,
standard,"THE MUNOZ LAW FIRM, PC",5206233868,unknown,541110,TUCSON,AZ,official_business_licenses,,,,
standard,THE MCDONALD LAW FIRM PC,5208845201,unknown,541110,TUCSON,AZ,official_business_licenses,,,,
standard,REDMON LAW GROUP PLC,5205262970,unknown,541110,TUCSON,AZ,official_business_licenses,,,,
standard,HOWARD A CHOROST PC,5207920011,unknown,541110,TUCSON,AZ,official_business_licenses,,,,
standard,LAW OFFICE OF KEITH A SINGER,5207951800,unknown,541110,TUCSON,AZ,official_business_licenses,,,,
standard,THE LAW OFFICES OF CR HYDE PLC,5202701110,unknown,541110,TUCSON,AZ,official_business_licenses,,,,
standard,LAW OFFICE OF PATRICK MAUSE PLLC,5203420000,unknown,541110,TUCSON,AZ,official_business_licenses,,,,
standard,MULEMBO LAW,5206402222,unknown,541110,TUCSON,AZ,official_business_licenses,,,,
standard,NATALIE N PRINCE LAW OFFICE,5206249866,unknown,541110,TUCSON,AZ,official_business_licenses,,,,
standard,HAROLD C HIGGINS PC,5204711097,unknown,541110,TUCSON,AZ,official_business_licenses,,,,
standard,JACK L LANSDALE JR,5208847514,unknown,541110,TUCSON,AZ,official_business_licenses,,,,
standard,JENSEN PHELAN LAW FIRM PC,5203447484,unknown,541110,TUCSON,AZ,official_business_licenses,,,,
standard,JOHN D KAUFMANN,5206232016,unknown,541110,TUCSON,AZ,official_business_licenses,,,,
standard,RICARDO BOURS ATTORNEY,5205140766,unknown,541110,TUCSON,AZ,official_business_licenses,,,,
standard,ERIKA L COSSITT VOLPIANO PC,5203056545,unknown,541110,TUCSON,AZ,official_business_licenses,,,,
standard,DANIEL C GLORIA,5208702691,unknown,541110,TUCSON,AZ,official_business_licenses,,,,
standard,MCNORTON FOX PLLC,5203273122,unknown,541110,TUCSON,AZ,official_business_licenses,,,,
standard,THOMPSON LAW GROUP PC,5208825633,unknown,541110,TUCSON,AZ,official_business_licenses,,,,
standard,STRICKLAND & STRICKLAND PC,5207958727,unknown,541110,TUCSON,AZ,official_business_licenses,,,,
standard,RUSSO RUSSO & SLANIA PC,5205291515,unknown,541110,TUCSON,AZ,official_business_licenses,,,,
standard,UDALL LAW FIRM LLP,5206234353,unknown,541110,TUCSON,AZ,official_business_licenses,,,,
standard,LEIGHTON H ROCKAFELLOW,5207501800,unknown,541110,TUCSON,AZ,official_business_licenses,,,,
standard,EMILY DANIES,5204933000,unknown,541110,TUCSON,AZ,official_business_licenses,,,,
standard,DECONCINI MCDONALD YETWIN & LACY PC,5203225000,unknown,541110,TUCSON,AZ,official_business_licenses,,,,
standard,CENTUORI & ALCOVERDE PC,5207954333,unknown,541110,TUCSON,AZ,official_business_licenses,,,,
standard,GOERING ROBERTS RUBIN BROGNA ENOS & TREA,5205779300,unknown,541110,TUCSON,AZ,official_business_licenses,,,,
standard,GRABB & DURANDO PC,5202222222,unknown,541110,TUCSON,AZ,official_business_licenses,,,,
standard,TS HARTZELL LAW OFFICE,5207928181,unknown,541110,TUCSON,AZ,official_business_licenses,,,,
standard,FELDMAN DISABILITY LAW,5208813989,unknown,541110,TUCSON,AZ,official_business_licenses,,,,
standard,SIMPSON LAW OFFICE PLLC,5208867159,unknown,541110,TUCSON,AZ,official_business_licenses,,,,
standard,NEWMAN & AHLERS PLLC,5203252053,unknown,541110,TUCSON,AZ,official_business_licenses,,,,
standard,NGUYEN & TARBET,5207311364,unknown,541110,TUCSON,AZ,official_business_licenses,,,,
standard,KETTI MCCORMICK PLLC,5202975031,unknown,541110,TUCSON,AZ,official_business_licenses,,,,
standard,KINERK & ASSOCIATES,5203333393,unknown,541110,TUCSON,AZ,official_business_licenses,,,,
standard,LAW OFFICE OF S JONATHAN YOUNG P.C.,5205918688,unknown,541110,TUCSON,AZ,official_business_licenses,,,,
standard,LIPPMAN RECUPERO,5207624036,unknown,541110,TUCSON,AZ,official_business_licenses,,,,
standard,PETER B KELLER,5203261983,unknown,541110,TUCSON,AZ,official_business_licenses,,,,
standard,CHDB LAW,4804272800,unknown,541110,TEMPE,AZ,official_business_licenses,,,,
standard,MEINERS LAW OFFICE PLLC,5207772198,unknown,541110,TUCSON,AZ,official_business_licenses,,,,
standard,HOWARD BALDWIN,5206248527,unknown,541110,TUCSON,AZ,official_business_licenses,,,,
standard,LAW OFFICE OF J MARC MONTIJO LTD,5208816557,unknown,541110,TUCSON,AZ,official_business_licenses,,,,
standard,KHALIDI LAW FIRM PLLC,5206299909,unknown,541110,TUCSON,AZ,official_business_licenses,,,,
standard,LAW OFFICE OF REAGEN A KULSETH,5208884200,unknown,541110,TUCSON,AZ,official_business_licenses,,,,
standard,CLAGUE A VAN SLYKE III,5203258660,unknown,541110,PHOENIX,AZ,official_business_licenses,,,,
standard,FLEISCHMAN LAW FIRM PC,5203266400,unknown,541110,TUCSON,AZ,official_business_licenses,,,,
standard,ABOUD & ABOUD PC,5206235721,unknown,541110,TUCSON,AZ,official_business_licenses,,,,
standard,KUYKENDALL & ASSOCIATES,5207928033,unknown,541110,TUCSON,AZ,official_business_licenses,,,,
standard,LAW OFFICE OF WALTER NASH,5207921613,unknown,541110,TUCSON,AZ,official_business_licenses,,,,
standard,GARY FORD SPECTOR,5208825286,unknown,541110,TUCSON,AZ,official_business_licenses,,,,
standard,KING & FRISCH PC,5207904061,unknown,541110,TUCSON,AZ,official_business_licenses,,,,
standard,ERIC SLOCUM SPARKS PC,5206238330,unknown,541110,TUCSON,AZ,official_business_licenses,,,,
standard,MOORE LAW FIRM PLLC,5203277113,unknown,541110,TUCSON,AZ,official_business_licenses,,,,
standard,LAW OFFICES OF JANE JACOBS,5207298292,unknown,541110,TUCSON,AZ,official_business_licenses,,,,
standard,LAW OFFICE OF ROGER W FRAZIER,5208824294,unknown,541110,TUCSON,AZ,official_business_licenses,,,,
standard,TRUEBLOOD LAW FIRM,5202706658,unknown,541110,Tucson,AZ,official_business_licenses,,,,
standard,HARN LEGACY PLLC,5204370030,unknown,541110,TUCSON,AZ,official_business_licenses,,,,
standard,TURCHIK LAW FIRM PC,5208827070,unknown,541110,TUCSON,AZ,official_business_licenses,,,,
standard,LAW OFFICE OF ALBERT J MORRISON,4804449206,unknown,541110,PHOENIX,AZ,official_business_licenses,,,,
standard,LAW OFFICE OF CORNELIA W HONCHAR PC,5208820191,unknown,541110,TUCSON,AZ,official_business_licenses,,,,
standard,LAW OFFICE HENRY JACOBS,5207920091,unknown,541110,TUCSON,AZ,official_business_licenses,,,,
standard,LAW OFFICE OF SHERRY JANSSEN DOWNER PLLC,5202072311,unknown,541110,TUCSON,AZ,official_business_licenses,,,,
standard,LAW OFFICES OF JEFFREY J ROGERS PLC,5206244700,unknown,541110,TUCSON,AZ,official_business_licenses,,,,
standard,CATRILLO LAW FIRM,5209043759,unknown,541110,TUCSON,AZ,official_business_licenses,,,,
standard,VIKRAM BADRINATH PC,5206206000,unknown,541110,TUCSON,AZ,official_business_licenses,,,,
standard,LAW OFFICE OF ROBERT F KUHN PLLC,5206244080,unknown,541110,TUCSON,AZ,official_business_licenses,,,,
standard,KIM C MILLER,5206220589,unknown,541110,TUCSON,AZ,official_business_licenses,,,,
standard,KENT DANIELS MORGAN,5207452855,unknown,541110,TUCSON,AZ,official_business_licenses,,,,
standard,GALE A DEAN INC,5202484475,unknown,541110,TUCSON,AZ,official_business_licenses,,,,
standard,LAW OFFICES OF MARC D BLEAMAN,5203231808,unknown,541110,TUCSON,AZ,official_business_licenses,,,,
standard,LERNER & ROWE INJURY ATTORNEY'S,5209771900,unknown,541110,PHOENIX,AZ,official_business_licenses,,,,
standard,BOREALE LAW PLC,5203342069,unknown,541110,TUCSON,AZ,official_business_licenses,,,,
standard,THE LAW OFFICE OF CASTRO & LE PLLC,5203388031,unknown,541110,TUCSON,AZ,official_business_licenses,,,,
standard,BOUMAN LAW FIRM,5205463558,unknown,541110,TUCSON,AZ,official_business_licenses,,,,
standard,"LAW OFFICE OF JEREMY SOHN, PLLC",5208504441,unknown,541110,TUCSON,AZ,official_business_licenses,,,,
standard,LAW OFFICE OF MICHELLE S MICHELSON PLLC,5207751717,unknown,541110,TUCSON,AZ,official_business_licenses,,,,
standard,LETARTE LAW,5205767027,unknown,541110,TUCSON,AZ,official_business_licenses,,,,
standard,DEE-DEE SAMET PC,5206248595,unknown,541110,TUCSON,AZ,official_business_licenses,,,,
standard,MICHELLE LANGAN MEDIATION,5207608663,unknown,541110,TUCSON,AZ,official_business_licenses,,,,
standard,AJ LAW,6022375277,unknown,541110,GLENDALE,AZ,official_business_licenses,,,,
standard,ROBERT L MURRAY,5203205045,unknown,541110,TUCSON,AZ,official_business_licenses,,,,
standard,JAMES W ZEEB,5206227884,unknown,541110,TUCSON,AZ,official_business_licenses,,,,
standard,AMRIT DONALDSON PC,5205766013,unknown,541110,TUCSON,AZ,official_business_licenses,,,,
standard,BELINDA B BREMILLER ATTORNEY AT LAW,5204481139,unknown,541110,TUCSON,AZ,official_business_licenses,,,,
standard,WHITEHILL LAW OFFICES PC,5203264600,unknown,541110,TUCSON,AZ,official_business_licenses,,,,
standard,SNELL & WILMER LAW OFFICES,6023826294,unknown,541110,PHOENIX,AZ,official_business_licenses,,,,
standard,ARIZONA PREMIER LEGAL SERVICES,5207982200,unknown,541110,TUCSON,AZ,official_business_licenses,,,,
standard,LAW OFFICES OF JOSEPH H WATSON,5208840484,unknown,541110,TUCSON,AZ,official_business_licenses,,,,
standard,CIACCIO LAW FIRM PC,5208883135,unknown,541110,TUCSON,AZ,official_business_licenses,,,,
standard,SHORE DOMBROWSKI LAW FIRM,5206222350,unknown,541110,TUCSON,AZ,official_business_licenses,,,,
standard,WATERFALL ECONOMIDIS CALDWELL,5207905828,unknown,541110,TUCSON,AZ,official_business_licenses,,,,
standard,AREVALO LAW FIRM,5208845882,unknown,541110,TUCSON,AZ,official_business_licenses,,,,
standard,REDNOUR LAW OFFICES,5203004901,unknown,541110,TUCSON,AZ,official_business_licenses,,,,
standard,RPM LAW PLLC,5207401802,unknown,541110,TUCSON,AZ,official_business_licenses,,,,
standard,SAMMARTINO LAW GROUP PLLC,5209555152,unknown,541110,TUCSON,AZ,official_business_licenses,,,,
standard,SMITH LAW GROUP,5205471600,unknown,541110,TUCSON,AZ,official_business_licenses,,,,
standard,ALAN T SPRAGINS,6025499023,unknown,541110,TUCSON,AZ,official_business_licenses,,,,
standard,HUMPHREY LAW FIRM,5207951900,unknown,541110,TUCSON,AZ,official_business_licenses,,,,
standard,HEALY & STUDWELL LAW FIRM PC,5207901400,unknown,541110,TUCSON,AZ,official_business_licenses,,,,
standard,PAUL B BARTLETT PC,5207506154,unknown,541110,TUCSON,AZ,official_business_licenses,,,,
standard,SHOWARD LAW FIRM,5202716657,unknown,541110,TUCSON,AZ,official_business_licenses,,,,
standard,"SCHMIDT, SETHI & AKMAJIAN PLLC",5207905600,unknown,541110,TUCSON,AZ,official_business_licenses,,,,
standard,PAHL & ASSOCIATES,5206281111,unknown,541110,TUCSON,AZ,official_business_licenses,,,,
standard,ETHAN STEELE,5202900729,unknown,541110,TUCSON,AZ,official_business_licenses,,,,
standard,SPANIER LAW FIRM,5202419623,unknown,541110,TUCSON,AZ,official_business_licenses,,,,
standard,GUST ROSENFELD PLC,5206287070,unknown,541110,PHOENIX,AZ,official_business_licenses,,,,
standard,ARMSTRONG LAW OFFICE,5206242802,unknown,541110,TUCSON,AZ,official_business_licenses,,,,
standard,GIBSON LAW FIRM,5202612576,unknown,541110,TUCSON,AZ,official_business_licenses,,,,
standard,PONES LAW FIRM,5203322822,unknown,541110,TUCSON,AZ,official_business_licenses,,,,
standard,BAYHAM LAW OFFICE PLLC,5207909663,unknown,541110,TUCSON,AZ,official_business_licenses,,,,
standard,JEFFREY C BARTOLINO,5208848877,unknown,541110,TUCSON,AZ,official_business_licenses,,,,
standard,MICHAEL DRAKE,5206242488,unknown,541110,TUCSON,AZ,official_business_licenses,,,,
standard,FELIX  M JAY LAW OFFICES,5208203100,unknown,541110,TUCSON,AZ,official_business_licenses,,,,
standard,EVANS LAW OFFICES PLLC,5208505822,unknown,541110,TUCSON,AZ,official_business_licenses,,,,
standard,PETER BEREN PC,5203190370,unknown,541110,TUCSON,AZ,official_business_licenses,,,,
standard,NUCCIO & SHIRLY PC,5208828188,unknown,541110,TUCSON,AZ,official_business_licenses,,,,
standard,THE ARIZONA LAW GROUP OF TREZZA & ASSOC,5203274800,unknown,541110,TUCSON,AZ,official_business_licenses,,,,
standard,THE JASZEWSKI LAW FIRM PLLC,5207456464,unknown,541110,TUCSON,AZ,official_business_licenses,,,,
standard,D JESSE SMITH,5206238343,unknown,541110,TUCSON,AZ,official_business_licenses,,,,
standard,DAMIANAKOS LAW FIRM PLLC,5202228270,unknown,541110,TUCSON,AZ,official_business_licenses,,,,
standard,BLSAZ PLC,5208209248,unknown,541110,TUCSON,AZ,official_business_licenses,,,,
standard,THE GONZALES LAW FIRM PC,5209773010,unknown,541110,TUCSON,AZ,official_business_licenses,,,,
standard,THE LAW OFFICES OF CHARNESKY & DIEGLIO,5209031422,unknown,541110,TUCSON,AZ,official_business_licenses,,,,
standard,GREGORY G WASLEY,5203252786,unknown,541110,TUCSON,AZ,official_business_licenses,,,,
standard,DEGRAZIA LAW OFFICE,5203273327,unknown,541110,TUCSON,AZ,official_business_licenses,,,,
standard,LAW OFFICE OF JAMES B PENNY,5206185386,unknown,541110,TUCSON,AZ,official_business_licenses,,,,
standard,JEFFREY BLACKMAN LTD,5208822662,unknown,541110,TUCSON,AZ,official_business_licenses,,,,
standard,LAW OFFICE OF JOAN M SACRAMENTO,5206037086,unknown,541110,TUCSON,AZ,official_business_licenses,,,,
standard,"LAW OFFICE OF HECTOR A MONTOYA, PLLC",5207431797,unknown,541110,TUCSON,AZ,official_business_licenses,,,,
standard,"LIBERTY, AUDETTE & ASSOCIATES",5203229003,unknown,541110,TUCSON,AZ,official_business_licenses,,,,
standard,THE LAW OFFICE OF SIGBERTO M. CELAYA,5204710755,unknown,541110,TUCSON,AZ,official_business_licenses,,,,
standard,THOMAS JACOBS LAW OFFICE,5206281622,unknown,541110,TUCSON,AZ,official_business_licenses,,,,
standard,LABER & LABER PLC,5206243000,unknown,541110,TUCSON,AZ,official_business_licenses,,,,
standard,LOU SPIVAK PC,5203254667,unknown,541110,TUCSON,AZ,official_business_licenses,,,,
standard,KETCHAM PC,5202984500,unknown,541110,TUCSON,AZ,official_business_licenses,,,,
standard,LAW OFFICE OF STEPHANIE J MEADE,5204190299,unknown,541110,TUCSON,AZ,official_business_licenses,,,,
standard,MUNGER DENKER RUIZ BARBOUR PLLC,5207211900,unknown,541110,TUCSON,AZ,official_business_licenses,,,,
standard,MODERN LAW PLLC,6024551909,unknown,541110,TUCSON,AZ,official_business_licenses,,,,
standard,MODERN LAW PLLC,5202075435,unknown,541110,TUCSON,AZ,official_business_licenses,,,,
standard,DOUGLAS B LEVY PC,5205457200,unknown,541110,TUCSON,AZ,official_business_licenses,,,,
standard,LOREN B CHRISTENFELD,5754301623,unknown,541110,TUCSON,AZ,official_business_licenses,,,,
standard,NANCY J O'NEILL,5208822193,unknown,541110,TUCSON,AZ,official_business_licenses,,,,
standard,DOUG ZANES AND ASSOCIATES,5208819311,unknown,541110,TUCSON,AZ,official_business_licenses,,,,
standard,ST CLAIR LAW PC,5207921912,unknown,541110,TUCSON,AZ,official_business_licenses,,,,
standard,LAW OFFICES OF ARTHUR V GAGE,5208818300,unknown,541110,TUCSON,AZ,official_business_licenses,,,,
standard,LAW OFFICE OF NATALIE H HAYWOOD PLLC,5207920722,unknown,541110,TUCSON,AZ,official_business_licenses,,,,
standard,THE LAW OFFICE OF PATRICIA G MEJIA PC,5206230607,unknown,541110,TUCSON,AZ,official_business_licenses,,,,
standard,MCEVOY DANIELS & DARCY PC,5203260133,unknown,541110,TUCSON,AZ,official_business_licenses,,,,
standard,AMES LIGHT & ASSOCIATES PC,5205754600,unknown,541110,TUCSON,AZ,official_business_licenses,,,,
standard,LAW OFFICE OF DAVID I KARP PLLC,5203951551,unknown,541110,TUCSON,AZ,official_business_licenses,,,,
standard,LAW OFFICE OF MICHELLE K DON CARLOS PC,5206225020,unknown,541110,TUCSON,AZ,official_business_licenses,,,,
standard,LAW OFFICES OF THOMAS WILSON,5206242728,unknown,541110,TUCSON,AZ,official_business_licenses,,,,
standard,LAW OFFICES OF JOHN KUHNLEIN,5206299773,unknown,541110,TUCSON,AZ,official_business_licenses,,,,
standard,VALENTINE & VALENTINE PC,5204984088,unknown,541110,TUCSON,AZ,official_business_licenses,,,,
standard,AYALA LAW OFFICE PC,5202020391,unknown,541110,TUCSON,AZ,official_business_licenses,,,,
standard,BERNAL LAW OFFICE,5209099301,unknown,541110,TUCSON,AZ,official_business_licenses,,,,
standard,THOMAS M PACE,5203225511,unknown,541110,TUCSON,AZ,official_business_licenses,,,,
standard,BASS & ASSOCIATES PC,5205771544,unknown,541110,TUCSON,AZ,official_business_licenses,,,,
standard,VERNON E PELTZ LAW OFFICE,5206235225,unknown,541110,TUCSON,AZ,official_business_licenses,,,,
standard,FLEMING & CURTI PLC,5206220400,unknown,541110,TUCSON,AZ,official_business_licenses,,,,
standard,SUSAN M SCHAUF PLLC,5206227800,unknown,541110,TUCSON,AZ,official_business_licenses,,,,
standard,BRUCE D BRIDEGROOM,5207920600,unknown,541110,TUCSON,AZ,official_business_licenses,,,,
standard,LAW OFFICE OF ADAM N BLEIER,5203190785,unknown,541110,TUCSON,AZ,official_business_licenses,,,,
standard,LAW OFFICE OF ERIC E BUTTON,5202966191,unknown,541110,TUCSON,AZ,official_business_licenses,,,,
standard,GUGLIELMO & ASSOCIATES PLLC,+18773255700,,541110,TUCSON,AZ,adapter:official_business_licenses,,,,
standard,GUERRERO MOBILE NOTARY PUBLIC,5204098076,unknown,541120,TUCSON,AZ,official_business_licenses,,,,
standard,KELLEYS NOTARY & LOAN SIGNINGS,5204440623,unknown,541120,TUCSON,AZ,official_business_licenses,,,,
standard,LEYVA UNLIMITED,5202505830,unknown,541120,TUCSON,AZ,official_business_licenses,,,,
standard,BRANDIE DEBUSK-ISBERG PUBLIC NOTARY,5203081400,unknown,541120,TUCSON,AZ,official_business_licenses,,,,
standard,CATALINA TITLE AGENCY,5205468127,unknown,541191,TUCSON,AZ,official_business_licenses,,,,
standard,FIRST AMERICAN TITLE COMPANY,5208851600,unknown,541191,TUCSON,AZ,official_business_licenses,,,,
standard,MONREAL TITLE SERVICES LLC,5209547116,unknown,541191,TUCSON,AZ,official_business_licenses,,,,
standard,ANNETTE M JONES LLC,5209918691,unknown,541191,TUCSON,AZ,official_business_licenses,,,,
standard,FIRST AMERICAN TITLE COMPANY,5205778707,unknown,541191,TUCSON,AZ,official_business_licenses,,,,
standard,SIGNATURE TITLE AGENCY OF ARIZONA,5205892380,unknown,541191,TUCSON,AZ,official_business_licenses,,,,
standard,FIDELITY NATIONAL TITLE AGENCY INC,5207512900,unknown,541191,TUCSON,AZ,official_business_licenses,,,,
standard,FIRST AMERICAN TITLE COMPANY,5207471644,unknown,541191,TUCSON,AZ,official_business_licenses,,,,
standard,FIRST AMERICAN TITLE COMPANY,5206187790,unknown,541191,TUCSON,AZ,official_business_licenses,,,,
standard,HERBST NOTARY,5203312687,unknown,541199,TUCSON,AZ,official_business_licenses,,,,
standard,BLACKSWAN DOCUMENTATION,5203704746,unknown,541199,TUCSON,AZ,official_business_licenses,,,,
standard,AZ TRINITY SERVICES,5202453060,unknown,541199,TUCSON,AZ,official_business_licenses,,,,
standard,ARTEMIS LEGAL,5206290303,unknown,541199,TUCSON,AZ,official_business_licenses,,,,
standard,JOFA SOLUTIONS,5203903277,unknown,541199,CHANDLER,AZ,official_business_licenses,,,,
standard,RON'S PROCESS SERVICE,5204881519,unknown,541199,TUCSON,AZ,official_business_licenses,,,,
standard,CLYMER LEGAL,5203231234,unknown,541199,TUCSON,AZ,official_business_licenses,,,,
standard,LOUISE A KIOSKI,5202754783,unknown,541199,TUCSON,AZ,official_business_licenses,,,,
standard,LSA NOTARIAL SERVICE,5206093442,unknown,541199,TUCSON,AZ,official_business_licenses,,,,
standard,J & M TAX AND TITLE SERVICES,5202250555,unknown,541199,TUCSON,AZ,official_business_licenses,,,,
standard,ONSITE MOBILE NOTARY,5202357263,unknown,541199,TUCSON,AZ,official_business_licenses,,,,
standard,RAMIREZ MARIA,5202731368,unknown,541199,TUCSON,AZ,official_business_licenses,,,,
standard,CAROL A SEVERYN PARALEGAL,5203230866,unknown,541199,TUCSON,AZ,official_business_licenses,,,,
standard,MY STATUTORY AGENT AZ,5203318279,unknown,541199,TUCSON,AZ,official_business_licenses,,,,
standard,AZ DIAMOND DOCS,5205280376,unknown,541199,TUCSON,AZ,official_business_licenses,,,,
standard,GUZMAN'S NOTARY SERVICES,5203336102,unknown,541199,TUCSON,AZ,official_business_licenses,,,,
standard,FERNANDO MARTINEZ INSURANCE AND FINANCIAL SERVICES,5203239467,unknown,541199,TUCSON,AZ,official_business_licenses,,,,
standard,BECKY WILCOX INS AND FIN SVCS,5207477777,unknown,541199,TUCSON,AZ,official_business_licenses,,,,
standard,AKATOR BUSINESS WORLD LLC,+15203046709,,541199,TUCSON,AZ,adapter:official_business_licenses,,,,
standard,Infinity Accounting & Tax,480-820-6767,unknown,541200,Mesa,AZ,official_business_licenses,,,,
standard,RICHARD C BUCKWALTER BBA,5207331829,unknown,541211,TUCSON,AZ,official_business_licenses,,,,
standard,GFS,5207410943,unknown,541211,TUCSON,AZ,official_business_licenses,,,,
standard,JULIANNE M DEGRENDELE PC,5203211334,unknown,541211,TUCSON,AZ,official_business_licenses,,,,
standard,LORA VEGA CPA,5202713230,unknown,541211,TUCSON,AZ,official_business_licenses,,,,
standard,MARIK MEDICAL INSURANCE BILLING,5207958286,unknown,541211,TUCSON,AZ,official_business_licenses,,,,
standard,MANSPERGER PATTERSON & MCMULLIN PLC,4802946806,unknown,541211,TEMPE,AZ,official_business_licenses,,,,
standard,AXIOM TAX PC,5207479245,unknown,541211,TUCSON,AZ,official_business_licenses,,,,
standard,ANDREW KEATING CPA PLLC,5208342964,unknown,541211,TUCSON,AZ,official_business_licenses,,,,
standard,M&D ACCOUNTING,5203200154,unknown,541211,TUCSON,AZ,official_business_licenses,,,,
standard,CUSHMAN ACCOUNTING & TAX SERVICES,5205145253,unknown,541211,TUCSON,AZ,official_business_licenses,,,,
standard,FARROW TAX & ACCOUNTING S,5206313449,unknown,541211,TUCSON,AZ,official_business_licenses,,,,
standard,RF INCOME TAX SERVICE,5202945412,unknown,541211,TUCSON,AZ,official_business_licenses,,,,
standard,PROFESSIONAL TAX ACCOUNTING SERVICE,5206228339,unknown,541211,TUCSON,AZ,official_business_licenses,,,,
standard,THOMSSEN & THOMSSEN CPA,5203191913,unknown,541211,TUCSON,AZ,official_business_licenses,,,,
standard,AMY RAMM-MERKEL,5203709753,unknown,541211,TUCSON,AZ,official_business_licenses,,,,
standard,DARIN GUTHRIE CPA PLLC,5202074518,unknown,541211,TUCSON,AZ,official_business_licenses,,,,
standard,J CHARLES MADDOX ACCOUNTANTS INC,5208507068,unknown,541211,TUCSON,AZ,official_business_licenses,,,,
standard,BUSBY SANFORD BRADY PLC,5207332530,unknown,541211,TUCSON,AZ,official_business_licenses,,,,
standard,JOHN BLAKE CPA PLLC,5207953530,unknown,541211,TUCSON,AZ,official_business_licenses,,,,
standard,J MICHALE HAUBERT CPA PC,5203181040,unknown,541211,TUCSON,AZ,official_business_licenses,,,,
standard,ZECHES FINANCIAL SERVICES,5203266923,unknown,541211,TUCSON,AZ,official_business_licenses,,,,
standard,DAVID S CUTLER CPA PC,5208866981,unknown,541211,TUCSON,AZ,official_business_licenses,,,,
standard,AR BERNAL INCOME TAX & ACCOUNTING,5207450475,unknown,541211,TUCSON,AZ,official_business_licenses,,,,
standard,SANDRA L REED CPA,5207609400,unknown,541211,TUCSON,AZ,official_business_licenses,,,,
standard,SAM D OLSON CPA LTD,5207458581,unknown,541211,TUCSON,AZ,official_business_licenses,,,,
standard,ACCOUNTING SOLUTIONS TODAY,5202968000,unknown,541211,TUCSON,AZ,official_business_licenses,,,,
standard,JOHN L TORREZ CPA,5205718989,unknown,541211,TUCSON,AZ,official_business_licenses,,,,
standard,GLENN ALAN CPA PLLC,5203259616,unknown,541211,TUCSON,AZ,official_business_licenses,,,,
standard,STEVENSON JONES HOLMAAS PC,5208865495,unknown,541211,TUCSON,AZ,official_business_licenses,,,,
standard,WENDTLAND LEGACY TAX PLLC,5203237600,unknown,541211,TUCSON,AZ,official_business_licenses,,,,
standard,MARIA ESTHER ESPINOSA CPA PC,5207401902,unknown,541211,TUCSON,AZ,official_business_licenses,,,,
standard,PATRICIA A LEITNER CPA PLLC,5208822078,unknown,541211,TUCSON,AZ,official_business_licenses,,,,
standard,RASKOB-KAMBOURIAN FINANCIAL ADVISORS LTD,5206901999,unknown,541211,TUCSON,AZ,official_business_licenses,,,,
standard,ARIZONA TAX PARTNERS,5205294112,unknown,541211,TUCSON,AZ,official_business_licenses,,,,
standard,INTER-CAP CONTROL COMPANY INC,5205760399,unknown,541211,TUCSON,AZ,official_business_licenses,,,,
standard,QUICK & ASSOCIATES,5207512729,unknown,541211,TUCSON,AZ,official_business_licenses,,,,
standard,LYNETTA NAOUR,5203394786,unknown,541211,TUCSON,AZ,official_business_licenses,,,,
standard,LAWRENCE A PARDO CPA PC,5203261677,unknown,541211,TUCSON,AZ,official_business_licenses,,,,
standard,HEINFELD MEECH & COMPANY PC,5207422611,unknown,541211,TUCSON,AZ,official_business_licenses,,,,
standard,MARTIN TAX & FINANCIAL LLC,5207228363,unknown,541211,TUCSON,AZ,official_business_licenses,,,,
standard,PATRICIA M GRALTON,5204047651,unknown,541211,TUCSON,AZ,official_business_licenses,,,,
standard,BRADANNA,5205749383,unknown,541211,TUCSON,AZ,official_business_licenses,,,,
standard,THE ROYCE CPA FIRM PLLC,5203214626,unknown,541211,TUCSON,AZ,official_business_licenses,,,,
standard,SABBAGH TAX & ACCOUNTING,5208678833,unknown,541211,TUCSON,AZ,official_business_licenses,,,,
standard,J DENNIS BARTLETT PC,5203268200,unknown,541211,TUCSON,AZ,official_business_licenses,,,,
standard,BORNSTEIN TAX SERVICES,5206223976,unknown,541211,TUCSON,AZ,official_business_licenses,,,,
standard,ROBERT E HINSKE CPA PC,5207957195,unknown,541211,TUCSON,AZ,official_business_licenses,,,,
standard,THE NORDBROCK FAMILY LTD PARTNERSHIP,5202963052,unknown,541211,TUCSON,AZ,official_business_licenses,,,,
standard,TLJ TAX & ACCOUNTING,5202962529,unknown,541211,TUCSON,AZ,official_business_licenses,,,,
standard,"GRIGSBY ACCOUNTING, QUICKBOOKS ADVISOR L",5204058814,unknown,541211,TUCSON,AZ,official_business_licenses,,,,
standard,ALEXANDER ACCOUNTING SERVICE,5209060010,unknown,541211,TUCSON,AZ,official_business_licenses,,,,
standard,STRATEGY1,5209068252,unknown,541211,TUCSON,AZ,official_business_licenses,,,,
standard,REGIER CARR & MONROE LLP,5206248229,unknown,541211,TUCSON,AZ,official_business_licenses,,,,
standard,ANAYA & ASSOCIATES,5203277425,unknown,541211,TUCSON,AZ,official_business_licenses,,,,
standard,BRACAMONTE INCOME TAX SERVICE,5208890365,unknown,541211,TUCSON,AZ,official_business_licenses,,,,
standard,CLEAR VIEW BUSINESS SOLUTIONS,5205440177,unknown,541211,TUCSON,AZ,official_business_licenses,,,,
standard,SAENZ & ASSOCIATES,5206281667,unknown,541211,TUCSON,AZ,official_business_licenses,,,,
standard,SM FLORES TAX & ACCOUNTING,5203262154,unknown,541211,TUCSON,AZ,official_business_licenses,,,,
standard,ALIERA ACCOUNTING,5203964040,unknown,541211,TUCSON,AZ,official_business_licenses,,,,
standard,KARE ACCOUNTING & TAX SERVICE INC,5208863237,unknown,541211,TUCSON,AZ,official_business_licenses,,,,
standard,PATY'S TITLE SERVICE,5208899819,unknown,541211,TUCSON,AZ,official_business_licenses,,,,
standard,MICHAEL A DAVIS CPA,5207955155,unknown,541211,TUCSON,AZ,official_business_licenses,,,,
standard,G&A CPAS AND FINANCIAL CONSULTANTS PC,5208856735,unknown,541211,TUCSON,AZ,official_business_licenses,,,,
standard,TAXPALS INC,5208701040,unknown,541211,TUCSON,AZ,official_business_licenses,,,,
standard,HUBER CPA PC,5203190080,unknown,541211,TUCSON,AZ,official_business_licenses,,,,
standard,WESTON JONES ACCOUNTING SERVICES LLC,5207226617,unknown,541211,TUCSON,AZ,official_business_licenses,,,,
standard,PC TAX SERVICE,5204034400,unknown,541211,TUCSON,AZ,official_business_licenses,,,,
standard,PK ACCOUNTING & TAX PC,5203271484,unknown,541211,TUCSON,AZ,official_business_licenses,,,,
standard,"HENRY J. FORTINO CPA, PC",5203705052,unknown,541211,TUCSON,AZ,official_business_licenses,,,,
standard,ACE ACCOUNTING LLC,5208701072,unknown,541211,TUCSON,AZ,official_business_licenses,,,,
standard,DIGITS & DOCS,5202985613,unknown,541211,TUCSON,AZ,official_business_licenses,,,,
standard,SCHLOTTMAN CPA PLC,5202988488,unknown,541211,TUCSON,AZ,official_business_licenses,,,,
standard,MANAGEMENT SOFTWARE SYSTEMS,5207441487,unknown,541211,TUCSON,AZ,official_business_licenses,,,,
standard,"NEXT LEVEL ACCOUNTING, INC.",5202032864,unknown,541211,TUCSON,AZ,official_business_licenses,,,,
standard,ROBERT B COLLINS ACCOUNTING SERVICES,5204001130,unknown,541211,TUCSON,AZ,official_business_licenses,,,,
standard,ARIZONA SMALL BUSINESS ACCOUNTING INC,5206209869,unknown,541211,TUCSON,AZ,official_business_licenses,,,,
standard,ENCORE ACCOUNTING,5045070725,unknown,541211,TUCSON,AZ,official_business_licenses,,,,
standard,ELIZABETH A LOPEZ CPA PC,5207492920,unknown,541211,TUCSON,AZ,official_business_licenses,,,,
standard,CUSTOM ACCOUNTING,5204710523,unknown,541211,TUCSON,AZ,official_business_licenses,,,,
standard,JOHN & PATRICIA MORRISON,5208857814,unknown,541211,TUCSON,AZ,official_business_licenses,,,,
standard,PHYLLIS A CONRAD CPA,5202933855,unknown,541211,TUCSON,AZ,official_business_licenses,,,,
standard,SEBY & ASSOCIATES LTD,5207905500,unknown,541211,TUCSON,AZ,official_business_licenses,,,,
standard,CRUZ CONSULTING LLC,5206238784,unknown,541211,TUCSON,AZ,official_business_licenses,,,,
standard,1ST CHOICE TAX SERVICES,5203201041,unknown,541211,TUCSON,AZ,official_business_licenses,,,,
standard,D&D ACCOUNTING SERVICES,5208820212,unknown,541211,TUCSON,AZ,official_business_licenses,,,,
standard,MARIA'S INCOME TAX SERVICE,5208893378,unknown,541211,TUCSON,AZ,official_business_licenses,,,,
standard,BCCSAZ,5203279895,unknown,541211,TUCSON,AZ,official_business_licenses,,,,
standard,J TODD LUNDERING CPA PC,5203259700,unknown,541211,TUCSON,AZ,official_business_licenses,,,,
standard,RELIANT BUSINESS SERVICES LLC,5209065663,unknown,541211,TUCSON,AZ,official_business_licenses,,,,
standard,ROEDIGER HOFF PLC,5203233060,unknown,541211,TUCSON,AZ,official_business_licenses,,,,
standard,SHAFFER & DANKER CPAS PC,5202968100,unknown,541211,TUCSON,AZ,official_business_licenses,,,,
standard,"THOMAS E HOLTER, PC",5205778818,unknown,541211,TUCSON,AZ,official_business_licenses,,,,
standard,THOMAS G REX CPA,5204339291,unknown,541211,TUCSON,AZ,official_business_licenses,,,,
standard,AMADO & ASSOCIATE CPAS PC,5202960099,unknown,541211,TUCSON,AZ,official_business_licenses,,,,
standard,JV TAX ACCOUNTING & MULTI SERVICES,5208883020,unknown,541211,TUCSON,AZ,official_business_licenses,,,,
standard,A & M GEMS PHOTOGRAPHY,5207211384,unknown,541211,TUCSON,AZ,official_business_licenses,,,,
standard,A-MOUNTAIN TAX & ACCOUNTING XPERTS,5207468788,unknown,541211,TUCSON,AZ,official_business_licenses,,,,
standard,FIMBRES INCOME TAX SERVICE,5207418874,unknown,541211,TUCSON,AZ,official_business_licenses,,,,
standard,TPM ACCOUNTING SERVICES,5202454632,unknown,541211,TUCSON,AZ,official_business_licenses,,,,
standard,JEAN M GADEA CPA PLLC,5203261540,unknown,541211,TUCSON,AZ,official_business_licenses,,,,
standard,WALKER & ARMSTRONG LLP,5202298674,unknown,541211,PHOENIX,AZ,official_business_licenses,,,,
standard,BATISTA TAX SERVICES,5203005533,unknown,541211,TUCSON,AZ,official_business_licenses,,,,
standard,SE CLARK & COMPANY PC,5203237774,unknown,541211,TUCSON,AZ,official_business_licenses,,,,
standard,LB TAX SERVICES,5203200050,unknown,541213,TUCSON,AZ,official_business_licenses,,,,
standard,SOUTHWEST TAX ASSOCIATES,5208079800,unknown,541213,TUCSON,AZ,official_business_licenses,,,,
standard,CHOI TAX COMPANY,5202884744,unknown,541213,TUCSON,AZ,official_business_licenses,,,,
standard,TAXTRAC INC,5202981010,unknown,541213,TUCSON,AZ,official_business_licenses,,,,
standard,PETES TAX SERVICE,5206220126,unknown,541213,TUCSON,AZ,official_business_licenses,,,,
standard,TAX4U TUCSON,5203284784,unknown,541213,TUCSON,AZ,official_business_licenses,,,,
standard,APRIL 15TH TAX & ACCOUNTING,5207481040,unknown,541213,TUCSON,AZ,official_business_licenses,,,,
standard,RUST AND ASSOCIATES LLC,5202756634,unknown,541213,TUCSON,AZ,official_business_licenses,,,,
standard,LIBERTY TAX SERVICE,5209719057,unknown,541213,TUCSON,AZ,official_business_licenses,,,,
standard,JUDY A GRAY ACCOUNTING & TAX SERVICE,5202989390,unknown,541213,TUCSON,AZ,official_business_licenses,,,,
standard,ALFA & OMEGA,5208890545,unknown,541213,TUCSON,AZ,official_business_licenses,,,,
standard,MARTHA MORONES,5207501154,unknown,541213,TUCSON,AZ,official_business_licenses,,,,
standard,TUCSON PREMIUM TAX SERVICES,5202710534,unknown,541213,TUCSON,AZ,official_business_licenses,,,,
standard,MATILDE'S,5207411997,unknown,541213,TUCSON,AZ,official_business_licenses,,,,
standard,"RALPH GUTBUB, CPA",5208816865,unknown,541213,TUCSON,AZ,official_business_licenses,,,,
standard,TUCSON TAX TEAM LLC,5207777844,unknown,541213,TUCSON,AZ,official_business_licenses,,,,
standard,LIBERTY TAX,5208873282,unknown,541213,TUCSON,AZ,official_business_licenses,,,,
standard,MC TITLE SERVICE,5203036444,unknown,541213,TUCSON,AZ,official_business_licenses,,,,
standard,HILL & HILL ACCTG,5207954210,unknown,541213,TUCSON,AZ,official_business_licenses,,,,
standard,KALIL & ASSOCIATES LLC,5202411294,unknown,541213,TUCSON,AZ,official_business_licenses,,,,
standard,TAX RESCUE & RELIEF,5203337047,unknown,541213,TUCSON,AZ,official_business_licenses,,,,
standard,MICHAEL LAND TAX & ACCOUNTING,5209714303,unknown,541213,TUCSON,AZ,official_business_licenses,,,,
standard,LIBERTY TAX SERVICES,5207901825,unknown,541213,TUCSON,AZ,official_business_licenses,,,,
standard,BRODIE GROUP INC,5202969079,unknown,541213,TUCSON,AZ,official_business_licenses,,,,
standard,ARIZONA NOTARY & TAX SERVICE,5204954486,unknown,541213,TUCSON,AZ,official_business_licenses,,,,
standard,H G EXPRESS TAX & DOCUMENTS ETC,5208077788,unknown,541213,TUCSON,AZ,official_business_licenses,,,,
standard,JULIAN HADLAND SERVICES,5207922259,unknown,541213,TUCSON,AZ,official_business_licenses,,,,
standard,TAX MAX LLC,5203964116,unknown,541213,TUCSON,AZ,official_business_licenses,,,,
standard,BEST TAX SERVICES LLC,5208498093,unknown,541213,TUCSON,AZ,official_business_licenses,,,,
standard,CENTRO DE PROGRESO,5208076338,unknown,541213,TUCSON,AZ,official_business_licenses,,,,
standard,ALAN C SEARS CPA PC,5208851040,unknown,541213,TUCSON,AZ,official_business_licenses,,,,
standard,EL CHAPULIN INCOME TAX TUCSON 1,5205915282,unknown,541213,TUCSON,AZ,official_business_licenses,,,,
standard,DAVID R LAING LLC,5203211600,unknown,541213,TUCSON,AZ,official_business_licenses,,,,
standard,LIBERTY TAX SERVICE,5208891475,unknown,541213,TUCSON,AZ,official_business_licenses,,,,
standard,KL Business Consulting LLC,480-878-1099,unknown,"541213, 541219, 541199",Mesa,AZ,official_business_licenses,,,,
standard,Yaman International Services Inc,9156333934,unknown,"541213, 541219, 541199, 611692, 561611, 485999",Mesa,AZ,official_business_licenses,,,,
standard,CONTEMPO HCM LLC,5202888300,unknown,541214,TUCSON,AZ,official_business_licenses,,,,
standard,FOCUS HR INC,5207216777,unknown,541214,TUCSON,AZ,official_business_licenses,,,,
standard,AH BOOKKEEPING SERVICES,5208694102,unknown,541219,TUCSON,AZ,official_business_licenses,,,,
standard,DAVID DEAN,5209758825,unknown,541219,TUCSON,AZ,official_business_licenses,,,,
standard,LINN PHILLIPS AND ASSOCIATES LLC,5207333355,unknown,541219,TUCSON,AZ,official_business_licenses,,,,
standard,MILLER ACCOUNTING AND BUSINESS SERVICES,5209409796,unknown,541219,TUCSON,AZ,official_business_licenses,,,,
standard,OCOTILLO ACCOUNTING SOLUTIONS,5207192786,unknown,541219,TUCSON,AZ,official_business_licenses,,,,
standard,SUNFLOWER BOOKKEEPING,5209044847,unknown,541219,VAIL,AZ,official_business_licenses,,,,
standard,PS BOOKKEEPING AND ACCOUNTING,5207495643,unknown,541219,TUCSON,AZ,official_business_licenses,,,,
standard,VALLEY BILLING SERVICE,5205825650,unknown,541219,TUCSON,AZ,official_business_licenses,,,,
standard,ENCHANTED DESERT BOOKKEEPING,5206280080,unknown,541219,TUCSON,AZ,official_business_licenses,,,,
standard,GLASTAX INCORPORATED,8474217742,unknown,541219,TUCSON,AZ,official_business_licenses,,,,
standard,LPA FINANCIAL SERVICES LLC,5203316648,unknown,541219,TUCSON,AZ,official_business_licenses,,,,
standard,"ANDES TAX & ACCOUNTING, INC",5205461405,unknown,541219,TUCSON,AZ,official_business_licenses,,,,
standard,"THE RUBOYIANES TAX COMPANY, PLLC",5205771040,unknown,541219,TUCSON,AZ,official_business_licenses,,,,
standard,BLUE DESERT BOOKKEEPING,5205276065,unknown,541219,PHOENIX,AZ,official_business_licenses,,,,
standard,CAPITAL FINANCE AZ LLC,5204041018,unknown,541219,TUCSON,AZ,official_business_licenses,,,,
standard,CREATIVE ACCOUNTING LLP,5208259490,unknown,541219,VAIL,AZ,official_business_licenses,,,,
standard,PROMANNA SERVICES LLC,5205992045,unknown,541219,TUCSON,AZ,official_business_licenses,,,,
standard,CAMBER INC,5202996977,unknown,541219,TUCSON,AZ,official_business_licenses,,,,
standard,NAOMI DANIELS LLC,5206394702,unknown,541219,TUCSON,AZ,official_business_licenses,,,,
standard,ALLENWAYS BOOKKEEPING & CONSULTING,5203345306,unknown,541219,TUCSON,AZ,official_business_licenses,,,,
standard,ZOLLMAN ROSALIE DIANE,5203074415,unknown,541219,TUCSON,AZ,official_business_licenses,,,,
standard,SIMPLE SOLUTIONS BOOKKEEPING,5205406003,unknown,541219,TUCSON,AZ,official_business_licenses,,,,
standard,PAMELA NORTH CPA- PC,5202323695,unknown,541219,TUCSON,AZ,official_business_licenses,,,,
standard,LILY SERVICES LLC,5207804599,unknown,541219,TUCSON,AZ,official_business_licenses,,,,
standard,KEYS ACCOUNTING,5202450361,unknown,541219,Tucson,AZ,official_business_licenses,,,,
standard,DL ECLECTIC INTERESTS LLC,5207228016,unknown,541219,TUCSON,AZ,official_business_licenses,,,,
standard,ACCURATE ACCOUNTING & COLLECTION SERVICE,5203366003,unknown,541219,TUCSON,AZ,official_business_licenses,,,,
standard,KYYF BOOKKEEPING AND TAX SERVICES,5207040260,unknown,541219,TUCSON,AZ,official_business_licenses,,,,
standard,GINGER MARR EA LLC,5203493414,unknown,541219,TUCSON,AZ,official_business_licenses,,,,
standard,PULSE BOOKS ONLINE,5205858363,unknown,541219,TUCSON,AZ,official_business_licenses,,,,
standard,SOLID GROUND PLLC,5209796732,unknown,541219,TUCSON,AZ,official_business_licenses,,,,
standard,DESERT SOUL SISTERS BOOKKEEPING LLC,5202504072,unknown,541219,TUCSON,AZ,official_business_licenses,,,,
standard,OAKASHI,8149435359,unknown,541219,TUCSON,AZ,official_business_licenses,,,,
standard,THE PERFECT TALLY BOOKKEEPING SERVICE,5209770561,unknown,541219,TUCSON,AZ,official_business_licenses,,,,
standard,BAKER ACCOUNTING & TAX SERVICE,5206237905,unknown,541219,TUCSON,AZ,official_business_licenses,,,,
standard,LMB ACCOUNTING SERVICES,5209882644,unknown,541219,TUCSON,AZ,official_business_licenses,,,,
standard,BOBBIE BUTLER ACCOUNTING,5202965865,unknown,541219,TUCSON,AZ,official_business_licenses,,,,
standard,ALL ON IT,9139631240,unknown,541219,TUCSON,AZ,official_business_licenses,,,,
standard,K2 BUSINESS SUPPORT,5203430026,unknown,541219,TUCSON,AZ,official_business_licenses,,,,
standard,ARIZONA BUSINESS & TAX SERVICE,5208811040,unknown,541219,TUCSON,AZ,official_business_licenses,,,,
standard,BOOKKEEPING BETTIES,5202788417,unknown,541219,TUCSON,AZ,official_business_licenses,,,,
standard,TUCSON ACCOUNTING OFFICE,5204050060,unknown,541219,TUCSON,AZ,official_business_licenses,,,,
standard,ARIZONA ACCOUNTING LOGISTICS,5202698723,unknown,541219,VAIL,AZ,official_business_licenses,,,,
standard,BECKETT'S BOOKKEEPING SERVICES,5209755722,unknown,541219,TUCSON,AZ,official_business_licenses,,,,
standard,C AND B CONSULTING,5203317204,unknown,541219,TUCSON,AZ,official_business_licenses,,,,
standard,KUSHNER & SYMINGTON LLC,5208885900,unknown,541219,TUCSON,AZ,official_business_licenses,,,,
standard,BOOKKEEPERS BUSINESS SERVICE,5205468230,unknown,541219,TUCSON,AZ,official_business_licenses,,,,
standard,J&L TAX,2142967792,unknown,541219,TUCSON,AZ,official_business_licenses,,,,
standard,EVERYTHING COUNTS,5209072563,unknown,541219,TUCSON,AZ,official_business_licenses,,,,
standard,ROBIN D PREISER,5203233722,unknown,541219,TUCSON,AZ,official_business_licenses,,,,
standard,AUXILIA ASSET MANAGEMENT,5203369969,unknown,541219,TUCSON,AZ,official_business_licenses,,,,
standard,FOUNTAIN FINANCIAL,5037041327,unknown,541219,TUCSON,AZ,official_business_licenses,,,,
standard,SNAPPY BOOKKEEPING,5202052431,unknown,541219,TUCSON,AZ,official_business_licenses,,,,
standard,ABSOLUTE TAX & FINANCIAL SOLUTIONS,5203354179,unknown,541219,FLAGSTAFF,AZ,official_business_licenses,,,,
standard,J3 BOOKKEEPING PRO,5206077023,unknown,541219,TUCSON,AZ,official_business_licenses,,,,
standard,ANNE HAMMETT CONSULTING,5202471257,unknown,541219,TUCSON,AZ,official_business_licenses,,,,
standard,MEDICAL BILLING SERVICE SOLUTIONS,5204688806,unknown,541219,TUCSON,AZ,official_business_licenses,,,,
standard,SAPPHIRE BOOKKEEPING,5209010799,unknown,541219,TUCSON,AZ,official_business_licenses,,,,
standard,BOOKKEEPING PRO ADVISOR,5204604087,unknown,541219,TUCSON,AZ,official_business_licenses,,,,
standard,SPADE BUSINESS SERVICES,5202031014,unknown,541219,TUCSON,AZ,official_business_licenses,,,,
standard,THE NUMBERS ADVISORS LLC,5209272460,unknown,541219,TUCSON,AZ,official_business_licenses,,,,
standard,JUDITH  A MYERS,9198166157,unknown,541219,TUCSON,AZ,official_business_licenses,,,,
standard,TUCSONS DIVERSIFIED BOOKKEEPING SERVICE,5202069644,unknown,541219,TUCSON,AZ,official_business_licenses,,,,
standard,CIRCO VINO,7194183493,unknown,541219,TUCSON,AZ,official_business_licenses,,,,
standard,THOMPSON ACCOUNTING COMPANY PLLC,5208228208,unknown,541219,TUCSON,AZ,official_business_licenses,,,,
standard,MURRAY'S BUSINESS SERVICE,5208850794,unknown,541219,TUCSON,AZ,official_business_licenses,,,,
standard,ORI GREEN BOOKKEEPING,5206618528,unknown,541219,TUCSON,AZ,official_business_licenses,,,,
standard,NORRIS JEANENNE R.,5206034875,unknown,541219,PIMA COUNTY,AZ,official_business_licenses,,,,
standard,CLOSE THE BOOKS,5202406200,unknown,541219,TUCSON,AZ,official_business_licenses,,,,
standard,MANTI ENTERPRISES,5209796106,unknown,541219,TUCSON,AZ,official_business_licenses,,,,
standard,ROYALTY BOOKKEEPERS LLC,5207750440,unknown,541219,TUCSON,AZ,official_business_licenses,,,,
standard,MASTER SOLUTIONS LLC,5203297710,unknown,541219,TUCSON,AZ,official_business_licenses,,,,
standard,YINGLING BOOKKEEPING,5209047579,unknown,541219,TUCSON,AZ,official_business_licenses,,,,
standard,ACCOUNTING RESOURCES CORP,5203219662,unknown,541219,TUCSON,AZ,official_business_licenses,,,,
standard,JRC TAX & ACCOUNTING LLC,5207331115,unknown,541219,TUCSON,AZ,official_business_licenses,,,,
standard,IN THE BLACK ACCOUNTING LLC,5207309209,unknown,541219,TUCSON,AZ,official_business_licenses,,,,
standard,NORTH STAR BUSINESS SERVICES LLC,5207843307,unknown,541219,TUCSON,AZ,official_business_licenses,,,,
standard,ANTHONY DEAN MALL,5202713846,unknown,541219,TUCSON,AZ,official_business_licenses,,,,
standard,PROSPERA TUCSON,5209046015,unknown,541219,TUCSON,AZ,official_business_licenses,,,,
standard,ALL IN YOUR BOOKS,7753137242,unknown,54129,TUCSON,AZ,official_business_licenses,,,,
standard,Pharmgate Biologics,4805458499,unknown,54130,Mesa,AZ,official_business_licenses,,,,
standard,RYDEN ARCHITECTS INC,6022535381,unknown,541310,PHOENIX,AZ,official_business_licenses,,,,
standard,BWS ARCHITECTS,5207952705,unknown,541310,TUCSON,AZ,official_business_licenses,,,,
standard,VESPERE LLC,2252522783,unknown,541310,TUCSON,AZ,official_business_licenses,,,,
standard,A23 STUDIOS CORP,5202454010,unknown,541310,TUCSON,AZ,official_business_licenses,,,,
standard,CHUCK MEYER ARCHITECT LLC,5208694245,unknown,541310,TUCSON,AZ,official_business_licenses,,,,
standard,SDG ARCHITECTURE,5208295188,unknown,541310,TUCSON,AZ,official_business_licenses,,,,
standard,LOGAN SIMPSON DESIGN INC,4809671343,unknown,541310,TEMPE,AZ,official_business_licenses,,,,
standard,BEAUTIFUL BACKYARDS LLC,5203363984,unknown,541310,TUCSON,AZ,official_business_licenses,,,,
standard,A & A STRUCTURAL ENGINEERS INCORPORATED,5203264597,unknown,541310,TUCSON,AZ,official_business_licenses,,,,
standard,A2 STUDIOS LLC,5205911675,unknown,541310,TUCSON,AZ,official_business_licenses,,,,
standard,"HIGHTON COMPANY, LLC",5204071344,unknown,541310,TUCSON,AZ,official_business_licenses,,,,
standard,ANDY ANDERSON LLC,5203492015,unknown,541310,TUCSON,AZ,official_business_licenses,,,,
standard,MATERIALIZE PLLC,5202759355,unknown,541310,TUCSON,AZ,official_business_licenses,,,,
standard,SONORAN DESIGN GROUP,5202932375,unknown,541310,TUCSON,AZ,official_business_licenses,,,,
standard,JOSEPH MAHER JR,5202489569,unknown,541310,TUCSON,AZ,official_business_licenses,,,,
standard,SMITTHIPONG & ROSAMOND ASSOCIATES,5205477900,unknown,541310,TUCSON,AZ,official_business_licenses,,,,
standard,CRAIG NEALY ARCHITECTS,8573313142,unknown,541310,TUCSON,AZ,official_business_licenses,,,,
standard,ARCHITECTURAL DESIGN ASSOCIATES,5206236002,unknown,541310,TUCSON,AZ,official_business_licenses,,,,
standard,VVC DESIGN PLLC,5204004226,unknown,541310,TUCSON,AZ,official_business_licenses,,,,
standard,LINE & SPACE LLC,5206231313,unknown,541310,TUCSON,AZ,official_business_licenses,,,,
standard,3D ARCHITECTURAL DESIGNS,5207906921,unknown,541310,TUCSON,AZ,official_business_licenses,,,,
standard,EMA OF MINNESOTA INC,5202990992,unknown,541310,TUCSON,AZ,official_business_licenses,,,,
standard,SEARS GERBO ARCHITECTURE,5207225079,unknown,541310,TUCSON,AZ,official_business_licenses,,,,
standard,EXA ARCHITECTS,5204404941,unknown,541310,TUCSON,AZ,official_business_licenses,,,,
standard,TIERRA BUENA HOME AND GARDEN,5209753533,unknown,541310,TUCSON,AZ,official_business_licenses,,,,
standard,CDG ARCHITECTS LTD,5206299752,unknown,541310,TUCSON,AZ,official_business_licenses,,,,
standard,CORNELL CONSTRUCTION ARCHITECTS,5207427227,unknown,541310,TUCSON,AZ,official_business_licenses,,,,
standard,"ANDREW A MCCANCE, ARCHITECT",5207600108,unknown,541310,TUCSON,AZ,official_business_licenses,,,,
standard,ARCHITECTURAL DESIGNERS,5204095511,unknown,541310,TUCSON,AZ,official_business_licenses,,,,
standard,WESTERN TECHNOLOGIES INC,5207482262,unknown,541310,TUCSON,AZ,official_business_licenses,,,,
standard,ROB PAULUS ARCHITECTS LTD,5206249805,unknown,541310,TUCSON,AZ,official_business_licenses,,,,
standard,SCOTT RUMEL ARCHITECT,5207607104,unknown,541310,TUCSON,AZ,official_business_licenses,,,,
standard,HAWKEYE LAND SURVEYING CO,5202966173,unknown,541310,VAIL,AZ,official_business_licenses,,,,
standard,ESQUEMA ARCHITECTURE,5205460350,unknown,541310,TUCSON,AZ,official_business_licenses,,,,
standard,OLSON DRAFTING,5202474143,unknown,541310,TUCSON,AZ,official_business_licenses,,,,
standard,STUDIO RICK JOY,5206241442,unknown,541310,TUCSON,AZ,official_business_licenses,,,,
standard,DAVID E SHAMBACH ARCHITECT,5203491546,unknown,541310,TUCSON,AZ,official_business_licenses,,,,
standard,BENJAMIN VOGEL ARCHITECT,5204068684,unknown,541310,TUCSON,AZ,official_business_licenses,,,,
standard,LEO KATZ DESIGN,5202481564,unknown,541310,TUCSON,AZ,official_business_licenses,,,,
standard,DEMARS GROUP INC,5208811711,unknown,541310,TUCSON,AZ,official_business_licenses,,,,
standard,EGLIN + BRESLER ARCHITECTS PC,5208854455,unknown,541310,TUCSON,AZ,official_business_licenses,,,,
standard,THE CIBOLA GROUP,5207479004,unknown,541310,TUCSON,AZ,official_business_licenses,,,,
standard,JOHN CAMPISANO ARCHITECT,5204490023,unknown,541310,TUCSON,AZ,official_business_licenses,,,,
standard,HENDERSON BROWN INC,5207518959,unknown,541310,TUCSON,AZ,official_business_licenses,,,,
standard,STICKLEY DESIGN GROUP,5202900303,unknown,541310,TUCSON,AZ,official_business_licenses,,,,
standard,JP DESIGN GROUP,5207807342,unknown,541310,TUCSON,AZ,official_business_licenses,,,,
standard,LARRY J CLICK & ASSOCIATES,5203276670,unknown,541310,TUCSON,AZ,official_business_licenses,,,,
standard,ARC STUDIOS,5208829655,unknown,541310,TUCSON,AZ,official_business_licenses,,,,
standard,GEORGE M FELTOVIC,5202967703,unknown,541310,TUCSON,AZ,official_business_licenses,,,,
standard,GRAUPMAN SOTO LLC,2064066953,unknown,541310,TUCSON,AZ,official_business_licenses,,,,
standard,KEVIN B HOWARD ARCHITECTS INC,5203226800,unknown,541310,TUCSON,AZ,official_business_licenses,,,,
standard,HENRY J KRZYSIK ARCHITECT,5203274846,unknown,541310,TUCSON,AZ,official_business_licenses,,,,
standard,JACA DESIGN LLC,5208084052,unknown,541310,MARANA,AZ,official_business_licenses,,,,
standard,ATLANTIC PACIFIC STANDARD LLC,9283803871,unknown,541310,TUCSON,AZ,official_business_licenses,,,,
standard,HUDSON DESIGN,5206245115,unknown,541310,TUCSON,AZ,official_business_licenses,,,,
standard,RIC ESPIRITI-ARCHITECT,5203180755,unknown,541310,TUCSON,AZ,official_business_licenses,,,,
standard,SAKELLAR PLLC,5209071812,unknown,541310,TUCSON,AZ,official_business_licenses,,,,
standard,DESIGN BUILD FORUM,5202297718,unknown,541310,TUCSON,AZ,official_business_licenses,,,,
standard,ACUNA-COFFEEN LANDSCAPE,5204412754,unknown,541310,TUCSON,AZ,official_business_licenses,,,,
standard,ARQUITECTO E J ORNELAS & ASSOCIATES,5206248102,unknown,541310,TUCSON,AZ,official_business_licenses,,,,
standard,ADVANTECH FACILITY DESIGN,5208060903,unknown,541310,TUCSON,AZ,official_business_licenses,,,,
standard,CATHERINE A REX ARCHITECT,5203220315,unknown,541310,TUCSON,AZ,official_business_licenses,,,,
standard,RGA,5208507401,unknown,541310,TUCSON,AZ,official_business_licenses,,,,
standard,BRAMIC DESIGN GROUP,5204019183,unknown,541310,TUCSON,AZ,official_business_licenses,,,,
standard,PRECISIONFLOORPLAN.COM,5209774814,unknown,541310,TUCSON,AZ,official_business_licenses,,,,
standard,FIXCITY LLC,5208343603,unknown,541310,TUCSON,AZ,official_business_licenses,,,,
standard,WILLIAM PODOLSKY & ASSOCIATES,5208812000,unknown,541310,TUCSON,AZ,official_business_licenses,,,,
standard,JAMES R WATSON ARCHITECT,5203702635,unknown,541310,SIERRA VISTA,AZ,official_business_licenses,,,,
standard,PAUL R OLSON ARCHITECTS,5207223833,unknown,541310,TUCSON,AZ,official_business_licenses,,,,
standard,ESE ARCHITECTURE LLC,5204190728,unknown,541310,TUCSON,AZ,official_business_licenses,,,,
standard,CARL KOMINSKY LANDSCAPE ARCHITECT INC,5207400700,unknown,541310,TUCSON,AZ,official_business_licenses,,,,
standard,RICHARD GIACHETTI ARCHITECT,5203276600,unknown,541310,TUCSON,AZ,official_business_licenses,,,,
standard,VINT & ASSOC ARCHITECTS INC,5208825232,unknown,541310,TUCSON,AZ,official_business_licenses,,,,
standard,JACQUES H GERSTENFELD,5203603303,unknown,541310,TUCSON,AZ,official_business_licenses,,,,
standard,JOHN B RIGGS,5208338120,unknown,541310,Tucson,AZ,official_business_licenses,,,,
standard,PAULUS ARCHITECT,5208613478,unknown,541310,TUCSON,AZ,official_business_licenses,,,,
standard,THE PLANNING CENTER,5206236146,unknown,541310,TUCSON,AZ,official_business_licenses,,,,
standard,STEELE DESIGN BUILD CONSULTING,5207222144,unknown,541310,TUCSON,AZ,official_business_licenses,,,,
standard,THE URBAN INFILL PROJECT,5209906866,unknown,541310,TUCSON,AZ,official_business_licenses,,,,
standard,MIKE JOSSETT ARCHITECT,5202992998,unknown,541310,TUCSON,AZ,official_business_licenses,,,,
standard,STUDIO PICKETT,5203654477,unknown,541310,TUCSON,AZ,official_business_licenses,,,,
standard,MERRY CARNELL SCHLECHT INC,5207217097,unknown,541310,TUCSON,AZ,official_business_licenses,,,,
standard,ARCH WEST PC,5207924613,unknown,541310,SAHUARITA,AZ,official_business_licenses,,,,
standard,BRIGHT DESIGN ASSOCIATES,5205291878,unknown,541310,TUCSON,AZ,official_business_licenses,,,,
standard,SCOTT NEELEY ARCHITECTURE,5203438153,unknown,541310,TUCSON,AZ,official_business_licenses,,,,
standard,JAVED AZHAR ZAIDI,5209095639,unknown,541310,TUCSON,AZ,official_business_licenses,,,,
standard,DK ARCHITECTURE,5206645111,unknown,541310,TUCSON,AZ,official_business_licenses,,,,
standard,ROBINETTE ARCHITECTS INC,5203233979,unknown,541310,TUCSON,AZ,official_business_licenses,,,,
standard,ARCHITECTS STUDIO,5203279036,unknown,541310,TUCSON,AZ,official_business_licenses,,,,
standard,LEGACY LANDSCAPING DESIGN & CONSTRUCTION,5203047676,unknown,541310,TUCSON,AZ,official_business_licenses,,,,
standard,ARCHITECTURAL VISIONS,5207482773,unknown,541310,TUCSON,AZ,official_business_licenses,,,,
standard,WORKER ARCHITECTURE LLC,5206644847,unknown,541310,TUCSON,AZ,official_business_licenses,,,,
standard,SVEN GUNN DESIGNS,5205771515,unknown,541320,TUCSON,AZ,official_business_licenses,,,,
standard,NOVAK ENVIRONMENTAL INC,5202060591,unknown,541320,TUCSON,AZ,official_business_licenses,,,,
standard,GILA LAND SURVEYING,9282005893,unknown,541320,SAN TAN VALLEY,AZ,official_business_licenses,,,,
standard,J2 ENGINEERING & ENVIRONMENTAL DESIGN LLC,6024382221,unknown,541320,PHOENIX,AZ,official_business_licenses,,,,
standard,SKYRIM STUDIO INC,5202759175,unknown,541320,TUCSON,AZ,official_business_licenses,,,,
standard,BE TREE & SEEDLING,5203899948,unknown,541320,TUCSON,AZ,official_business_licenses,,,,
standard,BLOOMING EARTH LLC,5206033245,unknown,541320,TUCSON,AZ,official_business_licenses,,,,
standard,ARCHITECTURE PLANNING & DESIGN,5203601055,unknown,541320,TUCSON,AZ,official_business_licenses,,,,
standard,DESERT SKY LANDSCAPES LLC,5205617479,unknown,541320,TUCSON,AZ,official_business_licenses,,,,
standard,GROW AND GLOW LANDSCAPE LLC,5204332011,unknown,541320,TUCSON,AZ,official_business_licenses,,,,
standard,TUCSON DIRTWORKS LLC,5202377686,unknown,541320,TUCSON,AZ,official_business_licenses,,,,
standard,TERRA DESIGNS INCORPORATED,5208814190,unknown,541320,TUCSON,AZ,official_business_licenses,,,,
standard,PRESENTATION LANDSCAPING LLC,5203395032,unknown,541320,TUCSON,AZ,official_business_licenses,,,,
standard,WERK | URBAN DESIGN,6024299922,unknown,541320,SCOTTSDALE,AZ,official_business_licenses,,,,
standard,BLUE AGAVE LANDSCAPE DESIGN LLC,5205912321,unknown,541320,TUCSON,AZ,official_business_licenses,,,,
standard,SURROUNDINGS STUDIO,5059826454,unknown,541320,TUCSON,AZ,official_business_licenses,,,,
standard,"NORRIS DESIGN-AZ, LLC",5206229565,unknown,541320,TUCSON,AZ,official_business_licenses,,,,
standard,SPEEDIE & ASSOCIATES,5205149411,unknown,541330,PHOENIX,AZ,official_business_licenses,,,,
standard,CROWN ENGINEERING SERVICE,5208848452,unknown,541330,TUCSON,AZ,official_business_licenses,,,,
standard,"GRENIER ENGINEERING, INC",5203267082,unknown,541330,TUCSON,AZ,official_business_licenses,,,,
standard,WESTLAND RESOURCES INCORPORATED,5202069585,unknown,541330,TUCSON,AZ,official_business_licenses,,,,
standard,CAROLLO ENGINEERS INC,5209754625,unknown,541330,PHOENIX,AZ,official_business_licenses,,,,
standard,HALEY & ALDRICH INCORPORATED,5202898600,unknown,541330,TUCSON,AZ,official_business_licenses,,,,
standard,SHIELDING CONSTRUCTION SOLUTIONS INC,5279170661,unknown,541330,TUCSON,AZ,official_business_licenses,,,,
standard,ATEK ENGINEERING CONSULTANTS,5206388142,unknown,541330,TUCSON,AZ,official_business_licenses,,,,
standard,MINTROPY,6306966165,unknown,541330,TUCSON,AZ,official_business_licenses,,,,
standard,CBF ENGINEERING LLC,5207436688,unknown,541330,TUCSON,AZ,official_business_licenses,,,,
standard,MOORADIAN & ASSOCIATES INC,5204402567,unknown,541330,TUCSON,AZ,official_business_licenses,,,,
standard,U&I UTILITY & INDUSTRIAL,5208738454,unknown,541330,TUCSON,AZ,official_business_licenses,,,,
standard,CIVTECH,4806594250,unknown,541330,TUCSON,AZ,official_business_licenses,,,,
standard,RAILSBACK ENGINEERNG,5202501194,unknown,541330,TUCSON,AZ,official_business_licenses,,,,
standard,TOMASSO ENGINEERING,5209550365,unknown,541330,TUCSON,AZ,official_business_licenses,,,,
standard,ARIZONA OPTICAL SYSTEMS LLC,5203347169,unknown,541330,TUCSON,AZ,official_business_licenses,,,,
standard,KC MECHANICAL ENGINEERING LLC,5203277611,unknown,541330,TUCSON,AZ,official_business_licenses,,,,
standard,KENT ENGINEERING ASSOCIATES,5203272086,unknown,541330,TUCSON,AZ,official_business_licenses,,,,
standard,SCHNEIDER & ASSOC STRUCTURAL ENGINEERS,5205128183,unknown,541330,TUCSON,AZ,official_business_licenses,,,,
standard,LOKAHI,4805367150,unknown,541330,SCOTTSDALE,AZ,official_business_licenses,,,,
standard,M3 ENGINEERING & TECHNOLOGY CORPORATION,5202931488,unknown,541330,TUCSON,AZ,official_business_licenses,,,,
standard,MARUM & ASSOCIATES ENGINEERING LLC,5204484440,unknown,541330,TUCSON,AZ,official_business_licenses,,,,
standard,OPTICAL SUPPORT,5205460642,unknown,541330,TUCSON,AZ,official_business_licenses,,,,
standard,BAROSERVICES,5202045377,unknown,541330,TUCSON,AZ,official_business_licenses,,,,
standard,GROUND SUPPORT ENGINEERING LLC,5202419520,unknown,541330,TUCSON,AZ,official_business_licenses,,,,
standard,GLHN ARCHITECTS & ENGINEERS,5208814546,unknown,541330,TUCSON,AZ,official_business_licenses,,,,
standard,LJA ENGINEERING INC,4805716150,unknown,541330,SCOTTSDALE,AZ,official_business_licenses,,,,
standard,ELECTRICAL DESIGN ASSOC,5206222196,unknown,541330,TUCSON,AZ,official_business_licenses,,,,
standard,DAVIDSON ENGINEERING RESOURCES INC,5209779824,unknown,541330,TUCSON,AZ,official_business_licenses,,,,
standard,T AND T ENGINEERING LLC,5209079797,unknown,541330,TUCSON,AZ,official_business_licenses,,,,
standard,"CORONADO ENGINEERING & DEVELOPMENT, INC",5206226041,unknown,541330,TUCSON,AZ,official_business_licenses,,,,
standard,ENERGY SYSTEMS ENGINEERING,5209075722,unknown,541330,TUCSON,AZ,official_business_licenses,,,,
standard,INNOVATE R.E.,5206098080,unknown,541330,TUCSON,AZ,official_business_licenses,,,,
standard,iSX SOLUTIONS,5204038591,unknown,541330,TUCSON,AZ,official_business_licenses,,,,
standard,AVERILL M LAW & ASSOCIATES INCORPORATED,5207956265,unknown,541330,TUCSON,AZ,official_business_licenses,,,,
standard,VIDAL ECG,5203313535,unknown,541330,TUCSON,AZ,official_business_licenses,,,,
standard,MOELLER CONSULTING ENGINEERING,5209077531,unknown,541330,TUCSON,AZ,official_business_licenses,,,,
standard,MONRAD ENGINEERING INC,5208840045,unknown,541330,TUCSON,AZ,official_business_licenses,,,,
standard,ACT ENVIRONMENTAL INC,5207919029,unknown,541330,TUCSON,AZ,official_business_licenses,,,,
standard,HURRICANE ELECTRONICS,5202960669,unknown,541330,TUCSON,AZ,official_business_licenses,,,,
standard,BALDA ELECTRICAL CONSULTING INC,5208863131,unknown,541330,TUCSON,AZ,official_business_licenses,,,,
standard,BAKER & ASSOCIATES ENGINEERING INC,5203181950,unknown,541330,TUCSON,AZ,official_business_licenses,,,,
standard,STRUCTURAL SOLUTIONS INC,5203964669,unknown,541330,TUCSON,AZ,official_business_licenses,,,,
standard,PONDEROSA APPLIED ENGINEERING,5208203741,unknown,541330,TUCSON,AZ,official_business_licenses,,,,
standard,"J.L. FLOREZ, P.E.,R.A.",5207709686,unknown,541330,TUCSON,AZ,official_business_licenses,,,,
standard,YR TECHNOLOGIES,5207319247,unknown,541330,TUCSON,AZ,official_business_licenses,,,,
standard,VESPRO,4803933640,unknown,541330,SCOTTSDALE,AZ,official_business_licenses,,,,
standard,CANFIELD ENGINEERING & INTEGRATION,4805888021,unknown,541330,CHANDLER,AZ,official_business_licenses,,,,
standard,NEXTGEN ENGINEERING INC,5205616467,unknown,541330,TUCSON,AZ,official_business_licenses,,,,
standard,CIVIL & ENVIRONMENTAL CONSULTANTS,6027602324,unknown,541330,PHOENIX,AZ,official_business_licenses,,,,
standard,PROTEX THE PT XPERTS LLC,5203520150,unknown,541330,PHOENIX,AZ,official_business_licenses,,,,
standard,BDE CONSULTING GROUP LLC,5207979510,unknown,541330,TUCSON,AZ,official_business_licenses,,,,
standard,AL NICHOLS ENGINEERING,5207600380,unknown,541330,TUCSON,AZ,official_business_licenses,,,,
standard,EDG WEST INC,5208818896,unknown,541330,TUCSON,AZ,official_business_licenses,,,,
standard,CAES,5209073871,unknown,541330,VAIL,AZ,official_business_licenses,,,,
standard,GREG CARLSON ENGINEERING,5206240070,unknown,541330,TUCSON,AZ,official_business_licenses,,,,
standard,AMERICAN CONSULTING MANAGEMENT,5207410809,unknown,541330,TUCSON,AZ,official_business_licenses,,,,
standard,DARK DRAGON MOTORSPORTS LLC,5202707145,unknown,541330,TUCSON,AZ,official_business_licenses,,,,
standard,STRUCTURAL CONCEPTS INC,5207212324,unknown,541330,TUCSON,AZ,official_business_licenses,,,,
standard,SCHLESINGER CONSULTING ENGINEERING PLLC,5204057353,unknown,541330,TUCSON,AZ,official_business_licenses,,,,
standard,RIPPLE INDUSTRIES LLC,4868182826,unknown,541330,FLORENCE,AZ,official_business_licenses,,,,
standard,BRAZOS GEOTECH INC,5202370750,unknown,541330,TUCSON,AZ,official_business_licenses,,,,
standard,AVIALAN BLUE,2063842235,unknown,541330,TUCSON,AZ,official_business_licenses,,,,
standard,AMERICAN PACIFIC ENGINEERING,5209790000,unknown,541330,TUCSON,AZ,official_business_licenses,,,,
standard,CREATIVE PHOTONICS LLC,5204045990,unknown,541330,TUCSON,AZ,official_business_licenses,,,,
standard,WLB GROUP INC,5208817480,unknown,541330,TUCSON,AZ,official_business_licenses,,,,
standard,QUALITY ENGINEERING,4804427650,unknown,541330,TUCSON,AZ,official_business_licenses,,,,
standard,ANANTAM AQUAPONICS LLC,5204379636,unknown,541330,TUCSON,AZ,official_business_licenses,,,,
standard,JAS ENGINEERING,5203907920,unknown,541330,TUCSON,AZ,official_business_licenses,,,,
standard,M ESPARZA ENGINEERNG LLC,5202073358,unknown,541330,TUCSON,AZ,official_business_licenses,,,,
standard,SOUTHWEST CONSULTING ENGINEERING,5202412621,unknown,541330,TUCSON,AZ,official_business_licenses,,,,
standard,TURNER STRUCTURAL ENGINEERING,5203233422,unknown,541330,TUCSON,AZ,official_business_licenses,,,,
standard,MOEWYN ENGINEERS,5204038295,unknown,541330,TUCSON,AZ,official_business_licenses,,,,
standard,TALAVERA ENGINEERING AND CONSTRUCTION,5206283654,unknown,541330,TUCSON,AZ,official_business_licenses,,,,
standard,BURGESS & NIPLE,6022448100,unknown,541330,TEMPE,AZ,official_business_licenses,,,,
standard,C12 ADVANCED TECHNOLOGIES,2067958925,unknown,541330,TUCSON,AZ,official_business_licenses,,,,
standard,"MUIR CONSULTING, LLC",5202481230,unknown,541330,TUCSON,AZ,official_business_licenses,,,,
standard,JOAQUIN SOLIS ENGINEERING LLC,5204378218,unknown,541330,ELFRIDA,AZ,official_business_licenses,,,,
standard,PALMER ENGINEERS INC,5203264331,unknown,541330,TUCSON,AZ,official_business_licenses,,,,
standard,VACUUM ENGINEERING RESOURCES LLC,5208344528,unknown,541330,TUCSON,AZ,official_business_licenses,,,,
standard,JAC ENTERPRISES,5207419342,unknown,541330,TUCSON,AZ,official_business_licenses,,,,
standard,CPE CONSULTANTS LLC,5205457001,unknown,541330,TUCSON,AZ,official_business_licenses,,,,
standard,PROCESS CONTROL AND ENGINEERING LLC,5208496021,unknown,541330,TUCSON,AZ,official_business_licenses,,,,
standard,PH MECHANICAL ENGINEERING,5207312060,unknown,541330,TUCSON,AZ,official_business_licenses,,,,
standard,OLSSON INC,6027481000,unknown,541330,PHOENIX,AZ,official_business_licenses,,,,
standard,ACME SERVICES LLC,5204710809,unknown,541330,TUCSON,AZ,official_business_licenses,,,,
standard,JEFF ANDERSON,5202969083,unknown,541330,TUCSON,AZ,official_business_licenses,,,,
standard,HYDE JOEL DANIEL,5204883587,unknown,541330,TUCSON,AZ,official_business_licenses,,,,
standard,SPLIT ENGINEERING L L C,5203273773,unknown,541330,TUCSON,AZ,official_business_licenses,,,,
standard,ADVANCED TECHNOLOGY & ENGINEERING,5206037190,unknown,541330,TUCSON,AZ,official_business_licenses,,,,
standard,PRESIDIO ENGINEERING,5207957255,unknown,541330,TUCSON,AZ,official_business_licenses,,,,
standard,RAYEM INC,5204813439,unknown,541330,TUCSON,AZ,official_business_licenses,,,,
standard,RESIDENTIAL AND RENOVATION ENGINEERING,5202323870,unknown,541330,TUCSON,AZ,official_business_licenses,,,,
standard,MCGANN & ASSOCIATES,5202979540,unknown,541330,TUCSON,AZ,official_business_licenses,,,,
standard,COPPER STATE TELEMETRY,5202566543,unknown,541330,TUCSON,AZ,official_business_licenses,,,,
standard,GSV CONTROLS,5203428453,unknown,541330,TUCSON,AZ,official_business_licenses,,,,
standard,CMG DRAINAGE ENGINEERING INC,5208824244,unknown,541330,TUCSON,AZ,official_business_licenses,,,,
standard,TRICORD ENGINEERING LLC,5209904541,unknown,541330,TUCSON,AZ,official_business_licenses,,,,
standard,"Engineering Technology & Consulting, Inc",5053858035,unknown,541330 541340,Mesa,AZ,official_business_licenses,,,,
standard,KODYNE TECHNOLOGIES LLC,3314311556,unknown,"541330, 335314",Mesa,AZ,official_business_licenses,,,,
standard,"Engineering Alliance, Inc.",4803659930,unknown,"541330, 541370",Mesa,AZ,official_business_licenses,,,,
standard,LEGEND TECHNICAL SERVICES,5203271234,unknown,541340,PHOENIX,AZ,official_business_licenses,,,,
standard,THE CAMPING COMPANIES,6028647860,unknown,541340,PHOENIX,AZ,official_business_licenses,,,,
standard,REAL IMAGES,5209906784,unknown,541340,TUCSON,AZ,official_business_licenses,,,,
standard,WORDWORKS,5205461678,unknown,541340,TUCSON,AZ,official_business_licenses,,,,
standard,CASORLA TRUCKING & ASSOCIATES,5203444340,unknown,541340,MARANA,AZ,official_business_licenses,,,,
standard,DAVE'S CLEAR WAVES POOL SERVICE,5207221615,unknown,541340,SAHUARITA,AZ,official_business_licenses,,,,
standard,A-PROFESSIONAL ANSWERING SERVICE,5208880040,unknown,541340,TUCSON,AZ,official_business_licenses,,,,
standard,OHARA PROMOTIONS,5203260755,unknown,541340,TUCSON,AZ,official_business_licenses,,,,
standard,CALL 24,5205440110,unknown,541340,TUCSON,AZ,official_business_licenses,,,,
standard,AAA POOL SERVICE OF TUCSON,5202984713,unknown,541340,TUCSON,AZ,official_business_licenses,,,,
standard,M&K ENTERPRISES,5207470525,unknown,541340,TUCSON,AZ,official_business_licenses,,,,
standard,SAFETY ASSOCIATES,5208862216,unknown,541340,TUCSON,AZ,official_business_licenses,,,,
standard,ROADRUNNER BUSINESS CREATIONS,5209081820,unknown,541340,TUCSON,AZ,official_business_licenses,,,,
standard,OPUS ONE,5203240494,unknown,541340,TUCSON,AZ,official_business_licenses,,,,
standard,IDS MARKETING & DESIGN LLC,5207841677,unknown,541340,TUCSON,AZ,official_business_licenses,,,,
standard,MODERN RECOVERY & REMARKETING LLC,5208824599,unknown,541340,TUCSON,AZ,official_business_licenses,,,,
standard,KAY ROSS & ASSOCIATES,5205466455,unknown,541340,TUCSON,AZ,official_business_licenses,,,,
standard,RUDA OPTICAL INC,5205461495,unknown,541340,TUCSON,AZ,official_business_licenses,,,,
standard,LOSEY GRAPHIC DESIGN,6082257000,unknown,541340,TUCSON,AZ,official_business_licenses,,,,
standard,BETSY DUNLAP CALLIGRAPHY,5203072352,unknown,541340,TUCSON,AZ,official_business_licenses,,,,
standard,OLEG'S REPAIR,5202454422,unknown,541340,VAIL,AZ,official_business_licenses,,,,
standard,JMR RESIDENTIAL DRAFTING,5208694879,unknown,541340,TUCSON,AZ,official_business_licenses,,,,
standard,NICOLE BARON DESIGNS,5209770709,unknown,541340,TUCSON,AZ,official_business_licenses,,,,
standard,JARDEE DRAFTING & DESIGN,5203256121,unknown,541340,TUCSON,AZ,official_business_licenses,,,,
standard,RED BARK DESIGN,5202616026,unknown,541340,TUCSON,AZ,official_business_licenses,,,,
standard,SOUTHERN ARIZONA TESTING,5202727070,unknown,541340,TUCSON,AZ,official_business_licenses,,,,
standard,WC COX & CO,5207921393,unknown,541340,TUCSON,AZ,official_business_licenses,,,,
standard,CLEARWATER POOL SERVICE,5202411487,unknown,541340,TUCSON,AZ,official_business_licenses,,,,
standard,QUALITY STEAM INC,5208891269,unknown,541340,TUCSON,AZ,official_business_licenses,,,,
standard,PEAK MANAGEMENT INC,5206233762,unknown,541340,TUCSON,AZ,official_business_licenses,,,,
standard,A LA CARTE TRANSLATIONS,5204010668,unknown,541340,TUCSON,AZ,official_business_licenses,,,,
standard,DOUBLE T SIGNS INCORPORATED,5207500189,unknown,541340,TUCSON,AZ,official_business_licenses,,,,
standard,SAGUARO EMERGENCY MEDICAL,5203900841,unknown,541340,TUCSON,AZ,official_business_licenses,,,,
standard,BLUE RIBBON POOL SERVICE,5204051087,unknown,541340,TUCSON,AZ,official_business_licenses,,,,
standard,MARTINS DRAFTING,5209751194,unknown,541340,TUCSON,AZ,official_business_licenses,,,,
standard,MULTIVISTA ARIZONA,5203181197,unknown,541340,TUCSON,AZ,official_business_licenses,,,,
standard,THIM UTILITY COMPANY,5206235172,unknown,541340,TUCSON,AZ,official_business_licenses,,,,
standard,WESTERN MAPPING COMPANY,5203257767,unknown,541340,TUCSON,AZ,official_business_licenses,,,,
standard,ARIZONA AUTO LICENSE,5207776553,unknown,541340,TUCSON,AZ,official_business_licenses,,,,
standard,ARIZONA AUTO LICENSE,5202962027,unknown,541340,TUCSON,AZ,official_business_licenses,,,,
standard,ARIZONA AUTO LICENSE,5202942484,unknown,541340,TUCSON,AZ,official_business_licenses,,,,
standard,ARIZONA AUTO LICENSE,5207708625,unknown,541340,TUCSON,AZ,official_business_licenses,,,,
standard,MAGNA INVESTMENT & DEVELOPMENT,5205469010,unknown,541340,TUCSON,AZ,official_business_licenses,,,,
standard,CHAMELEON FACEPAINTING,5202472451,unknown,541340,TUCSON,AZ,official_business_licenses,,,,
standard,PARLANCE,5207973561,unknown,541340,TUCSON,AZ,official_business_licenses,,,,
standard,CSI,5207453672,unknown,541340,TUCSON,AZ,official_business_licenses,,,,
standard,ELITE CUSTOMS DESIGNED LLC,5203030868,unknown,541340,TUCSON,AZ,official_business_licenses,,,,
standard,DESERT WOLF DRAFTING & DESIGN,5208507600,unknown,541340,TUCSON,AZ,official_business_licenses,,,,
standard,3D LINES DRAFTING & DESIGN,5209758663,unknown,541340,TUCSON,AZ,official_business_licenses,,,,
standard,EZ-MOVING,5203044066,unknown,541340,TUCSON,AZ,official_business_licenses,,,,
standard,ANTELOPE SPRING PRODUCTIONS,5206314397,unknown,541340,TUCSON,AZ,official_business_licenses,,,,
standard,TANGO INTERNATIONAL INC,5206170977,unknown,541340,TUCSON,AZ,official_business_licenses,,,,
standard,ASSOCIATES IN GRAPHIC ART,5207439971,unknown,541340,TUCSON,AZ,official_business_licenses,,,,
standard,JE GOURLEY & ASSOCIATES,5202987022,unknown,541340,TUCSON,AZ,official_business_licenses,,,,
standard,SPRECK INTERACTIVE,5204906021,unknown,541340,TUCSON,AZ,official_business_licenses,,,,
standard,SOUTHWEST FUEL CARE LLC,5202988047,unknown,541340,TUCSON,AZ,official_business_licenses,,,,
standard,POWWOW INC,5207954018,unknown,541340,TUCSON,AZ,official_business_licenses,,,,
standard,AUTOMATED PRESORT SERVICES INC,5207455582,unknown,541340,TUCSON,AZ,official_business_licenses,,,,
standard,MY BLOCK PRODUCTIONS,4809809071,unknown,541340,PHOENIX,AZ,official_business_licenses,,,,
standard,JOSE H OLIVA,5206651220,unknown,541340,TUCSON,AZ,official_business_licenses,,,,
standard,STEEL LINES LLC,5207304645,unknown,541340,TUCSON,AZ,official_business_licenses,,,,
standard,CANADA DIRECT LLC,5203233311,unknown,541340,TUCSON,AZ,official_business_licenses,,,,
standard,DIAMOND STAR POLYGRAPH SERVICES,5204194170,unknown,541340,TUCSON,AZ,official_business_licenses,,,,
standard,DESERT ECHO INTERPRETING,5209067224,unknown,541340,TUCSON,AZ,official_business_licenses,,,,
standard,QUALITY THIN SECTIONS,5208849935,unknown,541340,TUCSON,AZ,official_business_licenses,,,,
standard,ANDERSON DESIGN,5202909004,unknown,541340,TUCSON,AZ,official_business_licenses,,,,
standard,GODAT DESIGN INCORPORATED,5206206337,unknown,541340,TUCSON,AZ,official_business_licenses,,,,
standard,FIRE SECURITY CONSULTING LLC,5203220882,unknown,541340,TUCSON,AZ,official_business_licenses,,,,
standard,BANKERS TITLE SERVICE,5208811280,unknown,541340,TUCSON,AZ,official_business_licenses,,,,
standard,JEREMY SNAVELY CONSULTING,5202700761,unknown,541340,TUCSON,AZ,official_business_licenses,,,,
standard,RTR & ASSOCIATES,5209778691,unknown,541340,TUCSON,AZ,official_business_licenses,,,,
standard,JC DESIGN AND DRAFTING LLC,5209095461,unknown,541340,TUCSON,AZ,official_business_licenses,,,,
standard,DESIGN & CONSTRUCTION DOCUMENTS,7867797777,unknown,541340,TUCSON,AZ,official_business_licenses,,,,
standard,MERIT TRANSCRIPTION,5209918990,unknown,541340,TUCSON,AZ,official_business_licenses,,,,
standard,DESTINATION & CONFERENCE SERVICES,5205775872,unknown,541340,TUCSON,AZ,official_business_licenses,,,,
standard,APPLIED CAD TECHNOLOGIES LLC,5204440101,unknown,541340,TUCSON,AZ,official_business_licenses,,,,
standard,ACCU TAX,5203907078,unknown,541340,TUCSON,AZ,official_business_licenses,,,,
standard,CIRCUIT GRAPHICS,5206037478,unknown,541340,TUCSON,AZ,official_business_licenses,,,,
standard,MCA DESIGNS,5202352922,unknown,541340,TUCSON,AZ,official_business_licenses,,,,
standard,JLV ENTERPRISES,5207420537,unknown,541340,TUCSON,AZ,official_business_licenses,,,,
standard,DESIGN RESULTS BY WAID,5206904440,unknown,541340,TUCSON,AZ,official_business_licenses,,,,
standard,OLD PUEBLO MINIATURES,5202781979,unknown,541340,TUCSON,AZ,official_business_licenses,,,,
standard,GREEN RAINBOW GRAPHICS,5209907672,unknown,541340,SELLS,AZ,official_business_licenses,,,,
standard,KREATIVE DESIGNS,5203272242,unknown,541340,TUCSON,AZ,official_business_licenses,,,,
standard,A PERMANENT CHOICE,5202458194,unknown,541340,TUCSON,AZ,official_business_licenses,,,,
standard,DESART STUDIOS,5206828488,unknown,541340,TUCSON,AZ,official_business_licenses,,,,
standard,BURR GRAPHIC DESIGN,5209076350,unknown,541340,TUCSON,AZ,official_business_licenses,,,,
standard,ARIZONA COMMERCIAL DIVING SERVICES INC,5207492163,unknown,541340,TUCSON,AZ,official_business_licenses,,,,
standard,REAL PROPERTY INFORMATION,5207212472,unknown,541340,TUCSON,AZ,official_business_licenses,,,,
standard,HERMOSA LANDSCAPE DESIGN,5204448799,unknown,541340,TUCSON,AZ,official_business_licenses,,,,
standard,SIMMONS HOME DESIGNS INC,5207221825,unknown,541340,TUCSON,AZ,official_business_licenses,,,,
standard,BERNADETTE A DWYER,5207976625,unknown,541340,TUCSON,AZ,official_business_licenses,,,,
standard,DOCUMENTOS Y MAS,5205735894,unknown,541340,TUCSON,AZ,official_business_licenses,,,,
standard,CACTUS RESEARCH,5207772770,unknown,541340,TUCSON,AZ,official_business_licenses,,,,
standard,KEEPER POOL SERVICE,5209811990,unknown,541340,TUCSON,AZ,official_business_licenses,,,,
standard,INFORMATION MANAGING SYSTEM,5207224741,unknown,541340,TUCSON,AZ,official_business_licenses,,,,
standard,CREDENTIALING ASSISTANCE,5208873056,unknown,541340,TUCSON,AZ,official_business_licenses,,,,
standard,ANCHOR WAVE DIGITAL MARKETING AGENCY,+15206223731,,541340,TUCSON,AZ,adapter:official_business_licenses,,,,
standard,ACRC/ARIZONA CLINICAL RESEARCH CENTER,+15202902510,,541340,TUCSON,AZ,adapter:official_business_licenses,,,,
standard,LEAK MASTERS,5209719960,unknown,541350,TUCSON,AZ,official_business_licenses,,,,
standard,AZUL MOLD INSPECTIONS,5206230476,unknown,541350,TUCSON,AZ,official_business_licenses,,,,
standard,A BASIC HOME INSPECTION LLC,5204005089,unknown,541350,TUCSON,AZ,official_business_licenses,,,,
standard,ENERGY MANAGEMENT,5203024636,unknown,541350,TUCSON,AZ,official_business_licenses,,,,
standard,INSPECTOR TACKETT,5207347304,unknown,541350,TUCSON,AZ,official_business_licenses,,,,
standard,UNIQUE HOME INSPECTIONS,5207903434,unknown,541350,TUCSON,AZ,official_business_licenses,,,,
standard,PREFERRED LANDMARK HOME SERVICES,5204996033,unknown,541350,GREEN VALLEY,AZ,official_business_licenses,,,,
standard,ON TYME HOME INSPECTIONS,5204052684,unknown,541350,TUCSON,AZ,official_business_licenses,,,,
standard,PRIDE PROPERTY INSPECTIONS,5209079335,unknown,541350,TUCSON,AZ,official_business_licenses,,,,
standard,M V I PREMIER,2483769767,unknown,541350,VAIL,AZ,official_business_licenses,,,,
standard,1ST AZ HOME INSPECTIONS,5207800340,unknown,541350,TUCSON,AZ,official_business_licenses,,,,
standard,A CLOSER LOOK REAL ESTATE INSPECTIONS,5206820598,unknown,541350,CORTARO,AZ,official_business_licenses,,,,
standard,SECOND OPINION HOME INSPECTIONS,5204812045,unknown,541350,TUCSON,AZ,official_business_licenses,,,,
standard,FREE BIRD RV LLC,+18339737878,,541350,MARANA,AZ,adapter:official_business_licenses,,,,
standard,PUTT LAND SURVEYING,5207908373,unknown,541360,TUCSON,AZ,official_business_licenses,,,,
standard,SETTLEMEYER LLC,5205120666,unknown,541360,TUCSON,AZ,official_business_licenses,,,,
standard,VAN WAGENEN SURVEYING,5202501521,unknown,541360,GREEN VALLEY,AZ,official_business_licenses,,,,
standard,DARLING ENVIRONMENTAL & SURVEYING LTD,5202982725,unknown,541360,TUCSON,AZ,official_business_licenses,,,,
standard,MORRIS SURVEYING PLLC,5208613378,unknown,541360,TUCSON,AZ,official_business_licenses,,,,
standard,STATEWIDE LAND SURVEYING,5204051811,unknown,541360,TUCSON,AZ,official_business_licenses,,,,
standard,ARIZONA DIGITAL MAPPING,5209794235,unknown,541360,TUCSON,AZ,official_business_licenses,,,,
standard,VERDAD GROUP LLC,+15207438553,,541360,TUCSON,AZ,adapter:official_business_licenses,,,,
standard,ASHBY SURVEYING & DRAFTING INC,5203251991,unknown,541370,TUCSON,AZ,official_business_licenses,,,,
standard,COOPER AERIAL SURVEY COMPANY,6026785111,unknown,541370,PHOENIX,AZ,official_business_licenses,,,,
standard,TERRASYSTEMS SOUTHWEST INC,5209908366,unknown,541370,TUCSON,AZ,official_business_licenses,,,,
standard,BULLZEYE LAND SURVEYING,5203706803,unknown,541370,TUCSON,AZ,official_business_licenses,,,,
standard,AZ BUSINESS VIEW,5208227972,unknown,541370,MARANA,AZ,official_business_licenses,,,,
standard,EVERETT TRUEBLOOD LAND SURVEYING,5208882549,unknown,541370,TUCSON,AZ,official_business_licenses,,,,
standard,POLARIS UNDERGROUND LLC,5202691240,unknown,541370,TUCSON,AZ,official_business_licenses,,,,
standard,RES LAND SURVEYS INCORPORATED,5206241142,unknown,541370,TUCSON,AZ,official_business_licenses,,,,
standard,MERIDIAN SURVEYING & DEVELOPMENT,5203256990,unknown,541370,TUCSON,AZ,official_business_licenses,,,,
standard,TLM LAND AND LEGAL CONSULTING LLC,5206223800,unknown,541370,TUCSON,AZ,official_business_licenses,,,,
standard,JD REYES SURVEY LLC,5203076080,unknown,541370,SAHUARITA,AZ,official_business_licenses,,,,
standard,SIGMA GEOSPATIAL,5209754675,unknown,541370,TUCSON,AZ,official_business_licenses,,,,
standard,FIBERQUANT INC,6022766139,unknown,541380,PHOENIX,AZ,official_business_licenses,,,,
standard,HEMP BIOSCIENCES INC,5202788890,unknown,541380,TUCSON,AZ,official_business_licenses,,,,
standard,"OPTICAL DATA ASSOCIATES, LLC",5207487333,unknown,541380,TUCSON,AZ,official_business_licenses,,,,
standard,FREEPORT-MCMORAN TECH CENTER,5202296500,unknown,541380,TUCSON,AZ,official_business_licenses,,,,
standard,SUSTAINABLE AG PRODUCTS LLC,5204908273,unknown,541380,TUCSON,AZ,official_business_licenses,,,,
standard,NMIC,5203009272,unknown,541380,TUCSON,AZ,official_business_licenses,,,,
standard,SOUTHWEST DRUG TESTING AND CREDENTIALING LLC,5204658367,unknown,541380,TUCSON,AZ,official_business_licenses,,,,
standard,QED WIND POWER LLC,7406013959,unknown,541380,TUCSON,AZ,official_business_licenses,,,,
standard,ENVIRONMENTAL CONSULTING SERVICES INC,+18005116364,,541380,PHOENIX,AZ,adapter:official_business_licenses,,,,
standard,NICOLE NELSON INTERIOR DESIGN,5207436449,unknown,541410,MARANA,AZ,official_business_licenses,,,,
standard,BNL DESIGN STUDIO,5202721651,unknown,541410,TUCSON,AZ,official_business_licenses,,,,
standard,INNERSPACE DESIGN,5209907523,unknown,541410,TUCSON,AZ,official_business_licenses,,,,
standard,STUDIO AGES,9082468359,unknown,541410,TUCSON,AZ,official_business_licenses,,,,
standard,SUSAN OTHICK INTERIOR DESIGN,5204017246,unknown,541410,TUCSON,AZ,official_business_licenses,,,,
standard,LMF STUDIOS,5202785881,unknown,541410,TUCSON,AZ,official_business_licenses,,,,
standard,DRACHMAN HOUSE INTERIORS,5204651889,unknown,541410,TUCSON,AZ,official_business_licenses,,,,
standard,DREAM DECORATIONS,5202700204,unknown,541410,TUCSON,AZ,official_business_licenses,,,,
standard,ARCH DESIGN,5204056661,unknown,541410,TUBAC,AZ,official_business_licenses,,,,
standard,CAF DESIGNS,5204009938,unknown,541410,TUCSON,AZ,official_business_licenses,,,,
standard,FINE ART INTERIORS LLC,5209752947,unknown,541410,TUCSON,AZ,official_business_licenses,,,,
standard,MCA CONSULTING,5204191618,unknown,541410,ORO VALLEY,AZ,official_business_licenses,,,,
standard,MOOD BOARD,5209812723,unknown,541410,TUCSON,AZ,official_business_licenses,,,,
standard,PLANIT OFFICE CONCEPTS INC,9152271763,unknown,541410,TUCSON,AZ,official_business_licenses,,,,
standard,PEAR TREE HOUSE,5207305253,unknown,541410,TUCSON,AZ,official_business_licenses,,,,
standard,MIMI P AMOS,5203704212,unknown,541410,TUCSON,AZ,official_business_licenses,,,,
standard,MULHOLLAND ART & DESIGN,5203272437,unknown,541410,TUCSON,AZ,official_business_licenses,,,,
standard,INTERIORS IN DESIGN LLC,5202699226,unknown,541410,TUCSON,AZ,official_business_licenses,,,,
standard,COLOR ROOM DESIGN LLC,5206074174,unknown,541410,TUCSON,AZ,official_business_licenses,,,,
standard,D&S CUSTOM CREATIONS,5206642261,unknown,541410,TUCSON,AZ,official_business_licenses,,,,
standard,SUMMER LEIGH SPASOVSKI,5204743772,unknown,541410,TUCSON,AZ,official_business_licenses,,,,
standard,REN'S INTERIOR DESIGNS,5204055669,unknown,541410,TUCSON,AZ,official_business_licenses,,,,
standard,EMBELLISH LLC,5205125200,unknown,541410,TUCSON,AZ,official_business_licenses,,,,
standard,AMANDA WOOD LLC,5204449915,unknown,541410,TUCSON,AZ,official_business_licenses,,,,
standard,BLACKTHORN VISUALS,5205604588,unknown,541410,TUCSON,AZ,official_business_licenses,,,,
standard,JULIE LOPEZ DESIGNS LLC,5209778819,unknown,541410,TUCSON,AZ,official_business_licenses,,,,
standard,SONORAN SOWN,5054901649,unknown,541410,TUCSON,AZ,official_business_licenses,,,,
standard,STABILE LLC,7542015278,unknown,541410,TUCSON,AZ,official_business_licenses,,,,
standard,DESIGNIMATION/MC ALEAMONI,5202975110,unknown,541410,TUCSON,AZ,official_business_licenses,,,,
standard,SYLVIA DREW DESIGNS,5203315544,unknown,541410,TUCSON,AZ,official_business_licenses,,,,
standard,LAND INTERIOR AND RENOVATION,5205347965,unknown,541410,TUCSON,AZ,official_business_licenses,,,,
standard,PJD DESIGNS,5203603603,unknown,541410,TUCSON,AZ,official_business_licenses,,,,
standard,LAYNE WADE LLC,5202893751,unknown,541410,TUCSON,AZ,official_business_licenses,,,,
standard,LIDDA DESIGN LLC,5208911130,unknown,541410,TUCSON,AZ,official_business_licenses,,,,
standard,TUCSON YARD SOLUTIONS,5206092409,unknown,541410,TUCSON,AZ,official_business_licenses,,,,
standard,SOLD BY DESIGN,5209070624,unknown,541410,TUCSON,AZ,official_business_licenses,,,,
standard,MARGARITA DESIGNS LLC,5203104790,unknown,541410,MARANA,AZ,official_business_licenses,,,,
standard,CREATIVE EXPRESSIONS FINE ARTS,5209904670,unknown,541410,TUCSON,AZ,official_business_licenses,,,,
standard,HEY KID,5206585070,unknown,541410,TUCSON,AZ,official_business_licenses,,,,
standard,MADELEINE BOOS ARCHITECTURE + INTERIORS,5204075592,unknown,541410,TUCSON,AZ,official_business_licenses,,,,
standard,GH INTERIORS LLC,5202455789,unknown,541410,TUCSON,AZ,official_business_licenses,,,,
standard,SJD STYLE LLC,5207220395,unknown,541410,TUCSON,AZ,official_business_licenses,,,,
standard,SKYLINE DESIGN STUDIO,5204907754,unknown,541410,TUCSON,AZ,official_business_licenses,,,,
standard,ALEXIS GRACE FLORALS,5202402609,unknown,541410,TUCSON,AZ,official_business_licenses,,,,
standard,DESIGN AWARENESS,5204908025,unknown,541410,TUCSON,AZ,official_business_licenses,,,,
standard,MICHAEL ALBERS INTERIORS,5208919911,unknown,541410,TUCSON,AZ,official_business_licenses,,,,
standard,TANGENT DESIGN STUDIO LLC,5203075096,unknown,541410,TUCSON,AZ,official_business_licenses,,,,
standard,CREATIVE STAGING & RE-DESIGN LLC,5203367097,unknown,541410,TUCSON,AZ,official_business_licenses,,,,
standard,FISCHER DESIGN STUDIO,5209095217,unknown,541410,TUCSON,AZ,official_business_licenses,,,,
standard,W INTERIOR DESIGN,5203903706,unknown,541410,TUCSON,AZ,official_business_licenses,,,,
standard,ARRANGE TO SUCCEED INC,5209903983,unknown,541410,TUCSON,AZ,official_business_licenses,,,,
standard,LIVING BY DESIGN,5202371659,unknown,541410,TUCSON,AZ,official_business_licenses,,,,
standard,HUE-VENTFUL,5209060264,unknown,541410,TUCSON,AZ,official_business_licenses,,,,
standard,MATHOT INTERIORS,5205771359,unknown,541410,TUCSON,AZ,official_business_licenses,,,,
standard,SACRED STRUCTURE LLC,5208503401,unknown,541410,TUCSON,AZ,official_business_licenses,,,,
standard,MARC'S NEW WEST DESIGN INTERIORS INC,5203220930,unknown,541410,TUCSON,AZ,official_business_licenses,,,,
standard,MJM,5204909478,unknown,541410,TUCSON,AZ,official_business_licenses,,,,
standard,JVANRAAY DESIGNS,5209770642,unknown,541410,TUCSON,AZ,official_business_licenses,,,,
standard,NZ DESIGNS LLC,5203904437,unknown,541410,TUCSON,AZ,official_business_licenses,,,,
standard,MILLER JOHNSON STUDIO,6179098317,unknown,541410,TUCSON,AZ,official_business_licenses,,,,
standard,STUDIO LIGHT SPACE,7178088273,unknown,541410,TUCSON,AZ,official_business_licenses,,,,
standard,CONTENTS DESIGN GROUP LLC,5204048556,unknown,541410,TUCSON,AZ,official_business_licenses,,,,
standard,MICHELLE KRZYZANOWSKI DESIGN & PROJECT MANAGE,5204033356,unknown,541410,TUCSON,AZ,official_business_licenses,,,,
standard,SNOWY CACTUS TILE & DESIGN LLC,5054278956,unknown,541410,TUCSON,AZ,official_business_licenses,,,,
standard,KLOOS HOME DESIGNS,5203041001,unknown,541410,TUCSON,AZ,official_business_licenses,,,,
standard,ELEVATED INTERIORS AZ,5209794536,unknown,541410,TUCSON,AZ,official_business_licenses,,,,
standard,MCCARTNEY DESIGN,5203122501,unknown,541410,TUCSON,AZ,official_business_licenses,,,,
standard,KARLA SMITH & COMPANY,5202351006,unknown,541410,TUCSON,AZ,official_business_licenses,,,,
standard,INDIGO INTERIORS,2816868887,unknown,541410,TUCSON,AZ,official_business_licenses,,,,
standard,TREE HOUSE DESIGN GROUP LLC,5209039703,unknown,541410,TUCSON,AZ,official_business_licenses,,,,
standard,BRICK STUDIO INTERIORS LLC,5204191777,unknown,541410,TUCSON,AZ,official_business_licenses,,,,
standard,GOEBEL DESIGN GROUP LLC,5203236620,unknown,541410,TUCSON,AZ,official_business_licenses,,,,
standard,RANDY DAVIDSON DESIGNS LLC,+15209777019,,541410,TUCSON,AZ,adapter:official_business_licenses,,,,
standard,MERDEKA STUDIOS,5203434046,unknown,541430,TUCSON,AZ,official_business_licenses,,,,
standard,NIKI GLEN STUDIOS,6026909399,unknown,541430,TUCSON,AZ,official_business_licenses,,,,
standard,LYNNE M EAST GRAPHIC DESIGN STUDIO,5208899910,unknown,541430,TUCSON,AZ,official_business_licenses,,,,
standard,FRACTURED CURIO,5202501741,unknown,541430,TUCSON,AZ,official_business_licenses,,,,
standard,NARROWCAST DIGITAL LLC,7022506458,unknown,541430,TUCSON,AZ,official_business_licenses,,,,
standard,OA DESIGNS,4802283547,unknown,541430,TUCSON,AZ,official_business_licenses,,,,
standard,COLORTEKS,5207983200,unknown,541430,TUCSON,AZ,official_business_licenses,,,,
standard,LOGIC RENDER,5209799628,unknown,541430,TUCSON,AZ,official_business_licenses,,,,
standard,MONIQUE MYNLIEFF,5202562391,unknown,541430,TUCSON,AZ,official_business_licenses,,,,
standard,TYPES,5204040450,unknown,541430,TUCSON,AZ,official_business_licenses,,,,
standard,VJB ENTERPRISE,5207475957,unknown,541430,TUCSON,AZ,official_business_licenses,,,,
standard,PARSONS DESIGN,5204035411,unknown,541430,TUCSON,AZ,official_business_licenses,,,,
standard,TOMLINSON MARKETING AND DESIGN LLC,5204030368,unknown,541430,TUCSON,AZ,official_business_licenses,,,,
standard,PS PHILOSOFIA DESIGN,5208911731,unknown,541430,TUCSON,AZ,official_business_licenses,,,,
standard,STICKER CAT STUDIOS,5202084987,unknown,541430,TUCSON,AZ,official_business_licenses,,,,
standard,THERESA REINDL BINGHAM,5208917439,unknown,541430,TUCSON,AZ,official_business_licenses,,,,
standard,WESTERN SKY COMMUNICATION,5206901888,unknown,541430,TUCSON,AZ,official_business_licenses,,,,
standard,DAGREETINGS,3033581788,unknown,541430,TUCSON,AZ,official_business_licenses,,,,
standard,ADELA ANTOINETTE ART,5207808944,unknown,541430,TUCSON,AZ,official_business_licenses,,,,
standard,RAVEN'S EYE DESIGN LLC,5202415494,unknown,541430,TUCSON,AZ,official_business_licenses,,,,
standard,COPPER STATE GRAPHICS,5204406124,unknown,541430,TUCSON,AZ,official_business_licenses,,,,
standard,CREATIVA,5202250017,unknown,541430,TUCSON,AZ,official_business_licenses,,,,
standard,ALBERT L GONZALES,5207777112,unknown,541430,TUCSON,AZ,official_business_licenses,,,,
standard,BLAND,2039800730,unknown,541430,TUCSON,AZ,official_business_licenses,,,,
standard,DESIGN AND SIGN COMPANY INC,5203045893,unknown,541430,TUCSON,AZ,official_business_licenses,,,,
standard,EYELINK DESIGN SERVICES,5207481740,unknown,541430,TUCSON,AZ,official_business_licenses,,,,
standard,THREAD IT ON,5208820164,unknown,541430,TUCSON,AZ,official_business_licenses,,,,
standard,DG ARTWORK LLC,5203705401,unknown,541430,TUCSON,AZ,official_business_licenses,,,,
standard,SHOP FLETCHER AND COMPANY,5204778120,unknown,541430,TUCSON,AZ,official_business_licenses,,,,
standard,LORI LIEBER GRAPHIC DESIGN INC,5208844268,unknown,541430,TUCSON,AZ,official_business_licenses,,,,
standard,LIMABEAN STUDIO,5203126449,unknown,541430,TUCSON,AZ,official_business_licenses,,,,
standard,METRO SIGNARAMA,6009976362,unknown,541430,PHOENIX,AZ,official_business_licenses,,,,
standard,BDESIGN,5203051855,unknown,541430,TUCSON,AZ,official_business_licenses,,,,
standard,SAVAGE SWAN MEDIA LLC,5709060225,unknown,541430,TUCSON,AZ,official_business_licenses,,,,
standard,JLEWERS DESIGN LLC,5202613420,unknown,541430,TUCSON,AZ,official_business_licenses,,,,
standard,FRESH PRINTS AZ,5203071404,unknown,541430,TUCSON,AZ,official_business_licenses,,,,
standard,WESTECH GRAPHICS INC,5203214655,unknown,541430,TUCSON,AZ,official_business_licenses,,,,
standard,VAN GILDER & ASSOCIATES,5202899576,unknown,541430,TUCSON,AZ,official_business_licenses,,,,
standard,REGOLE DESIGN INC,5206249577,unknown,541430,TUCSON,AZ,official_business_licenses,,,,
standard,26 POINT 2 DESIGNS LLC,5202456564,unknown,541430,TUCSON,AZ,official_business_licenses,,,,
standard,RACHEL SIMPSON MEDIA,5208691161,unknown,541430,VAIL,AZ,official_business_licenses,,,,
standard,GREAT PROJECTIONS INC,5208895353,unknown,541430,TUCSON,AZ,official_business_licenses,,,,
standard,ROBYRIKER DESIGNS,3607898194,unknown,541430,TUCSON,AZ,official_business_licenses,,,,
standard,ALPHA CHROME,5203690007,unknown,541430,TUCSON,AZ,official_business_licenses,,,,
standard,DESIGN BY FF,5208009101,unknown,541430,TUCSON,AZ,official_business_licenses,,,,
standard,ABRAHAM DESIGNS,5206644008,unknown,541430,TUCSON,AZ,official_business_licenses,,,,
standard,BAN KI: CREATIONS,5202408948,unknown,541430,TUCSON,AZ,official_business_licenses,,,,
standard,LIZARD TRACKS ART STUDIO,2067552200,unknown,541430,TUCSON,AZ,official_business_licenses,,,,
standard,SIK MISTA CUSTOMS,5208589763,unknown,541430,TUCSON,AZ,official_business_licenses,,,,
standard,QUINN PRINT 3D,5202607559,unknown,541430,TUCSON,AZ,official_business_licenses,,,,
standard,YERFDOG STUDIOS,3039171081,unknown,541430,TUCSON,AZ,official_business_licenses,,,,
standard,CAM TU DESIGN,5204098392,unknown,541430,TUCSON,AZ,official_business_licenses,,,,
standard,GREASEWOOD HOPI ARTS LLC,5209911950,unknown,541430,TUCSON,AZ,official_business_licenses,,,,
standard,WHITESPACE DESIGN,5203190020,unknown,541430,TUCSON,AZ,official_business_licenses,,,,
standard,G&M CONSULTING LLC,5203600795,unknown,541490,PHOENIX,AZ,official_business_licenses,,,,
standard,INTERNATIONAL COLLECTIBLES,5205745535,unknown,541490,TUCSON,AZ,official_business_licenses,,,,
standard,TWIN SPIRITS JEWELRY DESIGN,5208129712,unknown,541490,TUCSON,AZ,official_business_licenses,,,,
standard,JANSCO CUSTOM JEWELRY,5207493341,unknown,541490,TUCSON,AZ,official_business_licenses,,,,
standard,HOPE CREATIONS 1,5203329003,unknown,541490,TUCSON,AZ,official_business_licenses,,,,
standard,MOTHER NATURE ENTERPRIZES,5205432699,unknown,541490,TUCSON,AZ,official_business_licenses,,,,
standard,MATTEO'S METAL,5209060249,unknown,541490,TUCSON,AZ,official_business_licenses,,,,
standard,LYDIABETHS FLORAL DESIGN LLC,5209104047,unknown,541490,TUCSON,AZ,official_business_licenses,,,,
standard,DESERT FLOWER DESIGNS,5207495103,unknown,541490,GILBERT,AZ,official_business_licenses,,,,
standard,DANGLES,5203089778,unknown,541490,TUCSON,AZ,official_business_licenses,,,,
standard,UNIQUE CREATIONS,5207808641,unknown,541490,TUCSON,AZ,official_business_licenses,,,,
standard,GOT ROCKS,5202902285,unknown,541490,TUCSON,AZ,official_business_licenses,,,,
standard,DAZZLING DESIGNS,5204719987,unknown,541490,TUCSON,AZ,official_business_licenses,,,,
standard,MIDNIGHTS MEADOW,8503742482,unknown,541490,VAIL,AZ,official_business_licenses,,,,
standard,BUTTON BAZAAR,5202376027,unknown,541490,MARANA,AZ,official_business_licenses,,,,
standard,CARYL'S CREATIONS,5204445034,unknown,541490,TUCSON,AZ,official_business_licenses,,,,
standard,NIZHONI NAVAJO JEWELRY,9283800176,unknown,541490,TUCSON,AZ,official_business_licenses,,,,
standard,INTRINSIC JEWELRY WIRING,5203499857,unknown,541490,TUCSON,AZ,official_business_licenses,,,,
standard,FERAL GIRL 28,5202508895,unknown,541490,TUCSON,AZ,official_business_licenses,,,,
standard,THE SILVER HIVE,5209543240,unknown,541490,TUCSON,AZ,official_business_licenses,,,,
standard,K P ARIZONA LLC,5207776032,unknown,541490,TUCSON,AZ,official_business_licenses,,,,
standard,KT BEADS AND ART,5204041830,unknown,541490,TUCSON,AZ,official_business_licenses,,,,
standard,DESIGN BY DIANE,5208504705,unknown,541490,TUCSON,AZ,official_business_licenses,,,,
standard,GMW EMBROIDERY & DESIGN LLC,5203320553,unknown,541490,TUCSON,AZ,official_business_licenses,,,,
standard,MI HERMOSA JEWELRY COMPANY,5203309638,unknown,541490,TUCSON,AZ,official_business_licenses,,,,
standard,ICON ART-WORKS,5204052627,unknown,541490,TUCSON,AZ,official_business_licenses,,,,
standard,FAVORITES FOR YOU,5204194918,unknown,541490,TUCSON,AZ,official_business_licenses,,,,
standard,INSPIRED STERLING AND STONE,2078011924,unknown,541490,TUCSON,AZ,official_business_licenses,,,,
standard,THE FABRIC JEANIEL,5202450589,unknown,541490,TUCSON,AZ,official_business_licenses,,,,
standard,RAINBOW BEADS,5203238018,unknown,541490,TUCSON,AZ,official_business_licenses,,,,
standard,CLL CONCEPT LIGHTING LAB LLC,5206209201,unknown,541490,TUCSON,AZ,official_business_licenses,,,,
standard,HELIOTROPE,5204019702,unknown,541490,TUCSON,AZ,official_business_licenses,,,,
standard,DESIGN DEFINITIONS,5206230696,unknown,541490,TUCSON,AZ,official_business_licenses,,,,
standard,CHANDLER DESIGN,5206248702,unknown,541490,TUCSON,AZ,official_business_licenses,,,,
standard,PAK GIFTS,5207904905,unknown,541490,TUCSON,AZ,official_business_licenses,,,,
standard,ANNIE GUTHRIE JEWELRY/DESIGN,5204065537,unknown,541490,TUCSON,AZ,official_business_licenses,,,,
standard,KRM ENTERPRISES,5204443630,unknown,541490,TUCSON,AZ,official_business_licenses,,,,
standard,HEART TO HAND JEWELRY,5208251297,unknown,541490,TUCSON,AZ,official_business_licenses,,,,
standard,MOSAIC MYSTIQUE,5204190296,unknown,541490,TUCSON,AZ,official_business_licenses,,,,
standard,GREYROSE ART,5204654027,unknown,541490,TUCSON,AZ,official_business_licenses,,,,
standard,MAGEE'S MAGIC,5204015212,unknown,541490,TUCSON,AZ,official_business_licenses,,,,
standard,POLISHED EARTH,5202507490,unknown,541490,TUCSON,AZ,official_business_licenses,,,,
standard,GALADALI,5203738948,unknown,541490,TUCSON,AZ,official_business_licenses,,,,
standard,OTTER-THINGS,5205489104,unknown,541490,TUCSON,AZ,official_business_licenses,,,,
standard,ROXIE ROXS,2023658340,unknown,541490,TUCSON,AZ,official_business_licenses,,,,
standard,EMIRSE FASHIONS,5202418707,unknown,541490,TUCSON,AZ,official_business_licenses,,,,
standard,SCULPTURE IN JEWELRY,5207512693,unknown,541490,TUCSON,AZ,official_business_licenses,,,,
standard,NANCY JUNE JEWELRY,5209909039,unknown,541490,TUCSON,AZ,official_business_licenses,,,,
standard,PRECIOUS METALS REFINERY,5207803540,unknown,541490,TUCSON,AZ,official_business_licenses,,,,
standard,PRECIOUS METALS REFINERY,5207474653,unknown,541490,TUCSON,AZ,official_business_licenses,,,,
standard,BATMD Athletics,480-830-3530,unknown,"541490,73891800",Mesa,AZ,official_business_licenses,,,,
standard,ADIUVAT SOFTWARE CONSULTING,2068177284,unknown,541511,TUCSON,AZ,official_business_licenses,,,,
standard,SEVEN GENERATIONS HOUSE,7342777092,unknown,541511,TUCSON,AZ,official_business_licenses,,,,
standard,PHANDANGO LLC,5209917072,unknown,541511,TUCSON,AZ,official_business_licenses,,,,
standard,MOHAMAD YATIM,5203723987,unknown,541511,TUCSON,AZ,official_business_licenses,,,,
standard,BETTER BYTES,5204559269,unknown,541511,SONOITA,AZ,official_business_licenses,,,,
standard,SIMPLEVIEW LLC,5205751151,unknown,541511,TUCSON,AZ,official_business_licenses,,,,
standard,MARCUS ENGINEERING LLC,5203059264,unknown,541511,TUCSON,AZ,official_business_licenses,,,,
standard,TECH NAVIGATORS,8124547577,unknown,541511,TUCSON,AZ,official_business_licenses,,,,
standard,SOZA ASSOCIATES,5203705205,unknown,541511,TUCSON,AZ,official_business_licenses,,,,
standard,TECHNIDATA AMERICA MEDICA,5142707777,unknown,541511,TUCSON,AZ,official_business_licenses,,,,
standard,BOTTERBUSCH SERVICES,6023205695,unknown,541511,TUCSON,AZ,official_business_licenses,,,,
standard,CS DESIGN STUDIOS,5209086088,unknown,541511,TUCSON,AZ,official_business_licenses,,,,
standard,TUCSON EMBEDDED SYSTEMS INC,5205757283,unknown,541511,TUCSON,AZ,official_business_licenses,,,,
standard,WILD BLUE PIXEL,5209822439,unknown,541511,TUCSON,AZ,official_business_licenses,,,,
standard,KRISH RADIANT SOLUTIONS,2489430078,unknown,541511,TUCSON,AZ,official_business_licenses,,,,
standard,NODES UP,5205854750,unknown,541511,TUCSON,AZ,official_business_licenses,,,,
standard,PLATEAU MEDIAWORKS LLC,9288530310,unknown,541511,TUCSON,AZ,official_business_licenses,,,,
standard,CARMEN SCORING LLC,9372438653,unknown,541511,TUCSON,AZ,official_business_licenses,,,,
standard,SSD BLAZE,5202901158,unknown,541511,TUCSON,AZ,official_business_licenses,,,,
standard,HEWLETT CREATIVE LLC,5203588580,unknown,541511,TUCSON,AZ,official_business_licenses,,,,
standard,PURETECH SYSTEMS INC,6024249842,unknown,541511,PHOENIX,AZ,official_business_licenses,,,,
standard,OSI MATRIX LLC,5207330599,unknown,541511,TUCSON,AZ,official_business_licenses,,,,
standard,SKY ISLAND AI,5203024534,unknown,541511,TUCSON,AZ,official_business_licenses,,,,
standard,CATALINA ENTERPRISES LLC,5203256573,unknown,541511,TUCSON,AZ,official_business_licenses,,,,
standard,VIA MEDIA INCORPORATED,5202908633,unknown,541511,TUCSON,AZ,official_business_licenses,,,,
standard,SEARCH ENGINE PROFILING LLC,5202225184,unknown,541511,TUCSON,AZ,official_business_licenses,,,,
standard,PIXELFILM LABS,5204815580,unknown,541511,TUCSON,AZ,official_business_licenses,,,,
standard,RESULTS DIRECT,5203275440,unknown,541511,TUCSON,AZ,official_business_licenses,,,,
standard,"JONAS SOFTWARE USA, LLC",9054704600,unknown,541511,SCOTTSDALE,AZ,official_business_licenses,,,,
standard,MERCAMA LLC,5203003028,unknown,541511,TUCSON,AZ,official_business_licenses,,,,
standard,MS WEB SERVICES,5202760550,unknown,541511,TUCSON,AZ,official_business_licenses,,,,
standard,ARIZONA INTERNET & SALES SUPPORT SERVICE,5207778474,unknown,541511,TUCSON,AZ,official_business_licenses,,,,
standard,MOOREWARESTUDIOS LLC,5204092629,unknown,541511,TUCSON,AZ,official_business_licenses,,,,
standard,LIEDER DIGITAL LLC,5204227796,unknown,541511,TUCSON,AZ,official_business_licenses,,,,
standard,SUNWEST SYSTEMS LTD,5207305611,unknown,541511,TUCSON,AZ,official_business_licenses,,,,
standard,NUANCED MEDIA,+15204413131,,541511,TUCSON,AZ,adapter:official_business_licenses,,,,
standard,INTELATLAS LLC,+15204255557,,541511,TUCSON,AZ,adapter:official_business_licenses,,,,
standard,SuperbAI,6235708545,unknown,"541511, 541512",Mesa,AZ,official_business_licenses,,,,
standard,PING IT DESIGN LLC,5203523444,unknown,541512,TUCSON,AZ,official_business_licenses,,,,
standard,SYJEN SOLUTIONS,5209824001,unknown,541512,TUCSON,AZ,official_business_licenses,,,,
standard,NOISE SOLUTIONS LLC,5209792213,unknown,541512,TUCSON,AZ,official_business_licenses,,,,
standard,SIRIUSWARE INC,5757510633,unknown,541512,TUCSON,AZ,official_business_licenses,,,,
standard,STAT COMPUTER SERVICES,5206153390,unknown,541512,TUCSON,AZ,official_business_licenses,,,,
standard,CLAIR GLOBAL INTEGRATION LLC,4804836422,unknown,541512,GILBERT,AZ,official_business_licenses,,,,
standard,MICRO TECH SYSTEMS,5202708134,unknown,541512,TUCSON,AZ,official_business_licenses,,,,
standard,MILESTONE COMPUTER TECHNOLOGY INC,6235725635,unknown,541512,GLENDALE,AZ,official_business_licenses,,,,
standard,PIMA COMPUTING,5202404525,unknown,541512,TUCSON,AZ,official_business_licenses,,,,
standard,ACTION TECHNOLOGY SERVICES,5205087507,unknown,541512,SIERRA VISTA,AZ,official_business_licenses,,,,
standard,MI CASITA PRESS,5206036204,unknown,541512,TUCSON,AZ,official_business_licenses,,,,
standard,RENE STONE,5202051717,unknown,541512,TUCSON,AZ,official_business_licenses,,,,
standard,PCNET CONSULTING INC,5203905646,unknown,541512,TUCSON,AZ,official_business_licenses,,,,
standard,RINTECH SOLUTIONS,3464259177,unknown,541512,TUCSON,AZ,official_business_licenses,,,,
standard,RALPH'S IT SOLUTIONS,5205594681,unknown,541512,TUCSON,AZ,official_business_licenses,,,,
standard,APPELLO VOIP LLC,5209008550,unknown,541512,VAIL,AZ,official_business_licenses,,,,
standard,NETWORK HARDWARE SUPPLY DISTRIBUTION LLC,5207707811,unknown,541512,TUCSON,AZ,official_business_licenses,,,,
standard,WILLIAMS TECHNICAL SERVICES LLC,5204900726,unknown,541512,TUCSON,AZ,official_business_licenses,,,,
standard,SNAPPY GEEK IT,5203701350,unknown,541512,Dewey,AZ,official_business_licenses,,,,
standard,A+ QBOOKS CONSULTING & SERVICES,5208911151,unknown,541512,TUCSON,AZ,official_business_licenses,,,,
standard,NEXTRIO LLC,5205457100,unknown,541512,TUCSON,AZ,official_business_licenses,,,,
standard,DATA DESTRUCTION,5203147288,unknown,541512,TUCSON,AZ,official_business_licenses,,,,
standard,GEEKS 2 YOU LLC,5202228000,unknown,541512,TUCSON,AZ,official_business_licenses,,,,
standard,GREAT SCOTT ENTERPRISES I LLC,5203298571,unknown,541512,TUCSON,AZ,official_business_licenses,,,,
standard,FIREPROOF COMPUTER SERVICES,5203024203,unknown,541512,TUCSON,AZ,official_business_licenses,,,,
standard,AUDIOEYE INC,+18663315324,,541512,TUCSON,AZ,adapter:official_business_licenses,,,,
standard,KODEAK DIGITAL MEDIA EXPERTS,+15203668999,,541512,TUCSON,AZ,adapter:official_business_licenses,,,,
standard,1UP TECH LLC,4803383538,unknown,"541512, 339999",Mesa,AZ,official_business_licenses,,,,
standard,TRINITY TECHNOLOGY SERVICES,5204490314,unknown,541513,TUCSON,AZ,official_business_licenses,,,,
standard,KAM ASSOCIATES,5209060357,unknown,541519,TUCSON,AZ,official_business_licenses,,,,
standard,PREHEND.COM,5205199312,unknown,541519,TUCSON,AZ,official_business_licenses,,,,
standard,GODADDY.COM LLC,4805058800,unknown,541519,TEMPE,AZ,official_business_licenses,,,,
standard,AWESOME HOLDINGS LLC,5205741935,unknown,541519,TUCSON,AZ,official_business_licenses,,,,
standard,AUTOMATIT,5202934608,unknown,541519,TUCSON,AZ,official_business_licenses,,,,
standard,DARKMODE DEVS,5208095210,unknown,541519,TUCSON,AZ,official_business_licenses,,,,
standard,IPHIS GROUP,5202768220,unknown,541519,TUCSON,AZ,official_business_licenses,,,,
standard,UNIQUE CONSULTING SERVICE,5207953020,unknown,541519,TUCSON,AZ,official_business_licenses,,,,
standard,SKYWARD SOLUTIONS LLC,5205489896,unknown,541519,TUCSON,AZ,official_business_licenses,,,,
standard,COMPUTER GUIDANCE CORPORATION,4804447000,unknown,541519,SCOTTSDALE,AZ,official_business_licenses,,,,
standard,ALICE WHITTENBURG-EVANS,5206299902,unknown,541519,TUCSON,AZ,official_business_licenses,,,,
standard,SOLID STATE ENTERPRISES LLC,5203054707,unknown,541519,TUCSON,AZ,official_business_licenses,,,,
standard,DANIEL A BAILLARGEON CONSULTING,5203606598,unknown,541519,TUCSON,AZ,official_business_licenses,,,,
standard,OUTRIDGE WEB DESIGN,5209905059,unknown,541519,TUCSON,AZ,official_business_licenses,,,,
standard,THE TECHS COMPUTER SOLUTIONS LLC,5204615527,unknown,541519,TUCSON,AZ,official_business_licenses,,,,
standard,"MEDICAL SECURITY CARD COMPANY,",5202394036,unknown,541519,TUCSON,AZ,official_business_licenses,,,,
standard,PEL-TECH CONSULTING LLC,5203060112,unknown,541519,TUCSON,AZ,official_business_licenses,,,,
standard,C&C ADVENTURES,5203198719,unknown,541519,TUCSON,AZ,official_business_licenses,,,,
standard,ENTERPRISE NETWORK TECHNOLOGIES,5203186200,unknown,541519,TUCSON,AZ,official_business_licenses,,,,
standard,OCOTILLO DESIGN,5202417390,unknown,541519,TUCSON,AZ,official_business_licenses,,,,
standard,MOIAGROUP LLC,5202489810,unknown,541519,TUCSON,AZ,official_business_licenses,,,,
standard,DATABASE CONSULTING SVCS,5203181992,unknown,541519,TUCSON,AZ,official_business_licenses,,,,
standard,IronEdge Group,970-255-0103,unknown,541542,Mesa,AZ,official_business_licenses,,,,
standard,Desert Vista Community Management,4805738999,unknown,541600,Mesa,AZ,official_business_licenses,,,,
standard,CHARLES WHITESELL,5205968901,unknown,54161,TUCSON,AZ,official_business_licenses,,,,
standard,RASHMI WILSON,5052344537,unknown,54161,TUCSON,AZ,official_business_licenses,,,,
standard,CHART IMPACT LLC,+18884782040,,54161,TUCOSN,AZ,adapter:official_business_licenses,,,,
standard,SAFETY BABES KEYCHAINS,5203041046,unknown,541611,TUCSON,AZ,official_business_licenses,,,,
standard,KENT BURBANK CONSULTING AND COACHING,5206211943,unknown,541611,TUCSON,AZ,official_business_licenses,,,,
standard,OMNI 8,5205051867,unknown,541611,TUCSON,AZ,official_business_licenses,,,,
standard,CLOUD HALL CREATIVE SOLUTIONS,4802099245,unknown,541611,GOODYEAR,AZ,official_business_licenses,,,,
standard,ARGOS BUSINESS INNOVATIONS LLC,5202459474,unknown,541611,TUCSON,AZ,official_business_licenses,,,,
standard,520 STRATEGIC CONSULTING,4064658705,unknown,541611,TUCSON,AZ,official_business_licenses,,,,
standard,COPESTONE RESOURCES LLC,5204655594,unknown,541611,TUCSON,AZ,official_business_licenses,,,,
standard,DYNAMIC COMPUTING TECHNOLOGIES,5203312300,unknown,541611,TUCSON,AZ,official_business_licenses,,,,
standard,AQUADYNE SERVICES,5202297589,unknown,541611,TUCSON,AZ,official_business_licenses,,,,
standard,GNU VENTURES LLC,5205496287,unknown,541611,TUCSON,AZ,official_business_licenses,,,,
standard,FOSTER & BRAHM,5208706193,unknown,541611,TUCSON,AZ,official_business_licenses,,,,
standard,SPACE WORKS,5209754973,unknown,541611,TUCSON,AZ,official_business_licenses,,,,
standard,MOJO CAREER CONSULTING,5203215833,unknown,541611,TUCSON,AZ,official_business_licenses,,,,
standard,GAANDERSE CONSULTING,5204197466,unknown,541611,TUCSON,AZ,official_business_licenses,,,,
standard,BLACK SPRUCE STRATEGY,4065702249,unknown,541611,TUCSON,AZ,official_business_licenses,,,,
standard,SOUTHWEST MANAGEMENT SOLUTIONS,5202044146,unknown,541611,TUCSON,AZ,official_business_licenses,,,,
standard,SONORAN BUSINESS CONSULTING LLC,5209554353,unknown,541611,TUCSON,AZ,official_business_licenses,,,,
standard,SCHMIDT & CO,5202822195,unknown,541611,TUCSON,AZ,official_business_licenses,,,,
standard,TUCSON EXPEDITING AND DEVELOPMENT LLC,5207507440,unknown,541611,TUCSON,AZ,official_business_licenses,,,,
standard,SUPPORT CONCEPTS,5206249203,unknown,541611,TUCSON,AZ,official_business_licenses,,,,
standard,DC RESTAURANT CONCEPTS,5203722468,unknown,541611,TUCSON,AZ,official_business_licenses,,,,
standard,WEST STAR PRODUCTIONS,5204903019,unknown,541611,MARANA,AZ,official_business_licenses,,,,
standard,BRICK BY BRYCK INC,5207955300,unknown,541611,TUCSON,AZ,official_business_licenses,,,,
standard,ARISENET,5208814040,unknown,541611,TUCSON,AZ,official_business_licenses,,,,
standard,RAISE THE BAR LLC,5209825467,unknown,541611,TUCSON,AZ,official_business_licenses,,,,
standard,MASSENGALE & ASSOCIATES CONSULTING INC,5208858322,unknown,541611,TUCSON,AZ,official_business_licenses,,,,
standard,OB SPORTS GOLF MANAGEMENT LLC,4806061000,unknown,541611,SCOTTSDALE,AZ,official_business_licenses,,,,
standard,LACHER HYDROLOGICAL CONSULTING,5205482205,unknown,541611,TUCSON,AZ,official_business_licenses,,,,
standard,DANCES WITH OPPORTUNITY LLC,5204036053,unknown,541611,TUCSON,AZ,official_business_licenses,,,,
standard,RESTAURANT CONSULTANT,5204195038,unknown,541611,TUCSON,AZ,official_business_licenses,,,,
standard,APLOMADO ENVIRONMENTAL,5203233003,unknown,541611,TUCSON,AZ,official_business_licenses,,,,
standard,OLYMPUS FINANCIAL GROUP,5204444969,unknown,541611,TUCSON,AZ,official_business_licenses,,,,
standard,SKYCLIFF SPECIAL EVENTS,2022022053,unknown,541611,TUCSON,AZ,official_business_licenses,,,,
standard,SWCA ENVIRONMENTAL CONSULTANTS,5203259194,unknown,541611,PHOENIX,AZ,official_business_licenses,,,,
standard,GRUPA DIVERSITAS,9718323867,unknown,541611,PHOENIX,AZ,official_business_licenses,,,,
standard,BRIGHTROAD  CREDENTIALING,5209545328,unknown,541611,TUCSON,AZ,official_business_licenses,,,,
standard,SOUTHWEST PLANNING,5202401279,unknown,541611,TUCSON,AZ,official_business_licenses,,,,
standard,KEY CONSULTING INC,5209086376,unknown,541611,TUCSON,AZ,official_business_licenses,,,,
standard,THE FONTANA GROUP INC,5203259800,unknown,541611,TUCSON,AZ,official_business_licenses,,,,
standard,A1 ENABLEMENT SERVICES,5204450931,unknown,541611,TUCSON,AZ,official_business_licenses,,,,
standard,THE STRATEGIC ISSUES MANAGEMENT GROUP INC,5203211111,unknown,541611,TUCSON,AZ,official_business_licenses,,,,
standard,RURAL HEALTH IMPROVEMENT SERVICES,5202842355,unknown,541611,TUCSON,AZ,official_business_licenses,,,,
standard,LABOR MARKET CONSULTING SERVICES,5208816160,unknown,541611,SCOTTSDALE,AZ,official_business_licenses,,,,
standard,IMPACT CONSULTANTS,5206037074,unknown,541611,TUCSON,AZ,official_business_licenses,,,,
standard,HAPPY HOST SERVICES,5208831590,unknown,541611,ORO VALLEY,AZ,official_business_licenses,,,,
standard,SIMON WHITE CONSULTING LLC,5206315598,unknown,541611,TUCSON,AZ,official_business_licenses,,,,
standard,WYSOCKI GLOBAL CONSULTANTS LLC,5209908706,unknown,541611,TUCSON,AZ,official_business_licenses,,,,
standard,MAYALEX,8082864053,unknown,541611,TUCSON,AZ,official_business_licenses,,,,
standard,H&I CONSULTING,5209089366,unknown,541611,TUCSON,AZ,official_business_licenses,,,,
standard,SPIDERNET,5208822887,unknown,541611,TUCSON,AZ,official_business_licenses,,,,
standard,GLOBAL NP SOLUTIONS LLC,2817873979,unknown,541611,TUCSON,AZ,official_business_licenses,,,,
standard,FRANK THOMSON & ASSOCIATES,5207500858,unknown,541611,TUCSON,AZ,official_business_licenses,,,,
standard,AMANDA GOODSON GLOBAL,5202040566,unknown,541611,TUCSON,AZ,official_business_licenses,,,,
standard,JOHN WARD GROUNDWATER CONSULTANT,5202968627,unknown,541611,TUCSON,AZ,official_business_licenses,,,,
standard,ARIZONA HOMEOPATHY CENTER,5207434660,unknown,541611,TUCSON,AZ,official_business_licenses,,,,
standard,PETER M GAVIN LLC,5206038674,unknown,541611,TUCSON,AZ,official_business_licenses,,,,
standard,RALLIS PROPERTIES LLC,5204658005,unknown,541611,TUCSON,AZ,official_business_licenses,,,,
standard,SONORAN ART CONSERVATION SERVICES,5206033486,unknown,541611,TUCSON,AZ,official_business_licenses,,,,
standard,NORTHWEST RESEARCH,5038199455,unknown,541611,TUCSON,AZ,official_business_licenses,,,,
standard,GRANDINE GLOBAL SOLUTIONS,5202756235,unknown,541611,TUCSON,AZ,official_business_licenses,,,,
standard,TRAVIS HOLZWORTH CONSULTING,5208184120,unknown,541611,TUCSON,AZ,official_business_licenses,,,,
standard,INTERFACE GURU,5207446911,unknown,541611,TUCSON,AZ,official_business_licenses,,,,
standard,MARCY TIGERMAN,5207778813,unknown,541611,TUCSON,AZ,official_business_licenses,,,,
standard,SURGICAL COMPLIANCE CONSULTANTS,5203704089,unknown,541611,TUCSON,AZ,official_business_licenses,,,,
standard,MELERO INTERNATIONAL,5208856065,unknown,541611,TUCSON,AZ,official_business_licenses,,,,
standard,MEATHEADS WITH MONEY,5202605314,unknown,541611,TUCSON,AZ,official_business_licenses,,,,
standard,MAKO US,5207830276,unknown,541611,TUCSON,AZ,official_business_licenses,,,,
standard,FRONTERA FINANCIAL LLC,5203054331,unknown,541611,TUCSON,AZ,official_business_licenses,,,,
standard,GUARDIAN CONSTRUCTION MNGMT,5209093632,unknown,541611,TUCSON,AZ,official_business_licenses,,,,
standard,LEARNING ENTERPRISES LLC,5209718164,unknown,541611,TUCSON,AZ,official_business_licenses,,,,
standard,EVERY SPACE LLC,5208858227,unknown,541611,TUCSON,AZ,official_business_licenses,,,,
standard,CRAIG TAILBY,5203738763,unknown,541611,TUCSON,AZ,official_business_licenses,,,,
standard,BRUEGGEMAN AND JOHNSON YEANOPLOS PC,5203278258,unknown,541611,TUCSON,AZ,official_business_licenses,,,,
standard,STRATSPACE,5207718654,unknown,541611,TUCSON,AZ,official_business_licenses,,,,
standard,INTEGRATED ENGINEERING SOLUTIONS,5208861237,unknown,541611,TUCSON,AZ,official_business_licenses,,,,
standard,HK ASSOCIATES,5205775260,unknown,541611,TUCSON,AZ,official_business_licenses,,,,
standard,REBECCA JOHNSON CFP,5203273299,unknown,541611,TUCSON,AZ,official_business_licenses,,,,
standard,BRONCO CREEK EXPLORATION INC,5206244153,unknown,541611,TUCSON,AZ,official_business_licenses,,,,
standard,SWDOIT,5203442505,unknown,541611,TUCSON,AZ,official_business_licenses,,,,
standard,VM STROMEE CONSULTANT,5207954471,unknown,541611,TUCSON,AZ,official_business_licenses,,,,
standard,ATL INC,6022411097,unknown,541611,PHOENIX,AZ,official_business_licenses,,,,
standard,EPS GROUP,5204081400,unknown,541611,MESA,AZ,official_business_licenses,,,,
standard,DEAN VESLING & ASSOCIATES INC,5203205301,unknown,541611,TUCSON,AZ,official_business_licenses,,,,
standard,LONGHOFER LLC,5209914448,unknown,541611,TUCSON,AZ,official_business_licenses,,,,
standard,ECL CONSULTING LLC,5202410371,unknown,541611,TUCSON,AZ,official_business_licenses,,,,
standard,HART CONSULTING,5204907888,unknown,541611,VAIL,AZ,official_business_licenses,,,,
standard,M&K DESIGN & CONSULTING,5209829022,unknown,541611,TUCSON,AZ,official_business_licenses,,,,
standard,EM RESEARCH ORGANIZATION INC,4697675667,unknown,541611,TUCSON,AZ,official_business_licenses,,,,
standard,LECROY & MILLIGAN ASSOCIATES,5203265154,unknown,541611,TUCSON,AZ,official_business_licenses,,,,
standard,ORIENTATION AND MOBILITY SPECIALIST,5209553227,unknown,541611,TUCSON,AZ,official_business_licenses,,,,
standard,ENVIROMD INC,5208811000,unknown,541611,TUCSON,AZ,official_business_licenses,,,,
standard,PROFITABIL-IT LLC,5207771794,unknown,541611,TUCSON,AZ,official_business_licenses,,,,
standard,THIN FILM CENTER INC,5203226171,unknown,541611,TUCSON,AZ,official_business_licenses,,,,
standard,REFLECTIVE DEPTH,4802722292,unknown,541611,TUCSON,AZ,official_business_licenses,,,,
standard,1 OF 1 CONSULTING LLC,5203880857,unknown,541611,TUCSON,AZ,official_business_licenses,,,,
standard,AB46 INVESTMENTS LLC,4805260004,unknown,541611,TUCSON,AZ,official_business_licenses,,,,
standard,A+ NURSING SERVICES,5202562667,unknown,541611,TUCSON,AZ,official_business_licenses,,,,
standard,SEMINARS INTERNATIONAL,5208783099,unknown,541611,TUCSON,AZ,official_business_licenses,,,,
standard,HAWTREE FINANCIAL SERVICES,5208865161,unknown,541611,TUCSON,AZ,official_business_licenses,,,,
standard,ERROL L MONTGOMERY & ASSOCIATES INCORPORATED,5208814912,unknown,541611,TUCSON,AZ,official_business_licenses,,,,
standard,SOTELO SYNERGIES,5202043148,unknown,541611,TUCSON,AZ,official_business_licenses,,,,
standard,GUARDIAN RN,5202480116,unknown,541611,TUCSON,AZ,official_business_licenses,,,,
standard,TC JONES COACHING,5203183557,unknown,541611,TUCSON,AZ,official_business_licenses,,,,
standard,ELDERCARE RESEARCH & CONSULTING INC,5202979161,unknown,541611,TUCSON,AZ,official_business_licenses,,,,
standard,THE TONGLEN GROUP LLC,5202754069,unknown,541611,TUCSON,AZ,official_business_licenses,,,,
standard,RACHEL ANN GILDERSLEEVE,4347600489,unknown,541611,TUCSON,AZ,official_business_licenses,,,,
standard,DESERT ARCHAEOLOGY INC,5208812244,unknown,541611,TUCSON,AZ,official_business_licenses,,,,
standard,EFFORTLESSHR,5205463947,unknown,541611,TUCSON,AZ,official_business_licenses,,,,
standard,FLOOR PLANS FIRST,5208811500,unknown,541611,TUCSON,AZ,official_business_licenses,,,,
standard,FENNER ASSET MANAGEMENT,2522661028,unknown,541611,TUCSON,AZ,official_business_licenses,,,,
standard,INTERCUBO CONSULTING LLC,5202330064,unknown,541611,TUCSON,AZ,official_business_licenses,,,,
standard,CROSS CURRENTS INTERNATIONAL,5208822855,unknown,541611,TUCSON,AZ,official_business_licenses,,,,
standard,ACERT,5205740744,unknown,541611,TUCSON,AZ,official_business_licenses,,,,
standard,REFINED HEALTH SOLUTIONS,6172850814,unknown,541611,TUCSON,AZ,official_business_licenses,,,,
standard,INTUITIVETHOT,5206472901,unknown,541611,TUCSON,AZ,official_business_licenses,,,,
standard,TERRA TECHNOLOGY,5202965940,unknown,541611,TUCSON,AZ,official_business_licenses,,,,
standard,LOVELAND MANAGEMENT COMPANY,5208703873,unknown,541611,TUCSON,AZ,official_business_licenses,,,,
standard,STEVE GODWIN DESIGN,5206036825,unknown,541611,TUCSON,AZ,official_business_licenses,,,,
standard,NORDIC TOUCH INC,5204654003,unknown,541611,TUCSON,AZ,official_business_licenses,,,,
standard,NEWBREED LLC,5204099542,unknown,541611,TUCSON,AZ,official_business_licenses,,,,
standard,THE TUCSON WORDSMITH,5209097084,unknown,541611,TUCSON,AZ,official_business_licenses,,,,
standard,NUTRITIONAL SERVICES OF SOUTHERN ARIZONA,5203735683,unknown,541611,SAHUARITA,AZ,official_business_licenses,,,,
standard,ELAINE TERRY CONSULTING LLC,2069992519,unknown,541611,TUCSON,AZ,official_business_licenses,,,,
standard,BEST PRACTICES CONSULTING,5203497827,unknown,541611,TUCSON,AZ,official_business_licenses,,,,
standard,SUZI WRIGHT RN PLLC,5209540054,unknown,541611,TUCSON,AZ,official_business_licenses,,,,
standard,WE KNOW BETTER,5207901278,unknown,541611,TUCSON,AZ,official_business_licenses,,,,
standard,CLICK ON ETIQUETTE,5205707388,unknown,541611,TUCSON,AZ,official_business_licenses,,,,
standard,TUCSON TRANSITIONS,5209041801,unknown,541611,TUCSON,AZ,official_business_licenses,,,,
standard,EXAMWORKS INC,6027498100,unknown,541611,PHOENIX,AZ,official_business_licenses,,,,
standard,SAFE & SOUND PLAYGROUND INSPECTIONS INC,4808888784,unknown,541611,QUEEN CREEK,AZ,official_business_licenses,,,,
standard,ACCUSCHEDULE CONSULTING LLC,5203101989,unknown,541611,TUCSON,AZ,official_business_licenses,,,,
standard,GANNON CONSULTING,5202962626,unknown,541611,TUCSON,AZ,official_business_licenses,,,,
standard,OPTICAL PERSPECTIVES GROUP,5205292950,unknown,541611,TUCSON,AZ,official_business_licenses,,,,
standard,ENGLISH BUSINESS SERVICES,5207953413,unknown,541611,TUCSON,AZ,official_business_licenses,,,,
standard,REA COMMUNICATIONS LLC,5202715010,unknown,541611,TUCSON,AZ,official_business_licenses,,,,
standard,WHAT WE THINK,5202456918,unknown,541611,TUCSON,AZ,official_business_licenses,,,,
standard,YOSHI NAKANO,5204902938,unknown,541611,TUCSON,AZ,official_business_licenses,,,,
standard,LUMERALD,5202013988,unknown,541611,TUCSON,AZ,official_business_licenses,,,,
standard,DAVIS SELECTED ADVISERS LP,5204343732,unknown,541611,TUCSON,AZ,official_business_licenses,,,,
standard,SIVILLI CAPITAL MANAGEMENT,5204955128,unknown,541611,TUCSON,AZ,official_business_licenses,,,,
standard,TUCSON BUSINESS CONSULTANT LLC,5206688069,unknown,541611,TUCSON,AZ,official_business_licenses,,,,
standard,SYNCHRONISTIC SOLUTIONS,5203095200,unknown,541611,TUCSON,AZ,official_business_licenses,,,,
standard,THE INNOVA GROUP,5208868650,unknown,541611,TUCSON,AZ,official_business_licenses,,,,
standard,CINDY CAMPANO,6023159019,unknown,541611,TUCSON,AZ,official_business_licenses,,,,
standard,CRESCENT FINANCIAL SERVICES,5209719819,unknown,541611,TUCSON,AZ,official_business_licenses,,,,
standard,ARIZONA HR ADVISOR LLC,5203438964,unknown,541611,TUCSON,AZ,official_business_licenses,,,,
standard,MALLAN GROUP TRAINING & MANAGEMENT,5203233430,unknown,541611,TUCSON,AZ,official_business_licenses,,,,
standard,JEFFREY HALL CONSULTING LLC,9286062324,unknown,541611,TUCSON,AZ,official_business_licenses,,,,
standard,DESERT LOTUS GROUP LLC,6026192129,unknown,541611,TUCSON,AZ,official_business_licenses,,,,
standard,NUEVA BENEFITS GROUP INC,5208500863,unknown,541611,TUCSON,AZ,official_business_licenses,,,,
standard,MARY M BOULEY,5203701900,unknown,541611,TUCSON,AZ,official_business_licenses,,,,
standard,THE DESERT WOLF LLC,5206631909,unknown,541611,TUCSON,AZ,official_business_licenses,,,,
standard,ADVANCED CLINICAL SOLUTIONS LLC,+15204446235,,541611,TUCSON,AZ,adapter:official_business_licenses,,,,
standard,"McLaughlin Solutions, LLC",8609084452,unknown,541611005,Mesa,AZ,official_business_licenses,,,,
standard,SIMKIN ORGANIZATIONAL CONSULTING AND COACHING,7734156563,unknown,541612,TUCSON,AZ,official_business_licenses,,,,
standard,TARA WHITE CONSULTING,5203597109,unknown,541612,TUCSON,AZ,official_business_licenses,,,,
standard,EVOLUE CONSULTING LLC,7029852203,unknown,541612,TUCSON,AZ,official_business_licenses,,,,
standard,LABOR RELATIONS CONSULTING LLC,5209099771,unknown,541612,TUCSON,AZ,official_business_licenses,,,,
standard,COMMUNITY BLUEPRINT CONSULTING LLC,5034100326,unknown,541612,TUCSON,AZ,official_business_licenses,,,,
standard,SOULE CONSULTING,2083101916,unknown,541612,TUCSON,AZ,official_business_licenses,,,,
standard,MARK SENIOR PLACEMENTS SERVICES,5203493759,unknown,541612,TUCSON,AZ,official_business_licenses,,,,
standard,TRESHERMANOS THREE LLC,5202501179,unknown,541612,TUCSON,AZ,official_business_licenses,,,,
standard,SERENITY HOME ORGANIZATION,5203708029,unknown,541612,TUCSON,AZ,official_business_licenses,,,,
standard,NETORGANIZING,5206093653,unknown,541612,TUCSON,AZ,official_business_licenses,,,,
standard,LEADU LLC,5204299254,unknown,541612,TUCSON,AZ,official_business_licenses,,,,
standard,VOLTURO LUXURY LIFESTYLE,5208500820,unknown,541613,TUCSON,AZ,official_business_licenses,,,,
standard,WEGOTTAGUY.COM,5202070025,unknown,541613,TUCSON,AZ,official_business_licenses,,,,
standard,MEDIA SOURCE AMERICA,5202703672,unknown,541613,TUCSON,AZ,official_business_licenses,,,,
standard,800 BIZ NINJA MARKETING,5208614821,unknown,541613,TUCSON,AZ,official_business_licenses,,,,
standard,HIGH SOCIETEE CUSTOM APPAREL INC,8657126163,unknown,541613,TUCSON,AZ,official_business_licenses,,,,
standard,MLP BUSINESS SERVICES,5204954674,unknown,541613,TUCSON,AZ,official_business_licenses,,,,
standard,THE PATH,7245811271,unknown,541613,TUCSON,AZ,official_business_licenses,,,,
standard,TIERRA Y ALMA,5206476097,unknown,541613,TUCSON,AZ,official_business_licenses,,,,
standard,J2 MEDIA,6028992242,unknown,541613,CHANDLER,AZ,official_business_licenses,,,,
standard,BAMN,4144358044,unknown,541613,TUCSON,AZ,official_business_licenses,,,,
standard,HCC CONSULTANTS LLC,5203318053,unknown,541613,TUCSON,AZ,official_business_licenses,,,,
standard,ARONS PRIVATE DRIVER SERVICES,5206333291,unknown,541613,TUCSON,AZ,official_business_licenses,,,,
standard,RAVEN MARKETING AND ADVERTISING LLC,5203391744,unknown,541613,TUCSON,AZ,official_business_licenses,,,,
standard,CASEY ANDERSON CONSULTING,5204039598,unknown,541613,TUCSON,AZ,official_business_licenses,,,,
standard,THEARIZONAGUY'S SATLOGIC,4809871000,unknown,541613,TUCSON,AZ,official_business_licenses,,,,
standard,MAIN AND MACE,5202720159,unknown,541613,TUCSON,AZ,official_business_licenses,,,,
standard,CREATIVE SOLUTIONS DEVELOPMENT GROUP LLC,5204993088,unknown,541613,TUCSON,AZ,official_business_licenses,,,,
standard,HIGH LEVEL MARKETING,4807100046,unknown,541613,TUCSON,AZ,official_business_licenses,,,,
standard,IDEAMAGIC,5202411444,unknown,541613,TUCSON,AZ,official_business_licenses,,,,
standard,COMMSNATION LLC,2017595457,unknown,541613,TUCSON,AZ,official_business_licenses,,,,
standard,ZUMEAI LLC,5202576546,unknown,541613,CORTARO,AZ,official_business_licenses,,,,
standard,QUANTUM LEAP ENTERPRISES LLC,5202002385,unknown,541613,TUCSON,AZ,official_business_licenses,,,,
standard,BLUE CANOE MARKETING,5204004767,unknown,541613,TUCSON,AZ,official_business_licenses,,,,
standard,NHAILE SOLUTIONS,2069712024,unknown,541613,TUCSON,AZ,official_business_licenses,,,,
standard,HASENSTAB BROTHERS LLC,5202749641,unknown,541613,TUCSON,AZ,official_business_licenses,,,,
standard,COUNCIL & ASSOCIATES ADVISORS,3092945674,unknown,541613,TUCSON,AZ,official_business_licenses,,,,
standard,ZONE 11 MARKETING,5209918880,unknown,541613,TUCSON,AZ,official_business_licenses,,,,
standard,HOLISTIC SALES TRAINING,5209034320,unknown,541613,TUCSON,AZ,official_business_licenses,,,,
standard,SOCIAL GRACE MEDIA LLC,5206318558,unknown,541613,TUCSON,AZ,official_business_licenses,,,,
standard,STRATUSFI,6232027920,unknown,541613,TUCSON,AZ,official_business_licenses,,,,
standard,COHEN CREATIVE,5205771547,unknown,541613,TUCSON,AZ,official_business_licenses,,,,
standard,ATELLE,2067341137,unknown,541613,TUCSON,AZ,official_business_licenses,,,,
standard,PRISCILLA P PALACIO BUSINESS CONSULTING,5202474540,unknown,541613,TUCSON,AZ,official_business_licenses,,,,
standard,MODERN BAY DESIGNS,9286007744,unknown,541613,VAIL,AZ,official_business_licenses,,,,
standard,SOUTHERN ARIZONA MEDIA & PROMOTIONS,5204712616,unknown,541613,TUCSON,AZ,official_business_licenses,,,,
standard,FLORES CONCEPTS,5202430565,unknown,541613,TUCSON,AZ,official_business_licenses,,,,
standard,SKYLINE MARKETING AGENCY INC,5203329070,unknown,541613,TUCSON,AZ,official_business_licenses,,,,
standard,"NATIVESOUTDOORS, PBC",4019358074,unknown,541613,TUCSON,AZ,official_business_licenses,,,,
standard,SCARED STIFF ENTERTAINMENT LLC,5204192848,unknown,541613,TUCSON,AZ,official_business_licenses,,,,
standard,MUE PROMOTIONS,5203292507,unknown,541613,TUCSON,AZ,official_business_licenses,,,,
standard,INDEPENDENT ENERGY INNOVATIONS LLC,7344746540,unknown,541613,TUCSON,AZ,official_business_licenses,,,,
standard,SMPEREZ CONSULTING LLC,6025026836,unknown,541613,TUCSON,AZ,official_business_licenses,,,,
standard,BREE RICHMOND CONSULTING,5204613733,unknown,541613,TUCSON,AZ,official_business_licenses,,,,
standard,TUCSON METAL SOCIETY,5203398676,unknown,541613,TUCSON,AZ,official_business_licenses,,,,
standard,CHRISSY MILLER COLLECTIVE,7576602977,unknown,541613,TUCSON,AZ,official_business_licenses,,,,
standard,THE BRIDGE GROUP LLC,5208911953,unknown,541613,TUCSON,AZ,official_business_licenses,,,,
standard,TRANSIT MARKETING,5202706067,unknown,541613,TUCSON,AZ,official_business_licenses,,,,
standard,APOLLO WEIGHTS ENGINEERING LLC,5209771047,unknown,541614,TUCSON,AZ,official_business_licenses,,,,
standard,PACKDASH,5203608510,unknown,541614,TUCSON,AZ,official_business_licenses,,,,
standard,TANQUE VERDE LOGISTICS,5209919637,unknown,541614,TUCSON,AZ,official_business_licenses,,,,
standard,FORTUS LLC,5207774852,unknown,541614,TUCSON,AZ,official_business_licenses,,,,
standard,ANONYMOUS LOGISTICS,5203704280,unknown,541614,TUCSON,AZ,official_business_licenses,,,,
standard,AMY A BAUKAT,5204403876,unknown,541614,TUCSON,AZ,official_business_licenses,,,,
standard,CAREMORE SERVICES,5204257075,unknown,541614,TUCSON,AZ,official_business_licenses,,,,
standard,CORNERSTONE RESTORATION GROUP,5203580748,unknown,541614,TUCSON,AZ,official_business_licenses,,,,
standard,BALANCED CONSTRUCTION CONSULTING LLC,6205705351,unknown,541614,TUCSON,AZ,official_business_licenses,,,,
standard,MARTELL ASSEMBLY SOLUTIONS,5203600793,unknown,541614,TUCSON,AZ,official_business_licenses,,,,
standard,HYDRO LOGISTICS SERVICES,5202080277,unknown,541614,TUCSON,AZ,official_business_licenses,,,,
standard,TOP TIER LOGISTICS,5209341477,unknown,541614,RIO RICO,AZ,official_business_licenses,,,,
standard,JNR NETWORKS LLC,5203820552,unknown,541618,TUCSON,AZ,official_business_licenses,,,,
standard,TYNANGROUP INC,6025222655,unknown,541618,TEMPE,AZ,official_business_licenses,,,,
standard,INTEGRATED HEALTH MANAGEMENT SERVICES LL,5203198656,unknown,541618,TUCSON,AZ,official_business_licenses,,,,
standard,EMPOWERMENT EVOLUTION LLC,5209657291,unknown,541618,TUCSON,AZ,official_business_licenses,,,,
standard,PINPOINTE INC,5207957505,unknown,541618,TUCSON,AZ,official_business_licenses,,,,
standard,CLEARWAVE SOLUTIONS LLC,5207770655,unknown,541618,TUCSON,AZ,official_business_licenses,,,,
standard,KRESSLER CONSULTING LLC,5209093886,unknown,541618,TUCSON,AZ,official_business_licenses,,,,
standard,AGILE ACCOMPLICE,5037583903,unknown,541618,TUCSON,AZ,official_business_licenses,,,,
standard,JEREMEY MICHAEL LASHER,5206097641,unknown,541618,TUCSON,AZ,official_business_licenses,,,,
standard,HARGIS & ASSOCIATES INC,5208817300,unknown,541620,TUCSON,AZ,official_business_licenses,,,,
standard,DOMINION ENVIRONMENTAL CONSULTANTS INC,6235161415,unknown,541620,PHOENIX,AZ,official_business_licenses,,,,
standard,ORACLE ENVIRONMENTAL LLC,5208698690,unknown,541620,TUCSON,AZ,official_business_licenses,,,,
standard,VT SAFETY AND ENVIRONMENTAL CONSULTING LLC,5202076967,unknown,541620,TUCSON,AZ,official_business_licenses,,,,
standard,BRI+TER ENVIRONMENTAL & CHEMICAL CONSULT,5207514314,unknown,541620,TUCSON,AZ,official_business_licenses,,,,
standard,ANCHOR POINT SERVICES LLC,5203016532,unknown,541620,TUCSON,AZ,official_business_licenses,,,,
standard,AZTLAN ARCHAEOLOGY ENVIRONMENT CONSULTANTS,5202718100,unknown,541620,TUCSON,AZ,official_business_licenses,,,,
standard,HARRIS ENVIRONMENTAL GROUP,5206287648,unknown,541620,TUCSON,AZ,official_business_licenses,,,,
standard,SOUTHWESTERN ECOLOGICAL RESEARCH COMPANY,5209753856,unknown,541620,TUCSON,AZ,official_business_licenses,,,,
standard,IHI ENVIRONMENTAL,6027760300,unknown,541620,TEMPE,AZ,official_business_licenses,,,,
standard,HYDRO GEO CHEM INC,5202931500,unknown,541620,TUCSON,AZ,official_business_licenses,,,,
standard,ENVIROSYSTEMS MANAGEMENT INC,9282260236,unknown,541620,FLAGSTAFF,AZ,official_business_licenses,,,,
standard,MCINTYRE ENVIRONMENTAL LLC,5207751490,unknown,541620,TUCSON,AZ,official_business_licenses,,,,
standard,GROFF SWINT MEDIA LLC,4806460615,unknown,541642,Mesa,AZ,official_business_licenses,,,,
standard,KWENTO ANALYTICS LLC,5205657442,unknown,541690,TUCSON,AZ,official_business_licenses,,,,
standard,PELLETIER RX LLC,9013789452,unknown,541690,TUCSON,AZ,official_business_licenses,,,,
standard,"ECONFOCUS, LLC",5208676600,unknown,541690,TUCSON,AZ,official_business_licenses,,,,
standard,PERSONAL SAFETY BOOKLET,5202561498,unknown,541690,TUCSON,AZ,official_business_licenses,,,,
standard,ALL SYSTEMS GEO,5203442420,unknown,541690,TUCSON,AZ,official_business_licenses,,,,
standard,CULTURAL/ENVIRONMENTAL SYSTEMS INC,5206222782,unknown,541690,TUCSON,AZ,official_business_licenses,,,,
standard,IPC TECHNICAL SERVICES LLC (IPCTS),5207883090,unknown,541690,TUCSON,AZ,official_business_licenses,,,,
standard,AGROFOODSAFETY COM,5202235821,unknown,541690,TUCSON,AZ,official_business_licenses,,,,
standard,HP TUCSON,5208814797,unknown,541690,TUCSON,AZ,official_business_licenses,,,,
standard,SOLAR POSSIBILITIES CONSULTING,5209091389,unknown,541690,TUCSON,AZ,official_business_licenses,,,,
standard,BROWN & ASSOCIATES CERTIFIED INSPECTION,4809913751,unknown,541690,PHOENIX,AZ,official_business_licenses,,,,
standard,"ARIZONA FOOD SAFTEY SPECIALISTS, LLC",5204050772,unknown,541690,TUCSON,AZ,official_business_licenses,,,,
standard,SOUTHWEST WATER RESOURCES CONSULTING LLC,5203072398,unknown,541690,TUCSON,AZ,official_business_licenses,,,,
standard,NORTON SAFETY SERVICES,5202703478,unknown,541690,TUCSON,AZ,official_business_licenses,,,,
standard,PANTHEON,5202044020,unknown,541690,TUCSON,AZ,official_business_licenses,,,,
standard,VANOVER CONSULTING LLC,5204688977,unknown,541690,VAIL,AZ,official_business_licenses,,,,
standard,Yay Analytics LLC,773 789 8366,unknown,"541690, 516210",Mesa,AZ,official_business_licenses,,,,
standard,BONNIE JEAN OWEN,5208346867,unknown,541700,TUCSON,AZ,official_business_licenses,,,,
standard,ARMED TO THE TEETH TECHNOLOGIES LLC,5204377958,unknown,541710,TUCSON,AZ,official_business_licenses,,,,
standard,EMRO USA EFFECTIVE MICROORGANISMS,5207923143,unknown,541711,TUCSON,AZ,official_business_licenses,,,,
standard,RINCON RESEARCH CORPORATION,5205194600,unknown,541711,TUCSON,AZ,official_business_licenses,,,,
standard,TERA VISION,5202472239,unknown,541711,TUCSON,AZ,official_business_licenses,,,,
standard,TERRA NOSTRA EARTH SCIENCE RESEARCH,5204043780,unknown,541711,TUCSON,AZ,official_business_licenses,,,,
standard,CM LASER TECHNOLOGIES INC,5207997460,unknown,541711,TUCSON,AZ,official_business_licenses,,,,
standard,ARIZONA MEDICAL CARE,+15207957724,,541711,TUCSON,AZ,adapter:official_business_licenses,,,,
standard,ECLIPSE CLINICAL RESEARCH LLC,5206479926,unknown,541712,TUCSON,AZ,official_business_licenses,,,,
standard,PROFESSIONAL MINERALS DEVELOPMENT LLC,5207777130,unknown,541712,TUCSON,AZ,official_business_licenses,,,,
standard,OUTCOMES RESEARCH INTERNATIONAL INC,5205147600,unknown,541712,TUCSON,AZ,official_business_licenses,,,,
standard,ACCELERATE DIAGNOSTICS INC,5203653100,unknown,541712,TUCSON,AZ,official_business_licenses,,,,
standard,PEPTIDE SOLUTIONS,5023141515,unknown,541712,TUCSON,AZ,official_business_licenses,,,,
standard,ADVALUE PHOTONICS INC,5207905468,unknown,541712,TUCSON,AZ,official_business_licenses,,,,
standard,WORLD VIEW ENTERPRISES INC,5207454445,unknown,541712,TUCSON,AZ,official_business_licenses,,,,
standard,OPT-E,5209073988,unknown,541712,TUCSON,AZ,official_business_licenses,,,,
standard,MICROCHIP TECHNOLOGY INCORPORATED,5207450045,unknown,541712,CHANDLER,AZ,official_business_licenses,,,,
standard,QUAESTA INSTRUMENTS LLC,5208823706,unknown,541712,TUCSON,AZ,official_business_licenses,,,,
standard,RILEY ENGINEERING LLC,5205054651,unknown,541712,TUCSON,AZ,official_business_licenses,,,,
standard,SAECO,5202038257,unknown,541712,TUCSON,AZ,official_business_licenses,,,,
standard,ANTIMICROBIAL STEWARDSHIP SOLUTIONS,+14807481606,,541713,TUCSON,AZ,adapter:official_business_licenses,,,,
standard,TUCSON CLINICAL RESEARCH INSTITUTE,5203675032,unknown,541714,TUCSON,AZ,official_business_licenses,,,,
standard,RDGS LLC,5205910270,unknown,541715,TUCSON,AZ,official_business_licenses,,,,
standard,NEUVISION DEVELOPMENT LLC,5202972789,unknown,541715,TUCSON,AZ,official_business_licenses,,,,
standard,DEUVE PHOTONICS,5207777715,unknown,541715,TUCSON,AZ,official_business_licenses,,,,
standard,LIGHT RESEARCH INC,5209068788,unknown,541715,TUCSON,AZ,official_business_licenses,,,,
standard,THE INSTITUTE FOR LIVER HEALTH II LLC,5412200055,unknown,541715,CHANDLER,AZ,official_business_licenses,,,,
standard,SION POWER,+15207997500,,541715,TUCSON,AZ,adapter:official_business_licenses,,,,
standard,Ballistic Research & Development,480-789-0415,unknown,"541715, 541490, 811490",Mesa,AZ,official_business_licenses,,,,
standard,NEEMA LLC,5207455361,unknown,541720,TUCSON,AZ,official_business_licenses,,,,
standard,WINDOWMED.COM,4805168302,unknown,541720,TUCSON,AZ,official_business_licenses,,,,
standard,ALISON MARIA MEADOW,5208915343,unknown,541720,TUCSON,AZ,official_business_licenses,,,,
standard,RACHEL KATHERINE LEIH,2623476001,unknown,541720,TUCSON,AZ,official_business_licenses,,,,
standard,CIRCLE CITY ABA OF ARIZONA,6025288143,unknown,541720,PHOENIX,AZ,official_business_licenses,,,,
standard,MONTARE BEHAVIORAL HEALTH,5204428624,unknown,541720,TUCSON,AZ,official_business_licenses,,,,
standard,FUN AND FUNCTIONAL BEHAVIORAL SERVICES,5202486760,unknown,541720,TUCSON,AZ,official_business_licenses,,,,
standard,SLM TUCSON,5203047502,unknown,541730,TUCSON,AZ,official_business_licenses,,,,
standard,"Freestyle Production Studios, LLC",602.549.3380,unknown,541800,Mesa,AZ,official_business_licenses,,,,
standard,"Upstart Startups USA, LLC",4803779366,unknown,541800,Mesa,AZ,official_business_licenses,,,,
standard,ACKERLEY ADVERTISING,5208507058,unknown,541810,TUCSON,AZ,official_business_licenses,,,,
standard,PROVENTURES INC,5207430786,unknown,541810,CORTARO,AZ,official_business_licenses,,,,
standard,BEHAN BROWNING GROUP LLC,5209076677,unknown,541810,TUCSON,AZ,official_business_licenses,,,,
standard,LONGHORN ENTERPRISES,5207222977,unknown,541810,TUCSON,AZ,official_business_licenses,,,,
standard,GORDLEY DESIGN GROUP INC,5203276077,unknown,541810,TUCSON,AZ,official_business_licenses,,,,
standard,THE MEDIA ADVANTAGE LLC,5203225209,unknown,541810,TUCSON,AZ,official_business_licenses,,,,
standard,SAL SAL GROUP LLC,5204905222,unknown,541810,TUCSON,AZ,official_business_licenses,,,,
standard,MY BRAND TOTAL SOLUTIONS,5206471993,unknown,541810,TUCSON,AZ,official_business_licenses,,,,
standard,GEO & ASSOCIATES INC,5203233221,unknown,541810,TUCSON,AZ,official_business_licenses,,,,
standard,ESTRADA ADVERTISING,5209751975,unknown,541810,TUCSON,AZ,official_business_licenses,,,,
standard,DAVIDSON ADVERTISING LLC,5206299555,unknown,541810,TUCSON,AZ,official_business_licenses,,,,
standard,FUNNELHARBOR LLC,5203734633,unknown,541810,TUCSON,AZ,official_business_licenses,,,,
standard,FINASKEMEDIAMARKETING LLC,7544652448,unknown,541810,TUCSON,AZ,official_business_licenses,,,,
standard,BAR PICS TUCSON AZ,5203220322,unknown,541810,TUCSON,AZ,official_business_licenses,,,,
standard,LAURIE SWANSON DESIGN,5202412001,unknown,541810,TUCSON,AZ,official_business_licenses,,,,
standard,BITS ON THE WIRE.COM,5207602400,unknown,541810,TUCSON,AZ,official_business_licenses,,,,
standard,SVRN PRO LLC,8132171203,unknown,541810,TUCSON,AZ,official_business_licenses,,,,
standard,HANK BRANDT ASSOCIATES INC,5208502235,unknown,541810,TUCSON,AZ,official_business_licenses,,,,
standard,INSIGHT SERVICES,5206025088,unknown,541810,GREEN VALLEY,AZ,official_business_licenses,,,,
standard,FOSTER ADVERTISING,5206228282,unknown,541810,TUCSON,AZ,official_business_licenses,,,,
standard,TAGLINE MEDIA,+15202078910,,541810,TUCSON,AZ,adapter:official_business_licenses,,,,
standard,JKR COMMUNICATIONS,5205461005,unknown,541820,TUCSON,AZ,official_business_licenses,,,,
standard,POLICY DEVELOPMENT GROUP INC,6022744244,unknown,541820,PHOENIX,AZ,official_business_licenses,,,,
standard,"EVENT DRIVEN MEDIA PARTNERS, L",5202617822,unknown,541820,TUCSON,AZ,official_business_licenses,,,,
standard,SMART UNITED BUSINESS STRATEGIES INC,5202473268,unknown,541820,TUCSON,AZ,official_business_licenses,,,,
standard,ARIES CONSULTING,5207914204,unknown,541820,TUCSON,AZ,official_business_licenses,,,,
standard,ROBINETT MITIGATION & CONSULTATION SERV,5209794528,unknown,541820,TUCSON,AZ,official_business_licenses,,,,
standard,HIGHGROUND INC,+16025283684,,541820,PHOENIX,AZ,adapter:official_business_licenses,,,,
standard,AZTELECHARGE LLC,5203293047,unknown,541840,TUCSON,AZ,official_business_licenses,,,,
standard,KCUB/KOAZ RADIO,5208871000,unknown,541840,TUCSON,AZ,official_business_licenses,,,,
standard,NUESTRA HORA CON LETY SHOW LLC,5204016505,unknown,541840,TUCSON,AZ,official_business_licenses,,,,
standard,TUCSON FOODIE,6365380326,unknown,541840,TUCSON,AZ,official_business_licenses,,,,
standard,KUVE,5202433333,unknown,541840,PHOENIX,AZ,official_business_licenses,,,,
standard,EL PUEBLO ARDIENTE,5204618768,unknown,541840,TUCSON,AZ,official_business_licenses,,,,
standard,EPIPHANY COMMUNICATIONS,5204900654,unknown,541840,TUCSON,AZ,official_business_licenses,,,,
standard,DESERT LEAF THE,5208815188,unknown,541840,TUCSON,AZ,official_business_licenses,,,,
standard,LAST BRIDGE MEDIA LLC,5202553698,unknown,541840,TUCSON,AZ,official_business_licenses,,,,
standard,SEEINGIT.COM,5208853838,unknown,541840,TUCSON,AZ,official_business_licenses,,,,
standard,COX MEDIA,5208677133,unknown,541840,TUCSON,AZ,official_business_licenses,,,,
standard,GURIELLA ADVERTISING MARKETING ENTERTAIMENT,5204402306,unknown,541850,TUCSON,AZ,official_business_licenses,,,,
standard,SOIREE GIRLS,5204813921,unknown,541850,TUCSON,AZ,official_business_licenses,,,,
standard,IMPACT RESULTS LLC,5208775806,unknown,541860,TUCSON,AZ,official_business_licenses,,,,
standard,ACCULIST,5202264220,unknown,541860,TUCSON,AZ,official_business_licenses,,,,
standard,ADVANCED DIRECT ENGAGEMENT NETWORK,+15203603920,,541860,TUCSON,AZ,adapter:official_business_licenses,,,,
standard,ZIPONS.COM,5209075555,unknown,541870,TUCSON,AZ,official_business_licenses,,,,
standard,PRONTO PROMOTIONS & GRAPHICS,5202403677,unknown,541870,TUCSON,AZ,official_business_licenses,,,,
standard,ARIZONA CIRCULATION,5202902242,unknown,541890,TUCSON,AZ,official_business_licenses,,,,
standard,DODIER & COMPANY INC,5202991000,unknown,541890,TUCSON,AZ,official_business_licenses,,,,
standard,DESERT THUNDER PRODUCTION,5207211621,unknown,541890,TUCSON,AZ,official_business_licenses,,,,
standard,SANDOVAL CREATIVE INC,5209032201,unknown,541890,TUCSON,AZ,official_business_licenses,,,,
standard,CREATIVE CONCEPTS INTERNATIONAL,5209778885,unknown,541890,MARANA,AZ,official_business_licenses,,,,
standard,RYCO MEDIA INC,5202476188,unknown,541890,TUCSON,AZ,official_business_licenses,,,,
standard,OSER COMMUNCATIONS GROUP,5207211300,unknown,541890,TUCSON,AZ,official_business_licenses,,,,
standard,"MERITAGE PRODUCTIONS, LLC",5209774702,unknown,541890,TUCSON,AZ,official_business_licenses,,,,
standard,PROMONAYTION,5203292291,unknown,541890,TUCSON,AZ,official_business_licenses,,,,
standard,COFFEE NEWS TUCSON,5202079100,unknown,541890,TUCSON,AZ,official_business_licenses,,,,
standard,TUCSONDENOCHE.COM,5204431969,unknown,541890,TUCSON,AZ,official_business_licenses,,,,
standard,WILLIAMS & ASSOCIATES LTD,5207458500,unknown,541890,TUCSON,AZ,official_business_licenses,,,,
standard,MINKUS ADVERTISING SPECIALTIES LLC,5203266708,unknown,541890,TUCSON,AZ,official_business_licenses,,,,
standard,TISEMENT LLC,5207300849,unknown,541890,TUCSON,AZ,official_business_licenses,,,,
standard,SHAMROCK MOTORSPORTS,5208850530,unknown,541890,TUCSON,AZ,official_business_licenses,,,,
standard,ARIZONA LOTUS CORPORATION,5204074500,unknown,541890,TUCSON,AZ,official_business_licenses,,,,
standard,KANEEN ADVERTISING & PUBLIC RELATIONS,5208859009,unknown,541890,TUCSON,AZ,official_business_licenses,,,,
standard,DARK HORSE MEDIA,+15207481010,,541890,TUCSON,AZ,adapter:official_business_licenses,,,,
standard,EFORCE MARKETING LLC,+15203090798,,541890,TUCSON,AZ,adapter:official_business_licenses,,,,
standard,FOCUS WEB WORKS,+15204446533,,541890,TUCSON,AZ,adapter:official_business_licenses,,,,
standard,Title Services of the Valley Agency LLC,480-681-7020,unknown,54191,Mesa,AZ,official_business_licenses,,,,
standard,HOOTOLOGY,6024481611,unknown,541910,TUCSON,AZ,official_business_licenses,,,,
standard,TRAC MEDIA SERVICES,5202991866,unknown,541910,TUCSON,AZ,official_business_licenses,,,,
standard,LESLIE J MILLER,5202713590,unknown,541910,TUCSON,AZ,official_business_licenses,,,,
standard,JONES MARKETING,5205146764,unknown,541910,TUCSON,AZ,official_business_licenses,,,,
standard,ROLLOVER PICTURES,5202050383,unknown,541920,TUCSON,AZ,official_business_licenses,,,,
standard,SPOILED ROTTEN PHOTOGRAPHY - GILBERT,4807797513,unknown,541920,Mesa,AZ,official_business_licenses,,,,
standard,7 FLORES,5204619472,unknown,541920,TUCSON,AZ,official_business_licenses,,,,
standard,YOUR MOMENTS PHOTO BOOTH,5208697889,unknown,541920,TUCSON,AZ,official_business_licenses,,,,
standard,Lisa Toll Photography LLC,4807370726,unknown,541920,Mesa,AZ,official_business_licenses,,,,
standard,DOMINIQUE'S GLAM PHOTO BOOTH RENTALS,5206681984,unknown,541921,TUCSON,AZ,official_business_licenses,,,,
standard,KILEY HARMON PHOTOGRAPHY LLC,4803306507,unknown,541921,TUCSON,AZ,official_business_licenses,,,,
standard,JUST BREATHE PHOTOGRAPHY,5206001366,unknown,541921,TUCSON,AZ,official_business_licenses,,,,
standard,BG BOYD PHOTOGRAPHY,5203025230,unknown,541921,TUCSON,AZ,official_business_licenses,,,,
standard,ZITA SMITH PHOTOGRAPHY LLC,5203106509,unknown,541921,VAIL,AZ,official_business_licenses,,,,
standard,ARC DIGITAL,5202604653,unknown,541921,TUCSON,AZ,official_business_licenses,,,,
standard,JROOTGALLERY.COM,5208345858,unknown,541921,TUCSON,AZ,official_business_licenses,,,,
standard,WAY OUT WEST CREATIVE,4064311596,unknown,541921,TUCSON,AZ,official_business_licenses,,,,
standard,DANPHOTO LLC,9287740161,unknown,541921,TUCSON,AZ,official_business_licenses,,,,
standard,STARLIGHT FAMILY PHOTOGRAPHY,7025757595,unknown,541921,SAHUARITA,AZ,official_business_licenses,,,,
standard,BETSY AND JOHN LLC,5209756162,unknown,541921,TUCSON,AZ,official_business_licenses,,,,
standard,AUDRIA ABNEY PHOTOGRAPHY,5209790537,unknown,541921,TUCSON,AZ,official_business_licenses,,,,
standard,BARKING IRON OLD TIME PHOTOGRAPHY STUDIO,5204449032,unknown,541921,TUCSON,AZ,official_business_licenses,,,,
standard,PHOTOGRAPHY BY CASEY JAMES LLC,5202588729,unknown,541921,TUCSON,AZ,official_business_licenses,,,,
standard,ELLIE AND CO CREATIVE,5205898346,unknown,541921,TUCSON,AZ,official_business_licenses,,,,
standard,CHRIS MOONEY PHOTOGRAPHY,5206241121,unknown,541921,TUCSON,AZ,official_business_licenses,,,,
standard,PHILLIP MAKES FILMS LLC,5205537200,unknown,541921,TUCSON,AZ,official_business_licenses,,,,
standard,SAMANI PRODUCTIONS,2027059249,unknown,541921,TUCSON,AZ,official_business_licenses,,,,
standard,JTURK PHOTOGRAPHY,5209816295,unknown,541921,TUCSON,AZ,official_business_licenses,,,,
standard,TOM SPITZ PHOTOGRAPHY,5209906644,unknown,541921,TUCSON,AZ,official_business_licenses,,,,
standard,ONLOCATION PHOTOGRAPHY,5203493395,unknown,541921,TUCSON,AZ,official_business_licenses,,,,
standard,KIMBY FAMILY PHOTOGRAPHY,5204373505,unknown,541921,VAIL,AZ,official_business_licenses,,,,
standard,JEN BEE PHOTOGRAPHY,5204902989,unknown,541921,TUCSON,AZ,official_business_licenses,,,,
standard,ELLEN DUPERRET PHOTOGRAPHY LLC,5204715027,unknown,541921,TUCSON,AZ,official_business_licenses,,,,
standard,JESSICA MCELFRESH PHOTOGRAPHY,6232365700,unknown,541921,TUCSON,AZ,official_business_licenses,,,,
standard,LIV LAWLER PHOTOGRAPHY,6015209992,unknown,541921,APO AP,AZ,official_business_licenses,,,,
standard,SEAN STUCHEN PHOTOGRAPHY,5209069633,unknown,541921,TUCSON,AZ,official_business_licenses,,,,
standard,EHA PHOTOGRAPHY LLC,5202657027,unknown,541921,TUCSON,AZ,official_business_licenses,,,,
standard,DODSON PHOTOGRAPHY,5207907923,unknown,541921,TUCSON,AZ,official_business_licenses,,,,
standard,TS CINEMA,4803697091,unknown,541921,SCOTTSDALE,AZ,official_business_licenses,,,,
standard,BETWEEN THE LENS PHOTOGRAPHY,5205722180,unknown,541921,TUCSON,AZ,official_business_licenses,,,,
standard,PHOTOBELLA BY SHARI,5204045152,unknown,541921,TUCSON,AZ,official_business_licenses,,,,
standard,JJ SNYDER PHOTOGRAPHY,5209077212,unknown,541921,TUCSON,AZ,official_business_licenses,,,,
standard,MJ PHOTOGRAPHY,5204443596,unknown,541921,TUCSON,AZ,official_business_licenses,,,,
standard,CARRIER PHOTOGRAPHY,2035900209,unknown,541921,TUCSON,AZ,official_business_licenses,,,,
standard,FLASH IN THE PAST,5203040691,unknown,541921,TUCSON,AZ,official_business_licenses,,,,
standard,CUSTOM PHOTOGRAPHY VIDEO & FRAMING,5205741819,unknown,541921,TUCSON,AZ,official_business_licenses,,,,
standard,ECLIPSI PHOTOGRAPHY BY CAYUPE,5203585590,unknown,541921,TUCSON,AZ,official_business_licenses,,,,
standard,BRIDGET CLARICE PHOTOGRAPHY LLC,5203363024,unknown,541921,TUCSON,AZ,official_business_licenses,,,,
standard,UNIQUE PHOTOGRAPHY,5208844748,unknown,541921,TUCSON,AZ,official_business_licenses,,,,
standard,PHOTO OCCASION LLC,5202035650,unknown,541921,TUCSON,AZ,official_business_licenses,,,,
standard,DAVID GRACIA PHOTOGRAPHY,5204016884,unknown,541921,TUCSON,AZ,official_business_licenses,,,,
standard,KRISTI HARRIS PHOTOGRAPHY LLC,9792512279,unknown,541921,TUCSON,AZ,official_business_licenses,,,,
standard,ROSE-COLORED LENS,5204772145,unknown,541921,TUCSON,AZ,official_business_licenses,,,,
standard,FLEUR DE LEA PHOTOGRAPHY,5209759051,unknown,541921,TUCSON,AZ,official_business_licenses,,,,
standard,CARLOS CHAVEZ PHOTOGRAPHY LLC,5202503302,unknown,541921,TUCSON,AZ,official_business_licenses,,,,
standard,LUX STUDIOS,5202403780,unknown,541921,VAIL,AZ,official_business_licenses,,,,
standard,MARSHALL'S PHOTOGRAPHY AND WEB DESIGN LL,5207900149,unknown,541921,TUCSON,AZ,official_business_licenses,,,,
standard,TOSH CREATIVE,5206660654,unknown,541921,TUCSON,AZ,official_business_licenses,,,,
standard,TUCSON HEADSHOT,5204095525,unknown,541921,TUCSON,AZ,official_business_licenses,,,,
standard,CAPTURED ESSENCE,7703540835,unknown,541921,TUCSON,AZ,official_business_licenses,,,,
standard,STEPH E PHOTOGRAPHY LLC,5204442678,unknown,541921,TUCSON,AZ,official_business_licenses,,,,
standard,IHARTPIX PHOTOGRAPHY,5204511029,unknown,541921,TUCSON,AZ,official_business_licenses,,,,
standard,WINDING ROAD IMAGES LLC,5202714629,unknown,541921,TUCSON,AZ,official_business_licenses,,,,
standard,DESERT GROWN PHOTOGRAPHY LLC,5202228864,unknown,541921,TUCSON,AZ,official_business_licenses,,,,
standard,REIGN PHOTOGRAPHY,5202364926,unknown,541921,SIERRA VISTA,AZ,official_business_licenses,,,,
standard,AMBROSE PHOTOGRAPHY,5202005858,unknown,541921,TUCSON,AZ,official_business_licenses,,,,
standard,MICHELLE ROONEY PHOTOGRAPHY,5202564677,unknown,541921,TUCSON,AZ,official_business_licenses,,,,
standard,PAUL VAN HELDEN PHOTOGRAPHY,5207442067,unknown,541921,TUCSON,AZ,official_business_licenses,,,,
standard,ARTISTIC IMAGES STUDIO,5209776733,unknown,541921,TUCSON,AZ,official_business_licenses,,,,
standard,PHOTO BOOTH DEL SOL LLC,5202228758,unknown,541921,TUCSON,AZ,official_business_licenses,,,,
standard,PITTOGRAPHY PRODUCTIONS,2108756830,unknown,541921,TUCSON,AZ,official_business_licenses,,,,
standard,PHOTOGRAPHY BY JONATHAN ARLIA LLC,5202439571,unknown,541921,TUCSON,AZ,official_business_licenses,,,,
standard,PHOTOGRAPHY BY JACQUELYNN BUCK,6106621823,unknown,541921,TUCSON,AZ,official_business_licenses,,,,
standard,CHANEL'S PHOTO BOOTH,5203699557,unknown,541921,TUCSON,AZ,official_business_licenses,,,,
standard,STEVEN MECKLER PHOTOGRAPHER,5207922467,unknown,541921,TUCSON,AZ,official_business_licenses,,,,
standard,BENJAMIN J TISDALE,4252879616,unknown,541921,TUCSON,AZ,official_business_licenses,,,,
standard,EVA REYERSON PHOTOGRAPHY LLC,5204006146,unknown,541921,TUCSON,AZ,official_business_licenses,,,,
standard,LEIGH NEAL PHOTOGRAPHY,9287073544,unknown,541921,TUCSON,AZ,official_business_licenses,,,,
standard,REMBRANDT PHOTO LLC,5207979200,unknown,541921,TUCSON,AZ,official_business_licenses,,,,
standard,AMBER LEA PHOTOGRAPHY LLC,5209910108,unknown,541921,TUCSON,AZ,official_business_licenses,,,,
standard,UNFORGETTABLE EVENTS,5207804172,unknown,541921,TUCSON,AZ,official_business_licenses,,,,
standard,YONELAND,2016158913,unknown,541921,TUCSON,AZ,official_business_licenses,,,,
standard,AMANDA ROCKAFELLOW PHOTOGRAPHY,5204440551,unknown,541921,TUCSON,AZ,official_business_licenses,,,,
standard,RISE PHOTOGRAPHY INC,5202353681,unknown,541921,VAIL,AZ,official_business_licenses,,,,
standard,TOREY PHOTO LLC,5202403791,unknown,541921,TUCSON,AZ,official_business_licenses,,,,
standard,AUBREY TAYLOR PHOTOGRAPHY,9707597277,unknown,541921,TUCSON,AZ,official_business_licenses,,,,
standard,BAD AVENUE PRODUCTIONS,5206611954,unknown,541921,TUCSON,AZ,official_business_licenses,,,,
standard,CELEBRATE IN 360,5203292287,unknown,541921,TUCSON,AZ,official_business_licenses,,,,
standard,SANTOS CLARK PHOTOGRAPHY,5209757171,unknown,541921,TUCSON,AZ,official_business_licenses,,,,
standard,LONGLIGHT PHOTOGRAPHY LLC,5204004393,unknown,541921,TUCSON,AZ,official_business_licenses,,,,
standard,LACEY WOLF FINE PORTRAITURE LLC,5202040321,unknown,541921,TUCSON,AZ,official_business_licenses,,,,
standard,TM ARTISTS LLC,5204818321,unknown,541921,TUCSON,AZ,official_business_licenses,,,,
standard,WORTH 1000 WORDS EXPRESSIVE PHOTOGRAPHY,5208610289,unknown,541921,TUCSON,AZ,official_business_licenses,,,,
standard,CAROLINE GARZA PHOTOGRAPHY,5206688694,unknown,541921,TUCSON,AZ,official_business_licenses,,,,
standard,NIEVES MONTANO PHOTOGRAPHY,6237608254,unknown,541921,TUCSON,AZ,official_business_licenses,,,,
standard,CHRIS LEON MEDIA,5204009755,unknown,541921,VAIL,AZ,official_business_licenses,,,,
standard,ANNA GABRIELA PHOTOGRAPHY,5209404486,unknown,541921,TUCSON,AZ,official_business_licenses,,,,
standard,SAND AND SILVER PHOTOGRAPHY,5201707380,unknown,541921,TUCSON,AZ,official_business_licenses,,,,
standard,RICK BISHOP,5202680780,unknown,541921,TUCSON,AZ,official_business_licenses,,,,
standard,TEN TWENTY CREATIVE LLC,5202507768,unknown,541921,TUCSON,AZ,official_business_licenses,,,,
standard,BRIGETTE SALVA PHOTOGRAPHY,5204374154,unknown,541921,SAHUARITA,AZ,official_business_licenses,,,,
standard,HIS & HERS PHOTOGRAPHY STUDIO,5204045410,unknown,541921,TUCSON,AZ,official_business_licenses,,,,
standard,ILLUSIONS OF BEAUTY,5209559302,unknown,541921,TUCSON,AZ,official_business_licenses,,,,
standard,ECN IT SOLUTIONS LLC,5209037734,unknown,541921,TUCSON,AZ,official_business_licenses,,,,
standard,SHERRI GRAVES PHOTOGRAPHY,5204447474,unknown,541921,TUCSON,AZ,official_business_licenses,,,,
standard,CROWNS X THRONES MEDIA LLC,5209129428,unknown,541921,TUCSON,AZ,official_business_licenses,,,,
standard,KIMBERLY WITORT,3608702222,unknown,541921,TUCSON,AZ,official_business_licenses,,,,
standard,MEAGAN GETZ PHOTOGRAPHY LLC,5202616296,unknown,541921,TUCSON,AZ,official_business_licenses,,,,
standard,SOARING SPIRIT CREATIONS LLC,5205297249,unknown,541921,TUCSON,AZ,official_business_licenses,,,,
standard,SILVER QUILL PHOTOGRAPHY LLC,5203234265,unknown,541921,TUCSON,AZ,official_business_licenses,,,,
standard,C ELLIOTT PHOTOGRAPHY,5204046767,unknown,541921,TUCSON,AZ,official_business_licenses,,,,
standard,MONROY FILMS,5207717023,unknown,541921,TUCSON,AZ,official_business_licenses,,,,
standard,G VARGAS PHOTOGRAPHY,5202034470,unknown,541921,VAIL,AZ,official_business_licenses,,,,
standard,SOMETHING BLUE PHOTOGRAPHY,5208089812,unknown,541921,TUCSON,AZ,official_business_licenses,,,,
standard,PETER ROMANO PHOTOGRAPHY,5204001903,unknown,541921,TUCSON,AZ,official_business_licenses,,,,
standard,ISO VP STUDIOS,5209891199,unknown,541921,TUCSON,AZ,official_business_licenses,,,,
standard,EW VARNES IMAGING,5209913843,unknown,541921,TUCSON,AZ,official_business_licenses,,,,
standard,MELISA ELLIOTT PHOTOGRAPHY,5206680864,unknown,541921,TUCSON,AZ,official_business_licenses,,,,
standard,MICHAEL KLOTH PHOTOGRAPHY,5203996122,unknown,541921,TUCSON,AZ,official_business_licenses,,,,
standard,LOVE AND LUMEN PHOTOGRAPHY,5202881979,unknown,541921,ORACLE,AZ,official_business_licenses,,,,
standard,AZ CINERIGGED,5205072534,unknown,541921,TUCSON,AZ,official_business_licenses,,,,
standard,BLUE'S PRODUCTIONS BP,9283046775,unknown,541921,TUCSON,AZ,official_business_licenses,,,,
standard,DRAGON'S EYE PHOTOGRAPHY,5207701625,unknown,541921,TUCSON,AZ,official_business_licenses,,,,
standard,GAWNE DESIGNS,5202305960,unknown,541921,TUCSON,AZ,official_business_licenses,,,,
standard,THREE BIRDS PHOTOGRAPHY LLC,5203901484,unknown,541921,TUCSON,AZ,official_business_licenses,,,,
standard,MNSEXPRESSIONS,5203026269,unknown,541921,TUCSON,AZ,official_business_licenses,,,,
standard,AMY IJAMS PHOTOGRAPHY,5202355572,unknown,541921,TUCSON,AZ,official_business_licenses,,,,
standard,BOB BINGHAM PHOTOGRAPHY,5208914539,unknown,541921,TUCSON,AZ,official_business_licenses,,,,
standard,C EATON PHOTOGRAPHY LLC,5204402167,unknown,541921,TUCSON,AZ,official_business_licenses,,,,
standard,DANIELLE HARRIS STUDIO,5206572200,unknown,541921,TUCSON,AZ,official_business_licenses,,,,
standard,DOUCETTE PHOTOGRAPHY,5204045039,unknown,541921,TUCSON,AZ,official_business_licenses,,,,
standard,SPIN WHEEL,5202893752,unknown,541921,TUCSON,AZ,official_business_licenses,,,,
standard,DUBLTAPP,5204281996,unknown,541921,Tucson,AZ,official_business_licenses,,,,
standard,DOMINIC BONUCCELLI PHOTOGRAPHY,4074044114,unknown,541921,TUCSON,AZ,official_business_licenses,,,,
standard,VEXELS,5209906947,unknown,541921,TUCSON,AZ,official_business_licenses,,,,
standard,SUNSTREET PHOTO,5209550663,unknown,541921,TUCSON,AZ,official_business_licenses,,,,
standard,NIE'S PHOTOGRAPH,5205659204,unknown,541921,TUCSON,AZ,official_business_licenses,,,,
standard,WOLFF CREATIVE CO,5202451564,unknown,541921,TUCSON,AZ,official_business_licenses,,,,
standard,ALICIA MARIE PHOTOGRAPHY LLC,5202481945,unknown,541921,MARANA,AZ,official_business_licenses,,,,
standard,IAN ADRIAN NATURE PHOTOGRAPHY,5707689447,unknown,541921,TUCSON,AZ,official_business_licenses,,,,
standard,BY MY,5207490328,unknown,541921,TUCSON,AZ,official_business_licenses,,,,
standard,ROYAL VISIONS,5209128325,unknown,541921,TUCSON,AZ,official_business_licenses,,,,
standard,CHLOE OWEN PHOTO LLC,5203347154,unknown,541921,TUCSON,AZ,official_business_licenses,,,,
standard,CINDY PETERSEN PHOTOGRAPHY,5202459594,unknown,541921,TUCSON,AZ,official_business_licenses,,,,
standard,HLS WEDDING PHOTOS LLC,5208384691,unknown,541921,TUCSON,AZ,official_business_licenses,,,,
standard,TJ ROXAS PHOTOGRAPHY,+15206098919,,541921,TUCSON,AZ,adapter:official_business_licenses,,,,
standard,Ivan Martinez Photography,6027080136,unknown,541921 and 541922,Mesa,AZ,official_business_licenses,,,,
standard,OSCAR M MONTOYA LLC,5208892392,unknown,541922,TUCSON,AZ,official_business_licenses,,,,
standard,URBAN ABSTRAKT INC,7735052628,unknown,541922,TUCSON,AZ,official_business_licenses,,,,
standard,PICTURE WINDOWS,5209913092,unknown,541922,TUCSON,AZ,official_business_licenses,,,,
standard,FLASHPOINT PHOTOGRAPHY,5202889574,unknown,541922,TUCSON,AZ,official_business_licenses,,,,
standard,SOUTHERN ARIZONA REALTY MEDIA,5209554690,unknown,541922,TUCSON,AZ,official_business_licenses,,,,
standard,EDGAR JOSEPH COYLE,5204658880,unknown,541922,TUCSON,AZ,official_business_licenses,,,,
standard,BALLADS BY SARAH,3609087596,unknown,541922,MARANA,AZ,official_business_licenses,,,,
standard,KEN DON PHOTOGRAPHY,5203498738,unknown,541922,TUCSON,AZ,official_business_licenses,,,,
standard,TUCSON VIDEO TOURS,5202713900,unknown,541922,TUCSON,AZ,official_business_licenses,,,,
standard,HYPERFOCAL DIGITAL,5206096126,unknown,541922,TUCSON,AZ,official_business_licenses,,,,
standard,LIMITLESS PHOTOGRAPHY,5207307731,unknown,541922,TUCSON,AZ,official_business_licenses,,,,
standard,LILLIAN LEDNER PHOTOGRAPHY,5203899381,unknown,541922,TUCSON,AZ,official_business_licenses,,,,
standard,AS EVER PHOTOGRAPHY,3345606109,unknown,541922,TUCSON,AZ,official_business_licenses,,,,
standard,LUCID DREAM CATCHER,7864534331,unknown,541922,TUCSON,AZ,official_business_licenses,,,,
standard,FORK TAILED MEDIA LLC,4807519306,unknown,541922,TUCSON,AZ,official_business_licenses,,,,
standard,VENTURA DRONE SOLUTIONS,5204057219,unknown,541922,MARANA,AZ,official_business_licenses,,,,
standard,VIZERAL MEDIA,5204291394,unknown,541922,TUCSON,AZ,official_business_licenses,,,,
standard,SKYVIEW 360 LLC,5203558321,unknown,541922,TUCSON,AZ,official_business_licenses,,,,
standard,"BVR SYSTEMS, LLC",5209002871,unknown,541922,TUCSON,AZ,official_business_licenses,,,,
standard,ANGELA ANDERSON PHOTOGRAPHY LLC,5202404795,unknown,541922,TUCSON,AZ,official_business_licenses,,,,
standard,V VALDEZ PHOTOGRAPHY,5204651282,unknown,541922,TUCSON,AZ,official_business_licenses,,,,
standard,ELSA M JACKLITCH PHOTOGRAPHY,5203907609,unknown,541922,TUCSON,AZ,official_business_licenses,,,,
standard,JM PHOTO 'N MORE,5204001840,unknown,541922,TUCSON,AZ,official_business_licenses,,,,
standard,IRIS ROSE PHOTOGRAPHY,5208738263,unknown,541922,TUCSON,AZ,official_business_licenses,,,,
standard,RYAN VANDERPOOL FILMS,5202715439,unknown,541922,TUCSON,AZ,official_business_licenses,,,,
standard,LUXE REALTY PHOTOGRAPHY LLC,5208697340,unknown,541922,TUCSON,AZ,official_business_licenses,,,,
standard,SDVISIONS,5202576092,unknown,541922,TUCSON,AZ,official_business_licenses,,,,
standard,ZAK SEWARD PHOTOGRAPHY,5204298199,unknown,541922,TUCSON,AZ,official_business_licenses,,,,
standard,ADAPTIVE PHOTOGRAPHY,5205915889,unknown,541922,MARANA,AZ,official_business_licenses,,,,
standard,MOE MEMORIES PHOTOGRAPHY,5203701787,unknown,541922,TUCSON,AZ,official_business_licenses,,,,
standard,ARIZONA SKY IMAGERY LLC,5204759373,unknown,541922,TUCSON,AZ,official_business_licenses,,,,
standard,OLD PUEBLO PHOTOGRAPHY,5202829267,unknown,541922,TUCSON,AZ,official_business_licenses,,,,
standard,JACK KULAWIK PHOTOGRAPHER,5204044914,unknown,541922,TUCSON,AZ,official_business_licenses,,,,
standard,HASKELL PHOTOGRAPHY,5202705653,unknown,541922,TUCSON,AZ,official_business_licenses,,,,
standard,LIGHT MECHANICS,5206030921,unknown,541922,TUCSON,AZ,official_business_licenses,,,,
standard,MARTHA LOCHERT PHOTOGRAPHY,5202906322,unknown,541922,TUCSON,AZ,official_business_licenses,,,,
standard,UNESTABLISHED MEDIA,5208226670,unknown,541922,TUCSON,AZ,official_business_licenses,,,,
standard,SILHOUETTE PHOTOGRAPHY,5208861710,unknown,541922,TUCSON,AZ,official_business_licenses,,,,
standard,SERRATUS VISUAL LLC,5208697794,unknown,541922,TUCSON,AZ,official_business_licenses,,,,
standard,JANE SUBILLIE,5204815896,unknown,541930,TUCSON,AZ,official_business_licenses,,,,
standard,INTERPRETER SOLS,5204649500,unknown,541930,TUCSON,AZ,official_business_licenses,,,,
standard,AJI TRANSLATION & WEB,5202322008,unknown,541930,TUCSON,AZ,official_business_licenses,,,,
standard,SAPHYRA INTERPRETING & TRANSLATING,5202759623,unknown,541930,TUCSON,AZ,official_business_licenses,,,,
standard,AEM LLC,5202708455,unknown,541930,TUCSON,AZ,official_business_licenses,,,,
standard,LAURIE ANN LOUX,5202396759,unknown,541930,TUCSON,AZ,official_business_licenses,,,,
standard,IBTISSAM MAHAYNI,5209812324,unknown,541930,TUCSON,AZ,official_business_licenses,,,,
standard,FONTES ARAQUE ENTERPRISES,4804304798,unknown,541930,SAHUARITA,AZ,official_business_licenses,,,,
standard,DANITZA ELIAS,5202712548,unknown,541930,TUCSON,AZ,official_business_licenses,,,,
standard,SCOTT OBREGON SPANISH TRANSLATIONS,5203267825,unknown,541930,TUCSON,AZ,official_business_licenses,,,,
standard,AQUILANO TRANSLATIONS,5202052753,unknown,541930,TUCSON,AZ,official_business_licenses,,,,
standard,OPEN DOORS INTERPRETING,5202768312,unknown,541930,TUCSON,AZ,official_business_licenses,,,,
standard,AZTEC LANGUAGE SOLUTIONS,5209712993,unknown,541930,TUCSON,AZ,official_business_licenses,,,,
standard,ROBERT GASPAROFF,5202695610,unknown,541930,TUCSON,AZ,official_business_licenses,,,,
standard,ARIZONA EXOTIC ANIMAL HOSPITAL,480-275-7017,unknown,541940,MESA,AZ,official_business_licenses,,,,
standard,ARIZONA EXOTIC ANIMAL HOSPITAL,5203050055,unknown,541940,MESA,AZ,official_business_licenses,,,,
standard,REATA VETERINARY HOSPITAL,5207491446,unknown,541940,TUCSON,AZ,official_business_licenses,,,,
standard,GUADALUPE VETERINARY CLINIC LLC,5208895949,unknown,541940,TUCSON,AZ,official_business_licenses,,,,
standard,RINCON VISTA VETERINARY CENTER,5202983319,unknown,541940,TUCSON,AZ,official_business_licenses,,,,
standard,AZ AFFORDABLE PET CARE,5203401127,unknown,541940,TUCSON,AZ,official_business_licenses,,,,
standard,ARIZONA SPAY NEUTER,5206245005,unknown,541940,VAIL,AZ,official_business_licenses,,,,
standard,VETERINARY SONOGRAPHY SERVICES,5208503450,unknown,541940,TUCSON,AZ,official_business_licenses,,,,
standard,UNIVERSITY PET HOSPITAL INC,5207957016,unknown,541940,TUCSON,AZ,official_business_licenses,,,,
standard,AJO VETERINARY CLINIC,5207773111,unknown,541940,TUCSON,AZ,official_business_licenses,,,,
standard,ABC VACCINATION CLINIC,5208817387,unknown,541940,TUCSON,AZ,official_business_licenses,,,,
standard,LA VIDA ANIMAL HOSPITAL,5200550534,unknown,541940,TUCSON,AZ,official_business_licenses,,,,
standard,BROADWAY ANIMAL HOSPITAL,5206226486,unknown,541940,TUCSON,AZ,official_business_licenses,,,,
standard,CATALINA VETERINARY SPECIALISTS INC,5203120003,unknown,541940,TUCSON,AZ,official_business_licenses,,,,
standard,FOUR PAWS VETERINARY CLINIC,5203210277,unknown,541940,TUCSON,AZ,official_business_licenses,,,,
standard,FELINE LIMITED CAT CLINIC,5203274985,unknown,541940,TUCSON,AZ,official_business_licenses,,,,
standard,BENARDA VETERINARY INCORPORATED AN A C C,5203252997,unknown,541940,TUCSON,AZ,official_business_licenses,,,,
standard,THE CAT'S MEOW PROPERTIES LLC,5202988358,unknown,541940,TUCSON,AZ,official_business_licenses,,,,
standard,DESERT PAWS MOBILE VETERINARY CARE PC,5208332134,unknown,541940,TUCSON,AZ,official_business_licenses,,,,
standard,MADERA VETERINARY HOSPITAL,5205743700,unknown,541940,TUCSON,AZ,official_business_licenses,,,,
standard,SOUTHWEST VETERINARY INTERNAL MEDICINE,5207752393,unknown,541940,TUCSON,AZ,official_business_licenses,,,,
standard,PETWELLCLINIC TUCSON,5207777399,unknown,541940,TUCSON,AZ,official_business_licenses,,,,
standard,BRIARCREST VETERINARY CARE CENTER,5202984123,unknown,541940,TUCSON,AZ,official_business_licenses,,,,
standard,ALL SYSTEMS GO! BUSINESS SOLUTIONS,5206094491,unknown,541940,TUCSON,AZ,official_business_licenses,,,,
standard,PEGASUS EQUINE VETERINARY SERVICE PC,5202960480,unknown,541940,TUCSON,AZ,official_business_licenses,,,,
standard,GOLF LINKS ANIMAL CLINIC,5208868381,unknown,541940,TUCSON,AZ,official_business_licenses,,,,
standard,ADAM SCOTT VETERINARY SERVICES PLLC,8173040857,unknown,541940,TUCSON,AZ,official_business_licenses,,,,
standard,VALENCIA ANIMAL HOSPITAL,5206232422,unknown,541940,TUCSON,AZ,official_business_licenses,,,,
standard,ST FRANCIS VETERINARY GROUP,5202717660,unknown,541940,TUCSON,AZ,official_business_licenses,,,,
standard,BOOMPIX REAL ESTATE MEDIA,5204779119,unknown,541952,TUCSON,AZ,official_business_licenses,,,,
standard,TUCSON HOME WATCH SERVICE,5203960917,unknown,541990,TUCSON,AZ,official_business_licenses,,,,
standard,COLORADO LAND CONSULTANTS,4809945610,unknown,541990,SCOTTSDALE,AZ,official_business_licenses,,,,
standard,COMFORT KEEPERS,5207311000,unknown,541990,TUCSON,AZ,official_business_licenses,,,,
standard,SURVEY ARIZONA,5209811553,unknown,541990,TUCSON,AZ,official_business_licenses,,,,
standard,TAYLOR FREE SPIRIT,5206039262,unknown,541990,TUCSON,AZ,official_business_licenses,,,,
standard,MARISA MENCHOLA PH.D.,5202701814,unknown,541990,TUCSON,AZ,official_business_licenses,,,,
standard,GONZVAR FOUNDATION,5206223902,unknown,541990,TUCSON,AZ,official_business_licenses,,,,
standard,TECH CRUNCH LIMITED LIABILITY COMPANY,5756187697,unknown,541990,TUCSON,AZ,official_business_licenses,,,,
standard,INFINITPIPE,5207917000,unknown,541990,TUCSON,AZ,official_business_licenses,,,,
standard,ROOTER TUCSON LLC,6027337484,unknown,541990,TUCSON,AZ,official_business_licenses,,,,
standard,CENTER FOR EMPLOYMENT DISPUTE RESOLUTION,6022471418,unknown,541990,TUCSON,AZ,official_business_licenses,,,,
standard,RAGAMUFFIN 3D,5204043582,unknown,541990,TUCSON,AZ,official_business_licenses,,,,
standard,GRANT WRITING CONSULTANT,5202433180,unknown,541990,TUCSON,AZ,official_business_licenses,,,,
standard,WELL SCAN INC,6237640387,unknown,541990,BUCKEYE,AZ,official_business_licenses,,,,
standard,GRASONS CO OF SOUTHERN AZ,5203284386,unknown,541990,TUCSON,AZ,official_business_licenses,,,,
standard,OLDE INK,5208849090,unknown,541990,TUCSON,AZ,official_business_licenses,,,,
standard,QUALITY FIRE & SAFETY LLC,6023970760,unknown,541990,PHOENIX,AZ,official_business_licenses,,,,
standard,FOR EDWIN SNOW,5202485332,unknown,541990,TUCSON,AZ,official_business_licenses,,,,
standard,LM&O ASSOCIATES,5209777562,unknown,541990,TUCSON,AZ,official_business_licenses,,,,
standard,CREDIRENACE SOLUTIONS,5203320719,unknown,541990,TUCSON,AZ,official_business_licenses,,,,
standard,SKY ISLAND DESIGN RESEARCH,7657728725,unknown,541990,TUCSON,AZ,official_business_licenses,,,,
standard,THE EXHIBIT GUYS,5209795064,unknown,541990,TUCSON,AZ,official_business_licenses,,,,
standard,ALTRA SAVERS COMFORT PLUS,5202730925,unknown,541990,TUCSON,AZ,official_business_licenses,,,,
standard,SALIK JEWELRY APPRAISALS & REPAIRS,5202967780,unknown,541990,TUCSON,AZ,official_business_licenses,,,,
standard,DIBELY DIGITAL SOLUTIONS,5202042664,unknown,541990,TUCSON,AZ,official_business_licenses,,,,
standard,MADINA AUTO WHOLESALE TRADING,5202787581,unknown,541990,TUCSON,AZ,official_business_licenses,,,,
standard,NATIONWIDE INDUSTRIAL SUPPLY,5203231327,unknown,541990,TUCSON,AZ,official_business_licenses,,,,
standard,COMPLETE ANALYTICAL SERVICES,5208845811,unknown,541990,TUCSON,AZ,official_business_licenses,,,,
standard,BASE MET LABS US LTD,5203948346,unknown,541990,TUCSON,AZ,official_business_licenses,,,,
standard,THE EDITORIAL DEPARTMENT LLC,5205469992,unknown,541990,TUCSON,AZ,official_business_licenses,,,,
standard,THE WEDDING REPORT,5203068025,unknown,541990,TUCSON,AZ,official_business_licenses,,,,
standard,JD TECHNOLOGIES,5205773705,unknown,541990,TUCSON,AZ,official_business_licenses,,,,
standard,ALEXANDER & ASSOCIATES,5204056145,unknown,541990,TUCSON,AZ,official_business_licenses,,,,
standard,BLUE FLOWER EDITING,8578694609,unknown,541990,TUCSON,AZ,official_business_licenses,,,,
standard,SAFEGUARD TUCSON,5203555991,unknown,541990,TUCSON,AZ,official_business_licenses,,,,
standard,THREE SISTERS ESTATES,5204997865,unknown,541990,TUCSON,AZ,official_business_licenses,,,,
standard,A PROPERTY VISION LLC,5203699335,unknown,541990,TUCSON,AZ,official_business_licenses,,,,
standard,ANDY'S WATER TRUCK SERVICE INC,+15206220933,,541990,TUCSON,AZ,adapter:official_business_licenses,,,,
standard,CR AIR CONDITIONING INC,+15203608839,,541990,TUCSON,AZ,adapter:official_business_licenses,,,,
standard,Focus Wealth Group,4354291600,unknown,542210,Mesa,AZ,official_business_licenses,,,,
standard,Acorn Consulting Services,602-888-7250,unknown,54330,Mesa,AZ,official_business_licenses,,,,
standard,Graveyard Shift Coffee LLC,602-686-3964,unknown,545390,Mesa,AZ,official_business_licenses,,,,
standard,Biz Consilium LLC,4804527354,unknown,"5461614, 811198-08",Mesa,AZ,official_business_licenses,,,,
standard,SUPER PLUS INC,4803252284,unknown,547110,Mesa,AZ,official_business_licenses,,,,
standard,Arizona Football Network,4807030194,unknown,"551112, 519290, 513210",Mesa,AZ,official_business_licenses,,,,
standard,GADSDEN COMPANY LLC,5204611110,unknown,551114,TUCSON,AZ,official_business_licenses,,,,
standard,QSR MGT LLC,5202747954,unknown,551114,TUCSON,AZ,official_business_licenses,,,,
standard,gateway executive airpark LLC,+16023158254,,551120,Mesa,AZ,adapter:official_business_licenses,,,,
standard,ROUX EVENTS LLC,8324310092,unknown,561000,TUCSON,AZ,official_business_licenses,,,,
standard,McDonalds,4808359012,unknown,561100,Mesa,AZ,official_business_licenses,,,,
standard,McDonalds,4808357054,unknown,561100,Mesa,AZ,official_business_licenses,,,,
standard,McDonalds,4808349585,unknown,561100,Mesa,AZ,official_business_licenses,,,,
standard,McDonalds,4809693485,unknown,561100,Mesa,AZ,official_business_licenses,,,,
standard,STRATFORD MANAGEMENT,5207956500,unknown,561110,TUCSON,AZ,official_business_licenses,,,,
standard,KAY AND BOBS AIRBNB,7022058961,unknown,561110,TUCSON,AZ,official_business_licenses,,,,
standard,TEKCO MANAGEMENT GROUP,5203701437,unknown,561110,TUCSON,AZ,official_business_licenses,,,,
standard,CG MANAGEMENT SERVICES,5203265567,unknown,561110,TUCSON,AZ,official_business_licenses,,,,
standard,PENVESCO,5207426194,unknown,561110,TUCSON,AZ,official_business_licenses,,,,
standard,SMG,5208374754,unknown,561110,TUCSON,AZ,official_business_licenses,,,,
standard,SONO BELLO,5203671160,unknown,561110,SCOTTSDALE,AZ,official_business_licenses,,,,
standard,DE LA WARR INVESTMENT CORPORATION,5207920360,unknown,561110,TUCSON,AZ,official_business_licenses,,,,
standard,ICA NORTHEAST INC,5202909987,unknown,561110,TUCSON,AZ,official_business_licenses,,,,
standard,IMPULSES UNLIMITED LLC,5202921350,unknown,561110,TUCSON,AZ,official_business_licenses,,,,
standard,RIOS ASSOCIATES,5209073318,unknown,561110,TUCSON,AZ,official_business_licenses,,,,
standard,PUEBLO DENTAL MANAGEMENT INC,+15207461068,,561110,TUCSON,AZ,adapter:official_business_licenses,,,,
standard,DM Hotel Consulting,480-307-2673,unknown,5611110,Mesa,AZ,official_business_licenses,,,,
standard,AZ4 LLC,5204193341,unknown,561200,TUCSON,AZ,official_business_licenses,,,,
standard,FACILITYSOURCE LLC,6024121131,unknown,561210,PHOENIX,AZ,official_business_licenses,,,,
standard,Express Employment Professionals,480-820-3700,unknown,561300,Mesa,AZ,official_business_licenses,,,,
standard,ADVANCED RESOURCE SOLUTIONS LLC,5202476771,unknown,561311,TUCSON,AZ,official_business_licenses,,,,
standard,FINDING COMFORT PLACEMENT SERVICES,5204711490,unknown,561311,TUCSON,AZ,official_business_licenses,,,,
standard,AZ SENIOR PLACEMENT,5203923891,unknown,561311,TUCSON,AZ,official_business_licenses,,,,
standard,DORADO PERSONNEL,5203233350,unknown,561311,TUCSON,AZ,official_business_licenses,,,,
standard,AXIS RECRUITING SOLUTIONS LLC,5204992923,unknown,561311,TUCSON,AZ,official_business_licenses,,,,
standard,DEPENDABLE NURSES,5207951290,unknown,561311,TUCSON,AZ,official_business_licenses,,,,
standard,DEVOTED GUIARDIANS,5027438414,unknown,561311,TEMPE,AZ,official_business_licenses,,,,
standard,TUCSON COMMUNITY CONNECTIONS LLC,5202560897,unknown,561311,TUCSON,AZ,official_business_licenses,,,,
standard,ARIZONA PLACEMENT CONCEPT,5208823710,unknown,561311,TUCSON,AZ,official_business_licenses,,,,
standard,THE TEMP CONNECTION LLC,5203233100,unknown,561311,TUCSON,AZ,official_business_licenses,,,,
standard,GLOBALED SOLUTIONS,9285349109,unknown,561311,TUCSON,AZ,official_business_licenses,,,,
standard,ELEMENTS LEADERSHIP SOLUTIONS,5206331311,unknown,561312,TUCSON,AZ,official_business_licenses,,,,
standard,CATALYST RECRUITING,5205495000,unknown,561312,TUCSON,AZ,official_business_licenses,,,,
standard,"STAFF MATTERS, INC",5206479100,unknown,561320,TUCSON,AZ,official_business_licenses,,,,
standard,TN ZONA,5206479281,unknown,561320,TUCSON,AZ,official_business_licenses,,,,
standard,INTERIM HEALTH CARE,5207471800,unknown,561320,TUCSON,AZ,official_business_licenses,,,,
standard,ALL HANDS ON DECK LLC,5208084922,unknown,561320,TUCSON,AZ,official_business_licenses,,,,
standard,"SIP SOCIAL SOAZ, LLC",5203439697,unknown,561320,TUCSON,AZ,official_business_licenses,,,,
standard,UNIT CREW LABOR SOLUTIONS,6029077646,unknown,561320,TUCSON,AZ,official_business_licenses,,,,
standard,LABOR SYSTEMS TEMPORARY SERVICE,5206226789,unknown,561320,TEMPE,AZ,official_business_licenses,,,,
standard,HEALTH TEMP,4808322435,unknown,561320,MESA,AZ,official_business_licenses,,,,
standard,A&M PERSONNEL SERVICES,5203238778,unknown,561320,TUCSON,AZ,official_business_licenses,,,,
standard,FIRST PITCH UMPIRES GROUP,5206036864,unknown,561330,TUCSON,AZ,official_business_licenses,,,,
standard,SISTERS BREW AZ,5204688689,unknown,561330,TUCSON,AZ,official_business_licenses,,,,
standard,ARIZONA CAREGIVING SERVICES,5203581470,unknown,561330,TUCSON,AZ,official_business_licenses,,,,
standard,REBOOT CYBERSECURITY,+18445732668,,561400,TUCSON,AZ,adapter:official_business_licenses,,,,
standard,M ANGELICA TRESVIK,5204993061,unknown,561410,TUCSON,AZ,official_business_licenses,,,,
standard,EXCEPTIONAL EDUCATION STUDENT SERVICES,5204009960,unknown,561410,TUCSON,AZ,official_business_licenses,,,,
standard,PRACTICE SERVICES & SOLUTIONS,5205779621,unknown,561410,TUCSON,AZ,official_business_licenses,,,,
standard,DALEYZA ACCOUNTING & TAX SERVICE,5202048128,unknown,561410,TUCSON,AZ,official_business_licenses,,,,
standard,DATAPRANCER INC,5202359607,unknown,561410,TUCSON,AZ,official_business_licenses,,,,
standard,LIZ ORTIZ DOCUMENTS PREPARER,5208085008,unknown,561410,TUCSON,AZ,official_business_licenses,,,,
standard,BLUEBIRD SYMMETRY PROOFING,9282103163,unknown,561410,TUCSON,AZ,official_business_licenses,,,,
standard,M&M SECRETARIES,5203427395,unknown,561410,TUCSON,AZ,official_business_licenses,,,,
standard,AZ STATEWIDE PARALEGAL LLC,5203274000,unknown,561410,TUCSON,AZ,official_business_licenses,,,,
standard,ELIZABETH ANN BABCOCK-ATKINSON LLC,5074027843,unknown,561410,TUCSON,AZ,official_business_licenses,,,,
standard,MARIANNA PROOFREADS,6028530853,unknown,561410,TUCSON,AZ,official_business_licenses,,,,
standard,WRDTX SOLUTIONS,5203453304,unknown,561410,TUCSON,AZ,official_business_licenses,,,,
standard,ALWAYS ACCURATE,5208820292,unknown,561410,TUCSON,AZ,official_business_licenses,,,,
standard,IMMIGRATION MULTI SERVICE,5202475204,unknown,561410,TUCSON,AZ,official_business_licenses,,,,
standard,LEGAL DOCUMENT PREPARER LLC,5208697116,unknown,561410,TUCSON,AZ,official_business_licenses,,,,
standard,WEST LDP,5205489974,unknown,561410,TUCSON,AZ,official_business_licenses,,,,
standard,ARIZONA WILLS & TRUSTS OF TUCSON LLC,5203279455,unknown,561410,TUCSON,AZ,official_business_licenses,,,,
standard,GW UNLIMITED LLC,5209400876,unknown,561410,TUCSON,AZ,official_business_licenses,,,,
standard,DOCUMENTOS MDSJ,5204407881,unknown,561410,TUCSON,AZ,official_business_licenses,,,,
standard,PAPELES Y PAPELES,5203582102,unknown,561410,TUCSON,AZ,official_business_licenses,,,,
standard,NOUR IMMIGRATION SERVICES,+15203129436,,561410,TUCSON,AZ,adapter:official_business_licenses,,,,
standard,INTOUCHCX US INC,+18005301121,,561420,Mesa,AZ,adapter:official_business_licenses,,,,
standard,CONTACT ONE CALL CENTER INC,5202929222,unknown,561421,TUCSON,AZ,official_business_licenses,,,,
standard,BEERSCO LLC,5208912349,unknown,561422,TUCSON,AZ,official_business_licenses,,,,
standard,BABYCAKES,5202460116,unknown,561422,MARANA,AZ,official_business_licenses,,,,
standard,CROSS COUNTRY CONTRACTOR SUPPLIES,5202704848,unknown,561422,TUCSON,AZ,official_business_licenses,,,,
standard,WOOD INDUSTRIAL SUPPLY LLC,5204888900,unknown,561422,TUCSON,AZ,official_business_licenses,,,,
standard,LANE INDUSTRIAL SUPPLY LLC,5205499752,unknown,561422,TUCSON,AZ,official_business_licenses,,,,
standard,SPANISH TRAIL MAIL DEPOT,8302611469,unknown,561431,TUCSON,AZ,official_business_licenses,,,,
standard,POSTAL STRATEGY CONSULTING,5202842660,unknown,561431,TUCSON,AZ,official_business_licenses,,,,
standard,ARIZONA JET MAIL SERVICES,5205711329,unknown,561431,TUCSON,AZ,official_business_licenses,,,,
standard,THE UPS STORE #2239,5207508600,unknown,561431,TUCSON,AZ,official_business_licenses,,,,
standard,BEAR CANYON MAIL DEPOT,5207494845,unknown,561431,TUCSON,AZ,official_business_licenses,,,,
standard,THE UPS STORE #0329,5207480350,unknown,561431,TUCSON,AZ,official_business_licenses,,,,
standard,THE UPS STORE 7510,5202773500,unknown,561431,TUCSON,AZ,official_business_licenses,,,,
standard,THE UPS STORE #3560,5207514510,unknown,561431,TUCSON,AZ,official_business_licenses,,,,
standard,THE UPS STORE #5053,5206227447,unknown,561431,TUCSON,AZ,official_business_licenses,,,,
standard,THE UPS STORE #5220,5208816252,unknown,561431,TUCSON,AZ,official_business_licenses,,,,
standard,TORCAT LLC,5209092932,unknown,561431,TUCSON,AZ,official_business_licenses,,,,
standard,THE UPS STORE #0196,5203233535,unknown,561431,TUCSON,AZ,official_business_licenses,,,,
standard,THE UPS STORE #1008,5207719108,unknown,561431,TUCSON,AZ,official_business_licenses,,,,
standard,POSTNET AZ142,5205747875,unknown,561439,TUCSON,AZ,official_business_licenses,,,,
standard,THE PRINT ROOM,5203275354,unknown,561439,TUCSON,AZ,official_business_licenses,,,,
standard,HARRIS MOBILE HOME SALES,5207922621,unknown,561439,TUCSON,AZ,official_business_licenses,,,,
standard,INSTY PRINTS,5208880000,unknown,561439,TUCSON,AZ,official_business_licenses,,,,
standard,MIKE PARVIS STATE FARM INSURANCE,5208865287,unknown,561439,TUCSON,AZ,official_business_licenses,,,,
standard,GENERAL BUSINESS RECOVERIES,5206224441,unknown,561440,TUCSON,AZ,official_business_licenses,,,,
standard,"MORGAN, COHEN, & BACH",5204421303,unknown,561440,TUCSON,AZ,official_business_licenses,,,,
standard,STUART-LIPPMAN AND ASSOCIATES INC,5208815900,unknown,561440,TUCSON,AZ,official_business_licenses,,,,
standard,SOUTHERN ARIZONA REPOSSESION SERVICES,5202921200,unknown,561440,TUCSON,AZ,official_business_licenses,,,,
standard,INTERWEST CONSULTING LLC,5204718340,unknown,561440,TUCSON,AZ,official_business_licenses,,,,
standard,PIMA PRIVATE INVESTIGATIONS,5204564889,unknown,561491,TUCSON,AZ,official_business_licenses,,,,
standard,ENRIQUEZ REPO,5204452660,unknown,561491,TUCSON,AZ,official_business_licenses,,,,
standard,ARS TOWING,5207470699,unknown,561491,TUCSON,AZ,official_business_licenses,,,,
standard,TAG AUTO RECOVERY SERVICES,5206645869,unknown,561491,TUCSON,AZ,official_business_licenses,,,,
standard,BARTELT & KENYON,5207983500,unknown,561492,PHOENIX,AZ,official_business_licenses,,,,
standard,PATRICIA A FLORES LLC,5207772193,unknown,561492,TUCSON,AZ,official_business_licenses,,,,
standard,AZ IMMIGRATION,5206237797,unknown,561492,TUCSON,AZ,official_business_licenses,,,,
standard,FINK & ASSOCIATES,5202419310,unknown,561492,VAIL,AZ,official_business_licenses,,,,
standard,GOMEZ TECHNICAL SERVICES LLC,5203604608,unknown,561492,TUCSON,AZ,official_business_licenses,,,,
standard,RAYNBO COURT REPORTING LTD,5207442293,unknown,561492,TUCSON,AZ,official_business_licenses,,,,
standard,KATHY FINK & ASSOCIATES INC,5206248644,unknown,561492,TUCSON,AZ,official_business_licenses,,,,
standard,BARB JARDEE TRANSCRIPTION & WORD PROCESS,5204889811,unknown,561492,TUCSON,AZ,official_business_licenses,,,,
standard,UNICORN ZEBRA BREWING CO,5202703250,unknown,561499,TUCSON,AZ,official_business_licenses,,,,
standard,ARIN MIRELLE VIRTUAL SERVICES,5205956758,unknown,561499,TUCSON,AZ,official_business_licenses,,,,
standard,BR SERVICES LLC,5203037795,unknown,561499,TUCSON,AZ,official_business_licenses,,,,
standard,DAVIS LYMPHEDEMA FUND INC,5205747951,unknown,561499,TUCSON,AZ,official_business_licenses,,,,
standard,NICOLE SANDERSON CONSULTING LLC,5203570010,unknown,561499,TUCSON,AZ,official_business_licenses,,,,
standard,GREAT BAJA TOURS OF CABO SAN LUCAS LLC,5207892770,unknown,561510,TUCSON,AZ,official_business_licenses,,,,
standard,WISHING FOR WHIMSY TRAVEL,5204000216,unknown,561510,TUCSON,AZ,official_business_licenses,,,,
standard,NO BORDERS TOURS AND TRAVEL,5203312826,unknown,561510,TUCSON,AZ,official_business_licenses,,,,
standard,MARIE-FRANCE ISABELLE,5204001583,unknown,561510,TUCSON,AZ,official_business_licenses,,,,
standard,DREAM VACATIONS,2533351070,unknown,561510,TUCSON,AZ,official_business_licenses,,,,
standard,SAFAR NEPAL TRAVELS AND TOURS,5204054655,unknown,561510,TUCSON,AZ,official_business_licenses,,,,
standard,OUTSKI LLC,5208205669,unknown,561510,SAHUARITA,AZ,official_business_licenses,,,,
standard,PSI TRAVEL,5208860505,unknown,561510,TUCSON,AZ,official_business_licenses,,,,
standard,GLOBAL GODDESS TRAVEL,5202050601,unknown,561510,TUCSON,AZ,official_business_licenses,,,,
standard,SKY ISLANDS TRAVEL,5207228566,unknown,561510,TUCSON,AZ,official_business_licenses,,,,
standard,TRAVEL TIPS,5206287019,unknown,561510,TUCSON,AZ,official_business_licenses,,,,
standard,CRUISE PLANNERS,5207301962,unknown,561510,TUCSON,AZ,official_business_licenses,,,,
standard,OUTDOOR ADVENTURES,5202454085,unknown,561510,TUCSON,AZ,official_business_licenses,,,,
standard,TRAVEL TO INC,5203229600,unknown,561510,TUCSON,AZ,official_business_licenses,,,,
standard,TRAVEL IN COLOR,5203318488,unknown,561510,TUCSON,AZ,official_business_licenses,,,,
standard,CRUISE PLANNERS,5202888688,unknown,561510,TUCSON,AZ,official_business_licenses,,,,
standard,ORACLE TRAVEL & JEWELRY,5202482935,unknown,561510,TUCSON,AZ,official_business_licenses,,,,
standard,BIF GOLF & TRAVEL,2509214653,unknown,561510,TUCSON,AZ,official_business_licenses,,,,
standard,TOTAL TRAVEL INC,5203270293,unknown,561510,TUCSON,AZ,official_business_licenses,,,,
standard,TURISMO PALO VERDE,5205615855,unknown,561510,TUCSON,AZ,official_business_licenses,,,,
standard,SUNSET CRUISES & TOURS,5206978742,unknown,561510,TUCSON,AZ,official_business_licenses,,,,
standard,BON VOYAGE TRAVEL,+15207971110,,561510,TUCSON,AZ,adapter:official_business_licenses,,,,
standard,LEGENDARY TUCSON WALKING TOURS,5208333991,unknown,561520,TUCSON,AZ,official_business_licenses,,,,
standard,MOUNTAIN VIEW TOURS,5202921183,unknown,561520,TUCSON,AZ,official_business_licenses,,,,
standard,STROLLS AND STORIES TOURS,5202715903,unknown,561520,TUCSON,AZ,official_business_licenses,,,,
standard,SILENT ADVENTURES LLC,6027961980,unknown,561520,TUCSON,AZ,official_business_licenses,,,,
standard,ROCKY POINT TOURS,5204041404,unknown,561520,TUCSON,AZ,official_business_licenses,,,,
standard,FREAKY FOOT TOURS,9286996543,unknown,561520,FLAGSTAFF,AZ,official_business_licenses,,,,
standard,TUCSON GHOST COMPANY,4804988251,unknown,561520,TUCSON,AZ,official_business_licenses,,,,
standard,REISEN ARIZONA LLC,5203198130,unknown,561520,TUCSON,AZ,official_business_licenses,,,,
standard,CRISP TOURS LLC,5204196090,unknown,561520,TUCSON,AZ,official_business_licenses,,,,
standard,HUMMER TOURS OF TUCSON,5207493545,unknown,561520,TUCSON,AZ,official_business_licenses,,,,
standard,TUCSON TROLLEY TOURS,5202014688,unknown,561520,TUCSON,AZ,official_business_licenses,,,,
standard,SLAUGHTERHOUSE,5209909000,unknown,561599,TUCSON,AZ,official_business_licenses,,,,
standard,TUCSON FUN & ADVENTURES,5202560090,unknown,561599,TUCSON,AZ,official_business_licenses,,,,
standard,HARKINS TUCSON SPECTRUM,4806277777,unknown,561599,SCOTTSDALE,AZ,official_business_licenses,,,,
standard,HOME GROWN PROMOTIONS 520,5207040153,unknown,561599,TUCSON,AZ,official_business_licenses,,,,
standard,FIVE STAR ADVENTURES LLC,5203428143,unknown,561599,TUCSON,AZ,official_business_licenses,,,,
standard,NATHE & NATHE,5203219744,unknown,561611,TUCSON,AZ,official_business_licenses,,,,
standard,UNITED INVESTIGATIONS LLC,5203327293,unknown,561611,TUCSON,AZ,official_business_licenses,,,,
standard,MAXO INVESTIGATIONS,5202845226,unknown,561611,TUCSON,AZ,official_business_licenses,,,,
standard,AZ BIOMETRICS LLC,5203959252,unknown,561611,TUCSON,AZ,official_business_licenses,,,,
standard,TUCSON POLYGRAPH LLC,5202224334,unknown,561611,SAHUARITA,AZ,official_business_licenses,,,,
standard,GMCC LLC,5752025694,unknown,561611,SAHUARITA,AZ,official_business_licenses,,,,
standard,DAT INVESTIGATIONS,5207507292,unknown,561611,SAHUARITA,AZ,official_business_licenses,,,,
standard,UNITED SHADOWS SECURITY SERVICES LLC,7244807252,unknown,561612,TUCSON,AZ,official_business_licenses,,,,
standard,VALLEY WIDE SECURITY LLC.,4807770003,unknown,561612,TEMPE,AZ,official_business_licenses,,,,
standard,SWAT SECURITY SERVICES,5203541533,unknown,561612,TUCSON,AZ,official_business_licenses,,,,
standard,SNAKE EYES SECURITY,5203058071,unknown,561612,TUCSON,AZ,official_business_licenses,,,,
standard,DSI INVESTIGATIONS,5202758138,unknown,561612,TUCSON,AZ,official_business_licenses,,,,
standard,GREAT GUARD SECURITY,5203893075,unknown,561612,TUCSON,AZ,official_business_licenses,,,,
standard,CHOSEN PROTECTIVE AGENCY,5137671536,unknown,561612,TUCSON,AZ,official_business_licenses,,,,
standard,AMERICAN GUARD SERVICES,9286062067,unknown,561612,GARDENA,AZ,official_business_licenses,,,,
standard,ARIZONA PRIVATE INVESTIGATION AGENCY,5209754174,unknown,561612,TUCSON,AZ,official_business_licenses,,,,
standard,PRO ELITE SECURITY PLLC,5209554035,unknown,561612,TUCSON,AZ,official_business_licenses,,,,
standard,US SECURITY SERVICES,5203327979,unknown,561612,TUCSON,AZ,official_business_licenses,,,,
standard,VSS SECURITY SERVICES,5202926622,unknown,561612,PHOENIX,AZ,official_business_licenses,,,,
standard,INFINITY PRECRIME SERVICES,5204614666,unknown,561612,TUCSON,AZ,official_business_licenses,,,,
standard,ARCAIDEN INDUSTRIES LLC,5204494546,unknown,561612,TUCSON,AZ,official_business_licenses,,,,
standard,KROES DETECTIVE AGENCY,5208868397,unknown,561612,TUCSON,AZ,official_business_licenses,,,,
standard,PRIVATE INVESTIGATIONS,5204441398,unknown,561612,TUCSON,AZ,official_business_licenses,,,,
standard,BARKMAN AND ASSOCIATES LLC,5206614601,unknown,561612,TUCSON,AZ,official_business_licenses,,,,
standard,GRANDE PRIVATE SECURITY,9289700282,unknown,561612,TUCSON,AZ,official_business_licenses,,,,
standard,DESERT HOME CHECK,5204817358,unknown,561612,TUCSON,AZ,official_business_licenses,,,,
standard,COMBS INVESTIGATIONS PLC,5202980046,unknown,561612,TUCSON,AZ,official_business_licenses,,,,
standard,REGULATOR PROTECTIVE SERVICES,5203078825,unknown,561612,VAIL,AZ,official_business_licenses,,,,
standard,BOLT SECURITY GUARD SERVICES,4808605470,unknown,561612,SCOTTSDALE,AZ,official_business_licenses,,,,
standard,EPS SECURITY LLC,5204715663,unknown,561612,TUMACACORI,AZ,official_business_licenses,,,,
standard,DYNAMIC SECURITY SERVICES,5207044627,unknown,561612,TUCSON,AZ,official_business_licenses,,,,
standard,APEX PROTECTIVE SERVICE,5208381394,unknown,561612,TUCSON,AZ,official_business_licenses,,,,
standard,PRIVATEER SECURITY FORCES,+18446578880,,561612,TUCSON,AZ,adapter:official_business_licenses,,,,
standard,ENVISION SECURITY INC,6023147802,unknown,561621,PHOENIX,AZ,official_business_licenses,,,,
standard,INPOWER SERVICE SOLUTIONS,6027811401,unknown,561621,PEORIA,AZ,official_business_licenses,,,,
standard,GREENWAY TECHNOLOGIES,6024787313,unknown,561621,SURPRISE,AZ,official_business_licenses,,,,
standard,ALLTECH GATE SYSTEMS LLC,5207474441,unknown,561621,TUCSON,AZ,official_business_licenses,,,,
standard,EAGLE EYE ALARM LLC,5202048500,unknown,561621,TUCSON,AZ,official_business_licenses,,,,
standard,TRISHIELD LLC,2065505742,unknown,561621,TUCSON,AZ,official_business_licenses,,,,
standard,FORTIFIED SECURITY SERVICES,5208866419,unknown,561621,TUCSON,AZ,official_business_licenses,,,,
standard,US ALARM BROKERS LLC,5205055685,unknown,561621,TUCSON,AZ,official_business_licenses,,,,
standard,SECURITY DESIGN CONSULTANTS,6025508444,unknown,561621,GLENDALE,AZ,official_business_licenses,,,,
standard,LANGSTON SECURITY & INTEGRATION LLC,6232987191,unknown,561621,PEORIA,AZ,official_business_licenses,,,,
standard,UNIVERSITY LOCK & SECURITY INC,4809664505,unknown,561621,TEMPE,AZ,official_business_licenses,,,,
standard,PHILLCOR SYSTEMS LLC,5202300117,unknown,561621,MARANA,AZ,official_business_licenses,,,,
standard,KAMMAN SAFETY CO,5208083692,unknown,561621,TUCSON,AZ,official_business_licenses,,,,
standard,ICU SECURITY SURVEILLANCE SYST,5208506687,unknown,561621,TUCSON,AZ,official_business_licenses,,,,
standard,BULWARK HOME SECURITY LLC,4808356001,unknown,561621,QUEEN CREEK,AZ,official_business_licenses,,,,
standard,PENTAKT,5207750195,unknown,561621,VAIL,AZ,official_business_licenses,,,,
standard,FIERRO FIRE AND SECURITY,6025010206,unknown,561621,AVONDALE,AZ,official_business_licenses,,,,
standard,CACTUS SECURITY SERVICES INC,5203228115,unknown,561621,TUCSON,AZ,official_business_licenses,,,,
standard,JMD TECHNOLOGIES,5206391928,unknown,561621,TUCSON,AZ,official_business_licenses,,,,
standard,KC ALARMS LLC,6028261313,unknown,561621,GLENDALE,AZ,official_business_licenses,,,,
standard,TECHNICAL SYSTEMS INC,4808541234,unknown,561621,MESA,AZ,official_business_licenses,,,,
standard,INTERNET PROTOCOL SOLUTIONS LLC,5206648264,unknown,561621,TUCSON,AZ,official_business_licenses,,,,
standard,SAVAGE SECURITY LLC,5202133395,unknown,561621,TUCSON,AZ,official_business_licenses,,,,
standard,ALL-SAFE SECURITY,4809641905,unknown,561621,MESA,AZ,official_business_licenses,,,,
standard,WILDCAT LOCK AND SECURITY,5202831900,unknown,561621,TUCSON,AZ,official_business_licenses,,,,
standard,ONORA SYSTEMS,+15202226779,,561621,TUCSON,AZ,adapter:official_business_licenses,,,,
standard,MARANA PRO LOCKSMITH LLC,5202400422,unknown,561622,MARANA,AZ,official_business_licenses,,,,
standard,MR LOPEZ LOCKSMITH,5205247491,unknown,561622,TUCSON,AZ,official_business_licenses,,,,
standard,MASTERKEY SOLUTIONS LLC,5202983773,unknown,561622,TUCSON,AZ,official_business_licenses,,,,
standard,SAHUARO LOCK & KEY,5202986118,unknown,561622,TUCSON,AZ,official_business_licenses,,,,
standard,THE LOCK KING,5204493583,unknown,561622,TUCSON,AZ,official_business_licenses,,,,
standard,PIMA LOCK & KEY,5205051295,unknown,561622,TUCSON,AZ,official_business_licenses,,,,
standard,CHRIS'S MOBILE LOCK & KEY LLC,5202372030,unknown,561622,TUCSON,AZ,official_business_licenses,,,,
standard,POP A LOCK,5206294357,unknown,561622,TUCSON,AZ,official_business_licenses,,,,
standard,STORYS AUTO UNLOCK LLC,5202680689,unknown,561622,TUCSON,AZ,official_business_licenses,,,,
standard,UNLOCKSMITH LLC,5203026765,unknown,561622,TUCSON,AZ,official_business_licenses,,,,
standard,CAPTAIN KEY,5208615762,unknown,561622,TUCSON,AZ,official_business_licenses,,,,
standard,KEY HOUND,5203398237,unknown,561622,TUCSON,AZ,official_business_licenses,,,,
standard,UA LOCKSMITH LLC,5203124499,unknown,561622,TUCSON,AZ,official_business_licenses,,,,
standard,OLD PUEBLO LOCKSMITH CO,5203335790,unknown,561622,TUCSON,AZ,official_business_licenses,,,,
standard,OR LOCKSMITH LLC,5203124054,unknown,561622,TUCSON,AZ,official_business_licenses,,,,
standard,BLACKSWAN LOCKSMITH COMPANY,5203121534,unknown,561622,TUCSON,AZ,official_business_licenses,,,,
standard,BRO LOCKSMITH,5203393939,unknown,561622,TUCSON,AZ,official_business_licenses,,,,
standard,ALPHA LOCKS,5206037036,unknown,561622,TUCOSN,AZ,official_business_licenses,,,,
standard,PHOENIX EZ KEYS,4804337738,unknown,561622,SAN TAN VALLEY,AZ,official_business_licenses,,,,
standard,WAINWRIGHTS INCORPORATED,5206234199,unknown,561622,TUCSON,AZ,official_business_licenses,,,,
standard,JAV'S POP-A-LOCK,5204404554,unknown,561622,TUCSON,AZ,official_business_licenses,,,,
standard,EXPRESS LOCKSMITH LLC,5202486280,unknown,561622,TUCSON,AZ,official_business_licenses,,,,
standard,ON THE SPOT! MOBILE LOCKSMITH LLC,5203585970,unknown,561622,TUCSON,AZ,official_business_licenses,,,,
standard,3D LOCKSMITH,5203398641,unknown,561622,TUCSON,AZ,official_business_licenses,,,,
standard,FIRST PICK LOCK AND KEY,5202751207,unknown,561622,TUCSON,AZ,official_business_licenses,,,,
standard,MT LOCKSMITHING LLC,5205516185,unknown,561622,TUCSON,AZ,official_business_licenses,,,,
standard,UNLOCKU TUCSON,4809556161,unknown,561622,TUCSON,AZ,official_business_licenses,,,,
standard,TME LOCKSMITH LLC,5207891213,unknown,561622,TUCSON,AZ,official_business_licenses,,,,
standard,FREEDOM LOCK,5203330910,unknown,561622,MARANA,AZ,official_business_licenses,,,,
standard,SOL LOCK AND KEY,5209003352,unknown,561622,TUCSON,AZ,official_business_licenses,,,,
standard,C&S LOCKSMITHS,5208886890,unknown,561622,TUCSON,AZ,official_business_licenses,,,,
standard,SCOTT ERIC TRIPP,5202403862,unknown,561622,TUCSON,AZ,official_business_licenses,,,,
standard,IRON CACTUS LOCKSMITH,3393303339,unknown,561622,TUCSON,AZ,official_business_licenses,,,,
standard,OR LOCKSMITH,5206055850,unknown,561622,TUCSON,AZ,official_business_licenses,,,,
standard,OR LOCKSMITH,5203129059,unknown,561622,TUCSON,AZ,official_business_licenses,,,,
standard,DESERT COYOTE LOCKSMITH,5207382748,unknown,561622,TUCSON,AZ,official_business_licenses,,,,
standard,MY KEY LOCKSMITH SERVICE,5204063688,unknown,561622,TUCSON,AZ,official_business_licenses,,,,
standard,M&F LOCKSMITH LLC,5202785625,unknown,561622,TUCSON,AZ,official_business_licenses,,,,
standard,MOBILE LOCK AND KEY LLC,5209777116,unknown,561622,TUCSON,AZ,official_business_licenses,,,,
standard,BRUCE'S LOCK SHOP,5207957516,unknown,561622,TUCSON,AZ,official_business_licenses,,,,
standard,OMARS LOCK AND KEY,5202439525,unknown,561622,TUCSON,AZ,official_business_licenses,,,,
standard,SIXX THE LOCKSMITH,5205856257,unknown,561622,TUCSON,AZ,official_business_licenses,,,,
standard,911 EMERGENCY LOCKSMITH,5203387435,unknown,561622,TUCSON,AZ,official_business_licenses,,,,
standard,AL'S LOCKSMITH & SECURITY HARDWARE INC,5203120272,unknown,561622,TUCSON,AZ,official_business_licenses,,,,
standard,INTEL LOCK TUCSON LOCKSMITH,5202082081,unknown,561622,TUCSON,AZ,official_business_licenses,,,,
standard,OR LOCKSMITH OF TUCSON,5204512699,unknown,561622,TUCSON,AZ,official_business_licenses,,,,
standard,EMERGENCY LOCKOUT SERVICE,5209818588,unknown,561622,TUCSON,AZ,official_business_licenses,,,,
standard,PICKERS LOCKSMITH SERVICE,5203102580,unknown,561622,TUCSON,AZ,official_business_licenses,,,,
standard,SUAREZ LOCKSMITH,5203123207,unknown,561622,RIO RICO,AZ,official_business_licenses,,,,
standard,LOCKSMITH MEDINA,5202733093,unknown,561662,TUCSON,AZ,official_business_licenses,,,,
standard,Copeland's,6023908844,unknown,561700,Mesa,AZ,official_business_licenses,,,,
standard,GREENSHIELD PEST CONTROL,5203933352,unknown,561710,TUCSON,AZ,official_business_licenses,,,,
standard,BILL'S HOME SERVICE COMPANY,5206252381,unknown,561710,GREEN VALLEY,AZ,official_business_licenses,,,,
standard,EAGLE EXTERMINTATING CO INC,5202947671,unknown,561710,TUCSON,AZ,official_business_licenses,,,,
standard,DESERT ROSE PEST DEFENSE,5209811356,unknown,561710,TUCSON,AZ,official_business_licenses,,,,
standard,AAA AFRICANIZED BEE REMOVAL SPECIALISTS,5207438000,unknown,561710,TUCSON,AZ,official_business_licenses,,,,
standard,SOLUTIONS PEST SERVICES,5202960011,unknown,561710,TUCSON,AZ,official_business_licenses,,,,
standard,TRULY NOLEN EXTERMINATING INCORPORATED,5203273447,unknown,561710,TUCSON,AZ,official_business_licenses,,,,
standard,PEORIA PEST CONTROL INC,6239100715,unknown,561710,SURPRISE,AZ,official_business_licenses,,,,
standard,PRO LINE PEST CONTROL,5204406491,unknown,561710,TUCSON,AZ,official_business_licenses,,,,
standard,GOOD NEWS EXTERMINATING,5208831164,unknown,561710,TUCSON,AZ,official_business_licenses,,,,
standard,LANTZ WEED CONTROL,5202936872,unknown,561710,DEWEY,AZ,official_business_licenses,,,,
standard,BUDGET PEST CONTROL INC,5202908010,unknown,561710,TUCSON,AZ,official_business_licenses,,,,
standard,BUG N PEST CONTROL LLC,5208618838,unknown,561710,TUCSON,AZ,official_business_licenses,,,,
standard,UNIVERSITY TERMITE & PEST CONTROL,5208864146,unknown,561710,TUCSON,AZ,official_business_licenses,,,,
standard,KILLUM PEST CONTROL,5208895681,unknown,561710,TUCSON,AZ,official_business_licenses,,,,
standard,GECKO PEST MANAGEMENT INC,5205791701,unknown,561710,TUCSON,AZ,official_business_licenses,,,,
standard,1ST CHOICE TERMITE & PEST INC,5207447877,unknown,561710,TUCSON,AZ,official_business_licenses,,,,
standard,ARIZONA BEE REMOVAL,5205965160,unknown,561710,TUCSON,AZ,official_business_licenses,,,,
standard,MONSOON PEST CONTROL,5207805161,unknown,561710,TUCSON,AZ,official_business_licenses,,,,
standard,1ST CHOICE TERMITE & PEST,9038185564,unknown,561710,TUCSON,AZ,official_business_licenses,,,,
standard,"JOHN JR'S TERMITE & PEST CONTROL, INC",5208829626,unknown,561710,TUCSON,AZ,official_business_licenses,,,,
standard,PREFERRED PEST CONTROL,5203991525,unknown,561710,GREEN VALLEY,AZ,official_business_licenses,,,,
standard,ROYAL WEED CONTROL,5208876925,unknown,561710,TUCSON,AZ,official_business_licenses,,,,
standard,HOMETEAM ORKIN,5208251008,unknown,561710,TUCSON,AZ,official_business_licenses,,,,
standard,JIM LOGAN'S PEST CONTROL,5202981154,unknown,561710,VAIL,AZ,official_business_licenses,,,,
standard,BUGWRX LLC,5203341150,unknown,561710,ORO VALLEY,AZ,official_business_licenses,,,,
standard,MANTIS PEST CONTROL LLC,5203030901,unknown,561710,CORTARO,AZ,official_business_licenses,,,,
standard,TERMAGON INC,5203229211,unknown,561710,TUCSON,AZ,official_business_licenses,,,,
standard,US PEST,5202967738,unknown,561710,TUCSON,AZ,official_business_licenses,,,,
standard,GODFATHER PEST CONTROL,5206828555,unknown,561710,MARANA,AZ,official_business_licenses,,,,
standard,BARRIER PEST MANAGEMENT LLC,5204059775,unknown,561710,TUCSON,AZ,official_business_licenses,,,,
standard,LADY BUG PEST CONTROL SPECIALISTS OF SOU,5203447705,unknown,561710,SAHUARITA,AZ,official_business_licenses,,,,
standard,BRUCE EXTERMINATING,5203230714,unknown,561710,TUCSON,AZ,official_business_licenses,,,,
standard,PESTS BE GONE PEST CONTROL,5203315352,unknown,561710,TUCSON,AZ,official_business_licenses,,,,
standard,PATTEN GENERAL PEST CONTROL,5202799494,unknown,561710,VAIL,AZ,official_business_licenses,,,,
standard,WYNN PEST MANAGEMENT,5203938204,unknown,561710,TUCSON,AZ,official_business_licenses,,,,
standard,DESERT BOB PEST CONTROL,5208856688,unknown,561710,TUCSON,AZ,official_business_licenses,,,,
standard,PREMIER PEST SOLUTIONS,5204405472,unknown,561710,TUCSON,AZ,official_business_licenses,,,,
standard,MARCS SERVICES UNLIMITED LLC,5209714476,unknown,561710,TUCSON,AZ,official_business_licenses,,,,
standard,TERRITORIAL TERMITE & PEST CONTROL LLC,5208818535,unknown,561710,TUCSON,AZ,official_business_licenses,,,,
standard,PESTMASTER SERVICES OF TUCSON,5203733261,unknown,561710,TUCSON,AZ,official_business_licenses,,,,
standard,TRULY NOLEN OF AMERICA INC,5203264363,unknown,561710,TUCSON,AZ,official_business_licenses,,,,
standard,TOM DELAY,5203318174,unknown,561710,TUCSON,AZ,official_business_licenses,,,,
standard,SOUTHWEST PEST SOLUTIONS LLC,5203392437,unknown,561710,TUCSON,AZ,official_business_licenses,,,,
standard,RIGO PEST PREVENTION,5207446177,unknown,561710,TUCSON,AZ,official_business_licenses,,,,
standard,A SECURITY PEST CONTROL CO,5208849564,unknown,561710,TUCSON,AZ,official_business_licenses,,,,
standard,STINKERS MAINTENANCE AND PEST,5209991073,unknown,561710,TUCSON,AZ,official_business_licenses,,,,
standard,DESERT SWARM BEE REMOVAL LLC,5203100707,unknown,561710,TUCSON,AZ,official_business_licenses,,,,
standard,WEEDS OR PEST,5204093560,unknown,561710,TUCSON,AZ,official_business_licenses,,,,
standard,HTS BEES,5206094350,unknown,561710,TUCSON,AZ,official_business_licenses,,,,
standard,NORTHWEST EXTERMINATING CO INC,5208885779,unknown,561710,TUCSON,AZ,official_business_licenses,,,,
standard,TERMINIX INTERNATIONAL CO,5208382600,unknown,561710,TUCSON,AZ,official_business_licenses,,,,
standard,RAMONA CASTRO,5205910621,unknown,561720,TUCSON,AZ,official_business_licenses,,,,
standard,CANNON HOME MAINTENANCE,5203109016,unknown,561720,TUCSON,AZ,official_business_licenses,,,,
standard,GAIA CLEANING SPECIALISTS,5202768494,unknown,561720,TUCSON,AZ,official_business_licenses,,,,
standard,AZ COMFORT MULTIPLE SERVICES,5209716915,unknown,561720,TUCSON,AZ,official_business_licenses,,,,
standard,DESERT MIRACLE CLEANING LLC,5205511719,unknown,561720,TUCSON,AZ,official_business_licenses,,,,
standard,BCH CLEANING,5206688083,unknown,561720,TUCSON,AZ,official_business_licenses,,,,
standard,KLC CLEANING,5208691133,unknown,561720,TUCSON,AZ,official_business_licenses,,,,
standard,ALEX TERMINAL CLEAN LLC,5203384925,unknown,561720,TUCSON,AZ,official_business_licenses,,,,
standard,NELVALYAR CLEANING SERVICES LLC,5205510426,unknown,561720,TUCSON,AZ,official_business_licenses,,,,
standard,HAPPY HOME HELPERS,9566513798,unknown,561720,TUCSON,AZ,official_business_licenses,,,,
standard,JOD CLEANING SERVICE,5209126286,unknown,561720,TUCSON,AZ,official_business_licenses,,,,
standard,YAQUI CLEANING SOLUTIONS,9283007062,unknown,561720,TUCSON,AZ,official_business_licenses,,,,
standard,ANGELICA HOUSEKEEPING,5202480107,unknown,561720,TUCSON,AZ,official_business_licenses,,,,
standard,QUEENS CLEANING,5204431450,unknown,561720,TUCSON,AZ,official_business_licenses,,,,
standard,GORDITA'S CLEANING,5204042675,unknown,561720,TUCSON,AZ,official_business_licenses,,,,
standard,SPARKLING STAYS VACATION RENTAL CLEANING SVS,5206516570,unknown,561720,VAIL,AZ,official_business_licenses,,,,
standard,J&J CLEANING & HOUSEKEEPING SERVICES,5203339151,unknown,561720,TUCSON,AZ,official_business_licenses,,,,
standard,JEL CLEANING SERVICES,5207198534,unknown,561720,TUCSON,AZ,official_business_licenses,,,,
standard,PRO-CARE JANITORIAL & MAINTENANCE,5209756966,unknown,561720,TUCSON,AZ,official_business_licenses,,,,
standard,SCRUBS JANITORIAL & MAINTENANCE,5202481999,unknown,561720,TUCSON,AZ,official_business_licenses,,,,
standard,GGD CLEANING,5207300783,unknown,561720,TUCSON,AZ,official_business_licenses,,,,
standard,ALFRED MADRID'S FLOOR RESTORATION,5202725162,unknown,561720,TUCSON,AZ,official_business_licenses,,,,
standard,BUDDY KLEAN,5203287592,unknown,561720,TUCSON,AZ,official_business_licenses,,,,
standard,BRAVO ISABELLA A,5206689975,unknown,561720,TUCSON,AZ,official_business_licenses,,,,
standard,GOT CLUTTER?,5202354885,unknown,561720,TUCSON,AZ,official_business_licenses,,,,
standard,NELLIE'S OLIVAS HOUSE CLEANING,5209824632,unknown,561720,TUCSON,AZ,official_business_licenses,,,,
standard,EXTRA HANDS,5204195102,unknown,561720,TUCSON,AZ,official_business_licenses,,,,
standard,45 FRAMING,5205439229,unknown,561720,TUCSON,AZ,official_business_licenses,,,,
standard,A1 JANITORIAL SERVICES,5208701234,unknown,561720,TUCSON,AZ,official_business_licenses,,,,
standard,ALBERTO AND MANUELAS CC,5205002448,unknown,561720,TUCSON,AZ,official_business_licenses,,,,
standard,CLEANOLOGY,6233369190,unknown,561720,TUCSON,AZ,official_business_licenses,,,,
standard,CELIS CLEANING,5203582219,unknown,561720,TUCSON,AZ,official_business_licenses,,,,
standard,CLEAN & CREATE,5205654840,unknown,561720,TUCSON,AZ,official_business_licenses,,,,
standard,PRO-KLEAN,5208617912,unknown,561720,TUCSON,AZ,official_business_licenses,,,,
standard,MONTIJO CLEANING COMPANY,5203584563,unknown,561720,TUCSON,AZ,official_business_licenses,,,,
standard,INNOVATION CLEANING SERVICE LLC,5203901732,unknown,561720,TUCSON,AZ,official_business_licenses,,,,
standard,EXQUISITE HOUSE CLEANING,5206681867,unknown,561720,TUCSON,AZ,official_business_licenses,,,,
standard,NUNEZ CLEANING LLC,5209075451,unknown,561720,TUCSON,AZ,official_business_licenses,,,,
standard,KATS GENERAL HOUSE CLEANING LLC,4122961355,unknown,561720,TUCSON,AZ,official_business_licenses,,,,
standard,AZ CLEANING,5202475382,unknown,561720,TUCSON,AZ,official_business_licenses,,,,
standard,CLEANING SUNS,5204425484,unknown,561720,TUCSON,AZ,official_business_licenses,,,,
standard,MAGIK CLEANING SERVICES,2065795559,unknown,561720,TUCSON,AZ,official_business_licenses,,,,
standard,SIERRA AC CLEANING,5206312938,unknown,561720,TUCSON,AZ,official_business_licenses,,,,
standard,LUXECLEAN SOLUTIONS,5203559734,unknown,561720,TUCSON,AZ,official_business_licenses,,,,
standard,M&R HOME CLEANING,5208083294,unknown,561720,TUCSON,AZ,official_business_licenses,,,,
standard,THE GIRL AND A MOP,5205433806,unknown,561720,TUCSON,AZ,official_business_licenses,,,,
standard,KEEP IT BRIGHT LLC,5202414193,unknown,561720,TUCSON,AZ,official_business_licenses,,,,
standard,SASSY BROOMS CLEANING SERVICE,6023495496,unknown,561720,TUCSON,AZ,official_business_licenses,,,,
standard,FRANCESCA'S CLEANING SERVICES,5208087074,unknown,561720,TUCSON,AZ,official_business_licenses,,,,
standard,THE CLEANING COUPLE SERVICES LLC,5203511826,unknown,561720,TUCSON,AZ,official_business_licenses,,,,
standard,ROSY'S CLEANING,5204091368,unknown,561720,TUCSON,AZ,official_business_licenses,,,,
standard,EARL'S CLEANING,5202783242,unknown,561720,TUCSON,AZ,official_business_licenses,,,,
standard,MARTINA LLC,5205511615,unknown,561720,TUCSON,AZ,official_business_licenses,,,,
standard,DEEP DETAIL CLEANING,5204060106,unknown,561720,TUCSON,AZ,official_business_licenses,,,,
standard,R.D.L COMMERCIAL CLEANING SERVICES,5206350467,unknown,561720,TUCSON,AZ,official_business_licenses,,,,
standard,STONE MASTERS,5207309486,unknown,561720,TUCSON,AZ,official_business_licenses,,,,
standard,NORTON WILLIAM BETTIN,5206124980,unknown,561720,TUCSON,AZ,official_business_licenses,,,,
standard,NO LIMIT CLEANING,5203129273,unknown,561720,TUCSON,AZ,official_business_licenses,,,,
standard,TUCSON PROPERTY PRESERVATION LLC,5205782002,unknown,561720,TUCSON,AZ,official_business_licenses,,,,
standard,PERFECT CLEANING,5204066370,unknown,561720,TUCSON,AZ,official_business_licenses,,,,
standard,W FAMILY CLEANING SERVICES LLC,5209819843,unknown,561720,TUCSON,AZ,official_business_licenses,,,,
standard,WISE WINDOW CLEANING LLC,5205344099,unknown,561720,TUCSON,AZ,official_business_licenses,,,,
standard,OMWASH,5206008008,unknown,561720,TUCSON,AZ,official_business_licenses,,,,
standard,WE CLEAN FOR GREEN LLC,5208341463,unknown,561720,TUCSON,AZ,official_business_licenses,,,,
standard,JAZMIN CLEANING SERVICES,5202720755,unknown,561720,TUCSON,AZ,official_business_licenses,,,,
standard,VEE'S CUSTOM CLEANING,5203551677,unknown,561720,TUCSON,AZ,official_business_licenses,,,,
standard,ELITE BUILDING SERVICES,5208336266,unknown,561720,TUCSON,AZ,official_business_licenses,,,,
standard,PIMA PRO CLEANERS,5203968527,unknown,561720,TUCSON,AZ,official_business_licenses,,,,
standard,SC CLEANING SYSTEMS LLC,5204060462,unknown,561720,TUCSON,AZ,official_business_licenses,,,,
standard,MASTER CLEAN GROUP,5204407928,unknown,561720,TUCSON,AZ,official_business_licenses,,,,
standard,NEET,5209060411,unknown,561720,TUCSON,AZ,official_business_licenses,,,,
standard,SAFI DYNAMIC,5204277351,unknown,561720,TUCSON,AZ,official_business_licenses,,,,
standard,VCA CLEANING LLC,5203003783,unknown,561720,TUCSON,AZ,official_business_licenses,,,,
standard,VICSAK LLC,5203445352,unknown,561720,TUCSON,AZ,official_business_licenses,,,,
standard,SOUTHWESTERN BUILDING MAINTENANCE,5207906200,unknown,561720,TUCSON,AZ,official_business_licenses,,,,
standard,ENVIRO-GROUT INC,5206206303,unknown,561720,TUCSON,AZ,official_business_licenses,,,,
standard,BLANCA'S HOUSEKEEPING,5203048807,unknown,561720,TUCSON,AZ,official_business_licenses,,,,
standard,D CLEAN,5204990626,unknown,561720,TUCSON,AZ,official_business_licenses,,,,
standard,GONCO CLEANING CREW LLC,5205285591,unknown,561720,TUCSON,AZ,official_business_licenses,,,,
standard,CCS,5203129583,unknown,561720,TUCSON,AZ,official_business_licenses,,,,
standard,EXT CLEANING,5202487497,unknown,561720,TUCSON,AZ,official_business_licenses,,,,
standard,HOUSEKEEPING DAY,5208670190,unknown,561720,TUCSON,AZ,official_business_licenses,,,,
standard,XTREME CLEAN,5202568197,unknown,561720,TUCSON,AZ,official_business_licenses,,,,
standard,JELY CLEANING SERVICES,5203588079,unknown,561720,TUCSON,AZ,official_business_licenses,,,,
standard,AFASA CLEANING SERVICES,5203349427,unknown,561720,TUCSON,AZ,official_business_licenses,,,,
standard,GRACIELA JANITORIAL SERVICE,5206685768,unknown,561720,TUCSON,AZ,official_business_licenses,,,,
standard,MARRERO CLEANING SERVICES,5205657391,unknown,561720,TUCSON,AZ,official_business_licenses,,,,
standard,CLEANER CREW,5202226230,unknown,561720,ORO VALLEY,AZ,official_business_licenses,,,,
standard,MIMA'S FINAL TOUCH CLEANING SERVICES,5208673960,unknown,561720,TUCSON,AZ,official_business_licenses,,,,
standard,LAURAS HOUSE CLEANING,5203041192,unknown,561720,TUCSON,AZ,official_business_licenses,,,,
standard,MIRIAM CLEANING,5204013530,unknown,561720,TUCSON,AZ,official_business_licenses,,,,
standard,SHINE-PROS SOLUTIONS & MORE LLC,5209125170,unknown,561720,TUCSON,AZ,official_business_licenses,,,,
standard,THE HUMBLE HANDYMAN,5207808705,unknown,561720,TUCSON,AZ,official_business_licenses,,,,
standard,DESERT WOOD CLEANING SERVICES,5204628057,unknown,561720,TUCSON,AZ,official_business_licenses,,,,
standard,MARCIAS CLEANING,5202787053,unknown,561720,TUCSON,AZ,official_business_licenses,,,,
standard,MARIAS HOUSE CLEANING,5209713680,unknown,561720,TUCSON,AZ,official_business_licenses,,,,
standard,MAYRA MARTINEZ CLEANING SERVICES,5205064399,unknown,561720,TUCSON,AZ,official_business_licenses,,,,
standard,NEW VIBES CLEANING SERVICES LLC,5204090697,unknown,561720,TUCSON,AZ,official_business_licenses,,,,
standard,MGT CLEANING,5207890040,unknown,561720,TUCSON,AZ,official_business_licenses,,,,
standard,ORANCOM CLEANING SERVICE LLC,5205487583,unknown,561720,TUCSON,AZ,official_business_licenses,,,,
standard,SOPHIA'S CLEANING,5209101149,unknown,561720,TUCSON,AZ,official_business_licenses,,,,
standard,MR JANITOR,5202988787,unknown,561720,TUCSON,AZ,official_business_licenses,,,,
standard,MERRY MAIDS #1519,5203468644,unknown,561720,TUCSON,AZ,official_business_licenses,,,,
standard,CLASS X SOLUTIONS LLC,6233372484,unknown,561720,PHOENIX,AZ,official_business_licenses,,,,
standard,AIMS CLEANING,5206633869,unknown,561720,TUCSON,AZ,official_business_licenses,,,,
standard,BECKNERS CLEANING SERVICE LLC,5203662572,unknown,561720,TUCSON,AZ,official_business_licenses,,,,
standard,ALPHA CLEAN AZ LLC,5202223236,unknown,561720,TUCSON,AZ,official_business_licenses,,,,
standard,DAUGHTERS OF THE KING CLEANING SERVICES,5208090599,unknown,561720,TUCSON,AZ,official_business_licenses,,,,
standard,BINA'S ELITE CLEAN OF TUCSON,5205439956,unknown,561720,TUCSON,AZ,official_business_licenses,,,,
standard,CASTLE CLEANING,5208671328,unknown,561720,TUCSON,AZ,official_business_licenses,,,,
standard,LUTI,5203594131,unknown,561720,TUCSON,AZ,official_business_licenses,,,,
standard,DISCOUNT WINDOW CLEANING,5204295766,unknown,561720,TUCSON,AZ,official_business_licenses,,,,
standard,LINDI'S CLEAN LIVING,5202628308,unknown,561720,TUCSON,AZ,official_business_licenses,,,,
standard,KNUCKLE BUSTERS CLEANING,5204091894,unknown,561720,TUCSON,AZ,official_business_licenses,,,,
standard,MY DREAM CLEANING SERVICE,5206038167,unknown,561720,TUCSON,AZ,official_business_licenses,,,,
standard,NEW IMAGE BUILDING SERVICE,5207409740,unknown,561720,TUCSON,AZ,official_business_licenses,,,,
standard,NOVUS NEW STAR,5206787607,unknown,561720,TUCSON,AZ,official_business_licenses,,,,
standard,OAK PRO CLEANING,5208610774,unknown,561720,TUCSON,AZ,official_business_licenses,,,,
standard,BREANNA JANITORIAL + LANDSCAPING SERVICES,5202897634,unknown,561720,TUCSON,AZ,official_business_licenses,,,,
standard,CLEAR WAVES SOLUTIONS LLC,5205785152,unknown,561720,TUCSON,AZ,official_business_licenses,,,,
standard,DIAMOND SHINE CLEANING SERVICE,5202324329,unknown,561720,TUCSON,AZ,official_business_licenses,,,,
standard,STONE MASTERS AZ,5206506350,unknown,561720,TUCSON,AZ,official_business_licenses,,,,
standard,HARO'S CLEANING SERVICES,5208612064,unknown,561720,TUCSON,AZ,official_business_licenses,,,,
standard,S&C CLEANING SERVICES,5208159619,unknown,561720,TUCSON,AZ,official_business_licenses,,,,
standard,STACEY'S BUSY BEE CLEANING SERVICES,5202710842,unknown,561720,TUCSON,AZ,official_business_licenses,,,,
standard,KAT'S CLEAN & GO,5202729227,unknown,561720,TUCSON,AZ,official_business_licenses,,,,
standard,TUCSON OFFICE CLEANING PLUS,5205543362,unknown,561720,TUCSON,AZ,official_business_licenses,,,,
standard,SONORAN  SPARKLES LLC,5206682529,unknown,561720,TUCSON,AZ,official_business_licenses,,,,
standard,2 QLEAN CLEANING,5205517567,unknown,561720,TUCSON,AZ,official_business_licenses,,,,
standard,ACOSTA PARRA CLEANING SERVICES,5206394500,unknown,561720,TUCSON,AZ,official_business_licenses,,,,
standard,AGC,5204068494,unknown,561720,TUCSON,AZ,official_business_licenses,,,,
standard,BETTER VIEW PROS,5209173333,unknown,561720,TUCSON,AZ,official_business_licenses,,,,
standard,GRANT JANITORIAL LLC,5207924753,unknown,561720,TUCSON,AZ,official_business_licenses,,,,
standard,D'S CLEANING SERVICES TUCSON,5203384245,unknown,561720,TUCSON,AZ,official_business_licenses,,,,
standard,HAND & HAND,5202786945,unknown,561720,TUCSON,AZ,official_business_licenses,,,,
standard,SERVEC CLEANING SERVICES,5209101268,unknown,561720,TUCSON,AZ,official_business_licenses,,,,
standard,HOMEMAKER HOUSE CLEANING,5202087133,unknown,561720,TUCSON,AZ,official_business_licenses,,,,
standard,A & S CLEANING,5204765746,unknown,561720,TUCSON,AZ,official_business_licenses,,,,
standard,AFFORDABLE CLEANING & HOME SERVICES,5205767990,unknown,561720,TUCSON,AZ,official_business_licenses,,,,
standard,MAGICAL CLEANING SERVICES,5203605434,unknown,561720,TUCSON,AZ,official_business_licenses,,,,
standard,MASTERS CLEANING SERVICES,5203512566,unknown,561720,TUCSON,AZ,official_business_licenses,,,,
standard,LIV FRESH CLEANING SERVICES LLC,5202867782,unknown,561720,TUCSON,AZ,official_business_licenses,,,,
standard,MACS CLEANING,5209811078,unknown,561720,TUCSON,AZ,official_business_licenses,,,,
standard,KITSIA'S CLEANING SERVICES,5205965235,unknown,561720,TUCSON,AZ,official_business_licenses,,,,
standard,GREEN GURU CLEANING,4804429037,unknown,561720,TUCSON,AZ,official_business_licenses,,,,
standard,SONORIZONA CLEANING SERVICE,5202350886,unknown,561720,TUCSON,AZ,official_business_licenses,,,,
standard,SKY ISLAND COMMERCIAL CLEANING LLC,5203492487,unknown,561720,TUCSON,AZ,official_business_licenses,,,,
standard,SOFTTOUCH HOUSE CLEANING,5208081187,unknown,561720,TUCSON,AZ,official_business_licenses,,,,
standard,JUANITA'S HOUSEKEEPING,5203122579,unknown,561720,TUCSON,AZ,official_business_licenses,,,,
standard,PRETTY UNIQUE CLEANING SERVICE,5202781693,unknown,561720,TUCSON,AZ,official_business_licenses,,,,
standard,PRIMA COMMERCIAL CLEANING,5202991041,unknown,561720,TUCSON,AZ,official_business_licenses,,,,
standard,ABDUL SAMI EBRAHIMI,5209103998,unknown,561720,TUCSON,AZ,official_business_licenses,,,,
standard,BUBBLES CLEANING,5202615224,unknown,561720,TUCSON,AZ,official_business_licenses,,,,
standard,ARIZONA CLEAN SERVICE,5202881761,unknown,561720,TUCSON,AZ,official_business_licenses,,,,
standard,EXCELLENT JANITORIAL & LANDSCAPING SVC,5205435169,unknown,561720,TUCSON,AZ,official_business_licenses,,,,
standard,BLUE NILE SAFI,5203281478,unknown,561720,TUCSON,AZ,official_business_licenses,,,,
standard,BEST WAY CLEANING,5203316416,unknown,561720,TUCSON,AZ,official_business_licenses,,,,
standard,DIMAR JANITORIAL,9285302495,unknown,561720,TUCSON,AZ,official_business_licenses,,,,
standard,ECO-PROFESSIONAL CLEANING,5209657799,unknown,561720,TUCSON,AZ,official_business_licenses,,,,
standard,TUCSON HOOD CLEANING PROS,5206887184,unknown,561720,TUCSON,AZ,official_business_licenses,,,,
standard,LEATHERS CLEANING SERVICES LLC,5207040679,unknown,561720,TUCSON,AZ,official_business_licenses,,,,
standard,LARA'S CLEANING SERVICES,5206073926,unknown,561720,TUCSON,AZ,official_business_licenses,,,,
standard,LEYAIN CLEANING SERVICES,5204065958,unknown,561720,TUCSON,AZ,official_business_licenses,,,,
standard,FROM THE DESERT,5205512135,unknown,561720,TUCSON,AZ,official_business_licenses,,,,
standard,GREEN DIAMOND CLEANING LLC,5203580132,unknown,561720,TUCSON,AZ,official_business_licenses,,,,
standard,ICON CLEANING SERVICES,5203052174,unknown,561720,TUCSON,AZ,official_business_licenses,,,,
standard,J CLEANS,5412809375,unknown,561720,TUCSON,AZ,official_business_licenses,,,,
standard,TUCKER CLEANING,5209790452,unknown,561720,ORO VALLEY,AZ,official_business_licenses,,,,
standard,CITY WIDE SERVICES,5203498991,unknown,561720,TUCSON,AZ,official_business_licenses,,,,
standard,CLEANING IN ACTION,5205431329,unknown,561720,TUCSON,AZ,official_business_licenses,,,,
standard,CLEAR BLUE CLEANING & WINDOWS,5204038372,unknown,561720,TUCSON,AZ,official_business_licenses,,,,
standard,TACTICALLY TIDY,7028306925,unknown,561720,TUCSON,AZ,official_business_licenses,,,,
standard,VISION F&P CLEANING SERVICES,5203583357,unknown,561720,TUCSON,AZ,official_business_licenses,,,,
standard,YEPIZ CLEANING SERVICES,5204517591,unknown,561720,TUCSON,AZ,official_business_licenses,,,,
standard,BRITTNEY COATES,5204254944,unknown,561720,TUCSON,AZ,official_business_licenses,,,,
standard,YOYOI PROFESSIONAL CLEANING SERVICES,5202736463,unknown,561720,TUCSON,AZ,official_business_licenses,,,,
standard,AAA CLEANING SERVICES LLC,5202371201,unknown,561720,TUCSON,AZ,official_business_licenses,,,,
standard,V&S CLEANING,5205548888,unknown,561720,TUCSON,AZ,official_business_licenses,,,,
standard,SAHUARO CLEANING & REMODELING LLC,5202780489,unknown,561720,TUCSON,AZ,official_business_licenses,,,,
standard,MAID OF HONOR HOUSECLEANING,5208672478,unknown,561720,TUCSON,AZ,official_business_licenses,,,,
standard,1-A HAYES MAINTENANCE SERVICE,5204374617,unknown,561720,TUCSON,AZ,official_business_licenses,,,,
standard,ADEPT CLEANING SERVICES,5205598242,unknown,561720,TUCSON,AZ,official_business_licenses,,,,
standard,ALFRED CLEANING SERVICES,5208227166,unknown,561720,TUCSON,AZ,official_business_licenses,,,,
standard,KZ CLEANING SERVICES LLC,5204757971,unknown,561720,MARANA,AZ,official_business_licenses,,,,
standard,DESERT AURA CLEANING SERVICES,5204990924,unknown,561720,TUCSON,AZ,official_business_licenses,,,,
standard,BEARDOWN AZ CLEANING LLC,5209060299,unknown,561720,TUCSON,AZ,official_business_licenses,,,,
standard,KEEP IT CLEAN CLEANING SERVICES,5204097059,unknown,561720,TUCSON,AZ,official_business_licenses,,,,
standard,POWERHOUSE WINDOW CLEANING LLC,5208706559,unknown,561720,TUCSON,AZ,official_business_licenses,,,,
standard,GABE'S CLEANING SERVICES LLC,3203805606,unknown,561720,TUCSON,AZ,official_business_licenses,,,,
standard,CITTALLI'S CLEANING,5202836155,unknown,561720,TUCSON,AZ,official_business_licenses,,,,
standard,SO FRESH AND SO CLEAN CLEAN,5204653333,unknown,561720,TUCSON,AZ,official_business_licenses,,,,
standard,726 SERVICE/MANAGEMENT CO,5203338228,unknown,561720,TUCSON,AZ,official_business_licenses,,,,
standard,MATTANAH CLEANING SERVICES LLC,5802707663,unknown,561720,TUCSON,AZ,official_business_licenses,,,,
standard,MYERS CLEANING SPECIALISTS INC,5202079755,unknown,561720,TUCSON,AZ,official_business_licenses,,,,
standard,LEON'S HOUSEKEEPING LLC,5205513950,unknown,561720,TUCSON,AZ,official_business_licenses,,,,
standard,PERSONAL TOUCH HOME CLEANING,5208694406,unknown,561720,TUCSON,AZ,official_business_licenses,,,,
standard,REYNAS HOUSE KEEPING,5208672927,unknown,561720,TUCSON,AZ,official_business_licenses,,,,
standard,TWO CHICKS AND A BROOM,5203600031,unknown,561720,TUCSON,AZ,official_business_licenses,,,,
standard,LION'S DEN HOME SERVICES LLC,5209870143,unknown,561720,RIO RICO,AZ,official_business_licenses,,,,
standard,TRIPLE A,5204067505,unknown,561720,TUCSON,AZ,official_business_licenses,,,,
standard,VELARDES CLEANING,5202461341,unknown,561720,TUCSON,AZ,official_business_licenses,,,,
standard,BIO JANITORIAL SERVICES INC,6239316216,unknown,561720,GLENDALE,AZ,official_business_licenses,,,,
standard,CORONET BUILDING SERVICES,5206078073,unknown,561720,TUCSON,AZ,official_business_licenses,,,,
standard,GIRON & SON'S CLEANING,5208080372,unknown,561720,TUCSON,AZ,official_business_licenses,,,,
standard,HAKUNA MATATA CLEANING,5205515279,unknown,561720,TUCSON,AZ,official_business_licenses,,,,
standard,COVERALL CLEANING CONCEPTS,5204041965,unknown,561720,TUCSON,AZ,official_business_licenses,,,,
standard,MIRANDA GENERAL SERVICES,5209079291,unknown,561720,TUCSON,AZ,official_business_licenses,,,,
standard,TUCSON TRASH OUT LLC,5202721349,unknown,561720,TUCSON,AZ,official_business_licenses,,,,
standard,DOCTOR SOLUTION CLEANING SERVICE,5203392400,unknown,561720,TUCSON,AZ,official_business_licenses,,,,
standard,DOUBLE TROUBLE HOME SERVICES,5206684599,unknown,561720,TUCSON,AZ,official_business_licenses,,,,
standard,DIVA CLEANING,5204039454,unknown,561720,TUCSON,AZ,official_business_licenses,,,,
standard,AZURE BLUEBIRD CLEANING,5206120941,unknown,561720,TUCSON,AZ,official_business_licenses,,,,
standard,CLEAN IMAGE SOUTHWEST LLC,5202506754,unknown,561720,TUCSON,AZ,official_business_licenses,,,,
standard,MILY'S CLEANING SERVICE,5203363306,unknown,561720,TUCSON,AZ,official_business_licenses,,,,
standard,PREFERRED KLEAN CO LLC,5204043830,unknown,561720,TUCSON,AZ,official_business_licenses,,,,
standard,MIMI'S CLEANING SERVICES LLC,5203316940,unknown,561720,TUCSON,AZ,official_business_licenses,,,,
standard,MISS TIDY CLEANING SERVICE LLC,5203100398,unknown,561720,TUCSON,AZ,official_business_licenses,,,,
standard,TUCSON PRO CLEANERS,5204401493,unknown,561720,TUCSON,AZ,official_business_licenses,,,,
standard,ADI JANITORIAL & MAINTENANCE SERVICES,5203315387,unknown,561720,TUCSON,AZ,official_business_licenses,,,,
standard,5 DIAMONDZ AND ASSOCIATES LLC,5206476992,unknown,561720,TUCSON,AZ,official_business_licenses,,,,
standard,CELINA'S CLEANING AND MORE LLC,5204429020,unknown,561720,TUCSON,AZ,official_business_licenses,,,,
standard,CRA-NU CLEANING,5203541343,unknown,561720,Tucson,AZ,official_business_licenses,,,,
standard,CLEAN FREAK,5203907601,unknown,561720,TUCSON,AZ,official_business_licenses,,,,
standard,PRISTINE FLOORS LLC,5206979610,unknown,561720,TUCSON,AZ,official_business_licenses,,,,
standard,SAGUARO SCRUBBER,5203995364,unknown,561720,TUCSON,AZ,official_business_licenses,,,,
standard,HEAVENLY SHINE,5203495548,unknown,561720,TUCSON,AZ,official_business_licenses,,,,
standard,MYC CLEANING SERVICES,5202355678,unknown,561720,TUCSON,AZ,official_business_licenses,,,,
standard,HARPERS VALLEY JANITORIAL,5209547487,unknown,561720,TUCSON,AZ,official_business_licenses,,,,
standard,LBA BUILDING SOLUTIONS LLC,5202708054,unknown,561720,TUCSON,AZ,official_business_licenses,,,,
standard,SOTO'S CLEANING SERVICE LLC,5202788421,unknown,561720,TUCSON,AZ,official_business_licenses,,,,
standard,SISTER SISTERS COMMERCIAL & HOME CLEANING,5209904001,unknown,561720,TUCSON,AZ,official_business_licenses,,,,
standard,S&R JANITORIAL SERVICE,5203697122,unknown,561720,TUCSON,AZ,official_business_licenses,,,,
standard,SKY'S THE LIMIT,5208087954,unknown,561720,TUCSON,AZ,official_business_licenses,,,,
standard,SWEET HOME CLEANING SERVICES,5204027599,unknown,561720,TUCSON,AZ,official_business_licenses,,,,
standard,TITIS CLEANING SERVICES,5202047723,unknown,561720,TUCSON,AZ,official_business_licenses,,,,
standard,SHINY HAPPY CLEANERS,5202463693,unknown,561720,TUCSON,AZ,official_business_licenses,,,,
standard,DESERT HOME SERVICES LLC,5204002806,unknown,561720,BENSON,AZ,official_business_licenses,,,,
standard,ANGIE & JO CLEANING SERVICE,5209875110,unknown,561720,TUCSON,AZ,official_business_licenses,,,,
standard,DIAMOND CLEANING SERVICE,5203020285,unknown,561720,TUCSON,AZ,official_business_licenses,,,,
standard,BRIGHT DAWN,5208508221,unknown,561720,TUCSON,AZ,official_business_licenses,,,,
standard,GALERIES,2403288350,unknown,561720,TUCSON,AZ,official_business_licenses,,,,
standard,CATALINAS FOOTHILLS CLEANING,5207421696,unknown,561720,TUCSON,AZ,official_business_licenses,,,,
standard,DOUBLE G SERVICES LLC,5203737323,unknown,561720,TUCSON,AZ,official_business_licenses,,,,
standard,CORBETT CLEANING SERVICES,5202494100,unknown,561720,TUCSON,AZ,official_business_licenses,,,,
standard,IBARRA'S FLOOR FINISHING,5204404343,unknown,561720,TUCSON,AZ,official_business_licenses,,,,
standard,SQUEEGEE EXPRESS,5204448160,unknown,561720,TUCSON,AZ,official_business_licenses,,,,
standard,ERMA COMMERCIAL CLEANING SERVICES LLC,5209010404,unknown,561720,TUCSON,AZ,official_business_licenses,,,,
standard,RES-COM CLEANING SPECIALISTS LLC,5204018128,unknown,561720,TUCSON,AZ,official_business_licenses,,,,
standard,S&H CLEANING,5208890906,unknown,561720,TUCSON,AZ,official_business_licenses,,,,
standard,THE TUCSON TEAM,5204196517,unknown,561720,TUCSON,AZ,official_business_licenses,,,,
standard,JESUS HOUSECLEANING,5208709159,unknown,561720,TUCSON,AZ,official_business_licenses,,,,
standard,EVAS CLEANING SERVICE,5209824144,unknown,561720,TUCSON,AZ,official_business_licenses,,,,
standard,GAP JANITORIAL,5205919434,unknown,561720,TUCSON,AZ,official_business_licenses,,,,
standard,TUCSON STAR CLEANING SERVICES,5203019649,unknown,561720,TUCSON,AZ,official_business_licenses,,,,
standard,HOUSE CLEANING BY JOSIE,5205512611,unknown,561720,TUCSON,AZ,official_business_licenses,,,,
standard,ICM CLEANING LLC,5208488795,unknown,561720,TUCSON,AZ,official_business_licenses,,,,
standard,LILY HOUSE CLEANING,5205962275,unknown,561720,TUCSON,AZ,official_business_licenses,,,,
standard,MARU CLEANING LLC,5203363370,unknown,561720,TUCSON,AZ,official_business_licenses,,,,
standard,MARICELA FERNANDEZ,5203364859,unknown,561720,TUCSON,AZ,official_business_licenses,,,,
standard,ORGANICA GREEN CLEAN LLC,5208380003,unknown,561720,TUCSON,AZ,official_business_licenses,,,,
standard,LISA TRUJILLO,5203581113,unknown,561720,TUCSON,AZ,official_business_licenses,,,,
standard,CLEAN WAY JANITORIAL,5204449651,unknown,561720,TUCSON,AZ,official_business_licenses,,,,
standard,MARY'S HOUSE CLEANING SERVICE,5203017363,unknown,561720,TUCSON,AZ,official_business_licenses,,,,
standard,VILLA DE LARA CLEANING SERVICES,5203391589,unknown,561720,TUCSON,AZ,official_business_licenses,,,,
standard,PRO-GREEN JANITORIAL SERVICES LLC,5204614990,unknown,561720,YUMA,AZ,official_business_licenses,,,,
standard,CAMACHO'S CLEANING SERVICE,5204795481,unknown,561720,TUCSON,AZ,official_business_licenses,,,,
standard,FRANKIE J'S FLOORS AND MORE LLC,5203347246,unknown,561720,TUCSON,AZ,official_business_licenses,,,,
standard,CARMA CLEANING CO,5209903952,unknown,561720,TUCSON,AZ,official_business_licenses,,,,
standard,CLEAN 'N' GREEN LLC,5202704057,unknown,561720,TUCSON,AZ,official_business_licenses,,,,
standard,GONZALEZ CLEANING SERVICE,5202828219,unknown,561720,TUCSON,AZ,official_business_licenses,,,,
standard,G&L CLEANING SERVICES,5204860038,unknown,561720,TUCSON,AZ,official_business_licenses,,,,
standard,JAN-PRO CLEANING SYSTEM,5208859700,unknown,561720,TUCSON,AZ,official_business_licenses,,,,
standard,CONNECTION COMMERCIAL CLEANING,5205394918,unknown,561720,TUCSON,AZ,official_business_licenses,,,,
standard,ROBLES CLEANING,5204061804,unknown,561720,TUCSON,AZ,official_business_licenses,,,,
standard,FAIRY DUSTER CLEANING & SERVICES,9204204129,unknown,561720,TUCSON,AZ,official_business_licenses,,,,
standard,ESPINOZA PRO CLEANING,5206651022,unknown,561720,TUCSON,AZ,official_business_licenses,,,,
standard,S&M CLEANING SERVICES,9086446618,unknown,561720,TUCSON,AZ,official_business_licenses,,,,
standard,JFC CLEANING SERVICES,5202889729,unknown,561720,TUCSON,AZ,official_business_licenses,,,,
standard,J&M JANITORIAL INC,5203263006,unknown,561720,TUCSON,AZ,official_business_licenses,,,,
standard,MX CLEANING POWER,5204099832,unknown,561720,TUCSON,AZ,official_business_licenses,,,,
standard,MB'S CLEANING SERVICES,5208083343,unknown,561720,TUCSON,AZ,official_business_licenses,,,,
standard,STRICKLY CLEAN,4435276001,unknown,561720,TUCSON,AZ,official_business_licenses,,,,
standard,HOME SWEET HOME PROFESSIONAL CLEANINGS SVCS,4802031344,unknown,561720,TUCSON,AZ,official_business_licenses,,,,
standard,MSY & SAY CLEANING,5204741172,unknown,561720,TUCSON,AZ,official_business_licenses,,,,
standard,WORLD CLASS BUILDING MAINTENANCE,5209409315,unknown,561720,TUCSON,AZ,official_business_licenses,,,,
standard,MADE 4 YOU HOUSEKEEPING,5203697521,unknown,561720,TUCSON,AZ,official_business_licenses,,,,
standard,MIGHTY MUMS,5202274751,unknown,561720,SIERRA VISTA,AZ,official_business_licenses,,,,
standard,MBEE CLEANING,5203021139,unknown,561720,TUCSON,AZ,official_business_licenses,,,,
standard,TANIAS CLEANING COMPANY,5202684444,unknown,561720,TUCSON,AZ,official_business_licenses,,,,
standard,VERONICA'S HOUSE KEEPING SERVICES,5202735794,unknown,561720,TUCSON,AZ,official_business_licenses,,,,
standard,KAYLIN CLEANING SYSTEMS,5204958688,unknown,561720,TUCSON,AZ,official_business_licenses,,,,
standard,TAVO CLEANING & RESTORATION LLC,4806506960,unknown,561720,TUCSON,AZ,official_business_licenses,,,,
standard,MICHAEL ANTHONY MORENO,6025926874,unknown,561720,SAN TAN VALLEY,AZ,official_business_licenses,,,,
standard,MAID TWO SQUEAKY CLEAN,4808193066,unknown,561720,MESA,AZ,official_business_licenses,,,,
standard,A2Z BUILDING MAINTENANCE LLC,5203016926,unknown,561720,TUCSON,AZ,official_business_licenses,,,,
standard,LADYBUG PROFESSIONALS,5204656446,unknown,561720,MARANA,AZ,official_business_licenses,,,,
standard,DESERT DUST BUNNIES CLEANING,5203128120,unknown,561720,TUCSON,AZ,official_business_licenses,,,,
standard,BELLA CLEANER,5209123493,unknown,561720,TUCSON,AZ,official_business_licenses,,,,
standard,DDS CLEANING CONTRACTOR LLC,5209090607,unknown,561720,TUCSON,AZ,official_business_licenses,,,,
standard,ELI'S CLEANER,5204994569,unknown,561720,TUCSON,AZ,official_business_licenses,,,,
standard,LOVES CLEANING SERVICES,5208488647,unknown,561720,TUCSON,AZ,official_business_licenses,,,,
standard,VINKO'S CLEANING,5204259802,unknown,561720,TUCSON,AZ,official_business_licenses,,,,
standard,MAGIC CLEAN,5205014643,unknown,561720,TUCSON,AZ,official_business_licenses,,,,
standard,EDWARDS HOME SERVICES,6236874387,unknown,561720,TUCSON,AZ,official_business_licenses,,,,
standard,NONOSS,5203016194,unknown,561720,TUCSON,AZ,official_business_licenses,,,,
standard,NS JANITORIAL,5208910962,unknown,561720,TUCSON,AZ,official_business_licenses,,,,
standard,SONORA CLEANING,5202724074,unknown,561720,TUCSON,AZ,official_business_licenses,,,,
standard,PLATINUM O&V CLEANING SERVICE,5202731158,unknown,561720,TUCSON,AZ,official_business_licenses,,,,
standard,OLD PUEBLO WINDOW CLEANING,5208786215,unknown,561720,TUCSON,AZ,official_business_licenses,,,,
standard,ALYRA OFFICE & RESIDENTIAL CLEANING,5204495554,unknown,561720,TUCSON,AZ,official_business_licenses,,,,
standard,AZ CLEANING CO,5202856027,unknown,561720,TUCSON,AZ,official_business_licenses,,,,
standard,STAY CLEAN SERVICES,5205486081,unknown,561720,TUCSON,AZ,official_business_licenses,,,,
standard,A WOMAN'S TOUCH CLEANING LLC,6023199422,unknown,561720,TUCSON,AZ,official_business_licenses,,,,
standard,JAIME'S HOUSE KAPING,5203699644,unknown,561720,TUCSON,AZ,official_business_licenses,,,,
standard,LIMPIEZA CON DAISY,5206009031,unknown,561720,TUCSON,AZ,official_business_licenses,,,,
standard,BLAND CLEANING SERVICE,5207723054,unknown,561720,TUCSON,AZ,official_business_licenses,,,,
standard,TUCSON'S WINDOW CLEANING,5204046550,unknown,561720,MARANA,AZ,official_business_licenses,,,,
standard,LAS CADENAS CLEANING SERIVCES,5203511519,unknown,561720,TUCSON,AZ,official_business_licenses,,,,
standard,SQUEAKY CLEANERS,5203044201,unknown,561720,TUCSON,AZ,official_business_licenses,,,,
standard,SYLVIA DAY'S CLEANING,5203587931,unknown,561720,TUCSON,AZ,official_business_licenses,,,,
standard,ROSA'S CLEANING SERVICES,5202758763,unknown,561720,TUCSON,AZ,official_business_licenses,,,,
standard,WILDCAT CLEANING SERVICES LLC,5202376893,unknown,561720,TUCSON,AZ,official_business_licenses,,,,
standard,TOP TIER CLEANING,5208671027,unknown,561720,TUCSON,AZ,official_business_licenses,,,,
standard,AAA CLEANERS,5203109021,unknown,561720,TUCSON,AZ,official_business_licenses,,,,
standard,AMORE CLEANING,5202700710,unknown,561720,TUCSON,AZ,official_business_licenses,,,,
standard,THORO-KLEAN,5204331722,unknown,561720,TUCSON,AZ,official_business_licenses,,,,
standard,CLEANSPACE PRO,5203586964,unknown,561720,TUCSON,AZ,official_business_licenses,,,,
standard,PATTY'S CLEANING SERVICES,5202884729,unknown,561720,TUCSON,AZ,official_business_licenses,,,,
standard,ELENA'S,5203365539,unknown,561720,TUCSON,AZ,official_business_licenses,,,,
standard,K&J COMMERCIAL CLEANING LLC,5203023436,unknown,561720,TUCSON,AZ,official_business_licenses,,,,
standard,T&D CLEANERS LLC,5209099369,unknown,561720,TUCSON,AZ,official_business_licenses,,,,
standard,ROMAN JANITORIAL SERVICES,5204811797,unknown,561720,TUCSON,AZ,official_business_licenses,,,,
standard,TRU POWER AND SOFT WASHING,5209553170,unknown,561720,TUCSON,AZ,official_business_licenses,,,,
standard,URBAN CLEANING SERVICES LLC,5203045103,unknown,561720,TUCSON,AZ,official_business_licenses,,,,
standard,SANDRA'S MAID SERVICES,5204094783,unknown,561720,TUCSON,AZ,official_business_licenses,,,,
standard,STASHA'S CLEANING,5204745251,unknown,561720,TUCSON,AZ,official_business_licenses,,,,
standard,ALPHA & OMEGA JANITORIAL SERVICE,5209040718,unknown,561720,TUCSON,AZ,official_business_licenses,,,,
standard,ARIZONA JANITORIAL SERVICES,5205511905,unknown,561720,TUCSON,AZ,official_business_licenses,,,,
standard,SHINE WINDOW WASHING,5208206831,unknown,561720,TUCSON,AZ,official_business_licenses,,,,
standard,Y & H COMPANY,5202468685,unknown,561720,TUCSON,AZ,official_business_licenses,,,,
standard,BARRAZA CLEANING COMPANY,5204833522,unknown,561720,CASA GRANDE,AZ,official_business_licenses,,,,
standard,HOODZ,4802646344,unknown,561720,SCOTTSDALE,AZ,official_business_licenses,,,,
standard,AMTZ CLEANING SERVICES,5207040583,unknown,561720,TUCSON,AZ,official_business_licenses,,,,
standard,APRILS CLEANING,5202782281,unknown,561720,TUCSON,AZ,official_business_licenses,,,,
standard,A TO Z BUILDING MAINTENANCE & JANITORIAL,5209079241,unknown,561720,TUCSON,AZ,official_business_licenses,,,,
standard,ARIZONA WINDOW CARE,5202501231,unknown,561720,TUCSON,AZ,official_business_licenses,,,,
standard,DANOS WINDOW CLEANING,5206311344,unknown,561720,TUCSON,AZ,official_business_licenses,,,,
standard,D & V CLEANING SERVICES,5205517655,unknown,561720,TUCSON,AZ,official_business_licenses,,,,
standard,DMPB CLEANING SERVICE,5203026861,unknown,561720,TUCSON,AZ,official_business_licenses,,,,
standard,BRILLO CLEAN,5208082194,unknown,561720,TUCSON,AZ,official_business_licenses,,,,
standard,LITTLE LOTUS LLC,5203609676,unknown,561720,TUCSON,AZ,official_business_licenses,,,,
standard,ANAI CLEANER,5203078863,unknown,561720,TUCSON,AZ,official_business_licenses,,,,
standard,GREGORY LLOYD INC,5203087170,unknown,561720,TUCSON,AZ,official_business_licenses,,,,
standard,M ROBLES & SONS ENTERPRISES LLC,5202484918,unknown,561720,TUCSON,AZ,official_business_licenses,,,,
standard,HS CLEANING,6028815727,unknown,561720,TUCSON,AZ,official_business_licenses,,,,
standard,LET'S CLEAN 4 U,5204098267,unknown,561720,TUCSON,AZ,official_business_licenses,,,,
standard,HERRERA SERVICES,5203891373,unknown,561720,TUCSON,AZ,official_business_licenses,,,,
standard,OLMOS CUSTODIAL SERVICES,5204067979,unknown,561720,TUCSON,AZ,official_business_licenses,,,,
standard,ARIELS GENERAL MAINTENANCE,5205857962,unknown,561720,TUCSON,AZ,official_business_licenses,,,,
standard,IM CLASSIC CLEANING SERVICE,5202691953,unknown,561720,TUCSON,AZ,official_business_licenses,,,,
standard,R&G'S CONST CLEAN-UPS & JANITORIAL,5208679053,unknown,561720,TUCSON,AZ,official_business_licenses,,,,
standard,VALAMI CLEANING,5203021786,unknown,561720,TUCSON,AZ,official_business_licenses,,,,
standard,ZONA CLEANING SYSTEMS LLC,5205516736,unknown,561720,TUCSON,AZ,official_business_licenses,,,,
standard,ARTE CLEAN LLC,4808862790,unknown,561720,TUCSON,AZ,official_business_licenses,,,,
standard,TRUE SHINE,5205014818,unknown,561720,TUCSON,AZ,official_business_licenses,,,,
standard,RODEO CLEANING SERVICES,5206394764,unknown,561720,TUCSON,AZ,official_business_licenses,,,,
standard,Y & E CLEANING SERVICES LLC,5202484873,unknown,561720,TUCSON,AZ,official_business_licenses,,,,
standard,ANA'S VIP CLEANING,5207195494,unknown,561720,TUCSON,AZ,official_business_licenses,,,,
standard,FRESH START CLEANERS,5203286512,unknown,561720,TUCSON,AZ,official_business_licenses,,,,
standard,TUCSON'S FINEST CLEANERS,5205284192,unknown,561720,TUCSON,AZ,official_business_licenses,,,,
standard,ELIDA'S CLEANING SERVICE,5203990975,unknown,561720,GREEN VALLEY,AZ,official_business_licenses,,,,
standard,ARIZONA EXCLUSIVE SANITATION SERVICES,5203300762,unknown,561720,MARANA,AZ,official_business_licenses,,,,
standard,CATALINA WINDOW CLEANING LLC,5206615831,unknown,561720,MARANA,AZ,official_business_licenses,,,,
standard,ABBIES CLEANING LLC,9282401947,unknown,561720,TUCSON,AZ,official_business_licenses,,,,
standard,ELLIOT'S CLEANING SERVICE,5204496148,unknown,561720,MARANA,AZ,official_business_licenses,,,,
standard,2319 SOLLUTIONS LLC,5203147440,unknown,561720,TUCSON,AZ,official_business_licenses,,,,
standard,CLEANING CIRCLE LLC,5208691082,unknown,561720,TUCSON,AZ,official_business_licenses,,,,
standard,CMR CLEANING SERVICES LLC,5203055112,unknown,561720,TUCSON,AZ,official_business_licenses,,,,
standard,ADVANCED PRO-CLEAN,5203315595,unknown,561720,TUCSON,AZ,official_business_licenses,,,,
standard,"DAC FLOORS & MORE, LLC",5204442333,unknown,561720,TUCSON,AZ,official_business_licenses,,,,
standard,OASIS CLEANING SERVICE,5208696652,unknown,561720,TUCSON,AZ,official_business_licenses,,,,
standard,DEBRA A BARRY,5207475341,unknown,561720,TUCSON,AZ,official_business_licenses,,,,
standard,MRS CLEAN,5203019591,unknown,561720,TUCSON,AZ,official_business_licenses,,,,
standard,MANDO'S CLEANING,5203398616,unknown,561720,TUCSON,AZ,official_business_licenses,,,,
standard,ERICKSON'S CLEANING,5202048433,unknown,561720,TUCSON,AZ,official_business_licenses,,,,
standard,REO CLEAN UP,5204294407,unknown,561720,TUCSON,AZ,official_business_licenses,,,,
standard,S&T CLEANING AND RESTORATION,5205199895,unknown,561720,TUCSON,AZ,official_business_licenses,,,,
standard,FLAT RATE MAIDS,5203583434,unknown,561720,TUCSON,AZ,official_business_licenses,,,,
standard,PARAGON HOUSE CLEANING LLC,5203337299,unknown,561720,TUCSON,AZ,official_business_licenses,,,,
standard,HUEN CLEANING LLC,5203120923,unknown,561720,TUCSON,AZ,official_business_licenses,,,,
standard,REBECA HOUSEKEPING,5206128360,unknown,561720,TUCSON,AZ,official_business_licenses,,,,
standard,STRONG ARM CLEANING CO,5207804591,unknown,561720,TUCSON,AZ,official_business_licenses,,,,
standard,SAFI ORINOCO CLEAN,5207195916,unknown,561720,TUCSON,AZ,official_business_licenses,,,,
standard,VERO'S CLEANING SERVICE,5209904785,unknown,561720,TUCSON,AZ,official_business_licenses,,,,
standard,MARIA'S CLEANING & ORGANIZATION LLC,5202278063,unknown,561720,TUCSON,AZ,official_business_licenses,,,,
standard,HD CLEANING SERVICE,5207806251,unknown,561720,GREEN VALLEY,AZ,official_business_licenses,,,,
standard,A TOP 2 BOTTOM CLEANING,5202751885,unknown,561720,NACO,AZ,official_business_licenses,,,,
standard,ALBA QUIJADA,5204751741,unknown,561720,TUCSON,AZ,official_business_licenses,,,,
standard,A + E HOME CLEANING,5209049592,unknown,561720,TUCSON,AZ,official_business_licenses,,,,
standard,A & A PRIME SOLUTIONS LLC,5209548223,unknown,561720,TUCSON,AZ,official_business_licenses,,,,
standard,AALYS LUMINOUS SOLUTIONS,5207290942,unknown,561720,TUCSON,AZ,official_business_licenses,,,,
standard,ADA'S CLEANING,5206784085,unknown,561720,TUCSON,AZ,official_business_licenses,,,,
standard,DESERT SHINE,5204063240,unknown,561720,TUCSON,AZ,official_business_licenses,,,,
standard,TIPTOP CLEAN TEAM LLC,5203100208,unknown,561720,TUCSON,AZ,official_business_licenses,,,,
standard,DESIRED CLEANING SERVICES,5203127330,unknown,561720,TUCSON,AZ,official_business_licenses,,,,
standard,MIRAMONTES SERVICES,5206129548,unknown,561720,TUCSON,AZ,official_business_licenses,,,,
standard,D&F CLEANING,5207301864,unknown,561720,TUCSON,AZ,official_business_licenses,,,,
standard,GR CONSTRUCTION CLEANING LLC,5208158194,unknown,561720,TUCSON,AZ,official_business_licenses,,,,
standard,NO WORRIES CLEANING SERVICES,5209717817,unknown,561720,TUCSON,AZ,official_business_licenses,,,,
standard,CLAUDIA'S CLEANING DELUXE LLC,5203598103,unknown,561720,TUCSON,AZ,official_business_licenses,,,,
standard,NW TUCSON CLEANING SERVICE,5204313328,unknown,561720,TUCSON,AZ,official_business_licenses,,,,
standard,JANI WORKS C & D,5202259001,unknown,561720,TUCSON,AZ,official_business_licenses,,,,
standard,EVERYLILDETAIL CLEANING & MORE,5205518661,unknown,561720,TUCSON,AZ,official_business_licenses,,,,
standard,APEX CLEANING,5208952120,unknown,561720,TUCSON,AZ,official_business_licenses,,,,
standard,EBENEZER CLEANING,5209121131,unknown,561720,TUCSON,AZ,official_business_licenses,,,,
standard,JANIMAN CLEANING SERIVCES INC,5202034375,unknown,561720,TUCSON,AZ,official_business_licenses,,,,
standard,PERFECTION CLEANING SERVICES LLC,5202723994,unknown,561720,TUCSON,AZ,official_business_licenses,,,,
standard,HANS DEEP CLEANING SERVICES,5202483526,unknown,561720,TUCSON,AZ,official_business_licenses,,,,
standard,COMPLETE CUSTODIANS,5209829934,unknown,561720,TUCSON,AZ,official_business_licenses,,,,
standard,KENUSA PROFESSIONAL CLEANING SERVICES LL,5203318886,unknown,561720,TUCSON,AZ,official_business_licenses,,,,
standard,SONORAN SHINE CLEANING,5204376394,unknown,561720,TUCSON,AZ,official_business_licenses,,,,
standard,PUROCLEAN OF NORTHEAST TUCSON,5206146534,unknown,561720,TUCSON,AZ,official_business_licenses,,,,
standard,S & S AZ CLEANING SERVICES,5207043919,unknown,561720,TUCSON,AZ,official_business_licenses,,,,
standard,SC SERENITY CLEANING,5208209271,unknown,561720,TUCSON,AZ,official_business_licenses,,,,
standard,RAMOS CLEANING,5209409402,unknown,561720,TUCSON,AZ,official_business_licenses,,,,
standard,VALEN-PRO CLEANING SERVICE,5204969474,unknown,561720,TUCSON,AZ,official_business_licenses,,,,
standard,SISTERS CLEANING,5208912441,unknown,561720,TUCSON,AZ,official_business_licenses,,,,
standard,R & S CLEAN SERVICES,5204557168,unknown,561720,TUCSON,AZ,official_business_licenses,,,,
standard,VITALIA'S CLEANING,5204751819,unknown,561720,RIO RICO,AZ,official_business_licenses,,,,
standard,SCRUB KING CLEANING SERVICE INC,5207471244,unknown,561720,TUCSON,AZ,official_business_licenses,,,,
standard,STUNNING BUBBLE JANITORIAL & SANITATION,5203890674,unknown,561720,TUCSON,AZ,official_business_licenses,,,,
standard,PUREVIBE SOLUTIONS LLC,5206099247,unknown,561720,TUCSON,AZ,official_business_licenses,,,,
standard,AGUILAR'S GENERAL SERVICES LLC,5202891598,unknown,561720,TUCSON,AZ,official_business_licenses,,,,
standard,UNLIMITED CLEANING SERVICES LLC,5205658803,unknown,561720,SAHUARITA,AZ,official_business_licenses,,,,
standard,C & M CLEANING SERVICES,4806620596,unknown,561720,TUCSON,AZ,official_business_licenses,,,,
standard,BELLES HOME SERVICES,5209770154,unknown,561720,TUCSON,AZ,official_business_licenses,,,,
standard,PRIMAVERA CLEANING AND MAINTENANCE CORP,5209714446,unknown,561720,TUCSON,AZ,official_business_licenses,,,,
standard,HONEY BEE CLEANING,5209714694,unknown,561720,TUCSON,AZ,official_business_licenses,,,,
standard,IRA'S CLEANING SERVICES,5208083561,unknown,561720,TUCSON,AZ,official_business_licenses,,,,
standard,CLEANING BEES SERVICES,5202222699,unknown,561720,TUCSON,AZ,official_business_licenses,,,,
standard,GAE CLEANING SERVICES,5202783709,unknown,561720,TUCSON,AZ,official_business_licenses,,,,
standard,HAPPY HOME HOMECARE,5206334873,unknown,561720,TUCSON,AZ,official_business_licenses,,,,
standard,"CLEAN, NEAT AND TIDY",5204097891,unknown,561720,TUCSON,AZ,official_business_licenses,,,,
standard,HIGH CLASS CLEANING LLC,5208093540,unknown,561720,TUCSON,AZ,official_business_licenses,,,,
standard,CJS CARLOS JANITORIAL SERVICE,5208895192,unknown,561720,TUCSON,AZ,official_business_licenses,,,,
standard,JANI-KING OF TUCSON,5207456555,unknown,561720,TUCSON,AZ,official_business_licenses,,,,
standard,THE CLEAN IMAGE,5204008262,unknown,561720,TUCSON,AZ,official_business_licenses,,,,
standard,REALCA CLEANING,5205517056,unknown,561720,TUCSON,AZ,official_business_licenses,,,,
standard,MEL STOW CLEANING SERVICES LLC,4127280969,unknown,561720,TUCSON,AZ,official_business_licenses,,,,
standard,JARED'S CLEANUP SERVICE,5204818553,unknown,561720,VAIL,AZ,official_business_licenses,,,,
standard,PRISTINE HOUSEKEEPING AND MAID SERVICES,5204096615,unknown,561720,TUCSON,AZ,official_business_licenses,,,,
standard,JCS CO.,5203125395,unknown,561720,TUCSON,AZ,official_business_licenses,,,,
standard,THE CLEAN SQUAD LLC,5209075951,unknown,561720,TUCSON,AZ,official_business_licenses,,,,
standard,VALENCIA PRO-CLEANING,5208083998,unknown,561720,TUCSON,AZ,official_business_licenses,,,,
standard,PROCLEANERS,5204656230,unknown,561720,TUCSON,AZ,official_business_licenses,,,,
standard,ALL CITY CLEANING SOLUTIONS LLC,5207713156,unknown,561720,TUCSON,AZ,official_business_licenses,,,,
standard,PALMER PROFESSIONAL SERVICES,5202521355,unknown,561720,SAHUARITA,AZ,official_business_licenses,,,,
standard,DEPENDABLE CLEANING SERVICES,5205897827,unknown,561720,TUCSON,AZ,official_business_licenses,,,,
standard,R AND H CLEANCO LLC,5204614257,unknown,561720,SAHUARITA,AZ,official_business_licenses,,,,
standard,CLEAN MASTER,5202784104,unknown,561720,TUCSON,AZ,official_business_licenses,,,,
standard,ANA'S MAINTENANCE,5203298928,unknown,561720,TUCSON,AZ,official_business_licenses,,,,
standard,LA LOMA VIEW LANDSCAPING,5204066410,unknown,561720,TUCSON,AZ,official_business_licenses,,,,
standard,CLEAN AF,5203102589,unknown,561720,TUCSON,AZ,official_business_licenses,,,,
standard,"J&B JANITORIAL SERVICE, LLC",5202625440,unknown,561720,TUCSON,AZ,official_business_licenses,,,,
standard,CURTIS CLEANING SERVICES,5208084928,unknown,561720,TUCSON,AZ,official_business_licenses,,,,
standard,COWGIRL CLEANUP COMPANY,5207712505,unknown,561720,TUCSON,AZ,official_business_licenses,,,,
standard,DIGGINS CLEANING SERVICES,5208611152,unknown,561720,TUCSON,AZ,official_business_licenses,,,,
standard,DESERT FOZX CLEANING,5204014207,unknown,561720,TUCSON,AZ,official_business_licenses,,,,
standard,ROYAL CASTLE CLEANING SERVICE LLC,5203347501,unknown,561720,TUCSON,AZ,official_business_licenses,,,,
standard,D'S BEES CLEANING,5206358079,unknown,561720,TUCSON,AZ,official_business_licenses,,,,
standard,MELENDREZ CLEANING SERVICES,5206683173,unknown,561720,TUCSON,AZ,official_business_licenses,,,,
standard,HAPPY ENDING CLEANING SPECIALIST LLC,5203586900,unknown,561720,TUCSON,AZ,official_business_licenses,,,,
standard,MODEST AND HONEST CLEANING,6024810923,unknown,561720,TUCSON,AZ,official_business_licenses,,,,
standard,CLEANUP SOLUTIONS,5203099658,unknown,561720,TUCSON,AZ,official_business_licenses,,,,
standard,MIRACLEANING AZ LLC,5202734276,unknown,561720,TUCSON,AZ,official_business_licenses,,,,
standard,SKY VIEW CLEANING SERVICES,5204061786,unknown,561720,TUCSON,AZ,official_business_licenses,,,,
standard,JC & RV CLEANING SERVICES,5202837926,unknown,561720,TUCSON,AZ,official_business_licenses,,,,
standard,CATHY VELAZQUEZ CLEANING,5203869699,unknown,561720,MAMMOTH,AZ,official_business_licenses,,,,
standard,RIGHT CHOICE CLEANING COMPANY LLC,5204778788,unknown,561720,TUCSON,AZ,official_business_licenses,,,,
standard,MERCHANT'S SERVICES LLC,5203075808,unknown,561720,TUCSON,AZ,official_business_licenses,,,,
standard,PERFECT CLEANING SERVICES,5203136057,unknown,561720,TUCSON,AZ,official_business_licenses,,,,
standard,THE BIG PICTURE,5209042883,unknown,561720,TUCSON,AZ,official_business_licenses,,,,
standard,SWEEP DREAM CLEANING,5204862554,unknown,561720,TUCSON,AZ,official_business_licenses,,,,
standard,PALM VALLEY JANITORIAL,6027488651,unknown,561720,GOODYEAR,AZ,official_business_licenses,,,,
standard,AMICK LLC,5202032150,unknown,561720,GREEN VALLEY,AZ,official_business_licenses,,,,
standard,DETAIL CLEANING SERVICES LLC,5209811445,unknown,561720,TUCSON,AZ,official_business_licenses,,,,
standard,ELITE CLEANING SERVICES,5204958175,unknown,561720,TUCSON,AZ,official_business_licenses,,,,
standard,CLEAN SPACE CLEANING SERVICES,6026167998,unknown,561720,TUCSON,AZ,official_business_licenses,,,,
standard,MANUEL ENCINAS,5202784634,unknown,561720,TUCSON,AZ,official_business_licenses,,,,
standard,GREEN MACHINE CLEANING,5209122235,unknown,561720,TUCSON,AZ,official_business_licenses,,,,
standard,JM WINDOW CLEANING,5209714365,unknown,561720,TUCSON,AZ,official_business_licenses,,,,
standard,DREAMING CLEANING AND MORE,5204997250,unknown,561720,TUCSON,AZ,official_business_licenses,,,,
standard,ABETTER CONSTRUCTION CLEANING LLC,5204406344,unknown,561720,MARANA,AZ,official_business_licenses,,,,
standard,TIDY TURTLES LLC,5205999989,unknown,561720,TUCSON,AZ,official_business_licenses,,,,
standard,MINDFUL SPACES,5209991851,unknown,561720,TUCSON,AZ,official_business_licenses,,,,
standard,FAITH & OHANA CLEANING SERVICES,8084258094,unknown,561720,TUCSON,AZ,official_business_licenses,,,,
standard,MICHELLE PD ANDREWS,5203381821,unknown,561720,TUCSON,AZ,official_business_licenses,,,,
standard,MARY'S CLEANING SERVICE,5208488887,unknown,561720,TUCSON,AZ,official_business_licenses,,,,
standard,SUNSHINE CLEANING RESIDENTIAL,5209893457,unknown,561720,TUCSON,AZ,official_business_licenses,,,,
standard,LUXE SHINE CLEANING SERVICES LLC,5202481812,unknown,561720,TUCSON,AZ,official_business_licenses,,,,
standard,LA SISTER HOUSE AND GENERAL CLEANING,5203662316,unknown,561720,SIERRA VISTA,AZ,official_business_licenses,,,,
standard,SERVICEMASTER COMMERCIAL CLEANING SERVIC,5203067672,unknown,561720,TUCSON,AZ,official_business_licenses,,,,
standard,THARIN FAMILY ENTERPRISES,5202904770,unknown,561720,TUCSON,AZ,official_business_licenses,,,,
standard,BORDERPRO AN INTERNATIONAL LOGISTICS COMPANY,5202879417,unknown,561720,NOGALES,AZ,official_business_licenses,,,,
standard,TRUELOVE WINDOW CLEANING,5204657195,unknown,561720,SAHUARITA,AZ,official_business_licenses,,,,
standard,CLEANER APPROACH,5203324929,unknown,561720,TUCSON,AZ,official_business_licenses,,,,
standard,GNE HOME SERVICES,9565161579,unknown,561720,TUCSON,AZ,official_business_licenses,,,,
standard,COMMONSENSE CLEANING SERVICE,5207959727,unknown,561720,TUCSON,AZ,official_business_licenses,,,,
standard,GC CLEANING,5203363324,unknown,561720,TUCSON,AZ,official_business_licenses,,,,
standard,FRESH START CLEANERS,5202406037,unknown,561720,TUCSON,AZ,official_business_licenses,,,,
standard,1ST CHOICE COMMERCIAL CLEANING,5202402917,unknown,561720,TUCSON,AZ,official_business_licenses,,,,
standard,MENGA CLEANING,5206001498,unknown,561720,TUCSON,AZ,official_business_licenses,,,,
standard,FLASH GUYS AM CLEANING & SERVICES,5209990199,unknown,561720,TUCSON,AZ,official_business_licenses,,,,
standard,FLOR A MARTINEZ,5209074705,unknown,561720,TUCSON,AZ,official_business_licenses,,,,
standard,CALLAHAN CLEANING,5204486169,unknown,561720,TUCSON,AZ,official_business_licenses,,,,
standard,MICHELLE'S COMPLETE CLEANING,5204488044,unknown,561720,TUCSON,AZ,official_business_licenses,,,,
standard,M&J JANITORIAL CLEAN,5209891767,unknown,561720,TUCSON,AZ,official_business_licenses,,,,
standard,SIDEWINDER JANITORIAL SERVICES LLC,5204400670,unknown,561720,TUCSON,AZ,official_business_licenses,,,,
standard,ZM CLEANING SERVICES LLC,5209881788,unknown,561720,TUCSON,AZ,official_business_licenses,,,,
standard,HERNANDEZ FAMILY CLEANING,5209128341,unknown,561720,TUCSON,AZ,official_business_licenses,,,,
standard,CLARK'S PREMIUM CLEANING,5209060961,unknown,561720,MAMMOTH,AZ,official_business_licenses,,,,
standard,PAULINA'S CLEANING,5202039639,unknown,561720,TUCSON,AZ,official_business_licenses,,,,
standard,PERFECT CLEANING RESIDENTIAL & COMMERCIAL,5203061213,unknown,561720,TUCSON,AZ,official_business_licenses,,,,
standard,THE WEED LADY & WHATNOT,5209129902,unknown,561720,TUCSON,AZ,official_business_licenses,,,,
standard,TUCSON GRILL CLEANING LLC,5202457967,unknown,561720,TUCSON,AZ,official_business_licenses,,,,
standard,NAGOYA TECHNICAL SERVICES LLC,5209717413,unknown,561720,TUCSON,AZ,official_business_licenses,,,,
standard,ARIZONA TURF MASTERS,6029968873,unknown,561720,PHOENIX,AZ,official_business_licenses,,,,
standard,KITCHEN GUARD PHOENIX,4803401404,unknown,561720,PHOENIX,AZ,official_business_licenses,,,,
standard,HARMONY CLEANING COMPANY,5203122707,unknown,561720,MARANA,AZ,official_business_licenses,,,,
standard,NIDIA'S CLEANING SERVICES LLC,5203429084,unknown,561720,SAHUARITA,AZ,official_business_licenses,,,,
standard,BRE JANITORIAL SERVICES,5203052714,unknown,561720,TUCSON,AZ,official_business_licenses,,,,
standard,CANYON CLEANING,5209087032,unknown,561720,TUCSON,AZ,official_business_licenses,,,,
standard,DM CHEE CLEANING SERVICES,5209095035,unknown,561720,TUCSON,AZ,official_business_licenses,,,,
standard,BLUE PYRAMID LLC,5203042428,unknown,561720,TUCSON,AZ,official_business_licenses,,,,
standard,ECO TRANSIT SERVICES LLC,5202477770,unknown,561720,TUCSON,AZ,official_business_licenses,,,,
standard,JC FLOOR CLEANING,5203366662,unknown,561720,TUCSON,AZ,official_business_licenses,,,,
standard,EL MAR DE EDITH CLEANING SERVICE,5204813092,unknown,561720,TUCSON,AZ,official_business_licenses,,,,
standard,JOKER'S CLEANING & MAINTENANCE SERVICES,5205995093,unknown,561720,TUCSON,AZ,official_business_licenses,,,,
standard,E & J CLEANING SERVICES,5203289091,unknown,561720,TUCSON,AZ,official_business_licenses,,,,
standard,AZ DELUXE,5203096621,unknown,561720,TUCSON,AZ,official_business_licenses,,,,
standard,CATA THE CLEANING LADY,5203901672,unknown,561720,TUCSON,AZ,official_business_licenses,,,,
standard,ALBITA'S CLEANING SERVICES,5204516953,unknown,561720,TUCSON,AZ,official_business_licenses,,,,
standard,SOUTHWEST CLEANING,5205511786,unknown,561720,TUCSON,AZ,official_business_licenses,,,,
standard,ALEXA'S CLEANER,5203891509,unknown,561720,TUCSON,AZ,official_business_licenses,,,,
standard,MERRY MAIDS 1511,5206331920,unknown,561720,TUCSON,AZ,official_business_licenses,,,,
standard,EL REY CLEANING SERVICES,5202722246,unknown,561720,VAIL,AZ,official_business_licenses,,,,
standard,YIYIS HOUSEKEEPING,5204511687,unknown,561720,TUCSON,AZ,official_business_licenses,,,,
standard,T&B CLEANING SERVICE,5204401391,unknown,561720,TUCSON,AZ,official_business_licenses,,,,
standard,ROSARIO'S CLEANING SERVICE,5203129142,unknown,561720,TUCSON,AZ,official_business_licenses,,,,
standard,YKR AGUIRRE LLC,5204481470,unknown,561720,TUCSON,AZ,official_business_licenses,,,,
standard,SAL'S CLEANING SERVICES,5206615580,unknown,561720,TUCSON,AZ,official_business_licenses,,,,
standard,CLEANING PROFESSIONALS OF ARIZONA,5208673349,unknown,561720,TUCSON,AZ,official_business_licenses,,,,
standard,FRANK'S RESIDENTIAL & CLEANING SERVICE,5202784992,unknown,561720,TUCSON,AZ,official_business_licenses,,,,
standard,H & F CLEANING SERVICES,5205085788,unknown,561720,PIRTLEVILLE,AZ,official_business_licenses,,,,
standard,EB MAINTENANCE SOLUTIONS LLC,5203137628,unknown,561720,NOGALES,AZ,official_business_licenses,,,,
standard,ONE STOP PROS,5204493734,unknown,561720,GREEN VALLEY,AZ,official_business_licenses,,,,
standard,OPTIMUM BUILDING SERVICES,5204487291,unknown,561720,TUCSON,AZ,official_business_licenses,,,,
standard,ARIZONA CLEAN TOUCH LLC,5202722102,unknown,561720,TUCSON,AZ,official_business_licenses,,,,
standard,SPOTLESS,5204610169,unknown,561720,TUCSON,AZ,official_business_licenses,,,,
standard,SPIC AND SPAN CLEANING,5203101242,unknown,561720,TUCSON,AZ,official_business_licenses,,,,
standard,CORONET CLEANS,5203137655,unknown,561720,TUCSON,AZ,official_business_licenses,,,,
standard,ALDEN CLEANING SERVICES,5204001862,unknown,561720,TUCSON,AZ,official_business_licenses,,,,
standard,HAYDEE GONZALEZ,5204064715,unknown,561720,TUCSON,AZ,official_business_licenses,,,,
standard,GLEAMING SPACES,5204749198,unknown,561720,TUCSON,AZ,official_business_licenses,,,,
standard,MAGIC TOUCH CLEANING SERVICE,5203340720,unknown,561720,TUCSON,AZ,official_business_licenses,,,,
standard,AZ WINDOW CLEANING CREW,5208701385,unknown,561720,TUCCSON,AZ,official_business_licenses,,,,
standard,ARACELY'S PERFECT CLEANERS,5207599514,unknown,561720,TUCSON,AZ,official_business_licenses,,,,
standard,GIRL FRIDAY HOUSEKEEPING,5204060774,unknown,561720,TUCSON,AZ,official_business_licenses,,,,
standard,CANDY'S CLEANING & CO-HOSTING,5209995591,unknown,561720,TUCSON,AZ,official_business_licenses,,,,
standard,MARENCO'S SERVICES,5205489217,unknown,561720,TUCSON,AZ,official_business_licenses,,,,
standard,ORO VALLEY CLEANERS,5203308492,unknown,561720,TUCSON,AZ,official_business_licenses,,,,
standard,S'IL VOUS PLAIT,5207493630,unknown,561720,TUCSON,AZ,official_business_licenses,,,,
standard,JC PROFESSIONAL SERVICES OF AZ LLC,5209888260,unknown,561720,TUCSON,AZ,official_business_licenses,,,,
standard,DUSTYS WHITE GLOVE CLEANING SERVICE,5205852293,unknown,561720,TUCSON,AZ,official_business_licenses,,,,
standard,THE WINDOW WASHER,8086514775,unknown,561720,TUCSON,AZ,official_business_licenses,,,,
standard,MISSION: ORGANIZING & CLEANING,5205783239,unknown,561720,TUCSON,AZ,official_business_licenses,,,,
standard,NEXT LEVEL WASHES,5202559317,unknown,561720,VAIL,AZ,official_business_licenses,,,,
standard,ON CALL HOUSE CLEANING & ERRAND  SERVICE,5203606894,unknown,561720,TUCSON,AZ,official_business_licenses,,,,
standard,SAHMA PRESSURE WASHING,5203023988,unknown,561720,TUCSON,AZ,official_business_licenses,,,,
standard,L & R CLEANING,5203891494,unknown,561720,TUCSON,AZ,official_business_licenses,,,,
standard,MATUS CLEANING SERVICES,5206332184,unknown,561720,TUCSON,AZ,official_business_licenses,,,,
standard,ROSA'S HOUSE CLEANING,5203739290,unknown,561720,TUCSON,AZ,official_business_licenses,,,,
standard,POPE'S EAGLE EYE PROFESSIONAL SERVICES,5204051889,unknown,561720,TUCSON,AZ,official_business_licenses,,,,
standard,THE CLEAN SOLUTION,5203969712,unknown,561720,Tucson,AZ,official_business_licenses,,,,
standard,PRIORITY ONE COMMERCIAL & RESIDENTIAL SV,5208089487,unknown,561720,PHOENIX,AZ,official_business_licenses,,,,
standard,DAY NIGHT MS,5209120722,unknown,561720,TUCSON,AZ,official_business_licenses,,,,
standard,AMY'S PROFESSIONAL CLEANING SERVICE,5203048809,unknown,561720,TUCSON,AZ,official_business_licenses,,,,
standard,JAN-PRO FRANCHISE DEVELOPMENT OF TUCSON,5208859600,unknown,561720,TUCSON,AZ,official_business_licenses,,,,
standard,SOUTHERN ARIZONA CLEANING & SUPPLY,5204954097,unknown,561720,TUCSON,AZ,official_business_licenses,,,,
standard,ADVANCED PRO,6028041888,unknown,561720,TUCSON,AZ,official_business_licenses,,,,
standard,AGUA PROPERTY SOLUTIONS,5206511971,unknown,561720,TUCSON,AZ,official_business_licenses,,,,
standard,DAVID AND DENISSE CLEANING COMPANY,5208076496,unknown,561720,TUCSON,AZ,official_business_licenses,,,,
standard,M & A CLEANING SERVICES,5202705207,unknown,561720,TUCSON,AZ,official_business_licenses,,,,
standard,SOTOS CLEANING SOLUTIONS LLC,5202828849,unknown,561720,TUCSON,AZ,official_business_licenses,,,,
standard,T & M JANITORIAL SERVICES,5209129609,unknown,561720,TUCSON,AZ,official_business_licenses,,,,
standard,DESERT CLEAN,5207478700,unknown,561720,TUCSON,AZ,official_business_licenses,,,,
standard,VALENZUELA CLEANING SERVICES,5203709097,unknown,561720,TUCSON,AZ,official_business_licenses,,,,
standard,ANNELISE CLEANING SERVICE,5209710090,unknown,561720,TUCSON,AZ,official_business_licenses,,,,
standard,CLEAN GREEN JANITORIAL LLC,5205787028,unknown,561720,TUCSON,AZ,official_business_licenses,,,,
standard,JAB CLEANING & LANDSCAPING,5209810019,unknown,561720,TUCSON,AZ,official_business_licenses,,,,
standard,YAVAMH PRESTIGE CLEANING LLC,5202034639,unknown,561720,TUCSON,AZ,official_business_licenses,,,,
standard,VISIBILITY GLASS CLEANER LLC,5203018204,unknown,561720,TUCSON,AZ,official_business_licenses,,,,
standard,LOS TORBELLINOS CLEANING SERVICES LLC,5203041268,unknown,561720,TUCSON,AZ,official_business_licenses,,,,
standard,MAIDWELL CLEANING SERVICES,5206685121,unknown,561720,TUCSON,AZ,official_business_licenses,,,,
standard,TOP TO BOTTOM & EVERYTHING IN BETWEEN,5204194213,unknown,561720,TUCSON,AZ,official_business_licenses,,,,
standard,ZACHARY OLSON,5204401419,unknown,561720,TUCSON,AZ,official_business_licenses,,,,
standard,S&G LANDSCAPING,5209548687,unknown,56173,TUCSON,AZ,official_business_licenses,,,,
standard,C&S LANDSCAPING AND TREE SERVICE,5202515421,unknown,561730,FLORENCE,AZ,official_business_licenses,,,,
standard,AGUIRRE LANDSCAPING,5209815625,unknown,561730,TUCSON,AZ,official_business_licenses,,,,
standard,ARIZONA EARTHSCAPES LLC,5207903029,unknown,561730,TUCSON,AZ,official_business_licenses,,,,
standard,BUENA VISTA LANDSCAPING LLC,5209759785,unknown,561730,TUCSON,AZ,official_business_licenses,,,,
standard,K&A TRASH AND LANDSCAPING SERVICES,5204406471,unknown,561730,MARANA,AZ,official_business_licenses,,,,
standard,CLEAN CUT ARBOR CARE TUCSON,5203499532,unknown,561730,TUCSON,AZ,official_business_licenses,,,,
standard,AJ'S FINE SERVICES AZ LLC,5203392005,unknown,561730,TUCSON,AZ,official_business_licenses,,,,
standard,GG GARCIA LANDSCAPING SERVICE,5203046959,unknown,561730,TUCSON,AZ,official_business_licenses,,,,
standard,DESERT SUNSET LANDSCAPING & PROPERTY MAINTENANCE,5208601019,unknown,561730,TUCSON,AZ,official_business_licenses,,,,
standard,BUSHNELL LANDSCAPING,5204041113,unknown,561730,TUCSON,AZ,official_business_licenses,,,,
standard,DUARTES LANDSCAPING,5203122875,unknown,561730,TUCSON,AZ,official_business_licenses,,,,
standard,CLOVIS POOLS,5207977986,unknown,561730,TUCSON,AZ,official_business_licenses,,,,
standard,SUNSET LANDSCAPE & MAINTENANCE,5209075123,unknown,561730,TUCSON,AZ,official_business_licenses,,,,
standard,TURNING LEAVES LANDSCAPE,5202371881,unknown,561730,TUCSON,AZ,official_business_licenses,,,,
standard,M&C LANDSCAPE,5208086980,unknown,561730,TUCSON,AZ,official_business_licenses,,,,
standard,PEREA'S LANDSCAPING,5207197689,unknown,561730,TUCSON,AZ,official_business_licenses,,,,
standard,D&M ENTERPRISES,5206473021,unknown,561730,VAIL,AZ,official_business_licenses,,,,
standard,THREE PINES LANDSCAPE,5204098035,unknown,561730,TUCSON,AZ,official_business_licenses,,,,
standard,PROVO POOL AND LANDSCAPING,5208506405,unknown,561730,TUCSON,AZ,official_business_licenses,,,,
standard,TUZA TU HARDSCAPE,5203323692,unknown,561730,TUCSON,AZ,official_business_licenses,,,,
standard,JR'S HARDSCAPE,5203659001,unknown,561730,TUCSON,AZ,official_business_licenses,,,,
standard,JOSE'S LANDSCAPING MAINTENANCE,5203394714,unknown,561730,TUCSON,AZ,official_business_licenses,,,,
standard,LAS FLORES LANDSCAPING,5202780556,unknown,561730,TUCSON,AZ,official_business_licenses,,,,
standard,ROBERT LANDSCAPING,5203028781,unknown,561730,TUCSON,AZ,official_business_licenses,,,,
standard,A AND J LANDSCAPING,5208915300,unknown,561730,TUCSON,AZ,official_business_licenses,,,,
standard,520 CACTUS MOVERS,5204901791,unknown,561730,MARANA,AZ,official_business_licenses,,,,
standard,4RSERVICES,3608125499,unknown,561730,MARANA,AZ,official_business_licenses,,,,
standard,ARIZONA DESERT BLOOM LANDSCAPE,5206826397,unknown,561730,MARANA,AZ,official_business_licenses,,,,
standard,EDEN GREEN LANDSCAPING INC,5202973751,unknown,561730,TUCSON,AZ,official_business_licenses,,,,
standard,ENRIQUE PANIAGUA,5203429440,unknown,561730,TUCSON,AZ,official_business_licenses,,,,
standard,DESERT STATE LANDSCAPE,5203395704,unknown,561730,SAHUARITA,AZ,official_business_licenses,,,,
standard,POINTS WEST ENVIRONMENTAL,5206961846,unknown,561730,TUCSON,AZ,official_business_licenses,,,,
standard,PKI LANDSCAPE WORKERS,5208086906,unknown,561730,TUCSON,AZ,official_business_licenses,,,,
standard,JORGE MARTIN ARVIZU LANDSCAPING,5208841201,unknown,561730,TUCSON,AZ,official_business_licenses,,,,
standard,3R TUCSON LANDSCAPING LLC,5205799616,unknown,561730,TUCSON,AZ,official_business_licenses,,,,
standard,GREEN LEAF SOLUTIONS,5207456031,unknown,561730,TUCSON,AZ,official_business_licenses,,,,
standard,MARTINEZ HARDSCAPING,5205430503,unknown,561730,TUCSON,AZ,official_business_licenses,,,,
standard,LUIS A RIVERA LUNA,5205956797,unknown,561730,TUCSON,AZ,official_business_licenses,,,,
standard,LUNA'S LANDSCAPING,5203584949,unknown,561730,TUCSON,AZ,official_business_licenses,,,,
standard,AZ YARD TECH,5203493874,unknown,561730,TUCSON,AZ,official_business_licenses,,,,
standard,F L ARIZONA PRO LANDSCAPING,5202897508,unknown,561730,TUCSON,AZ,official_business_licenses,,,,
standard,MAURICIO SANDOVAL LANDSCAPING,5203905896,unknown,561730,TUCSON,AZ,official_business_licenses,,,,
standard,LEO LANDSCAPING,5205619988,unknown,561730,PIMA COUNTY,AZ,official_business_licenses,,,,
standard,MCGUIRE'S LANDSCAPE MAINTENANCE,5202756613,unknown,561730,TUCSON,AZ,official_business_licenses,,,,
standard,MADE IN THE SHADE ENVIRONMENTAL,5203312092,unknown,561730,TUCSON,AZ,official_business_licenses,,,,
standard,GRIFFIN'S TRAUMA SCENE CLEANUP,5204444999,unknown,561730,VAIL,AZ,official_business_licenses,,,,
standard,LUJAN'S HAULING & SERVICES,4326409513,unknown,561730,TUCSON,AZ,official_business_licenses,,,,
standard,MARTINEZ AFFORDABLE LANDSCAPING,5203081000,unknown,561730,Tucson,AZ,official_business_licenses,,,,
standard,MUNDO VERDE LANDSCAPING,5205766935,unknown,561730,TUCSON,AZ,official_business_licenses,,,,
standard,LANDMARK LANDSCAPE,5203585818,unknown,561730,TUCSON,AZ,official_business_licenses,,,,
standard,LENSER LANDSCAPING,5208697630,unknown,561730,TUCSON,AZ,official_business_licenses,,,,
standard,CASTLE'S LANDSCAPE SERVICE LLC,5207803438,unknown,561730,TUCSON,AZ,official_business_licenses,,,,
standard,SUNORA LANDSCAPES,5206970541,unknown,561730,TUCSON,AZ,official_business_licenses,,,,
standard,TRANSFORMERS LANDSCAPING,5205601572,unknown,561730,TUCSON,AZ,official_business_licenses,,,,
standard,DESERT SKY LANDSCAPING MAINTENANCE SERV,5204444942,unknown,561730,TUCSON,AZ,official_business_licenses,,,,
standard,EAZZY CARE,5203023115,unknown,561730,TUCSON,AZ,official_business_licenses,,,,
standard,VALENCIA LANDSCAPE & CONSTRUCTION,5205992571,unknown,561730,TUCSON,AZ,official_business_licenses,,,,
standard,PRODUCTIVE PATCHES LLC,7028244399,unknown,561730,TUCSON,AZ,official_business_licenses,,,,
standard,ROMEO TREE SERVICE,5206030143,unknown,561730,TUCSON,AZ,official_business_licenses,,,,
standard,TAMAZULA LANDSCAPING LLC,5204097638,unknown,561730,MARANA,AZ,official_business_licenses,,,,
standard,EL PINITO LANDSCAPING,5202740062,unknown,561730,TUCSON,AZ,official_business_licenses,,,,
standard,EARTHWORKS LANDSCAPING LLC,5202379000,unknown,561730,TUCSON,AZ,official_business_licenses,,,,
standard,ERNIE'S WINDOW CLEANING & YARD MAINTENAN,5209790090,unknown,561730,TUCSON,AZ,official_business_licenses,,,,
standard,DRYLAND DESIGN LLC,5205051281,unknown,561730,TUCSON,AZ,official_business_licenses,,,,
standard,J AND G RASCON LANDSCAPING LLC,5204029890,unknown,561730,TUCSON,AZ,official_business_licenses,,,,
standard,J & J BURROW FILLERS,5203585767,unknown,561730,TUCSON,AZ,official_business_licenses,,,,
standard,SIMPLY CLEAN & GREEN LLC,5202418788,unknown,561730,TUCSON,AZ,official_business_licenses,,,,
standard,ECHOSCAPES INC,5204401229,unknown,561730,TUCSON,AZ,official_business_licenses,,,,
standard,JUAN J BARBA & ASSOCIATES,5209074841,unknown,561730,TUCSON,AZ,official_business_licenses,,,,
standard,SANTANA F LANDSCAPING,5202780437,unknown,561730,TUCSON,AZ,official_business_licenses,,,,
standard,ALL BY THE ROOT,5207831752,unknown,561730,TUCSON,AZ,official_business_licenses,,,,
standard,MEDORIO'S LANDSCAPING,5203383235,unknown,561730,TUCSON,AZ,official_business_licenses,,,,
standard,LITTLE OWL LANDSCAPE MAINTENANCE,5203126890,unknown,561730,TUCSON,AZ,official_business_licenses,,,,
standard,FOOTHILLS VIEW LANDSCAPING LLC,5202723721,unknown,561730,TUCSON,AZ,official_business_licenses,,,,
standard,HONEYBADGER LANDSCAPING,5208661101,unknown,561730,TUCSON,AZ,official_business_licenses,,,,
standard,LANDSCAPING BY J&C,5204704459,unknown,561730,TUCSON,AZ,official_business_licenses,,,,
standard,YELLOW SAGE LANDSCAPE & DESIGN LLC,5203659835,unknown,561730,TUCSON,AZ,official_business_licenses,,,,
standard,MIKAELA'S LANDSCAPING LLC,5204019844,unknown,561730,TUCSON,AZ,official_business_licenses,,,,
standard,HUMMINGBIRD GARDENS LANDSCAPING LLC,5204999688,unknown,561730,SAHUARITA,AZ,official_business_licenses,,,,
standard,ARBOL AZUL,5206394946,unknown,561730,TUCSON,AZ,official_business_licenses,,,,
standard,MONSTROSITY TREE SERVICE LLC,5206258733,unknown,561730,SAHUARITA,AZ,official_business_licenses,,,,
standard,J&J MASONRY LLC,5204332522,unknown,561730,TUCSON,AZ,official_business_licenses,,,,
standard,M&M  LANDSCAPE,5208913883,unknown,561730,TUCSON,AZ,official_business_licenses,,,,
standard,LOS OLIVOS YARD SERVICE,5205912784,unknown,561730,TUCSON,AZ,official_business_licenses,,,,
standard,WILDCAT TREE SERVICES,5202710034,unknown,561730,TUCSON,AZ,official_business_licenses,,,,
standard,DON LUCIO'S LANDSCAPING LLC,5204430621,unknown,561730,TUCSON,AZ,official_business_licenses,,,,
standard,BETTER CALL HAUL,5209913001,unknown,561730,TUCSON,AZ,official_business_licenses,,,,
standard,GEA LANDSCAPES,5204994980,unknown,561730,TUCSON,AZ,official_business_licenses,,,,
standard,DESERT SOL LANDSCAPING,5204009408,unknown,561730,TUCSON,AZ,official_business_licenses,,,,
standard,2REES LANDSCAPING,5202787285,unknown,561730,TUCSON,AZ,official_business_licenses,,,,
standard,JAY LANDSCAPING LLC,5208486607,unknown,561730,TUCSON,AZ,official_business_licenses,,,,
standard,ANGEL'S LANDSCAPE,5204037891,unknown,561730,TUCSON,AZ,official_business_licenses,,,,
standard,SUN & EARTH LANDSCAPING,5208095191,unknown,561730,TUCSON,AZ,official_business_licenses,,,,
standard,WEED TROL OF TUCSON,5202909873,unknown,561730,TUCSON,AZ,official_business_licenses,,,,
standard,XERIC SERVICES LLC,5203270405,unknown,561730,TUCSON,AZ,official_business_licenses,,,,
standard,A & J LANDSCAPING / OTHER SERVICES,5202734964,unknown,561730,TUCSON,AZ,official_business_licenses,,,,
standard,ARACELIS LANDSCAPING,5204058107,unknown,561730,TUCSON,AZ,official_business_licenses,,,,
standard,THE WHATEVERS LANDSCAPING & CLEANING,5203020545,unknown,561730,TUCSON,AZ,official_business_licenses,,,,
standard,ARIZONA EAGLE LANDSCAPING,5205301523,unknown,561730,TUCSON,AZ,official_business_licenses,,,,
standard,AZ LANDSCAPING 33 LLC,5208783869,unknown,561730,TUCSON,AZ,official_business_licenses,,,,
standard,GARDEN TREE LANDSCAPING,5204710204,unknown,561730,TUCSON,AZ,official_business_licenses,,,,
standard,DAVIS LANDSCAPE AND MAINTENANCE,5202456534,unknown,561730,TUCSON,AZ,official_business_licenses,,,,
standard,DGM LANDSCAPING & DESIGN,5203041291,unknown,561730,TUCSON,AZ,official_business_licenses,,,,
standard,DRYHEAT LANDSCAPING,5202566484,unknown,561730,TUCSON,AZ,official_business_licenses,,,,
standard,J & R LANDSCAPING,9562724113,unknown,561730,TUCSON,AZ,official_business_licenses,,,,
standard,TAZ LANDSCAPE LLC,5209003792,unknown,561730,TUCSON,AZ,official_business_licenses,,,,
standard,THE GARDENURSE LLC,5202418356,unknown,561730,TUCSON,AZ,official_business_licenses,,,,
standard,TERRA VERDE DESIGN,5205481478,unknown,561730,TUCSON,AZ,official_business_licenses,,,,
standard,TIERRA SERVICES,5208856086,unknown,561730,TUCSON,AZ,official_business_licenses,,,,
standard,LANDSCAPING UNDER THE DESERT SUN,5208208657,unknown,561730,TUCSON,AZ,official_business_licenses,,,,
standard,GARCIA LANDSCAPING,5204063861,unknown,561730,TUCSON,AZ,official_business_licenses,,,,
standard,LA MISA LANDSCAPING & CONSTRUCTION,5203128410,unknown,561730,TUCSON,AZ,official_business_licenses,,,,
standard,JOSE'S LANDSCAPING,5203043990,unknown,561730,TUCSON,AZ,official_business_licenses,,,,
standard,S&S LANDSCAPING AND MAINTENANCE LLC,5203044003,unknown,561730,TUCSON,AZ,official_business_licenses,,,,
standard,MESQUITE VALLEY TREE & LANDSCAPING SVS L,5203995490,unknown,561730,VAIL,AZ,official_business_licenses,,,,
standard,ROMEROS LANDSCAPING,5206125398,unknown,561730,TUCSON,AZ,official_business_licenses,,,,
standard,THE PEDALING ARBORIST,5209907032,unknown,561730,TUCSON,AZ,official_business_licenses,,,,
standard,TERRENATE LANDSCAPING,5208085121,unknown,561730,TUCSON,AZ,official_business_licenses,,,,
standard,A PROFESSIONAL GRADE LANDSCAPING,5202471838,unknown,561730,TUCSON,AZ,official_business_licenses,,,,
standard,ALUSKY'S,5209794008,unknown,561730,TUCSON,AZ,official_business_licenses,,,,
standard,DELGADOS TREE SERVICES,5207717006,unknown,561730,TUCSON,AZ,official_business_licenses,,,,
standard,DMCI LANDSCAPING,5208091946,unknown,561730,TUCSON,AZ,official_business_licenses,,,,
standard,TIERRA ANTIGUA LANDSCAPING LLC,5202721693,unknown,561730,TUCSON,AZ,official_business_licenses,,,,
standard,LOS GUERO'S LANDSCAPING,5203511647,unknown,561730,TUCSON,AZ,official_business_licenses,,,,
standard,GRUPO HIZA HARDSCAPING,6233741173,unknown,561730,TUCSON,AZ,official_business_licenses,,,,
standard,ROSALES LANDSCAPING,5207831895,unknown,561730,TUCSON,AZ,official_business_licenses,,,,
standard,NAVI-LAND LLC,5202745987,unknown,561730,TUCSON,AZ,official_business_licenses,,,,
standard,VALLEVERDE LANDSCAPING SERVICES,5208509426,unknown,561730,TUCSON,AZ,official_business_licenses,,,,
standard,JZ&R SERVICES,5202222220,unknown,561730,TUCSON,AZ,official_business_licenses,,,,
standard,WILDCAT LANDSCAPING AND MORE,5208094696,unknown,561730,TUCSON,AZ,official_business_licenses,,,,
standard,SAFARI LANDSCAPE MAINTENANCE,5202967576,unknown,561730,TUCSON,AZ,official_business_licenses,,,,
standard,CLEAN CUT LANDSCAPE,5208706838,unknown,561730,PHOENIX,AZ,official_business_licenses,,,,
standard,GREENSCAPE LANDSCAPING LLC,5206619702,unknown,561730,GREEN VALLEY,AZ,official_business_licenses,,,,
standard,C&C SCAPES,5202509988,unknown,561730,MARANA,AZ,official_business_licenses,,,,
standard,4H LANDSCAPING,5208880128,unknown,561730,TUCSON,AZ,official_business_licenses,,,,
standard,DESERT BEE YARD CARE,5205399216,unknown,561730,MARANA,AZ,official_business_licenses,,,,
standard,911 LANDSCAPE,5204450613,unknown,561730,TUCSON,AZ,official_business_licenses,,,,
standard,D & D MAINTENANCE,5203017864,unknown,561730,TUCSON,AZ,official_business_licenses,,,,
standard,AZSUN LANDSCAPE LLC,5205435090,unknown,561730,TUCSON,AZ,official_business_licenses,,,,
standard,MANUEL'S LANDSCAPING,5202736306,unknown,561730,TUCSON,AZ,official_business_licenses,,,,
standard,ALVAREZ & SONS LANDSCAPING,5202727540,unknown,561730,TUCSON,AZ,official_business_licenses,,,,
standard,LAUSCHER LANDSCAPING,5205263027,unknown,561730,TUCSON,AZ,official_business_licenses,,,,
standard,GALLARDO'S COMPLETE,5203046557,unknown,561730,TUCSON,AZ,official_business_licenses,,,,
standard,LOS 3 PINOS LANDSCAPE,5203058441,unknown,561730,TUCSON,AZ,official_business_licenses,,,,
standard,RIVERAS TUCSON LANDSCAPING LLC,5206001005,unknown,561730,TUCSON,AZ,official_business_licenses,,,,
standard,LANDSCAPES BY KORY,5204455355,unknown,561730,TUCSON,AZ,official_business_licenses,,,,
standard,HAACK LANDSCAPING,5202083262,unknown,561730,VAIL,AZ,official_business_licenses,,,,
standard,SAL'S YARD SERVICE,5209822231,unknown,561730,TUCSON,AZ,official_business_licenses,,,,
standard,OUTDOOR WORKS LLC,5203511041,unknown,561730,TUCSON,AZ,official_business_licenses,,,,
standard,RODRIGO E ORTIZ LANDSCAPING,5203493763,unknown,561730,TUCSON,AZ,official_business_licenses,,,,
standard,SOUTHWEST VICTORY GARDENS LLC,5205767085,unknown,561730,TUCSON,AZ,official_business_licenses,,,,
standard,SONORAN SCAPES LANDSCAPING INC,5203267209,unknown,561730,TUCSON,AZ,official_business_licenses,,,,
standard,BULLDOG LANDSCAPING,5203002595,unknown,561730,TUCSON,AZ,official_business_licenses,,,,
standard,AZ GRAND CANYON LANDSCAPING LLC.,5206228167,unknown,561730,TUCSON,AZ,official_business_licenses,,,,
standard,KG LANDSCAPING LLC,5209347495,unknown,561730,TUCSON,AZ,official_business_licenses,,,,
standard,SMART SOLUTIONS PROPERTY MANAGEMENT,5208201973,unknown,561730,TUCSON,AZ,official_business_licenses,,,,
standard,LEGACY TURF CLEANING,5205911701,unknown,561730,TUCSON,AZ,official_business_licenses,,,,
standard,M ANDERSON CONST CORPORATION,5208870823,unknown,561730,TUCSON,AZ,official_business_licenses,,,,
standard,ROBERT W TSELELNTIS,5202323783,unknown,561730,TUCSON,AZ,official_business_licenses,,,,
standard,A&S LANDSCAPING AND PROPERTY MAINT.,5207041828,unknown,561730,TUCSON,AZ,official_business_licenses,,,,
standard,ALL AMERICAN LANDSCAPING COMPANY,5202396784,unknown,561730,TUCSON,AZ,official_business_licenses,,,,
standard,RAYMOND'S LANDSCAPE & TREE SERVICE,5204035950,unknown,561730,TUCSON,AZ,official_business_licenses,,,,
standard,CLAUDIO ESTRADA LANDSCAPING,5206136985,unknown,561730,TUCSON,AZ,official_business_licenses,,,,
standard,RC LANDSCAPING,5204717721,unknown,561730,TUCSON,AZ,official_business_licenses,,,,
standard,GET IT DONE,5209774128,unknown,561730,TUCSON,AZ,official_business_licenses,,,,
standard,RANDY'S CLEAN UP SERVICE,5209540021,unknown,561730,TUCSON,AZ,official_business_licenses,,,,
standard,DESERT EDGE LANDSCAPING & HANDYMAN SERVICES,5202418095,unknown,561730,TUCSON,AZ,official_business_licenses,,,,
standard,PAJAROS LANDSCAPE SERVICE,5202719666,unknown,561730,TUCSON,AZ,official_business_licenses,,,,
standard,ECOSENSE LANDSCAPING LLC,5205757005,unknown,561730,TUCSON,AZ,official_business_licenses,,,,
standard,A RELIABLE GROUNDS KEEPER LLC,5203124580,unknown,561730,TUCSON,AZ,official_business_licenses,,,,
standard,MARCOS LANDSCAPING,5205518976,unknown,561730,TUCSON,AZ,official_business_licenses,,,,
standard,HIGH PRESSURE LANDSCAPING,4808085759,unknown,561730,TUCSON,AZ,official_business_licenses,,,,
standard,JUST US LANDSCAPING,5203329029,unknown,561730,TUCSON,AZ,official_business_licenses,,,,
standard,MONKEY LANDSCAPING,5204455967,unknown,561730,TUCSON,AZ,official_business_licenses,,,,
standard,THE PALMINATORS,5203044296,unknown,561730,TUCSON,AZ,official_business_licenses,,,,
standard,M-G-M'S COMMERCIAL & RESIDENTIAL,5205292942,unknown,561730,TUCSON,AZ,official_business_licenses,,,,
standard,PRIME PATIO BUILDERS,5204709480,unknown,561730,TUCSON,AZ,official_business_licenses,,,,
standard,NICHOLAS TREE REMOVAL SERVICE,5206249663,unknown,561730,TUCSON,AZ,official_business_licenses,,,,
standard,TROPHY LANDSCAPING,5202501094,unknown,561730,CORTARO,AZ,official_business_licenses,,,,
standard,SAFI TIERRA,5204277690,unknown,561730,TUCSON,AZ,official_business_licenses,,,,
standard,CARDENAS LANDSCAPING & CLEANING,5205050107,unknown,561730,TUCSON,AZ,official_business_licenses,,,,
standard,FLORES LANDSCAPING TUC,5203019932,unknown,561730,TUCSON,AZ,official_business_licenses,,,,
standard,LANDSCAPES BY CARLOS,5209044491,unknown,561730,TUCSON,AZ,official_business_licenses,,,,
standard,EXTREME LANDSCAPING,5207040805,unknown,561730,TUCSON,AZ,official_business_licenses,,,,
standard,GRUNDY'S GREEN THUMB LLC,5204002241,unknown,561730,TUCSON,AZ,official_business_licenses,,,,
standard,THE COPPER STANDARD LLC,5204888992,unknown,561730,TUCSON,AZ,official_business_licenses,,,,
standard,HONORABLE COMMITMENTS,5203123926,unknown,561730,TUCSON,AZ,official_business_licenses,,,,
standard,JAR HARDSCAPING,5203081928,unknown,561730,TUCSON,AZ,official_business_licenses,,,,
standard,WAY WEST LANDSCAPE & DESIGN,5209546924,unknown,561730,TUCSON,AZ,official_business_licenses,,,,
standard,DAD'S LAWN CARE,5206126941,unknown,561730,TUCSON,AZ,official_business_licenses,,,,
standard,PIMA LANDSCAPING,5203589356,unknown,561730,TUCSON,AZ,official_business_licenses,,,,
standard,POPPY YARD SOLUTIONS,5209550012,unknown,561730,TUCSON,AZ,official_business_licenses,,,,
standard,DIMALE LANDSCAPING & MORE,5202576782,unknown,561730,TUCSON,AZ,official_business_licenses,,,,
standard,JIM'S HAULING,5204291048,unknown,561730,TUCSON,AZ,official_business_licenses,,,,
standard,ROOT-SYSTEMS LANDSCAPE MAINTANCE,5208081825,unknown,561730,TUCSON,AZ,official_business_licenses,,,,
standard,GROUND CONTROL LANDSCAPE & DESIGN LLC,5209063823,unknown,561730,TUCSON,AZ,official_business_licenses,,,,
standard,BUTTERFLY GARDENS INC,5206787861,unknown,561730,SIERRA VISTA,AZ,official_business_licenses,,,,
standard,SOLUYA LANDSCAPING LLC,5208203469,unknown,561730,TUCSON,AZ,official_business_licenses,,,,
standard,ZONA GENERAL MAINTENANCE,5203348910,unknown,561730,TUCSON,AZ,official_business_licenses,,,,
standard,TM TREE + LANDSCAPE,5204098120,unknown,561730,TUCSON,AZ,official_business_licenses,,,,
standard,URIAS & SON'S LANDSCAPING,5204656918,unknown,561730,AMADO,AZ,official_business_licenses,,,,
standard,JACK KING GARDENING & MORE,5204033559,unknown,561730,TUCSON,AZ,official_business_licenses,,,,
standard,JUAN 23 LLC,5202745537,unknown,561730,TUCSON,AZ,official_business_licenses,,,,
standard,KC'S LAWN CARE,5202473502,unknown,561730,TUCSON,AZ,official_business_licenses,,,,
standard,LANDTAMERS LLC,5207330193,unknown,561730,TUCSON,AZ,official_business_licenses,,,,
standard,NATURES WAY LANDSCAPING,5205654638,unknown,561730,TUCSON,AZ,official_business_licenses,,,,
standard,MONTES HOME WORKS LLC,5209654631,unknown,561730,TUCSON,AZ,official_business_licenses,,,,
standard,TRUE LINE TURF & DESIGN LLC,5209091145,unknown,561730,TUCSON,AZ,official_business_licenses,,,,
standard,PRECIADOS LANDSCAPING LLC,5204063792,unknown,561730,TUCSON,AZ,official_business_licenses,,,,
standard,VONS QUALITY LANDSCAPING,5204446406,unknown,561730,TUCSON,AZ,official_business_licenses,,,,
standard,RONS MAINTENANCE SERVICE LLC,5206030784,unknown,561730,TUCSON,AZ,official_business_licenses,,,,
standard,GREEN VALLEY DECORATIVE ROCK,5208878181,unknown,561730,GREEN VALLEY,AZ,official_business_licenses,,,,
standard,CERVANTES LANDSCAPING,5209099426,unknown,561730,TUCSON,AZ,official_business_licenses,,,,
standard,MARTINS LANDSCAPING,5206129965,unknown,561730,TUCSON,AZ,official_business_licenses,,,,
standard,BEAR DOWN LANDSCAPE,5204099287,unknown,561730,TUCSON,AZ,official_business_licenses,,,,
standard,SAL'S LAWN & YARD,5208896902,unknown,561730,TUCSON,AZ,official_business_licenses,,,,
standard,LEON'S TREE SERVICE,5205742795,unknown,561730,TUCSON,AZ,official_business_licenses,,,,
standard,FAMILY FIRST LANDSCAPING & TRASH REMOVAL,5204880684,unknown,561730,TUCSON,AZ,official_business_licenses,,,,
standard,MISDOSANGELITOS LLC,5207038025,unknown,561730,TUCSON,AZ,official_business_licenses,,,,
standard,VILLAPIANO'S LANDSCAPING,5204652956,unknown,561730,TUCSON,AZ,official_business_licenses,,,,
standard,MEXIBORI,5204410829,unknown,561730,TUCSON,AZ,official_business_licenses,,,,
standard,HASHKNIFE HOTSHOTS,4809805506,unknown,561730,MESA,AZ,official_business_licenses,,,,
standard,JOHNNY'S YARD SERVICE,5208619204,unknown,561730,TUCSON,AZ,official_business_licenses,,,,
standard,ARVIZU COMMERCIAL CLEANING LLC,5209823553,unknown,561730,TUCSON,AZ,official_business_licenses,,,,
standard,DESERT EDGE LANDSCAPING LLC,5207806024,unknown,561730,TUCSON,AZ,official_business_licenses,,,,
standard,CASA DI GEPPETTO,5204057431,unknown,561730,TUCSON,AZ,official_business_licenses,,,,
standard,UPSCALE LANDSCAPE,5208332876,unknown,561730,TUCSON,AZ,official_business_licenses,,,,
standard,GONZALEZ REYES,5202701780,unknown,561730,TUCSON,AZ,official_business_licenses,,,,
standard,GILL PROPERTY SOULUTIONS,5202733245,unknown,561730,TUCSON,AZ,official_business_licenses,,,,
standard,ORCEN,5203095411,unknown,561730,TUCSON,AZ,official_business_licenses,,,,
standard,GET IT DONE GROUNDS KEEPING,5202505044,unknown,561730,TUCSON,AZ,official_business_licenses,,,,
standard,GREEN LEAF TREE SERVICES,5207714993,unknown,561730,TUCSON,AZ,official_business_licenses,,,,
standard,DAVID'S ALL IN ONE YARD SERVICES LLC,5209792374,unknown,561730,TUCSON,AZ,official_business_licenses,,,,
standard,RUBEN ALVAREZ LANDSCAPING AND MASONRY,5204748224,unknown,561730,Tucson,AZ,official_business_licenses,,,,
standard,UGLY DUCK LANDSCAPING,5208708423,unknown,561730,TUCSON,AZ,official_business_licenses,,,,
standard,T & A LANDSCAPE AND MORE,5208604924,unknown,561730,TUCSON,AZ,official_business_licenses,,,,
standard,YOUR FRIENDLY GARDENER,5209797049,unknown,561730,TUCSON,AZ,official_business_licenses,,,,
standard,HIGHFILL INC,5203447898,unknown,561730,TUCSON,AZ,official_business_licenses,,,,
standard,S AND J LANDSCAPING,5202728094,unknown,561730,TUCSON,AZ,official_business_licenses,,,,
standard,ANGEL'S AFFORDABLE LANDSCAPING,5202568540,unknown,561730,TUCSON,AZ,official_business_licenses,,,,
standard,CITY WIDE YARD MAINTENANCE,5204441351,unknown,561730,TUCSON,AZ,official_business_licenses,,,,
standard,GOOD NEIGHBOR LANDSCAPING,5204812101,unknown,561730,TUCSON,AZ,official_business_licenses,,,,
standard,COYOTE BROTHERS LANDSCAPING LLC,5202706962,unknown,561730,TUCSON,AZ,official_business_licenses,,,,
standard,INJUN LANDSCAPING,7348028434,unknown,561730,TUCSON,AZ,official_business_licenses,,,,
standard,CACTUS HUGGERS,5205719099,unknown,561730,TUCSON,AZ,official_business_licenses,,,,
standard,AGAVE LANDSCAPE,5202728645,unknown,561730,TUCSON,AZ,official_business_licenses,,,,
standard,520 TREE SERVICE,5202613877,unknown,561730,TUCSON,AZ,official_business_licenses,,,,
standard,RIP RAP,5202700811,unknown,561730,TUCSON,AZ,official_business_licenses,,,,
standard,TORRES LANDSCAPE MAINTENANCE,5209543529,unknown,561730,TUCSON,AZ,official_business_licenses,,,,
standard,TK'S SMALL ENGINE REPAIR,5202447918,unknown,561730,TUCSON,AZ,official_business_licenses,,,,
standard,YARDCORE LANDSCAPING LLC,5203894970,unknown,561730,TUCSON,AZ,official_business_licenses,,,,
standard,ARTISTIC LAND MANAGEMENT INC,4808214966,unknown,561730,CHANDLER,AZ,official_business_licenses,,,,
standard,VINO NUEVO LANDSCAPING AND MAINT,5205512311,unknown,561730,TUCSON,AZ,official_business_licenses,,,,
standard,RUDY'S YARD SERVICES,5203316682,unknown,561730,TUCSON,AZ,official_business_licenses,,,,
standard,ANGEL VELASQUEZ LANDSCAPING,5204496420,unknown,561730,TUCSON,AZ,official_business_licenses,,,,
standard,TOMATOES LANDSCAPING,5202897425,unknown,561730,TUCSON,AZ,official_business_licenses,,,,
standard,LOOKS GOOD LANDSCAPING,5204096818,unknown,561730,TUCSON,AZ,official_business_licenses,,,,
standard,AM LANDSCAPE LLC,5202370163,unknown,561730,TUCSON,AZ,official_business_licenses,,,,
standard,TURBO LANDSCAPING,5208670201,unknown,561730,TUCSON,AZ,official_business_licenses,,,,
standard,GERSON LANDSCAPING,5202355956,unknown,561730,TUCSON,AZ,official_business_licenses,,,,
standard,PALOMAS LANDSCAPING,5204092813,unknown,561730,TUCSON,AZ,official_business_licenses,,,,
standard,NOBLE ROOTS LANDSCAPING,5202360302,unknown,561730,TUCSON,AZ,official_business_licenses,,,,
standard,A & A LANDSCAPE LLC,5208489256,unknown,561730,TUCSON,AZ,official_business_licenses,,,,
standard,4 SEASONS MASONRY AND LANDSCAPING,5204885057,unknown,561730,VAIL,AZ,official_business_licenses,,,,
standard,OCTAVIO G SEPULVEDA,5205514303,unknown,561730,TUCSON,AZ,official_business_licenses,,,,
standard,AZ DESERT LANDSCAPING SERVICES,5203089411,unknown,561730,TUCSON,AZ,official_business_licenses,,,,
standard,V AND R LANDSCAPING,6024752433,unknown,561730,TUCSON,AZ,official_business_licenses,,,,
standard,THE YARD BARBER,5205283565,unknown,561730,TUCSON,AZ,official_business_licenses,,,,
standard,VALUE LANDSCAPE,5203051601,unknown,561730,TUCSON,AZ,official_business_licenses,,,,
standard,RENOWNED LANDSCAPING,5209754602,unknown,561730,TUCSON,AZ,official_business_licenses,,,,
standard,SHADE TREE LANDSCAPING,5203398272,unknown,561730,MAMMOTH,AZ,official_business_licenses,,,,
standard,ARIZONA LUXURY LAWNS LLC,5203506125,unknown,561730,TUCSON,AZ,official_business_licenses,,,,
standard,CANYON RIDGE SERVICES LLC,5207715509,unknown,561730,MARANA,AZ,official_business_licenses,,,,
standard,DESERT LANDSCAPING AND HAULING SERVICES,5205617570,unknown,561730,MARANA,AZ,official_business_licenses,,,,
standard,A & A SOLUTIONS,5202309487,unknown,561730,TUCSON,AZ,official_business_licenses,,,,
standard,ARIZONA PRO LANDSCAPE LLC,5204092051,unknown,561730,TUCSON,AZ,official_business_licenses,,,,
standard,D & J LANDSCAPE MAINTENANCE,5207970921,unknown,561730,MARANA,AZ,official_business_licenses,,,,
standard,GREENTREE LANDSCAPING,5203000519,unknown,561730,TUCSON,AZ,official_business_licenses,,,,
standard,DAVIS LANDSCAPE MAINTENANCE,5207809824,unknown,561730,TUCSON,AZ,official_business_licenses,,,,
standard,ROSE OF SHARON LANDSCAPING,5203126431,unknown,561730,TUCSON,AZ,official_business_licenses,,,,
standard,MCBRIDE LANDSCAPING & YARD MAINTENANCE,5207211429,unknown,561730,TUCSON,AZ,official_business_licenses,,,,
standard,M&A HOUSEKEEPING CLEANING SERVICES,5203582788,unknown,561730,TUCSON,AZ,official_business_licenses,,,,
standard,COMPERATIVE LANDSCAPING SERVICES,5203011084,unknown,561730,TUCSON,AZ,official_business_licenses,,,,
standard,JB LANDSCAPING AND JUNK REMOVAL,5209554684,unknown,561730,TUCSON,AZ,official_business_licenses,,,,
standard,GIFTED HANDS LANDSCAPING AND MORE,5209102565,unknown,561730,TUCSON,AZ,official_business_licenses,,,,
standard,RENAN AND SONS LANDCAPING,5203289738,unknown,561730,TUCSON,AZ,official_business_licenses,,,,
standard,ON POINT LANDSCAPING AND DESIGN LLC,5208333103,unknown,561730,TUCSON,AZ,official_business_licenses,,,,
standard,SHD SALCIDO HARDSCAPE DESIGN,5208292995,unknown,561730,TUCSON,AZ,official_business_licenses,,,,
standard,WILLIE LANDSCAPING,5204093594,unknown,561730,TUCSON,AZ,official_business_licenses,,,,
standard,TUCSON YARD SERVICE,5202501261,unknown,561730,TUCSON,AZ,official_business_licenses,,,,
standard,PERMACULTURE LLC,5206688904,unknown,561730,TUCSON,AZ,official_business_licenses,,,,
standard,EVOLUTION LANDSCAPES,5202727952,unknown,561730,SAHUARITA,AZ,official_business_licenses,,,,
standard,CAITIME LANDSCAPING LLC,5203429360,unknown,561730,TUCSON,AZ,official_business_licenses,,,,
standard,SONORAN SHADE TREE LLC,5203020905,unknown,561730,TUCSON,AZ,official_business_licenses,,,,
standard,CORNERSTONE PAVING,5204069413,unknown,561730,TUCSON,AZ,official_business_licenses,,,,
standard,RMC LANDSCAPE,5206789747,unknown,561730,TUCSON,AZ,official_business_licenses,,,,
standard,ARCADIA LANDSCAPE,5207910889,unknown,561730,TUCSON,AZ,official_business_licenses,,,,
standard,JWB LANDSCAPE MAINTENANCE & DESIGN LLC,5202406819,unknown,561730,TUCSON,AZ,official_business_licenses,,,,
standard,TERRY YEHLING LANDSCAPE LLC,5205486950,unknown,561730,TUCSON,AZ,official_business_licenses,,,,
standard,KINO LANDSCAPE & CONSTRUCTION LLC,5203380725,unknown,561730,TUCSON,AZ,official_business_licenses,,,,
standard,JULIO C LANDSCAPING,5202359427,unknown,561730,TUCSON,AZ,official_business_licenses,,,,
standard,TUCSON LANDSCAPE & DESIGN LLC,5202622826,unknown,561730,TUCSON,AZ,official_business_licenses,,,,
standard,PERSERVERE LANDSCAPING AND MORE,5207309508,unknown,561730,TUCSON,AZ,official_business_licenses,,,,
standard,VALDEZ LANDSCAPING,5204068202,unknown,561730,TUCSON,AZ,official_business_licenses,,,,
standard,THE CERTIFIED ARBORIST,5202734755,unknown,561730,TUCSON,AZ,official_business_licenses,,,,
standard,UTOPIAN LANDSCAPES,5202578317,unknown,561730,TUCSON,AZ,official_business_licenses,,,,
standard,ESCO'S LAWN CARE,5204810694,unknown,561730,NACO,AZ,official_business_licenses,,,,
standard,GOOD AND AFFORDABLE YARD SERVICES,5205997287,unknown,561730,MARANA,AZ,official_business_licenses,,,,
standard,BERRY'S LANDSCAPING,5204750401,unknown,561730,TUCSON,AZ,official_business_licenses,,,,
standard,COTAS' D LANDSCAPING,5203125368,unknown,561730,TUCSON,AZ,official_business_licenses,,,,
standard,D & A LANDSCAPING,5202338040,unknown,561730,TUCSON,AZ,official_business_licenses,,,,
standard,EZ GLOBAL LLC,5204195774,unknown,561730,TUCSON,AZ,official_business_licenses,,,,
standard,G & A LANDSCAPING LLC,5202718474,unknown,561730,TUCSON,AZ,official_business_licenses,,,,
standard,OLD TUCSON LANDSCAPING,5204909390,unknown,561730,TUCSON,AZ,official_business_licenses,,,,
standard,MANUEL KOIRIF LANDSCAPING,5202753852,unknown,561730,TUCSON,AZ,official_business_licenses,,,,
standard,HIGHEST STANDARD,5209090323,unknown,561730,TUCSON,AZ,official_business_licenses,,,,
standard,COTTONWOOD CONSTRUCTION LLC,5204059515,unknown,561730,TUCSON,AZ,official_business_licenses,,,,
standard,COMPLETE LANDSCAPING CONCEPTS,5204054577,unknown,561730,TUCSON,AZ,official_business_licenses,,,,
standard,JM LANDSCAPING,5208082209,unknown,561730,TUCSON,AZ,official_business_licenses,,,,
standard,HEAVEN AND EARTH ECOLOGICAL LANDSCAPING LLC,5202396239,unknown,561730,TUCSON,AZ,official_business_licenses,,,,
standard,FIGUEROA LANDSCAPING,5209083390,unknown,561730,TUCSON,AZ,official_business_licenses,,,,
standard,GL LANSCAPE SERVICE LLC,5208673738,unknown,561730,TUCSON,AZ,official_business_licenses,,,,
standard,JAD LANDSCAPING,5206126851,unknown,561730,TUCSON,AZ,official_business_licenses,,,,
standard,KARL'S TREE TRIMMING SERVICE,5288838001,unknown,561730,TUCSON,AZ,official_business_licenses,,,,
standard,RENE LANDSCAPING & MORE,5202354410,unknown,561730,TUCSON,AZ,official_business_licenses,,,,
standard,PLANET EARTH LANSCAPING,5202835717,unknown,561730,TUCSON,AZ,official_business_licenses,,,,
standard,WEEDBUSTERS LLC,5208813095,unknown,561730,TUCSON,AZ,official_business_licenses,,,,
standard,ROSEMARY LANDSCAPING SOLUTIONS LLC,5204651885,unknown,561730,DOUGLAS,AZ,official_business_licenses,,,,
standard,AFFORDABLE YARD & TREE SERVICE LLC,5202728718,unknown,561730,TUCSON,AZ,official_business_licenses,,,,
standard,ALOHA LANDSCAPING,5203316196,unknown,561730,TUCSON,AZ,official_business_licenses,,,,
standard,AMPHI CLEAN & GREEN LLC,5205516758,unknown,561730,TUCSON,AZ,official_business_licenses,,,,
standard,DESERT GROUNDS LANDMANAGEMENT,5204402994,unknown,561730,TUCSON,AZ,official_business_licenses,,,,
standard,DESERT-LAWN LANDSCAPE & MAINT INCORPORATED,5207425399,unknown,561730,TUCSON,AZ,official_business_licenses,,,,
standard,DESERT CRAFT HOME AND LAND,5208337111,unknown,561730,TUCSON,AZ,official_business_licenses,,,,
standard,DESERT WEST TREE & LANDSCAPING INC,5205294800,unknown,561730,TUCSON,AZ,official_business_licenses,,,,
standard,FRITZ TRIM & LANDSCAPE MAINTENANCE,5209544837,unknown,561730,TUCSON,AZ,official_business_licenses,,,,
standard,DAS RENOVATION & LANDSCAPING,5206037105,unknown,561730,TUCSON,AZ,official_business_licenses,,,,
standard,PERMAGARDEN,4233585873,unknown,561730,TUCSON,AZ,official_business_licenses,,,,
standard,RAPHAEL'S LANDSCAPE & MAINTENANCE,5202947078,unknown,561730,TUCSON,AZ,official_business_licenses,,,,
standard,RIVAS LANDSCAPING & MAINTENANCE,5202945945,unknown,561730,TUCSON,AZ,official_business_licenses,,,,
standard,RKS LANDSCAPING LLC,5209557112,unknown,561730,TUCSON,AZ,official_business_licenses,,,,
standard,JOE'S YARD WORK,5202965249,unknown,561730,TUCSON,AZ,official_business_licenses,,,,
standard,MICHAEL HANNITY HOME SERVICES,5203031597,unknown,561730,TUCSON,AZ,official_business_licenses,,,,
standard,YARDS OF HAPPINESS,5204004420,unknown,561730,TUCSON,AZ,official_business_licenses,,,,
standard,DANNY S GOMEZ,5205853591,unknown,561730,TUCSON,AZ,official_business_licenses,,,,
standard,REID'S TREE SERVICE,5202629649,unknown,561730,TUCSON,AZ,official_business_licenses,,,,
standard,MSM GO LANDSCAPING LLC,5208917176,unknown,561730,TUCSON,AZ,official_business_licenses,,,,
standard,VERSATILE LANDSCAPING,5209819010,unknown,561730,TUCSON,AZ,official_business_licenses,,,,
standard,CRC LAND MAINTENANCE,5204650211,unknown,561730,TUCSON,AZ,official_business_licenses,,,,
standard,MORNING STAR LANDSCAPING,5203277027,unknown,561730,TUCSON,AZ,official_business_licenses,,,,
standard,SPEARPOINT LANDSCAPING LLC,5203902845,unknown,561730,TUCSON,AZ,official_business_licenses,,,,
standard,MONTE VISTA LANDSCAPING,5207109504,unknown,561730,TUCSON,AZ,official_business_licenses,,,,
standard,DESERT PRIMROSE GARDENS,5203089787,unknown,561730,TUCSON,AZ,official_business_licenses,,,,
standard,ARIZONA MAINTENANCE,5208856662,unknown,561730,TUCSON,AZ,official_business_licenses,,,,
standard,J&V LANDSCAPING,5208204534,unknown,561730,TUCSON,AZ,official_business_licenses,,,,
standard,JOSE LANDSCAPING,5202233966,unknown,561730,TUCSON,AZ,official_business_licenses,,,,
standard,KELLY & SONS II,5209121231,unknown,561730,TUCSON,AZ,official_business_licenses,,,,
standard,WATERS LANDSCAPE CONNECTIONS,5202786311,unknown,561730,TUCSON,AZ,official_business_licenses,,,,
standard,AR'S LANDSCAPING LLC,5203328889,unknown,561730,TUCSON,AZ,official_business_licenses,,,,
standard,MIGUEL & JACK LANDSCAPING,5202049486,unknown,561730,TUCSON,AZ,official_business_licenses,,,,
standard,GRIMALDO LANDSCAPING,5204883591,unknown,561730,TUCSON,AZ,official_business_licenses,,,,
standard,TUCSON PROFESSIONAL LANDSCAPING,5203311416,unknown,561730,TUCSON,AZ,official_business_licenses,,,,
standard,VISIONARY LANDSCAPING LLC,5204905010,unknown,561730,TUCSON,AZ,official_business_licenses,,,,
standard,VELAZQUEZ LANDSCAPE DESIGNS LLC,5203392240,unknown,561730,TUCSON,AZ,official_business_licenses,,,,
standard,SOUTHERN ARIZONA LANDSCAPING & MASONRY LLC,5203904887,unknown,561730,SAHUARITA,AZ,official_business_licenses,,,,
standard,GB'S LANDSCAPING,5208501066,unknown,561730,TUCSON,AZ,official_business_licenses,,,,
standard,LOPEEZE YARD SERVICE,5204065601,unknown,561730,TUCSON,AZ,official_business_licenses,,,,
standard,GARDEN PLAY SPACE LLC,5204834478,unknown,561730,TUCSON,AZ,official_business_licenses,,,,
standard,PERSONAL TOUCH LANDSCAPE MAINTENANCE,5208692130,unknown,561730,TUCSON,AZ,official_business_licenses,,,,
standard,GOOD DEAL LANDSCAPING LLC,5203394238,unknown,561730,TUCSON,AZ,official_business_licenses,,,,
standard,JOAQUIN & SONS YARD MAINTENANCE,5208086540,unknown,561730,TUCSON,AZ,official_business_licenses,,,,
standard,TUCSON LANDSCAPE LIGHTING,5209079082,unknown,561730,TUCSON,AZ,official_business_licenses,,,,
standard,INHERITANCE LANDSCAPING LLC,5203360419,unknown,561730,TUCSON,AZ,official_business_licenses,,,,
standard,SLAYS LANDSCAPING,5206788979,unknown,561730,TUCSON,AZ,official_business_licenses,,,,
standard,LEAF AND HAMMER,5203079486,unknown,561730,TUCSON,AZ,official_business_licenses,,,,
standard,ZONASCAPES & CO,5209123112,unknown,561730,TUCSON,AZ,official_business_licenses,,,,
standard,ELITE CONCEPTS,5204795988,unknown,561730,TUCSON,AZ,official_business_licenses,,,,
standard,LUGARDO & COMPANY LANDSCAPING,5204407982,unknown,561730,TUCSON,AZ,official_business_licenses,,,,
standard,K&D LAWN SERVICE,5204401443,unknown,561730,TUCSON,AZ,official_business_licenses,,,,
standard,TOLSON IRRIGATION SPECIALISTS,5202960427,unknown,561730,TUCSON,AZ,official_business_licenses,,,,
standard,TIMOTEO LANDSCAPING,5203366148,unknown,561730,TUCSON,AZ,official_business_licenses,,,,
standard,NATURES LANDSCAPE SOUTHERN AZ INC,5208205111,unknown,561730,TUCSON,AZ,official_business_licenses,,,,
standard,ALL IN LANDSCAPING LLC,5208481215,unknown,561730,TUCSON,AZ,official_business_licenses,,,,
standard,5 STAR OFFROAD LLC,5202582008,unknown,561730,TUCSON,AZ,official_business_licenses,,,,
standard,LILIAN & JOSE LANDSCAPING,5208845540,unknown,561730,TUCSON,AZ,official_business_licenses,,,,
standard,JUAN ORTIZ LANDSCAPING LLC,5208206759,unknown,561730,TUCSON,AZ,official_business_licenses,,,,
standard,NOEL LANDSCAPE REMODELS,5203010845,unknown,561730,TUCSON,AZ,official_business_licenses,,,,
standard,NIAMS TREE CARE,9282569525,unknown,561730,TUCSON,AZ,official_business_licenses,,,,
standard,HEAVEN SCENT SERVICES,5206682713,unknown,561730,TUCSON,AZ,official_business_licenses,,,,
standard,PATRICK J MIGUEL,5202789530,unknown,561730,TUCSON,AZ,official_business_licenses,,,,
standard,R & R LANDSCAPING,5205511231,unknown,561730,TUCSON,AZ,official_business_licenses,,,,
standard,HIGH TOP TREE/LANDSCAPE SERVICE,5202565087,unknown,561730,TUCSON,AZ,official_business_licenses,,,,
standard,RAIN LINK IRRIGATION,5205006028,unknown,561730,TUCSON,AZ,official_business_licenses,,,,
standard,A GREENSKEEPER LANDSCAPE,5205718404,unknown,561730,TUCSON,AZ,official_business_licenses,,,,
standard,OCOTILLO LANDSCAPING,5204094979,unknown,561730,TUCSON,AZ,official_business_licenses,,,,
standard,AZ OUTDOOR SOLUTIONS,5203950359,unknown,561730,TUCSON,AZ,official_business_licenses,,,,
standard,MASTER GREEN LANDSCAPING,5204978468,unknown,561730,TUCSON,AZ,official_business_licenses,,,,
standard,ALCARAZ LANDSCAPING LLC,5204716578,unknown,561730,TUCSON,AZ,official_business_licenses,,,,
standard,CARTER'S SERVICES LLC,5203125059,unknown,561730,TUCSON,AZ,official_business_licenses,,,,
standard,AZ TOP TIER LANDSCAPING,5205391208,unknown,561730,TUCSON,AZ,official_business_licenses,,,,
standard,YOUR WAY LANDSCAPING,5205512065,unknown,561730,TUCSON,AZ,official_business_licenses,,,,
standard,FOUNDATION LANDSCAPING,6025547388,unknown,561730,TUCSON,AZ,official_business_licenses,,,,
standard,OAKSWOOD TURF & HARDSCAPE,5206589840,unknown,561730,TUCSON,AZ,official_business_licenses,,,,
standard,EARTH FIRST LANDSCAPING,5206090704,unknown,561730,TUCSON,AZ,official_business_licenses,,,,
standard,PROGRESSIVE LANDSCAPING MANAGEMENT,5206090701,unknown,561730,TUCSON,AZ,official_business_licenses,,,,
standard,HCA DESIGNS,5204462306,unknown,561730,TUCSON,AZ,official_business_licenses,,,,
standard,FOREFRONT LANDSCAPING LLC,5207714970,unknown,561730,TUCSON,AZ,official_business_licenses,,,,
standard,HERLINDA WULFF,5204069390,unknown,561730,TUCSON,AZ,official_business_licenses,,,,
standard,ERNESTO LANDSCAPE MAINTENANCE,5205965580,unknown,561730,TUCSON,AZ,official_business_licenses,,,,
standard,FUTURE EARTH LANDSCAPE LLC,5203125704,unknown,561730,TUCSON,AZ,official_business_licenses,,,,
standard,HALLIGAN HANDSCAPES,5204379919,unknown,561730,VAIL,AZ,official_business_licenses,,,,
standard,SOUTHWEST ENVIRONMENTAL MANAGEMENT LLC,5202695002,unknown,561730,TUCSON,AZ,official_business_licenses,,,,
standard,DIMA LLC,5206516632,unknown,561730,TUCSON,AZ,official_business_licenses,,,,
standard,TIERRA BONITA LANDSCAPING LLC,5204811975,unknown,561730,TUCSON,AZ,official_business_licenses,,,,
standard,PRECISION SUCCULENTS,6027037015,unknown,561730,TUCSON,AZ,official_business_licenses,,,,
standard,SIERRAS LANDSCAPING,5203040201,unknown,561730,TUCSON,AZ,official_business_licenses,,,,
standard,ELITE SERVICES AZ LLC,5202577636,unknown,561730,TUCSON,AZ,official_business_licenses,,,,
standard,TRANSFORMING TERRAIN LLC,4806407771,unknown,561730,TUCSON,AZ,official_business_licenses,,,,
standard,TUCSON'S TREE & YARD SERVICE,5203077768,unknown,561730,TUCSON,AZ,official_business_licenses,,,,
standard,RICO'S TREE CARE,5203657257,unknown,561730,TUCSON,AZ,official_business_licenses,,,,
standard,AFFORDABLE LANDSCAPES,5207485566,unknown,561730,TUCSON,AZ,official_business_licenses,,,,
standard,KALI INNOVATIONS LLC,5204379183,unknown,561730,TUCSON,AZ,official_business_licenses,,,,
standard,HANDYMAN UNLIMITED,5202725589,unknown,561730,TUCSON,AZ,official_business_licenses,,,,
standard,DOUBLE MM,5205519953,unknown,561730,TUCSON,AZ,official_business_licenses,,,,
standard,A& M POWER WASHING & LANDSCAPING,5204470802,unknown,561730,TUCSON,AZ,official_business_licenses,,,,
standard,ACE CERVANTES LANDSPING LLC,5208675120,unknown,561730,TUCSON,AZ,official_business_licenses,,,,
standard,LANDSCAPING INNOVATIONS LLC,5202566062,unknown,561730,TUCSON,AZ,official_business_licenses,,,,
standard,ZORBA'S LANDSCAPING,5202561765,unknown,561730,TUCSON,AZ,official_business_licenses,,,,
standard,TURF SPECIALIST LLC,5207308595,unknown,561730,TUCSON,AZ,official_business_licenses,,,,
standard,M MIRANDA LANDSCAPING LLC,5205516617,unknown,561730,TUCSON,AZ,official_business_licenses,,,,
standard,TONY AND TONIE'S COMPLETE LANDSCAPING,5208413258,unknown,561730,TUCSON,AZ,official_business_licenses,,,,
standard,SUNRISE HILLS LANDSCAPE,5205610024,unknown,561730,TUCSON,AZ,official_business_licenses,,,,
standard,BASHAM LANDSCAPING,5206905868,unknown,561730,TUCSON,AZ,official_business_licenses,,,,
standard,THE TREE SURGEON,5203127549,unknown,561730,VAIL,AZ,official_business_licenses,,,,
standard,TREES AND MORE LLC,5202085703,unknown,561730,TUCSON,AZ,official_business_licenses,,,,
standard,ZL LANDSCAPE,5208091696,unknown,561730,TUCSON,AZ,official_business_licenses,,,,
standard,TAYLORED LANDSCAPE LLC,5202752094,unknown,561730,TUCSON,AZ,official_business_licenses,,,,
standard,AMIGOS LANDSCAPING & HANDYMAN,5203366172,unknown,561730,TUCSON,AZ,official_business_licenses,,,,
standard,LEVYA PROPERTY MAINTENANCE,5208082238,unknown,561730,TUCSON,AZ,official_business_licenses,,,,
standard,East Valley Weed Control,480 900 5580,unknown,561736,Mesa,AZ,official_business_licenses,,,,
standard,AZ DESERT STEAM,5207774408,unknown,561740,VAIL,AZ,official_business_licenses,,,,
standard,SERVICEMASTER FIRE & WATER RECOVERY,5208855008,unknown,561740,TUCSON,AZ,official_business_licenses,,,,
standard,ROBERT PRECIADO,5203310992,unknown,561740,TUCSON,AZ,official_business_licenses,,,,
standard,SPECIALTY CLEANING SERVICE,4802350865,unknown,561740,GILBERT,AZ,official_business_licenses,,,,
standard,CHARLES CARPET STEAM CLEANING LLC,5203697283,unknown,561740,TUCSON,AZ,official_business_licenses,,,,
standard,CARPET SAVERS LLC,5202979240,unknown,561740,MARANA,AZ,official_business_licenses,,,,
standard,CORPUES CARPET CLEAING,5207195589,unknown,561740,TUCSON,AZ,official_business_licenses,,,,
standard,PROSTAR CLEANING SOLUTIONS,5208690303,unknown,561740,TUCSON,AZ,official_business_licenses,,,,
standard,RUGS AND MORE,5203237482,unknown,561740,TUCSON,AZ,official_business_licenses,,,,
standard,FABRIC SHIELD,5204208078,unknown,561740,TUCSON,AZ,official_business_licenses,,,,
standard,JC CARPET & CEILING CLEANING LLC,5207482727,unknown,561740,TUCSON,AZ,official_business_licenses,,,,
standard,THE CARPET MAGICIANS LLC,5202610837,unknown,561740,TUCSON,AZ,official_business_licenses,,,,
standard,CARPET POLICE LLC,5208779300,unknown,561740,TUCSON,AZ,official_business_licenses,,,,
standard,STEAMY CONCEPTS CARPET CLEANING,5205749200,unknown,561740,TUCSON,AZ,official_business_licenses,,,,
standard,CHEM-DRY OF TUCSON,5202960052,unknown,561740,TUCSON,AZ,official_business_licenses,,,,
standard,LTA CARPET CLEANING,5203995310,unknown,561740,TUCSON,AZ,official_business_licenses,,,,
standard,TUCSON CLEANING AND STAFFING LLC,5202518775,unknown,561740,TUCSON,AZ,official_business_licenses,,,,
standard,ZEROREZ OF TUCSON LLC,5204412441,unknown,561740,TUCSON,AZ,official_business_licenses,,,,
standard,BREWER RESTORATION ENTERPRISE,5207449333,unknown,561740,TUCSON,AZ,official_business_licenses,,,,
standard,CACTUS CARPET CLEANING,5208203999,unknown,561740,TUCSON,AZ,official_business_licenses,,,,
standard,CARPET CLEANING 4 LESS OF TUCSON LLC,5205916499,unknown,561740,TUCSON,AZ,official_business_licenses,,,,
standard,JESUS CARPET CARE,5202721500,unknown,561740,TUCSON,AZ,official_business_licenses,,,,
standard,DAY-N-NIGHT COMMERCIAL CLEANING,5209795088,unknown,561740,TUCSON,AZ,official_business_licenses,,,,
standard,ABOUT TIME CARPET CLEANING,5204711425,unknown,561740,TUCSON,AZ,official_business_licenses,,,,
standard,COMINICK'S AZUL PROFESSIONAL CARPET CLEA,5206648740,unknown,561740,TUCSON,AZ,official_business_licenses,,,,
standard,ALEXANDER'S CARPET SOLUTIONS,5204099580,unknown,561740,TUCSON,AZ,official_business_licenses,,,,
standard,SV PRO TILE CLEANING TUCSON,5204588361,unknown,561740,TUCSON,AZ,official_business_licenses,,,,
standard,AIRLOOM RUG WASHING CO,5205711703,unknown,561740,TUCSON,AZ,official_business_licenses,,,,
standard,ALL CITY CARPET CLEANING LLC,5208507578,unknown,561740,TUCSON,AZ,official_business_licenses,,,,
standard,BROTHERS CARPET-BUSTERS LLC,5202306287,unknown,561740,TUCSON,AZ,official_business_licenses,,,,
standard,SUNRISE CARPET TILE & UPHOLSTERY CLEANIN,5207470798,unknown,561740,VAIL,AZ,official_business_licenses,,,,
standard,ARIZONA CARPET AND HOME CLEANING,5202271352,unknown,561740,SIERRA VISTA,AZ,official_business_licenses,,,,
standard,PRO ESSENTIALS CARPET CARE,5204043157,unknown,561740,TUCSON,AZ,official_business_licenses,,,,
standard,ALADDIN CARPET & UPHOLSTERY CLEANING INC,5207447888,unknown,561740,TUCSON,AZ,official_business_licenses,,,,
standard,GOLDEN TOUCH CARPET & UPHOLSTERY CLEANING LLC,5202978477,unknown,561740,TUCSON,AZ,official_business_licenses,,,,
standard,THE RUG GENIE,5203386178,unknown,561740,TUCSON,AZ,official_business_licenses,,,,
standard,ACE CARPET CLEANING OF TUCSON,5202433839,unknown,561740,MARANA,AZ,official_business_licenses,,,,
standard,ABEL CARPET CLEANER,5202728999,unknown,561740,TUCSON,AZ,official_business_licenses,,,,
standard,ALL IN ONE PROFESSIONAL CARPET TILE AND,5208504556,unknown,561740,TUCSON,AZ,official_business_licenses,,,,
standard,PERSONAL TOUCH CARPET SERVICE,5204002934,unknown,561740,TUCSON,AZ,official_business_licenses,,,,
standard,ALL-PRO CARPET TILE UPHOLSTERY AND BIOHAZARD CLEAN,5208887563,unknown,561740,TUCSON,AZ,official_business_licenses,,,,
standard,AL'S STEAMWORKS CARPETS TILE & UPHOLSTERY CARE,5209992701,unknown,561740,TUCSON,AZ,official_business_licenses,,,,
standard,1ST CLASS TILE AND CARPET CLEANING LLC,5203005960,unknown,561740,TUCSON,AZ,official_business_licenses,,,,
standard,THE BULL CARPET CLEANING LLC,5204994242,unknown,561740,TUCSON,AZ,official_business_licenses,,,,
standard,LEGACY CARPET CLEANING,5205768959,unknown,561740,GREEN VALLEY,AZ,official_business_licenses,,,,
standard,CHAVEZ COMPANY CLEANING,5205895914,unknown,561740,TUCSON,AZ,official_business_licenses,,,,
standard,AMERICARE CARPET CARE,5203318515,unknown,561740,TUCSON,AZ,official_business_licenses,,,,
standard,DYNAMIC CARPET CLEANING,5208509508,unknown,561740,TUCSON,AZ,official_business_licenses,,,,
standard,FAMOUS CARPET CLEANING LLC,5204195825,unknown,561740,TUCSON,AZ,official_business_licenses,,,,
standard,DYNASTY KUSTOMZ UPHOLSTERY,5208847407,unknown,561740,TUCSON,AZ,official_business_licenses,,,,
standard,ARCADIA CLEANING SYSTEMS LLC,5203236000,unknown,561740,TUCSON,AZ,official_business_licenses,,,,
standard,WORLD CLASS CARPET CLEANING,5204091838,unknown,561740,TUCSON,AZ,official_business_licenses,,,,
standard,J & LB LLC,5203040684,unknown,561740,TUCSON,AZ,official_business_licenses,,,,
standard,ARIZONA CLEANING SERVICES,5208828939,unknown,561740,TUCSON,AZ,official_business_licenses,,,,
standard,ECO GREEN CARPET,5207339774,unknown,561740,TUCSON,AZ,official_business_licenses,,,,
standard,MR CARPET CLEANER LLC,5203964924,unknown,561740,TUCSON,AZ,official_business_licenses,,,,
standard,YAQUIS CARPET CLEANING LLC,5203925972,unknown,561740,TUCSON,AZ,official_business_licenses,,,,
standard,BELLA CARPET CLEANING,5209040666,unknown,561740,TUCSON,AZ,official_business_licenses,,,,
standard,DAVE'S CARPET CLEANING,5207451530,unknown,561740,TUCSON,AZ,official_business_licenses,,,,
standard,AZTEC CHEM-DRY,5208811263,unknown,561740,TUCSON,AZ,official_business_licenses,,,,
standard,CFL CARPET CLEANING LLC,5208697210,unknown,561740,TUCSON,AZ,official_business_licenses,,,,
standard,AGS STEAMING & CLEAN CO LLC,5205546916,unknown,561740,TUCSON,AZ,official_business_licenses,,,,
standard,SCOTT CARPET & TILE CLEAN LLC,5202371975,unknown,561740,TUCSON,AZ,official_business_licenses,,,,
standard,RIO BRAVO CLEAN CARPETS,5204813132,unknown,561740,TUCSON,AZ,official_business_licenses,,,,
standard,BJC CLEANING MASTERS,5203120821,unknown,561740,TUCSON,AZ,official_business_licenses,,,,
standard,MARK'S CARPET SERVICE,5204197847,unknown,561740,TUCSON,AZ,official_business_licenses,,,,
standard,CARPET WISE INC,5204039473,unknown,561740,VAIL,AZ,official_business_licenses,,,,
standard,JOEY'S 5 STAR CLEANING SERVICES,5208489063,unknown,561750,TUCSON,AZ,official_business_licenses,,,,
standard,BLUE AGAVE POOLS LLC,5204004200,unknown,561790,TUCSON,AZ,official_business_licenses,,,,
standard,G FORCE POWER WASH LLC,5204845823,unknown,561790,SAHUARITA,AZ,official_business_licenses,,,,
standard,PUDDLE POOLS,8168632426,unknown,561790,MARANA,AZ,official_business_licenses,,,,
standard,AFFORDABLE POWER WASHING LLC,5204428076,unknown,561790,TUCSON,AZ,official_business_licenses,,,,
standard,BAINTER'S POOL AND SPA CARE,5204041029,unknown,561790,TUCSON,AZ,official_business_licenses,,,,
standard,LEISURE TIME POOL SERVICE,5205442829,unknown,561790,TUCSON,AZ,official_business_licenses,,,,
standard,GAREY'S POOL SERVICE,5208828984,unknown,561790,TUCSON,AZ,official_business_licenses,,,,
standard,SCOTT'S CLEANING AND REPAIRS,5209004070,unknown,561790,TUCSON,AZ,official_business_licenses,,,,
standard,ADEPT BUILDING MAINTENANCE,5207424969,unknown,561790,TUCSON,AZ,official_business_licenses,,,,
standard,SWEEPER MAN INC,5202457495,unknown,561790,TUCSON,AZ,official_business_licenses,,,,
standard,BAR-B-CLEANTUCSON,5204624115,unknown,561790,MARANA,AZ,official_business_licenses,,,,
standard,COOL DUDES,5203512355,unknown,561790,MARANA,AZ,official_business_licenses,,,,
standard,COOL CAT CURB APPEAL LLC,5203799391,unknown,561790,SAHUARITA,AZ,official_business_licenses,,,,
standard,DESERT WOLF SWEEPING,5202322976,unknown,561790,SAHUARITA,AZ,official_business_licenses,,,,
standard,ADVANCED HOOD CLEANING & POWER WASHING,5207411137,unknown,561790,TUCSON,AZ,official_business_licenses,,,,
standard,SANDY'S WINDOW CLEANING,5208186474,unknown,561790,TUCSON,AZ,official_business_licenses,,,,
standard,IN HARMONY POOL CO LLC,5205481023,unknown,561790,TUCSON,AZ,official_business_licenses,,,,
standard,THE WRIGHT POOL SERVICE,5204001256,unknown,561790,TUCSON,AZ,official_business_licenses,,,,
standard,POOL HAWK POOL SERVICES,5202686772,unknown,561790,TUCSON,AZ,official_business_licenses,,,,
standard,DESERT TROPIX POOLS,5208082106,unknown,561790,TUCSON,AZ,official_business_licenses,,,,
standard,AZ DEDICATED POOL MAINTENANCE & REPAIR,5203445153,unknown,561790,TUCSON,AZ,official_business_licenses,,,,
standard,AFFORDABLE CHIMNEY SWEEP,5204442845,unknown,561790,TUCSON,AZ,official_business_licenses,,,,
standard,SAGUAR-OH BIN CLEANING,5202144949,unknown,561790,TUCSON,AZ,official_business_licenses,,,,
standard,IQPOOLS,5209001630,unknown,561790,TUCSON,AZ,official_business_licenses,,,,
standard,JRN CLEANING SERVICES,5207217036,unknown,561790,VAIL,AZ,official_business_licenses,,,,
standard,DAVEY POOLS & SPAS,5209912033,unknown,561790,TUCSON,AZ,official_business_licenses,,,,
standard,PINA POOL CARE,5209756978,unknown,561790,TUCSON,AZ,official_business_licenses,,,,
standard,MCDANIELS POOL & SPA CARE,5208738777,unknown,561790,TUCSON,AZ,official_business_licenses,,,,
standard,AQUA WAVE POOL SERVICE,5207290202,unknown,561790,TUCSON,AZ,official_business_licenses,,,,
standard,PARAGON PEAK BUILDING MAINTENANCE,5203701185,unknown,561790,TUCSON,AZ,official_business_licenses,,,,
standard,TAYLOR MADE CUSTODIAL SERVICE,5203043921,unknown,561790,TUCSON,AZ,official_business_licenses,,,,
standard,GLASS BOTTOM POOLS LLC,5209651190,unknown,561790,TUCSON,AZ,official_business_licenses,,,,
standard,SC POOLS LLC,5203068424,unknown,561790,TUCSON,AZ,official_business_licenses,,,,
standard,THIS CLEAN HOUSE,5203210932,unknown,561790,TUCSON,AZ,official_business_licenses,,,,
standard,WILD WEST SURFACE SYSTEMS,5209904030,unknown,561790,CORTARO,AZ,official_business_licenses,,,,
standard,SMITTY & SONS,5202715621,unknown,561790,TUCSON,AZ,official_business_licenses,,,,
standard,THE COMPLETE CLEANING CONNECTION,5207458542,unknown,561790,TUCSON,AZ,official_business_licenses,,,,
standard,SUNRISE POOLS LLC,5204042375,unknown,561790,TUCSON,AZ,official_business_licenses,,,,
standard,HYDRA FORCE POWERWASHING LLC,5204379187,unknown,561790,TUCSON,AZ,official_business_licenses,,,,
standard,EZ JANITORIAL,5202720409,unknown,561790,TUCSON,AZ,official_business_licenses,,,,
standard,E-KONOMY POOL SERVICE,5203256427,unknown,561790,TUCSON,AZ,official_business_licenses,,,,
standard,PIRATE POOL SERVICE,5203330675,unknown,561790,TUCSON,AZ,official_business_licenses,,,,
standard,METRO MAIDS,5208787652,unknown,561790,TUCSON,AZ,official_business_licenses,,,,
standard,ISLAND POOLS  SERVICES,5208087288,unknown,561790,TUCSON,AZ,official_business_licenses,,,,
standard,HYDRA POOLS LLC,5207093598,unknown,561790,TUCSON,AZ,official_business_licenses,,,,
standard,MI KASA CLEANING SERVICE,5202031036,unknown,561790,TUCSON,AZ,official_business_licenses,,,,
standard,SIMON CUSTODIAL SERVICE,5209750979,unknown,561790,TUCSON,AZ,official_business_licenses,,,,
standard,SLICKS POOL TILE CLEANING,5207220615,unknown,561790,TUCSON,AZ,official_business_licenses,,,,
standard,MITRE CLEANING,5204092429,unknown,561790,TUCSON,AZ,official_business_licenses,,,,
standard,SIMPLE WASH,5209093460,unknown,561790,TUCSON,AZ,official_business_licenses,,,,
standard,THE CLEARWATER REVIVALIST,5203022795,unknown,561790,TUCSON,AZ,official_business_licenses,,,,
standard,RB&J SPECIALTY SERVICES,5207473796,unknown,561790,TUCSON,AZ,official_business_licenses,,,,
standard,ANGELICA'S HOUSE CLEANING,5209710867,unknown,561790,TUCSON,AZ,official_business_licenses,,,,
standard,A&G CUSTODIAL &MAINTENANCE,5207926406,unknown,561790,TUCSON,AZ,official_business_licenses,,,,
standard,CANNONBALL POOL SERVICE,5203601813,unknown,561790,TUCSON,AZ,official_business_licenses,,,,
standard,BOSWELL MOBILE PRESSURE WASHING COMPANY,5203439599,unknown,561790,TUCSON,AZ,official_business_licenses,,,,
standard,JUST FOR U CLEANING SERVICES,5208692320,unknown,561790,TUCSON,AZ,official_business_licenses,,,,
standard,PROPERTY PRO SOLUTIONS,5203349208,unknown,561790,TUCSON,AZ,official_business_licenses,,,,
standard,C&S POWER WASHING,5206476006,unknown,561790,TUCSON,AZ,official_business_licenses,,,,
standard,MATILDE SEPULVEDA,5202076048,unknown,561790,TUCSON,AZ,official_business_licenses,,,,
standard,GREGORY L REYNOLDS,5202988268,unknown,561790,TUCSON,AZ,official_business_licenses,,,,
standard,AQUARIUS SPAS & POOLS LLC,5205440070,unknown,561790,TUCSON,AZ,official_business_licenses,,,,
standard,TUCSON POOL GUY LLC,5202509069,unknown,561790,SAHUARITA,AZ,official_business_licenses,,,,
standard,A PLUS POOL SERVICE LLC,5209716965,unknown,561790,TUCSON,AZ,official_business_licenses,,,,
standard,SANDOLLAR POOLS,5205484727,unknown,561790,TUCSON,AZ,official_business_licenses,,,,
standard,WORLD POOLS,5202357613,unknown,561790,TUCSON,AZ,official_business_licenses,,,,
standard,ARIZONA MIRROR REFLECTIONS LLC,5208880349,unknown,561790,TUCSON,AZ,official_business_licenses,,,,
standard,BK POOLS,5203432789,unknown,561790,TUCSON,AZ,official_business_licenses,,,,
standard,J'S BLUE POOLS LLC,5208917331,unknown,561790,TUCSON,AZ,official_business_licenses,,,,
standard,PERFECTION POOLS,5208858835,unknown,561790,TUCSON,AZ,official_business_licenses,,,,
standard,CATALINA POOL TILE CLEANING,5206993322,unknown,561790,TUCSON,AZ,official_business_licenses,,,,
standard,UPLIFT WINDOW WASH SERVICE,5208958702,unknown,561790,TUCSON,AZ,official_business_licenses,,,,
standard,A.W.G POOL SERVICE AND REPAIR,5208614897,unknown,561790,TUCSON,AZ,official_business_licenses,,,,
standard,H&H ENTERPRISES,5203312274,unknown,561790,MARANA,AZ,official_business_licenses,,,,
standard,J&M STOREFRONT CLEANING LLC,5208088722,unknown,561790,MARANA,AZ,official_business_licenses,,,,
standard,CAMCO,5207482583,unknown,561790,TUCSON,AZ,official_business_licenses,,,,
standard,TUCSON JANITORIAL,5204054994,unknown,561790,TUCSON,AZ,official_business_licenses,,,,
standard,CJ SWIMMING POOLS,5204039330,unknown,561790,TUCSON,AZ,official_business_licenses,,,,
standard,KROGSTAD'S LLC,5208200151,unknown,561790,TUCSON,AZ,official_business_licenses,,,,
standard,STREAKLESS WINDOW WASHING,5208086635,unknown,561790,TUCSON,AZ,official_business_licenses,,,,
standard,ECM POOL SERVICE,5203091122,unknown,561790,TUCSON,AZ,official_business_licenses,,,,
standard,DIAMOND POOL CARE,5203121611,unknown,561790,TUCSON,AZ,official_business_licenses,,,,
standard,MARIA G RODRIGUEZ,5204371052,unknown,561790,TUCSON,AZ,official_business_licenses,,,,
standard,ADVANCED CLEANING SOLUTIONS,5203347723,unknown,561790,TUCSON,AZ,official_business_licenses,,,,
standard,L&T PROFESSIONAL CLEANING,5204059140,unknown,561790,TUCSON,AZ,official_business_licenses,,,,
standard,TRUSTED WATERS,5209555885,unknown,561790,TUCSON,AZ,official_business_licenses,,,,
standard,LEGACY POOL SERVICE,5203100453,unknown,561790,TUCSON,AZ,official_business_licenses,,,,
standard,PRECISION SWEEPING COMPANY,5204066002,unknown,561790,TUCSON,AZ,official_business_licenses,,,,
standard,POWERWASHING SERVICE IMPRESSIONS,5203540065,unknown,561790,VAIL,AZ,official_business_licenses,,,,
standard,CASTRO CLEANING,5206098152,unknown,561790,TUCSON,AZ,official_business_licenses,,,,
standard,CLEAN SOLAR,5209918815,unknown,561790,TUCSON,AZ,official_business_licenses,,,,
standard,DESERT EXPRESS ULTRASONIC BLIND CLEANING,5207224830,unknown,561790,TUCSON,AZ,official_business_licenses,,,,
standard,PAUL'S POOL & SPA SERVICE,5205758299,unknown,561790,TUCSON,AZ,official_business_licenses,,,,
standard,WATER MONKEY POOL SERVICE LLC,5206039856,unknown,561790,TUCSON,AZ,official_business_licenses,,,,
standard,M&M CLEANING CO,5204007564,unknown,561790,TUCSON,AZ,official_business_licenses,,,,
standard,AZ BLASTERS,5208507292,unknown,561790,TUCSON,AZ,official_business_licenses,,,,
standard,PATRICIA MARISCAL,5202475050,unknown,561790,TUCSON,AZ,official_business_licenses,,,,
standard,THAT GIRL'S POOL SERVICE,5207839344,unknown,561790,TUCSON,AZ,official_business_licenses,,,,
standard,COMMERCIAL ENERGY SPECIALISTS,5613542728,unknown,561790,TEMPE,AZ,official_business_licenses,,,,
standard,PINOLEROS POOL SERVICES,5203018290,unknown,561790,TUCSON,AZ,official_business_licenses,,,,
standard,VISION CLEAR POOL SERVICE LLC,5209045181,unknown,561790,TUCSON,AZ,official_business_licenses,,,,
standard,TUCSON PRESSURE WASHING & FIRE PROTECTIO,5204012146,unknown,561790,TUCSON,AZ,official_business_licenses,,,,
standard,THE POOL CREW,5206615616,unknown,561790,TUCSON,AZ,official_business_licenses,,,,
standard,AQUA ZEN POOL SERVICE & REPAIR,5203426862,unknown,561790,TUCSON,AZ,official_business_licenses,,,,
standard,THAD'S POOL SERVICE,5209090084,unknown,561790,TUCSON,AZ,official_business_licenses,,,,
standard,DETAILS DONE BY KRIS,5208611617,unknown,561790,TUCSON,AZ,official_business_licenses,,,,
standard,HAMILTON POOL SERVICE AND REPAIR,5208087675,unknown,561790,TUCSON,AZ,official_business_licenses,,,,
standard,M&M JANITORIAL SERVICE,5204813244,unknown,561790,TUCSON,AZ,official_business_licenses,,,,
standard,CLEAR & SIMPLE POOL AND SPA SERVICES,5209034954,unknown,561790,TUCSON,AZ,official_business_licenses,,,,
standard,POOLBUSTERS,5205397132,unknown,561790,TUCSON,AZ,official_business_licenses,,,,
standard,MONSOON POOLS LLC,5209127940,unknown,561790,TUCSON,AZ,official_business_licenses,,,,
standard,FOOTHILL POOL SERVICE,5202994737,unknown,561790,TUCSON,AZ,official_business_licenses,,,,
standard,ROSA'S MAGIC WAND,5207456009,unknown,561790,TUCSON,AZ,official_business_licenses,,,,
standard,AZ BIO CLEANUP AND RESTORATION,6025152364,unknown,561790,TEMPE,AZ,official_business_licenses,,,,
standard,UP TOP CLEANING,9284178997,unknown,561790,THATCHER,AZ,official_business_licenses,,,,
standard,QUALITY CLEANING SERVICES,5206169052,unknown,561790,MARANA,AZ,official_business_licenses,,,,
standard,PARK POOL SERVICE AND REPAIRS LLC,5205914854,unknown,561790,SAHUARITA,AZ,official_business_licenses,,,,
standard,CSP POOL SERVICE & REPAIR LLC,5203042200,unknown,561790,TUCSON,AZ,official_business_licenses,,,,
standard,CURT WINGERT JANITORIAL SERVICE,5204294563,unknown,561790,TUCSON,AZ,official_business_licenses,,,,
standard,FERRELL PRESSURE WASHING AND MORE,5208095500,unknown,561790,TUCSON,AZ,official_business_licenses,,,,
standard,RE-PHRESH POOL SERVICE,5204407366,unknown,561790,TUCSON,AZ,official_business_licenses,,,,
standard,PUMA ENTERPRISES,5202400806,unknown,561790,TUCSON,AZ,official_business_licenses,,,,
standard,RINCON WINDOW CLEANING,5202439166,unknown,561790,TUCSON,AZ,official_business_licenses,,,,
standard,MAKO POOL SERVICE,5203381921,unknown,561790,TUCSON,AZ,official_business_licenses,,,,
standard,DAGS POOLS LLC,5208129071,unknown,561790,TUCSON,AZ,official_business_licenses,,,,
standard,AQUA LLC,5209713921,unknown,561790,TUCSON,AZ,official_business_licenses,,,,
standard,MARIA J HARO,5202735510,unknown,561790,TUCSON,AZ,official_business_licenses,,,,
standard,SAPPHIRE POOL SERVICE LLC,5202408097,unknown,561790,TUCSON,AZ,official_business_licenses,,,,
standard,FDS 360 LLC,5204121124,unknown,561790,TUCSON,AZ,official_business_licenses,,,,
standard,MARTIN POOL SERVICE,5204036858,unknown,561790,TUCSON,AZ,official_business_licenses,,,,
standard,DESERT CLEANING JANITORIAL SERVICE,5207226776,unknown,561790,TUCSON,AZ,official_business_licenses,,,,
standard,MELS POOL CLEANING,5203925650,unknown,561790,TUCSON,AZ,official_business_licenses,,,,
standard,WILLIAMS JANITORIAL SVC,5202950612,unknown,561790,TUCSON,AZ,official_business_licenses,,,,
standard,PUEBLO POOL SERVICE,5202193669,unknown,561790,TUCSON,AZ,official_business_licenses,,,,
standard,SPECIAL TOUCH HOUSECLEANING & PROPERTY D,5202903703,unknown,561790,TUCSON,AZ,official_business_licenses,,,,
standard,OLD PUEBLO SWEEPING LLC,5206247001,unknown,561790,TUCSON,AZ,official_business_licenses,,,,
standard,ANA'S CLEANING SERVICE,5202946196,unknown,561790,TUCSON,AZ,official_business_licenses,,,,
standard,MARTIN BROTHERS SWEEPING COMPANY,5209039940,unknown,561790,TUCSON,AZ,official_business_licenses,,,,
standard,MARIA'S CLEANING SERVICE,5202472827,unknown,561790,MARANA,AZ,official_business_licenses,,,,
standard,D&L PICKLEBALL,5208888996,unknown,561790,TUCSON,AZ,official_business_licenses,,,,
standard,D&B POWER WASHING SERVICE,5205736667,unknown,561790,TUCSON,AZ,official_business_licenses,,,,
standard,BLUE MAINTENANCE INC,5209546874,unknown,561790,TUCSON,AZ,official_business_licenses,,,,
standard,CASA BONITA CLEANING SERVICE,5209918717,unknown,561790,TUCSON,AZ,official_business_licenses,,,,
standard,KRIMZEN POOLS LLC,5208080641,unknown,561790,TUCSON,AZ,official_business_licenses,,,,
standard,GARCIA POOLS,5203030528,unknown,561790,TUCSON,AZ,official_business_licenses,,,,
standard,SIS CLEANING,5203584685,unknown,561790,TUCSON,AZ,official_business_licenses,,,,
standard,CRISTINA'S CLEANING SERVICE,5204034303,unknown,561790,TUCSON,AZ,official_business_licenses,,,,
standard,DESERT WILLOW POOL SERVICE,5203902746,unknown,561790,TUCSON,AZ,official_business_licenses,,,,
standard,VICTORY PRO SERVICES,5204997138,unknown,561790,TUCSON,AZ,official_business_licenses,,,,
standard,NOW CLEANING SERVICE,5202703678,unknown,561790,TUCSON,AZ,official_business_licenses,,,,
standard,AWASH WINDOW & BLDG CLEANING MAINTENANCE,5207409243,unknown,561790,TUCSON,AZ,official_business_licenses,,,,
standard,SUN VALLEY POOL CARE LLC,5204404929,unknown,561790,TUCSON,AZ,official_business_licenses,,,,
standard,RUYLES POOLS,5208818410,unknown,561790,TUCSON,AZ,official_business_licenses,,,,
standard,ZONA PRESSURE WASH & YARD DETAIL,5204818119,unknown,561790,TUCSON,AZ,official_business_licenses,,,,
standard,CHEERS CLEANING INC,5207421664,unknown,561790,TUCSON,AZ,official_business_licenses,,,,
standard,ATMOSPHERE LLC,5202835286,unknown,561790,TUCSON,AZ,official_business_licenses,,,,
standard,DESERT DUCT DETAILING LLC,5208292217,unknown,561790,TUCSON,AZ,official_business_licenses,,,,
standard,DESERT POOL TILE RENOVATING,5202758010,unknown,561790,TUCSON,AZ,official_business_licenses,,,,
standard,ALLISON BOVELL,5202374237,unknown,561790,TUCSON,AZ,official_business_licenses,,,,
standard,DESERT HYDRO POWER WASHING,5202712133,unknown,561790,TUCSON,AZ,official_business_licenses,,,,
standard,2 GUYS & A SPONGE,5202606360,unknown,561790,VAIL,AZ,official_business_licenses,,,,
standard,AMP FACILITY SERVICES LLC,5204427525,unknown,561790,TUCSON,AZ,official_business_licenses,,,,
standard,OLD PUEBLO POOL CLEANING,5208503518,unknown,561790,TUCSON,AZ,official_business_licenses,,,,
standard,ALOHA POOL SERVICE,5207487047,unknown,561790,TUCSON,AZ,official_business_licenses,,,,
standard,ROSARIO ROSAS CLEANING,5206030277,unknown,561790,TUCSON,AZ,official_business_licenses,,,,
standard,ZKM LLC,5208489425,unknown,561790,TUCSON,AZ,official_business_licenses,,,,
standard,SHANE'S STELLAR WINDOW CLEANING LLC,5204407658,unknown,561790,TUCSON,AZ,official_business_licenses,,,,
standard,CHIMNEY CRICKET,5203045544,unknown,561790,TUCSON,AZ,official_business_licenses,,,,
standard,BLUE BOTTOM POOLS  AZ,5209049424,unknown,561790,TUCSON,AZ,official_business_licenses,,,,
standard,E&E CLEANING SERVICE,5208705709,unknown,561790,TUCSON,AZ,official_business_licenses,,,,
standard,L&A HOUSEKEEPING,5208080926,unknown,561790,TUCSON,AZ,official_business_licenses,,,,
standard,ARVAYO'S POOLS,5204999847,unknown,561790,TUCSON,AZ,official_business_licenses,,,,
standard,ARC PRESSURE WASHING SERVICES,5204091997,unknown,561790,TUCSON,AZ,official_business_licenses,,,,
standard,RINCON POWER WASHING,5203543080,unknown,561790,TUCSON,AZ,official_business_licenses,,,,
standard,AFFORDABLE SEWER AND DRAIN CLEANING LLC,5202726277,unknown,561790,TUCSON,AZ,official_business_licenses,,,,
standard,CARSON'S POWER VAC,5207221871,unknown,561790,TUCSON,AZ,official_business_licenses,,,,
standard,NICE & CLEAN LLC,5203044601,unknown,561790,TUCSON,AZ,official_business_licenses,,,,
standard,BETTER VISION JANITORIAL,5205141239,unknown,561790,TUCSON,AZ,official_business_licenses,,,,
standard,B&M FLOORCARE,5203445526,unknown,561790,TUCSON,AZ,official_business_licenses,,,,
standard,AVRA POOL CARE,5209554112,unknown,561790,MARANA,AZ,official_business_licenses,,,,
standard,ANDY'S SWIMMING POOL SERVICE,5209403100,unknown,561790,TUCSON,AZ,official_business_licenses,,,,
standard,FRANCISCO B HERNANDEZ,5202040747,unknown,561790,TUCSON,AZ,official_business_licenses,,,,
standard,DESERT SHADOWS POOLS,5204193373,unknown,561790,TUCSON,AZ,official_business_licenses,,,,
standard,AQUABELLA POOLS,5202947960,unknown,561790,TUCSON,AZ,official_business_licenses,,,,
standard,AGUA DULCE POOL SERVICE,5204428778,unknown,561790,TUCSON,AZ,official_business_licenses,,,,
standard,PRESSLEX PRESSURE WASH LLC/PRESSLEX MOBILE WASH,5204827057,unknown,561790,TUCSON,AZ,official_business_licenses,,,,
standard,DOCTOR CLEAN,5209778574,unknown,561790,TUCSON,AZ,official_business_licenses,,,,
standard,RIVERA HOOD & EXHAUST CLEANING,5206631642,unknown,561790,TUCSON,AZ,official_business_licenses,,,,
standard,DUCT KNIGHTS,5205282467,unknown,561790,TUCSON,AZ,official_business_licenses,,,,
standard,EZ POOLS INC,5202560228,unknown,561790,MARANA,AZ,official_business_licenses,,,,
standard,AMERICA'S SWIMMING POOL COMPANY OF NORTHWEST TUCSON,5206684327,unknown,561790,TUCSON,AZ,official_business_licenses,,,,
standard,ANDRADE POOL CARE AND SERVICE,5203921553,unknown,561790,TUCSON,AZ,official_business_licenses,,,,
standard,MAJESTIC POOLS & SPAS LLC,2158689959,unknown,561790,TUCSON,AZ,official_business_licenses,,,,
standard,DISCOUNT POOL,5206315982,unknown,561790,TUCSON,AZ,official_business_licenses,,,,
standard,IC HOUSE CLEANING,5203041225,unknown,561790,TUCSON,AZ,official_business_licenses,,,,
standard,PEGGY'S CLEANING SERVICES,5204716749,unknown,561790,TUCSON,AZ,official_business_licenses,,,,
standard,TERRY'S POOL SERVICE,5202602194,unknown,561790,TUCSON,AZ,official_business_licenses,,,,
standard,PH LINK POOL SERVICE,5203105832,unknown,561790,TUCSON,AZ,official_business_licenses,,,,
standard,FLORES JANITORIAL CLEANING,5208679170,unknown,561790,TUCSON,AZ,official_business_licenses,,,,
standard,JCS POOL REPAIR,5202702196,unknown,561790,VAIL,AZ,official_business_licenses,,,,
standard,JC HOME REPAIR,5202455166,unknown,561790,VAIL,AZ,official_business_licenses,,,,
standard,PLEASANT POOL SERVICE,5203347323,unknown,561790,TUCSON,AZ,official_business_licenses,,,,
standard,TUCSON AIR DUCT CLEANING,5209775673,unknown,561790,TUCSON,AZ,official_business_licenses,,,,
standard,FINA CLEANING,5206616984,unknown,561790,TUCSON,AZ,official_business_licenses,,,,
standard,A MAID TO ORDER,5207903195,unknown,561790,TUCSON,AZ,official_business_licenses,,,,
standard,BEHROUZ SPAS & POWERPOOLS LLC,5209712774,unknown,561790,TUCSON,AZ,official_business_licenses,,,,
standard,GABE'S SPOTLESS WINDOW CLEANING,5208221653,unknown,561790,TUCSON,AZ,official_business_licenses,,,,
standard,LUIS & REYNA CLEANING SERVICES,5202131844,unknown,561790,TUCSON,AZ,official_business_licenses,,,,
standard,AMBIANCE POOL SERVICE,5204259186,unknown,561790,TUCSON,AZ,official_business_licenses,,,,
standard,CLEAN THAT POOL TILE.COM,5203903158,unknown,561790,TUCSON,AZ,official_business_licenses,,,,
standard,OFFICIAL POOLS AZ,5207308760,unknown,561790,TUCSON,AZ,official_business_licenses,,,,
standard,ROUTINE SPRAY PROS,8167877828,unknown,561790,TUCSON,AZ,official_business_licenses,,,,
standard,SANDY'S CLEANING,5202562959,unknown,561790,TUCSON,AZ,official_business_licenses,,,,
standard,EXCEL POOLS AND SPAS LLC,5209991878,unknown,561790,TUCSON,AZ,official_business_licenses,,,,
standard,KG CLEANING SERVICE,5209094510,unknown,561790,VAIL,AZ,official_business_licenses,,,,
standard,MAUREEN'S PROFESSIONAL HOUSECLEANING,5202921313,unknown,561790,VAIL,AZ,official_business_licenses,,,,
standard,THE RIGHT CLEANING CO,5202446820,unknown,561790,TUCSON,AZ,official_business_licenses,,,,
standard,TUCSON POOL SERVICE INC,5203367753,unknown,561790,TUCSON,AZ,official_business_licenses,,,,
standard,TENACIOUS ENDEAVORS LLC,5204403440,unknown,561790,TUCSON,AZ,official_business_licenses,,,,
standard,ROADRUNNER POOLS AND SPAS LLC,5202358578,unknown,561790,TUCSON,AZ,official_business_licenses,,,,
standard,DESERT VIEW POOL SERVICE LLC,5035693233,unknown,561790,TUCSON,AZ,official_business_licenses,,,,
standard,MIKE'S AFFORDABLE POOL SERVICE,5207809484,unknown,561790,TUCSON,AZ,official_business_licenses,,,,
standard,CUSTOM SWEEPING,5202960439,unknown,561790,TUCSON,AZ,official_business_licenses,,,,
standard,DIVE IN POOL SERVICE,5204566513,unknown,561790,TUCSON,AZ,official_business_licenses,,,,
standard,LEAK FINDERS,5203424281,unknown,561790,ORO VALLEY,AZ,official_business_licenses,,,,
standard,XDREAM DETAIL,3462914736,unknown,561790,MARANA,AZ,official_business_licenses,,,,
standard,CLEAN POOL'S SERVICE CO,5204255578,unknown,561790,TUCSON,AZ,official_business_licenses,,,,
standard,DEBRI'S,5208862835,unknown,561790,TUCSON,AZ,official_business_licenses,,,,
standard,CW POOL SERVICE,5204017452,unknown,561790,TUCSON,AZ,official_business_licenses,,,,
standard,JC CLEAN SWEEP PROPERTY,5209092765,unknown,561790,TUCSON,AZ,official_business_licenses,,,,
standard,STARLITE POOL SERVICE,5204192034,unknown,561790,TUCSON,AZ,official_business_licenses,,,,
standard,PICTURE PERFECT POOLS,5203512504,unknown,561790,TUCSON,AZ,official_business_licenses,,,,
standard,KEEP IT CLEAN PRESSURE WASHING,5204497064,unknown,561790,TUCSON,AZ,official_business_licenses,,,,
standard,ISSIE & JOE CLEANING SVC,5202560971,unknown,561790,TUCSON,AZ,official_business_licenses,,,,
standard,ALLAN CARROLL,5209060099,unknown,561790,TUCSON,AZ,official_business_licenses,,,,
standard,DROWS POWER WASHING,5203125762,unknown,561790,TUCSON,AZ,official_business_licenses,,,,
standard,MCARDLE CLAN PRESSURE WASHING,5203445781,unknown,561790,TUCSON,AZ,official_business_licenses,,,,
standard,JERRYS AND TONYA'S POOL SERVICE,5204064358,unknown,561790,TUCSON,AZ,official_business_licenses,,,,
standard,NU WAVES POOL SERVICES,5202408002,unknown,561790,TUCSON,AZ,official_business_licenses,,,,
standard,DESERTRAINPRESSUREWASH,5206123514,unknown,561790,GILBERT,AZ,official_business_licenses,,,,
standard,HIGH PRESSURE SOLUTIONS,5205615099,unknown,561790,TUCSON,AZ,official_business_licenses,,,,
standard,AMERICAN HOME SERVICES LLC,5209070889,unknown,561790,TUCSON,AZ,official_business_licenses,,,,
standard,EGJ JANITORIAL & POWER WASHING SERVICES,5202458116,unknown,561790,TUCSON,AZ,official_business_licenses,,,,
standard,NARANJO POOLS,5209063117,unknown,561790,TUCSON,AZ,official_business_licenses,,,,
standard,CLEAR WATER POOL AND SPA SERVICES,5208915780,unknown,561790,TUCSON,AZ,official_business_licenses,,,,
standard,GILBERTO CARPIO,5208824569,unknown,561790,TUCSON,AZ,official_business_licenses,,,,
standard,SUNRISE CONCRETE CLEANING,5207905589,unknown,561790,TUCSON,AZ,official_business_licenses,,,,
standard,VIDAL ENTERPRISES,5208086363,unknown,561790,TUCSON,AZ,official_business_licenses,,,,
standard,TRACY'S DYNAMIC CLEANING INC,5207214288,unknown,561790,TUCSON,AZ,official_business_licenses,,,,
standard,LUNA POOL AND LANDSCAPING SERVICE LLC,5202721167,unknown,561790,TUCSON,AZ,official_business_licenses,,,,
standard,MJR ENTERPRISE,5207475797,unknown,561790,TUCSON,AZ,official_business_licenses,,,,
standard,MICHELLES PERSONALIZED HOUSECLEANING,5208086329,unknown,561790,TUCSON,AZ,official_business_licenses,,,,
standard,STEAM WORKS,5202358110,unknown,561790,TUCSON,AZ,official_business_licenses,,,,
standard,DIMAS CLEANING SERVICES LLC,5202881477,unknown,561790,TUCSON,AZ,official_business_licenses,,,,
standard,SOS POOL DECK CLEANING,5202933222,unknown,561790,TUCSON,AZ,official_business_licenses,,,,
standard,SUNSHINE POOL SERVICES LLC,5203323831,unknown,561790,TUCSON,AZ,official_business_licenses,,,,
standard,MIRAGE CLEANING SERVICES,5203324977,unknown,561790,TUCSON,AZ,official_business_licenses,,,,
standard,TIMOTHY F FLANIGAN,5204052506,unknown,561790,TUCSON,AZ,official_business_licenses,,,,
standard,SAM POOL SERVICE,5206092998,unknown,561790,TUCSON,AZ,official_business_licenses,,,,
standard,HANSONS JANITORIAL SERVICE & SUPPLY,5203609537,unknown,561790,CORTARO,AZ,official_business_licenses,,,,
standard,MCCALLISTER POOLS LLC,5204095609,unknown,561790,TUCSON,AZ,official_business_licenses,,,,
standard,PROFESSIONAL WINDOW CLEANING & JANITORIA,5207307592,unknown,561790,TUCSON,AZ,official_business_licenses,,,,
standard,SK&A JANITORIAL,5207600542,unknown,561790,TUCSON,AZ,official_business_licenses,,,,
standard,MATLOCK'S JANITORIAL & CLEANING SERVICE,5203021224,unknown,561790,TUCSON,AZ,official_business_licenses,,,,
standard,BECKER'S AIR POWERED SWEEPING SERVICE,5209400121,unknown,561790,SAHUARITA,AZ,official_business_licenses,,,,
standard,A+ MAIDS,5204011209,unknown,561790,TUCSON,AZ,official_business_licenses,,,,
standard,POOL CLEAN SERVICES,5203098128,unknown,561790,TUCSON,AZ,official_business_licenses,,,,
standard,PROGRESSIVE CLEANING SERVICES INC,5207426019,unknown,561790,TUCSON,AZ,official_business_licenses,,,,
standard,MILLIES CLEANING SERVICE,5208693376,unknown,561790,TUCSON,AZ,official_business_licenses,,,,
standard,IRON HILL WINDOW CLEANING,5209772702,unknown,561790,TUCSON,AZ,official_business_licenses,,,,
standard,CLEANFORCE JUNK REMOVAL & POWER WASHING SOLUTIONS,5205433639,unknown,561790,TUCSON,AZ,official_business_licenses,,,,
standard,MIRRORED REFLECTIONS,5203044214,unknown,561790,TUCSON,AZ,official_business_licenses,,,,
standard,1ST CHOICE POOL SERVICE LLC,5204857665,unknown,561790,TUCSON,AZ,official_business_licenses,,,,
standard,THE THREE J MAINTENANCE,5203022571,unknown,561790,TUCSON,AZ,official_business_licenses,,,,
standard,PRESERVATION PROS INC,5204777067,unknown,561790,TUCSON,AZ,official_business_licenses,,,,
standard,LINDSEY ENTERPRISES LLC,5203250576,unknown,561790,TUCSON,AZ,official_business_licenses,,,,
standard,PARADISE POOLS SERVICE & SUPPLIES,5206128357,unknown,561790,TUCSON,AZ,official_business_licenses,,,,
standard,ENVIRO-CLEAN,5204069684,unknown,561790,TUCSON,AZ,official_business_licenses,,,,
standard,WIRTH POOL CARE,5208201381,unknown,561790,TUCSON,AZ,official_business_licenses,,,,
standard,REMEMBER ME,5203287070,unknown,561790,TUCSON,AZ,official_business_licenses,,,,
standard,AWARD BUILDING MAINTENANCE,5203581380,unknown,561790,TUCSON,AZ,official_business_licenses,,,,
standard,KINGFISHER POOL CLEANING,5205848419,unknown,561790,TUCSON,AZ,official_business_licenses,,,,
standard,CLAYTON RAYMOND CHUMLEY,5099307970,unknown,561790,TUCSON,AZ,official_business_licenses,,,,
standard,SCRUBIN-BUDS JANITORIAL SERVICE,5207474864,unknown,561790,VAIL,AZ,official_business_licenses,,,,
standard,K&J PROFESSIONAL JANITOR,5206485167,unknown,561790,TUCSON,AZ,official_business_licenses,,,,
standard,SPRAY ATTENTION,5204481278,unknown,561790,TUCSON,AZ,official_business_licenses,,,,
standard,DIRT AWAY WASHING WITH POWER,+18669274480,,561790,TUCSON,AZ,adapter:official_business_licenses,,,,
standard,ABC PUMPING & PORTABLE CLEANING SERVICES,+15207625507,,561790,VAIL,AZ,adapter:official_business_licenses,,,,
standard,Upkeefix LLC,4808610069,unknown,561790 and 561110,Mesa,AZ,official_business_licenses,,,,
standard,AN UNUZUAL LLC,7879734808,unknown,561920,TUCSON,AZ,official_business_licenses,,,,
standard,BANDAS Y MAMALONAS,5206008919,unknown,561920,TUCSON,AZ,official_business_licenses,,,,
standard,TUCSON TRADES INDOOR VENDOR MARKET LLC,5204882892,unknown,561920,TUCSON,AZ,official_business_licenses,,,,
standard,SOUTHWEST VENDORS MARKET LLC,5206220394,unknown,561920,TUCSON,AZ,official_business_licenses,,,,
standard,THE 520HIRO TRADING COMPANY,5206651153,unknown,561920,MARANA,AZ,official_business_licenses,,,,
standard,CRAIN AND CO EVENTS LLC,5203076914,unknown,561920,TUCSON,AZ,official_business_licenses,,,,
standard,JC EVENTS LLC,5207890167,unknown,561920,TUCSON,AZ,official_business_licenses,,,,
standard,Together At The Landing,4809001980,unknown,561920-02,Mesa,AZ,official_business_licenses,,,,
standard,ALL AROUND COMPUTING LLC,5209906185,unknown,561990,TUCSON,AZ,official_business_licenses,,,,
standard,SILHOUETTE BARTENDING LLC,5203939099,unknown,561990,TUCSON,AZ,official_business_licenses,,,,
standard,SWIFT GROUP LLC,4802204624,unknown,561990,GILBERT,AZ,official_business_licenses,,,,
standard,DONNA'S TITLE LLC,5207477615,unknown,561990,TUCSON,AZ,official_business_licenses,,,,
standard,THE BARRICADE COMPANY,6234730269,unknown,561990,PHOENIX,AZ,official_business_licenses,,,,
standard,OSCAR JARAMILLO AUCTIONEER,5204043712,unknown,561990,TUCSON,AZ,official_business_licenses,,,,
standard,SUBTERRA UTILITY LOCATING LLC,5204060651,unknown,561990,TUCSON,AZ,official_business_licenses,,,,
standard,MAXIMUN JUNK REMOVAL,5204066200,unknown,56211,TUCSON,AZ,official_business_licenses,,,,
standard,SCOOP SOLDIERS,5205480134,unknown,562111,TUCSON,AZ,official_business_licenses,,,,
standard,DESERT MINI ROLL OFF,5209776398,unknown,562111,TUCSON,AZ,official_business_licenses,,,,
standard,JESSE'S JUNK REMOVAL,5206511630,unknown,562111,TUCSON,AZ,official_business_licenses,,,,
standard,NEFF ECO RECYCLING,5205396288,unknown,562111,TUCSON,AZ,official_business_licenses,,,,
standard,4 GODS GRACE HAULING SERVICE ETC,5204552397,unknown,562111,TUCSON,AZ,official_business_licenses,,,,
standard,RIGHT AWAY DISPOSAL,4807761329,unknown,562111,APACHE JUNCTION,AZ,official_business_licenses,,,,
standard,NIVLACS JUNK & BULK HAULING,5202787643,unknown,562111,TUCSON,AZ,official_business_licenses,,,,
standard,K&J HAUL AND JUNK BUSTERS AZ LLC,5205485167,unknown,562111,TUCSON,AZ,official_business_licenses,,,,
standard,FOWLKES RECYCLING,5202486834,unknown,562111,TUCSON,AZ,official_business_licenses,,,,
standard,MNM RECYCLING,5205510693,unknown,562111,TUCSON,AZ,official_business_licenses,,,,
standard,STRONG ARM REMOVAL AND SERVICES,5209121065,unknown,562111,TUCSON,AZ,official_business_licenses,,,,
standard,WASTE MANAGEMENT OF ARIZONA INC,5205725532,unknown,562111,TUCSON,AZ,official_business_licenses,,,,
standard,WASTE MANAGEMENT OF ARIZONA INC,5205725524,unknown,562111,TUCSON,AZ,official_business_licenses,,,,
standard,CJR,5203607107,unknown,562111,TUCSON,AZ,official_business_licenses,,,,
standard,TUCSON MOUNTAIN VENTURES,5208835868,unknown,562111,CORTARO,AZ,official_business_licenses,,,,
standard,WASTE CONTROL LLC,5202477511,unknown,562111,TUCSON,AZ,official_business_licenses,,,,
standard,ELITE DOORSTEP VALET,5202783651,unknown,562111,TUCSON,AZ,official_business_licenses,,,,
standard,AJR SERVICES,5202233452,unknown,562111,TUCSON,AZ,official_business_licenses,,,,
standard,RCD HAULING AND DISPOSAL LLC,5204889982,unknown,562111,TUCSON,AZ,official_business_licenses,,,,
standard,JUNK KING TUCSON,5203727093,unknown,562111,TUCSON,AZ,official_business_licenses,,,,
standard,TRASH AMIGOS LLC,5205519361,unknown,562111,TUCSON,AZ,official_business_licenses,,,,
standard,LIZY JUNK REMOVAL & RECYCLING,5206335612,unknown,562111,TUCSON,AZ,official_business_licenses,,,,
standard,HAUL GOODMAN LLC,5203107651,unknown,562111,TUCSON,AZ,official_business_licenses,,,,
standard,REPUBLIC SERVICES OF ARIZONA HAULING,5205194821,unknown,562111,TUCSON,AZ,official_business_licenses,,,,
standard,SCRAPS ON SCRAPS,5207843464,unknown,562111,TUCSON,AZ,official_business_licenses,,,,
standard,SANTA RITA WASTE SYSTEMS LLC,5208385404,unknown,562111,TUCSON,AZ,official_business_licenses,,,,
standard,SONORAN DESERT JUNK REMOVAL LLC,5203588062,unknown,562112,TUCSON,AZ,official_business_licenses,,,,
standard,COPPERSTATE ROLLOFF SERVICES,5206332828,unknown,562119,TUCSON,AZ,official_business_licenses,,,,
standard,GOTRAILER ROLLOFFS,3524349409,unknown,562119,SIERRA VISTA,AZ,official_business_licenses,,,,
standard,TERDZILLAS,5203073929,unknown,562119,TUCSON,AZ,official_business_licenses,,,,
standard,CALL FOR A HAUL,5203362262,unknown,562119,TUCSON,AZ,official_business_licenses,,,,
standard,WAGS N WASTE,5203056529,unknown,562119,VAIL,AZ,official_business_licenses,,,,
standard,KENNETH THOMPSON,5203696095,unknown,562119,TUCSON,AZ,official_business_licenses,,,,
standard,MONIQUE MARIE GOODACRE,5204719567,unknown,562119,TUCSON,AZ,official_business_licenses,,,,
standard,M5 JUNK REMOVAL,5209816484,unknown,562119,MARANA,AZ,official_business_licenses,,,,
standard,OLD PUEBLO YARD AND JUNK,5202452967,unknown,562119,TUCSON,AZ,official_business_licenses,,,,
standard,JOE'S JUNK REMOCAL LLC,5209990668,unknown,562119,MARANA,AZ,official_business_licenses,,,,
standard,HARRIS AND SONS LOGISTICS,5202625476,unknown,562119,TUCSON,AZ,official_business_licenses,,,,
standard,COPPER RIDGE ROLL OFFS,5202219782,unknown,562119,TUCSON,AZ,official_business_licenses,,,,
standard,ABSOLUTE REMOVAL INC,5202503807,unknown,562119,TUCSON,AZ,official_business_licenses,,,,
standard,PIMA POOP SCOOPERS,5205002676,unknown,562119,TUCSON,AZ,official_business_licenses,,,,
standard,WANNA TRADE,5204603399,unknown,562119,TUCSON,AZ,official_business_licenses,,,,
standard,SUNDRIVEN CO,5205289674,unknown,562119,SAHUARITA,AZ,official_business_licenses,,,,
standard,KLOOS MECHANICAL & HAULING,5204449589,unknown,562119,MARANA,AZ,official_business_licenses,,,,
standard,R & R MINI ROLL OFFS LLC,5205348067,unknown,562211,TUCSON,AZ,official_business_licenses,,,,
standard,MEDXWASTE OF ARIZONA,5209098710,unknown,562211,TUCSON,AZ,official_business_licenses,,,,
standard,NATIONAL HAZARD CONTROL,+18669637636,,562211,TEMPE,AZ,adapter:official_business_licenses,,,,
standard,DESERT DUMPSTER RENTALS,5207800641,unknown,562212,SAHUARITA,AZ,official_business_licenses,,,,
standard,ECO-PAN,6023740829,unknown,562219,TEMPE,AZ,official_business_licenses,,,,
standard,DESERT COMPOSTABLES,5204900084,unknown,562219,TUCSON,AZ,official_business_licenses,,,,
standard,ACCURATE BIOHAZARD CLEANING,5208330004,unknown,562910,VAIL,AZ,official_business_licenses,,,,
standard,EDGE RESTORATION,4806650678,unknown,562910,MESA,AZ,official_business_licenses,,,,
standard,WATSON FAMILY HOME SOLUTIONS,5205917277,unknown,562910,TUCSON,AZ,official_business_licenses,,,,
standard,LEE RESTORATION AND RECYCLE,5203325708,unknown,562910,TUCSON,AZ,official_business_licenses,,,,
standard,BIO-ONE OF TUCSON,5207715960,unknown,562910,TUCSON,AZ,official_business_licenses,,,,
standard,HC ENVIRONMENTAL LLC,5202370010,unknown,562910,TUCSON,AZ,official_business_licenses,,,,
standard,AM PM RESTORATION,6028629307,unknown,562910,PHOENIX,AZ,official_business_licenses,,,,
standard,R&R ENVIRONMENTAL CONSTRUCTION SERVICES,5203008990,unknown,562910,TUCSON,AZ,official_business_licenses,,,,
standard,HVF WEST LLC,5207509454,unknown,562920,TUCSON,AZ,official_business_licenses,,,,
standard,JOHNSON EXCAVATION LLC,5204715006,unknown,562991,TUCSON,AZ,official_business_licenses,,,,
standard,TWINRIDGE CONSTRUCTION INC,5204750968,unknown,562991,TUCSON,AZ,official_business_licenses,,,,
standard,BIN MASTERS,5207779091,unknown,562998,TUCSON,AZ,official_business_licenses,,,,
standard,BLUE -OX ODD JOB'S,5205288218,unknown,562998,TUCSON,AZ,official_business_licenses,,,,
standard,PRIME GLASS LLC,4808297628,unknown,562998,MESA,AZ,official_business_licenses,,,,
standard,PIPELINE VIDEO INSPECTION,+16026017000,,562998,SCOTTSDALE,AZ,adapter:official_business_licenses,,,,
standard,J & A LANDSCAPING,5204373001,unknown,567130,TUCSON,AZ,official_business_licenses,,,,
standard,"Benefit Intelligence, Inc.",4808924207,unknown,5784446,Mesa,AZ,official_business_licenses,,,,
standard,Blackthorn and Brew Co.,4803562738,unknown,"59430000, 339999, 458110",Mesa,AZ,official_business_licenses,,,,
standard,Diecast Addix LLC,4808534498,unknown,59450000,Mesa,AZ,official_business_licenses,,,,
standard,SignZ of the TimeZ,863-263-4124,unknown,599906,Mesa,AZ,official_business_licenses,,,,
standard,DR CaZ ecole,314-517-6795,unknown,61 (611710),Mesa,AZ,official_business_licenses,,,,
standard,SOUTHERN ARIZONA COMMUNITY ACADAMY INCORPORATED,5203196113,unknown,611110,GLENDALE,AZ,official_business_licenses,,,,
standard,THE MONTESSORI SCHOOLHOUSE OF TUCSON,5206228668,unknown,611110,TUCSON,AZ,official_business_licenses,,,,
standard,GENTECH EDU,4802905152,unknown,611110,PHOENIX,AZ,official_business_licenses,,,,
standard,CASA NINOS SCHOOL OF MONTESSORI INC,5207917079,unknown,611110,TUCSON,AZ,official_business_licenses,,,,
standard,EASTPOINT HIGH SCHOOL INC,5207318180,unknown,611110,TUCSON,AZ,official_business_licenses,,,,
standard,PLAYFORMANCE,5206233904,unknown,611110,TUCSON,AZ,official_business_licenses,,,,
standard,BODHI COMMUNITY K12 CORPORATION,5204413543,unknown,611110,TUCSON,AZ,official_business_licenses,,,,
standard,PIMA MEDICAL INSTITUTE,+15203261600,,611310,TUCSON,AZ,adapter:official_business_licenses,,,,
standard,SHOW YOU THE BIZ,5204006051,unknown,611420,TUCSON,AZ,official_business_licenses,,,,
standard,COMPUTOR DOCTOR OF TUCSON,5202615508,unknown,611420,TUCSON,AZ,official_business_licenses,,,,
standard,QUICKSTART ACADEMY INC,5128286505,unknown,611420,TUCSON,AZ,official_business_licenses,,,,
standard,CONNECT BUSINESS SOLUTIONS,5202619284,unknown,611420,TUCSON,AZ,official_business_licenses,,,,
standard,LIFE UNBOUND COACHING LLC,7063188696,unknown,611430,TUCSON,AZ,official_business_licenses,,,,
standard,NATIONAL CENTER FOR INTERPRETATION,5202714041,unknown,611430,TUCSON,AZ,official_business_licenses,,,,
standard,RCK PROPERTIES & DEVELOPMENT,5204441042,unknown,611430,TUCSON,AZ,official_business_licenses,,,,
standard,INTEGRATED STATES,5206091708,unknown,611430,TUCSON,AZ,official_business_licenses,,,,
standard,PHOENIX CONTENT AND TRAINING,7208847764,unknown,611430,TUCSON,AZ,official_business_licenses,,,,
standard,MIRANDA CONSULTING SERVICES,5203044867,unknown,611430,TUCSON,AZ,official_business_licenses,,,,
standard,ACTION RESIDENTIAL MORTGAGE,5207303761,unknown,611430,TUCSON,AZ,official_business_licenses,,,,
standard,MSGD EDUCATIONAL CONSULTING LLC,5205482295,unknown,611430,TUCSON,AZ,official_business_licenses,,,,
standard,PYZDEK INSTITUTE LLC,5207896291,unknown,611430,TUCSON,AZ,official_business_licenses,,,,
standard,ARIZONA PROVIDER TRAINING,4803221149,unknown,611430,CHANDLER,AZ,official_business_licenses,,,,
standard,PURE AESTHETICS,5205147873,unknown,611511,TUCSON,AZ,official_business_licenses,,,,
standard,THE BARBER ACADEMY,5202501686,unknown,611511,TUCSON,AZ,official_business_licenses,,,,
standard,ARIZONA EYELASH ACADEMY,5205857696,unknown,611511,TUCSON,AZ,official_business_licenses,,,,
standard,GLAM WITH SAM,5204488131,unknown,611511,TUCSON,AZ,official_business_licenses,,,,
standard,DUNBAR BARBER ACADEMY,5209822889,unknown,611511,TUCSON,AZ,official_business_licenses,,,,
standard,ARIZONA ACADEMY OF BEAUTY,5208854120,unknown,611511,TUCSON,AZ,official_business_licenses,,,,
standard,SKIN REPUBLIQUE,5204716463,unknown,611511,TUCSON,AZ,official_business_licenses,,,,
standard,"SilverSun Aviation, LLc",7205270661,unknown,"611512, 488119",Mesa,AZ,official_business_licenses,,,,
standard,PATIENCE PROFESSIONAL DOG TRAINER,5202419747,unknown,611519,TUCSON,AZ,official_business_licenses,,,,
standard,SOULS WITH GOALS LLC,5203129754,unknown,611519,TUCSON,AZ,official_business_licenses,,,,
standard,BLUE SKY FITNESS & RECREATION LLC,5202478160,unknown,611519,TUCSON,AZ,official_business_licenses,,,,
standard,CAPOEIRA MANDINGA TUCSON,5209756539,unknown,611519,TUCSON,AZ,official_business_licenses,,,,
standard,TUCSON INTEGRATIVE ACUPUNCTURE PLLC,5203398360,unknown,611519,TUCSON,AZ,official_business_licenses,,,,
standard,VICE POLE FITNESS,5202759306,unknown,611519,AMADO,AZ,official_business_licenses,,,,
standard,FIREHOUSE CPR & FIRST AID,5206039160,unknown,611519,TUCSON,AZ,official_business_licenses,,,,
standard,MEGASCIENCE,5205782470,unknown,611519,TUCSON,AZ,official_business_licenses,,,,
standard,JUDY HINES,5204711874,unknown,611519,TUCSON,AZ,official_business_licenses,,,,
standard,DYNAMIC YOGA ARIZONA,5209755650,unknown,611519,TUCSON,AZ,official_business_licenses,,,,
standard,GYMNASTIC WORLD,5208880519,unknown,611519,TUCSON,AZ,official_business_licenses,,,,
standard,SONGHAI ENTERPRISES,5208872986,unknown,611519,TUCSON,AZ,official_business_licenses,,,,
standard,TLMA KOSHO KARATE,5208082748,unknown,611519,TUCSON,AZ,official_business_licenses,,,,
standard,HUES'N'BOOZE,5209653468,unknown,611519,TUCSON,AZ,official_business_licenses,,,,
standard,GREAT HARMONY TAI CHI,5204032361,unknown,611519,TUCSON,AZ,official_business_licenses,,,,
standard,JAZZERCISE,5209074440,unknown,611519,TUCSON,AZ,official_business_licenses,,,,
standard,ROOTS HOT YOGA,5204446650,unknown,611519,TUCSON,AZ,official_business_licenses,,,,
standard,TUCSON COUNTRY DAY SCHOOL,5202960883,unknown,611519,TUCSON,AZ,official_business_licenses,,,,
standard,ACADEMY OF DRIVING,5207507572,unknown,611519,TUCSON,AZ,official_business_licenses,,,,
standard,DESERT METAL CRAFT LLC,5202724328,unknown,611519,TUCSON,AZ,official_business_licenses,,,,
standard,TOTAL TRAINING SOLUTIONS,5207212274,unknown,611519,TUCSON,AZ,official_business_licenses,,,,
standard,RYOGA STUDIO,5203443268,unknown,611519,TUCSON,AZ,official_business_licenses,,,,
standard,EKS GROUP,8136263303,unknown,611519,TUCSON,AZ,official_business_licenses,,,,
standard,MATHWORKS,5207456339,unknown,611519,TUCSON,AZ,official_business_licenses,,,,
standard,ARIZONA CONTRACTOR LICENSE CENTER,5202968523,unknown,611519,PHOENIX,AZ,official_business_licenses,,,,
standard,KIDS WORLD PRESCHOOL EAST,5203232546,unknown,611519,TUCSON,AZ,official_business_licenses,,,,
standard,PREMIER EDUCATION LLC,5203520008,unknown,611519,TUCSON,AZ,official_business_licenses,,,,
standard,CIRCUS SANCTUARY,5202704181,unknown,611519,TUCSON,AZ,official_business_licenses,,,,
standard,JUDITH A LEFEVRE,5209712496,unknown,611519,TUCSON,AZ,official_business_licenses,,,,
standard,QUALITY TIME,5204998039,unknown,611519,TUCSON,AZ,official_business_licenses,,,,
standard,LA LA LA STUDIOS,5209795914,unknown,611519,TUCSON,AZ,official_business_licenses,,,,
standard,C4 K9,5209990359,unknown,611519,TUCSON,AZ,official_business_licenses,,,,
standard,DESERT TAEKWONDO SOUTHWEST,5207900993,unknown,611519,TUCSON,AZ,official_business_licenses,,,,
standard,SONORAN DRIVING SCHOOL,5208205823,unknown,611519,TUCSON,AZ,official_business_licenses,,,,
standard,DMK PERFORMANCE HORSES,5203604124,unknown,611519,TUCSON,AZ,official_business_licenses,,,,
standard,THE PILATES CONNECTION,5202076121,unknown,611519,TUCSON,AZ,official_business_licenses,,,,
standard,BARTENDING ACADEMY OF TUCSON LLC,5203256300,unknown,611519,TUCSON,AZ,official_business_licenses,,,,
standard,MORE THAN MATH,5209068555,unknown,611519,TUCSON,AZ,official_business_licenses,,,,
standard,CAMPUS TUTORING SERVICES,7755382862,unknown,611519,TUCSON,AZ,official_business_licenses,,,,
standard,SOUTHWEST TRUCK DRIVER TRAINING,6023520704,unknown,611519,PHOENIX,AZ,official_business_licenses,,,,
standard,RK EDUCATIONAL CONSULTANT,5207840948,unknown,611519,TUCSON,AZ,official_business_licenses,,,,
standard,STUDIO JANOS,5209919780,unknown,611519,TUCSON,AZ,official_business_licenses,,,,
standard,WYNNE WONG-RIFE,5204903291,unknown,611519,TUCSON,AZ,official_business_licenses,,,,
standard,ISR TUCSON EAST,5202488154,unknown,611519,TUCSON,AZ,official_business_licenses,,,,
standard,SKYLINE BARTENDING SERVICE LLC,5204900297,unknown,611519,TUCSON,AZ,official_business_licenses,,,,
standard,ZERO BALANCING TRAINING,5206616197,unknown,611519,TUCSON,AZ,official_business_licenses,,,,
standard,ARIZONA COLLEGE,+18557068382,,611519,PHOENIX,AZ,adapter:official_business_licenses,,,,
standard,BODYBASICS HEALTH & FITNESS,+15204980359,,611519,TUCSON,AZ,adapter:official_business_licenses,,,,
standard,RENAISSANCE ACADEMY TUCSON LLC,9283683691,unknown,611600,TUCSON,AZ,official_business_licenses,,,,
standard,DIGITAL VISION ACADEMY,5203904723,unknown,611610,TUCSON,AZ,official_business_licenses,,,,
standard,PUMP DANCE,5204904000,unknown,611610,TUCSON,AZ,official_business_licenses,,,,
standard,DANIEL TOMAS WOODRUFF,5204256334,unknown,611610,TUCSON,AZ,official_business_licenses,,,,
standard,BLUE RAVEN ART SCHOOL,5206231003,unknown,611610,TUCSON,AZ,official_business_licenses,,,,
standard,SONORAN BALLET ACADEMY,5204288228,unknown,611610,TUCSON,AZ,official_business_licenses,,,,
standard,ZENITH WAY ART STUDION,5206474243,unknown,611610,TUCSON,AZ,official_business_licenses,,,,
standard,BREAKOUT STUDIOS,5204409986,unknown,611610,TUCSON,AZ,official_business_licenses,,,,
standard,DEW STUDIO,5202031064,unknown,611610,TUCSON,AZ,official_business_licenses,,,,
standard,DANA SMITH ARTIST,5202502202,unknown,611610,TUCSON,AZ,official_business_licenses,,,,
standard,THE BELLY STUDIO LLC,5206610321,unknown,611610,TUCSON,AZ,official_business_licenses,,,,
standard,FRED ASTAIRE DANCE STUDIOS TUCSON,5203005490,unknown,611610,TUCSON,AZ,official_business_licenses,,,,
standard,MALU ART STUDIO,5202482590,unknown,611610,TUCSON,AZ,official_business_licenses,,,,
standard,STUDIO AXE,5209901820,unknown,611610,TUCSON,AZ,official_business_licenses,,,,
standard,ELIXIR REHAB AND WELLNESS,5203315087,unknown,611610,TUCSON,AZ,official_business_licenses,,,,
standard,VAIL TAE KWON DO ACADEMY,5203451188,unknown,611610,TUCSON,AZ,official_business_licenses,,,,
standard,MONIQUE PETTWAY GALLERY,9015688809,unknown,611610,TUCSON,AZ,official_business_licenses,,,,
standard,ESCUELITA MUSICAL ELISEO SANTANA LLC,5203103663,unknown,611610,TUCSON,AZ,official_business_licenses,,,,
standard,MUSIC SERVICES,5202884790,unknown,611610,TUCSON,AZ,official_business_licenses,,,,
standard,LITTLE CRAFTERS LEGION,9073553557,unknown,611610,TUCSON,AZ,official_business_licenses,,,,
standard,GOTTA DANCE! STUDIO,5207228000,unknown,611610,TUCSON,AZ,official_business_licenses,,,,
standard,CIRCUS ACADEMY OF TUCSON,9288149637,unknown,611610,TUCSON,AZ,official_business_licenses,,,,
standard,TIM BOUDREAU MEDIA,5206243365,unknown,611610,TUCSON,AZ,official_business_licenses,,,,
standard,STUDIO ONE ARIZONA DANCE COMPANY,5207620888,unknown,611610,VAIL,AZ,official_business_licenses,,,,
standard,DANSWEST DANCE PRODUCTIONS,5207219477,unknown,611610,TUCSON,AZ,official_business_licenses,,,,
standard,SOUTHERN ARIZONA SPIRIT SQUAD,5204446467,unknown,611610,TUCSON,AZ,official_business_licenses,,,,
standard,BARRIO DRUM SCHOOL,5206040788,unknown,611610,TUCSON,AZ,official_business_licenses,,,,
standard,DANCE TUCSON,5208379358,unknown,611610,TUCSON,AZ,official_business_licenses,,,,
standard,BIZZY YOU,5202821161,unknown,611610,TUCSON,AZ,official_business_licenses,,,,
standard,MAKI MAKI THEATER,5204610760,unknown,611610,TUCSON,AZ,official_business_licenses,,,,
standard,SOUND THEORY STUDIO,5206036929,unknown,611610,TUCSON,AZ,official_business_licenses,,,,
standard,DANCE OF ARABIA,5204610801,unknown,611610,TUCSON,AZ,official_business_licenses,,,,
standard,ARIZONA FOLKLORICO DANCE COMPANY,5204003466,unknown,611610,TUCSON,AZ,official_business_licenses,,,,
standard,ANDANTE STUDIO,5207841041,unknown,611610,TUCSON,AZ,official_business_licenses,,,,
standard,CREATIVE HEARTS LLC,5204954952,unknown,611610,TUCSON,AZ,official_business_licenses,,,,
standard,ALLEGRO SCHOOL OF MUSIC,5202744977,unknown,611610,TUCSON,AZ,official_business_licenses,,,,
standard,LEY AMBER COLLECTIVE,5204718446,unknown,611610,TUCSON,AZ,official_business_licenses,,,,
standard,DREAM DANCE,5202038044,unknown,611610,TUCSON,AZ,official_business_licenses,,,,
standard,RIALTO THEATER,5207400126,unknown,611620,TUCSON,AZ,official_business_licenses,,,,
standard,RITA RANCH ACADEMY OF MARTIAL ARTS LLC,5203901144,unknown,611620,TUCSON,AZ,official_business_licenses,,,,
standard,NEUTRAL CORNER GYM,5208093842,unknown,611620,TUCSON,AZ,official_business_licenses,,,,
standard,RADIANT GYMNASTICS,5203315169,unknown,611620,TUCSON,AZ,official_business_licenses,,,,
standard,THE BLOC,5202092562,unknown,611620,TUCSON,AZ,official_business_licenses,,,,
standard,TUCSON SWIM/OKIDOKI KIDS CLUB,5208616920,unknown,611620,TUCSON,AZ,official_business_licenses,,,,
standard,ARIZONA OUTLAWZ,5206976743,unknown,611620,TUCSON,AZ,official_business_licenses,,,,
standard,WINTERHAVEN HAYRIDES,5208250208,unknown,611620,BENSON,AZ,official_business_licenses,,,,
standard,CESAR BALGANON II GOLF LLC,5209545583,unknown,611620,TUCSON,AZ,official_business_licenses,,,,
standard,EXCEL TRI COACHING,5202352838,unknown,611620,TUCSON,AZ,official_business_licenses,,,,
standard,PINNACLE ATHLETICS LLC,5202569355,unknown,611620,TUCSON,AZ,official_business_licenses,,,,
standard,KODENKAN CENTER,5208872322,unknown,611620,TUCSON,AZ,official_business_licenses,,,,
standard,SHAOLIN KUNG FU ACADEMY,5206651497,unknown,611620,TUCSON,AZ,official_business_licenses,,,,
standard,SONORAN BRAZILIAN JIU JITSU ACADEMY LLC,5203585072,unknown,611620,TUCSON,AZ,official_business_licenses,,,,
standard,EARLY LEARNING YOUTH SPORTS,5202351230,unknown,611620,TUCSON,AZ,official_business_licenses,,,,
standard,LEGACY COMBAT & FITNESS LLC,5205913501,unknown,611620,TUCSON,AZ,official_business_licenses,,,,
standard,LEGACY GRAPPLING ACADEMY,5202046362,unknown,611620,TUCSON,AZ,official_business_licenses,,,,
standard,MIDWAY WEST AMUSEMENTS,4804976871,unknown,611620,SUN CITY,AZ,official_business_licenses,,,,
standard,SAVA,5093306372,unknown,611620,MARANA,AZ,official_business_licenses,,,,
standard,SOUTHERN AZ BALLOONS INC,5206243599,unknown,611620,TUCSON,AZ,official_business_licenses,,,,
standard,BOXERS REBELLION MARTIAL ARTS,5208853177,unknown,611620,TUCSON,AZ,official_business_licenses,,,,
standard,THE FIELDHOUSE,5099533362,unknown,611620,TUCSON,AZ,official_business_licenses,,,,
standard,THE ARENA BRAZILIAN JIUJITSU,5203345793,unknown,611620,MARANA,AZ,official_business_licenses,,,,
standard,RED TRAINING SOLUTIONS LLC,5203389901,unknown,611620,TUCSON,AZ,official_business_licenses,,,,
standard,INFANT SWIM TUCSON LLC,5204331236,unknown,611620,TUCSON,AZ,official_business_licenses,,,,
standard,BRICK HOUSE BJJ LLC,5208917299,unknown,611620,TUCSON,AZ,official_business_licenses,,,,
standard,THE EYRIE BRAZILIAN JIU JITSU,5209990379,unknown,611620,TUCSON,AZ,official_business_licenses,,,,
standard,WEST COAST MARTIAL ARTS TUCSON LLC,5207901197,unknown,611620,TUCSON,AZ,official_business_licenses,,,,
standard,COMBATIVE EDGE KRAV MAGA,5209750168,unknown,611620,MARANA,AZ,official_business_licenses,,,,
standard,MAUKA TOTAL COMBATIVES LLC,5208611108,unknown,611620,TUCSON,AZ,official_business_licenses,,,,
standard,TUCSON TENNIS MANAGEMENT,5207914896,unknown,611620,TUCSON,AZ,official_business_licenses,,,,
standard,FLOOR POLISH DANCE STUDIO,5203335905,unknown,611620,TUCSON,AZ,official_business_licenses,,,,
standard,ELITE SOCCER ACADEMY,5203700241,unknown,611620,TUCSON,AZ,official_business_licenses,,,,
standard,FACTOTUM FUNCTIONAL FITNESS,5202700945,unknown,611620,TUCSON,AZ,official_business_licenses,,,,
standard,SUN VALLEY RIDES LLC,6023632677,unknown,611620,PEORIA,AZ,official_business_licenses,,,,
standard,ALLIANCE JIU JITSU,3959558355,unknown,611620,VAIL,AZ,official_business_licenses,,,,
standard,GOLF ON THE GO,5202899566,unknown,611620,MARANA,AZ,official_business_licenses,,,,
standard,ROCKS & ROPES OF TUCSON INCORPORATED,5208825924,unknown,611620,TUCSON,AZ,official_business_licenses,,,,
standard,FOOT TO PEDAL LLC,5205916444,unknown,611620,TUCSON,AZ,official_business_licenses,,,,
standard,FLUENCY MOTION LLC,5204779093,unknown,611620,TUCSON,AZ,official_business_licenses,,,,
standard,RINCON FIT BODY BOOT CAMP,5209756876,unknown,611620,TUCSON,AZ,official_business_licenses,,,,
standard,TUCSON CYR LLC,5208847445,unknown,611620,TUCSON,AZ,official_business_licenses,,,,
standard,TUCSON JAPANESE LANGUAGE SCHOOL LLC,5208692666,unknown,611630,TUCSON,AZ,official_business_licenses,,,,
standard,LANGUAGE WORLD,5208200627,unknown,611630,TUCSON,AZ,official_business_licenses,,,,
standard,CREATIVE RESOURCES COACHING LLC,5202604884,unknown,611691,TUCSON,AZ,official_business_licenses,,,,
standard,VENTURE LEARNING,5205767147,unknown,611691,TUCSON,AZ,official_business_licenses,,,,
standard,THE SYLVIA RAE FOUNDATION,5205016331,unknown,611691,TUCSON,AZ,official_business_licenses,,,,
standard,DEFINITY HEALTHCARE ADMIN,5207475191,unknown,611691,TUCSON,AZ,official_business_licenses,,,,
standard,DENTALIFE DENTAL ASSISTING TEST PREP,5206689403,unknown,611691,TUCSON,AZ,official_business_licenses,,,,
standard,AZ VIRTUAL TUTOR,5203297257,unknown,611691,TUCSON,AZ,official_business_licenses,,,,
standard,IT'S A LEARNING CURVE,5204198278,unknown,611691,TUCSON,AZ,official_business_licenses,,,,
standard,NORTHERN ARIZONA ACADEMIC SERVICES,9282781706,unknown,611691,CAMP VERDE,AZ,official_business_licenses,,,,
standard,"ELITE COMMUNITY SERVICES, LLC",5206247336,unknown,611691,SCOTTSDALE,AZ,official_business_licenses,,,,
standard,DRIVING ACADEMY,5202091675,unknown,611692,TUCSON,AZ,official_business_licenses,,,,
standard,LEARN 2 DRIVE,5202457893,unknown,611692,TUCSON,AZ,official_business_licenses,,,,
standard,HOLLE SCHOOL OF DRIVING,5203426211,unknown,611692,TUCSON,AZ,official_business_licenses,,,,
standard,L-DRIVER TRAINING SCHOOL LLC,5204408554,unknown,611692,TUCSON,AZ,official_business_licenses,,,,
standard,AFFORDABLE STOP AND GO DRIVING,5207921688,unknown,611692,TUCSON,AZ,official_business_licenses,,,,
standard,ECLIPSE CPR LLC,5206230539,unknown,611699,TUCSON,AZ,official_business_licenses,,,,
standard,TUCSON STRETCH & PILATES,5202704440,unknown,611699,TUCSON,AZ,official_business_licenses,,,,
standard,SESSION YOGA LLC,5202721146,unknown,611699,TUCSON,AZ,official_business_licenses,,,,
standard,ALL BODIES PILATES,5209655505,unknown,611699,TUCSON,AZ,official_business_licenses,,,,
standard,AMZELL INC,5204193056,unknown,611699,TUCSON,AZ,official_business_licenses,,,,
standard,LIFEFORCE YOGA LLC,5202418857,unknown,611699,TUCSON,AZ,official_business_licenses,,,,
standard,MINDFUL YOGA STUDIO LLC,5202711615,unknown,611699,TUCSON,AZ,official_business_licenses,,,,
standard,RED TRAINING SOLUTIONS,5204713043,unknown,611699,TUCSON,AZ,official_business_licenses,,,,
standard,BREATHE YOGA,5203293231,unknown,611699,TUCSON,AZ,official_business_licenses,,,,
standard,EXUDE YOGA LLC,5209094177,unknown,611699,TUCSON,AZ,official_business_licenses,,,,
standard,PURA VIDA CPR AND FIRST AID TRAINING,5202751268,unknown,611699,TUCSON,AZ,official_business_licenses,,,,
standard,SQUARE 1 PILATES,5202134219,unknown,611699,TUCSON,AZ,official_business_licenses,,,,
standard,BKS IYENGAR YOGA STUDIO OF TUCSON,5207437142,unknown,611699,TUCSON,AZ,official_business_licenses,,,,
standard,NORTH SIDE BRAZILIAN JIU-JITSU LLC,5202483181,unknown,611699,TUCSON,AZ,official_business_licenses,,,,
standard,OM YOGA TUCSON LLC,5203288294,unknown,611699,TUCSON,AZ,official_business_licenses,,,,
standard,THE BLUE LOTUS BOOK GROUP,5613329372,unknown,611699,TUCSON,AZ,official_business_licenses,,,,
standard,SUNNY STUDIO,9082858121,unknown,611699,TUCSON,AZ,official_business_licenses,,,,
standard,HAN UNIVERSITY OF TRADITIONAL MEDICINE,5203226330,unknown,611699,TUCSON,AZ,official_business_licenses,,,,
standard,EMBRACING WELLNESS LLC,5209791088,unknown,611699,TUCSON,AZ,official_business_licenses,,,,
standard,YOGALISH ANANDA AYURVEDA WELLNESS,5202890238,unknown,611699,TUCSON,AZ,official_business_licenses,,,,
standard,SWIFT KICKS KARATE OF TUCSON LLC,5206281388,unknown,611699,TUCSON,AZ,official_business_licenses,,,,
standard,"COY'S CAMPS, CLASSES, AND CREATIONS",5207626062,unknown,611699,TUCSON,AZ,official_business_licenses,,,,
standard,YOGA OASIS EAST,5203226142,unknown,611699,TUCSON,AZ,official_business_licenses,,,,
standard,SANTOSHA YOGA AND MEDITATION LLC,5202477164,unknown,611699,TUCSON,AZ,official_business_licenses,,,,
standard,TEMPLE LOVE YOGA,5209900696,unknown,611699,TUCSON,AZ,official_business_licenses,,,,
standard,KENPO UNIVERSITY,5204097374,unknown,611699,TUCSON,AZ,official_business_licenses,,,,
standard,NIHON KARATE SCHOOL,5207479800,unknown,611699,TUCSON,AZ,official_business_licenses,,,,
standard,DESERT FIRE CPR & FIRST AID INC,5202488576,unknown,611699,TUCSON,AZ,official_business_licenses,,,,
standard,1ST CHOICE CPR,5204017015,unknown,611699,TUCSON,AZ,official_business_licenses,,,,
standard,LISA SEALEY,5206687863,unknown,611699,TUCSON,AZ,official_business_licenses,,,,
standard,RINCON VALLEY YOGA LLC,5202739764,unknown,611699,VAIL,AZ,official_business_licenses,,,,
standard,SARAH BEAUDRY,5205917446,unknown,611699,TUCSON,AZ,official_business_licenses,,,,
standard,DESERT YOGA,5204900904,unknown,611699,TUCSON,AZ,official_business_licenses,,,,
standard,FEEL THE BEAT CPR,5202135192,unknown,611699,TUCSON,AZ,official_business_licenses,,,,
standard,TACTICAL DEFENSE TRAINING & CONSULTING,5205911021,unknown,611699,TUCSON,AZ,official_business_licenses,,,,
standard,CPR DOWN SOUTH LLC,5202744830,unknown,611699,TUCSON,AZ,official_business_licenses,,,,
standard,YOGA FLOW,5203219642,unknown,611699,TUCSON,AZ,official_business_licenses,,,,
standard,4TH AVENUE YOGA LLC,5206226868,unknown,611699,TUCSON,AZ,official_business_licenses,,,,
standard,I BELIEVE IN MYSELF LEADERSHIP COACHING AND SPEAKING,5203929179,unknown,611699,TUCSON,AZ,official_business_licenses,,,,
standard,AXIOM PREP,6093211970,unknown,611700,TUCSON,AZ,official_business_licenses,,,,
standard,MISSIONMIND SOLUTIONS,(304) 377-7092,unknown,611710,TUCSON,AZ,official_business_licenses,,,,
standard,KZ CONSULTING,5206684093,unknown,611710,TUCSON,AZ,official_business_licenses,,,,
standard,FOCUS FORWARD CONSULTING AND COACHING,5203293625,unknown,611710,TUCSON,AZ,official_business_licenses,,,,
standard,BAILEY TRAINING COLLABORATIVE,5204330148,unknown,611710,ORO VALLEY,AZ,official_business_licenses,,,,
standard,IN-TUNED,5204000901,unknown,611710,TUCSON,AZ,official_business_licenses,,,,
standard,PLANETARIUM PRESENTATIONS,5209545144,unknown,611710,TUCSON,AZ,official_business_licenses,,,,
standard,LEADLOCAL LLC,5203389975,unknown,611710,TUCSON,AZ,official_business_licenses,,,,
standard,A MIND OF MAGIC AND REASON,5207898368,unknown,611710,TUCSON,AZ,official_business_licenses,,,,
standard,TUMBLEWEEDS HEALTH CENTER,5208384430,unknown,611710,TUCSON,AZ,official_business_licenses,,,,
standard,ACHIEVEYOURPASSIONCOM,5207844681,unknown,611710,TUCSON,AZ,official_business_licenses,,,,
standard,AVIONIXX AIRCRAFT SOLUTIONS,5204778660,unknown,611710,MARANA,AZ,official_business_licenses,,,,
standard,A2Z TEACH LLC,5203493683,unknown,611710,TUCSON,AZ,official_business_licenses,,,,
standard,BDL BIOCHEMISTRY LLC,5203345444,unknown,611710,TUCSON,AZ,official_business_licenses,,,,
standard,YOUR GUIDANCE OFFICE,5202614142,unknown,611710,TUCSON,AZ,official_business_licenses,,,,
standard,DEMETER CONSULTANTS PLLC,5205762418,unknown,611710,TUCSON,AZ,official_business_licenses,,,,
standard,PARENTING FORWARD IN TUCSON,5203004314,unknown,611710,TUCSON,AZ,official_business_licenses,,,,
standard,SONORAN MERCHANT SOLUTIONS LLC,5204401777,unknown,611710,TUCSON,AZ,official_business_licenses,,,,
standard,LOVELACE LITERACY CONSULTANT LLC,5207844232,unknown,611710,TUCSON,AZ,official_business_licenses,,,,
standard,ADDITUNE COACHING,5204717707,unknown,611710,TUCSON,AZ,official_business_licenses,,,,
standard,DESIRE LINES CONSULTING,5202721692,unknown,611710,TUCSON,AZ,official_business_licenses,,,,
standard,CREATIVE SPIRIT,5209797753,unknown,611710,TUCSON,AZ,official_business_licenses,,,,
standard,A LOVE AFFAIR WITH LEARNING,5203088908,unknown,611710,TUCSON,AZ,official_business_licenses,,,,
standard,MORRISON ENTERPRISES,5202502627,unknown,611710,TUCSON,AZ,official_business_licenses,,,,
standard,KAMPER & KAMPER,5209004236,unknown,611710,TUCSON,AZ,official_business_licenses,,,,
standard,SERRATO CORPORATION,5203261682,unknown,611710,TUCSON,AZ,official_business_licenses,,,,
standard,BRYAN LUGO,5129989979,unknown,611710,TUCSON,AZ,official_business_licenses,,,,
standard,BB PROJECTS,5203368868,unknown,611710,TUCSON,AZ,official_business_licenses,,,,
standard,ARTABELLA JEWELRY APPRAISALS,5209072657,unknown,611710,TUCSON,AZ,official_business_licenses,,,,
standard,BUOYANT CROWN CONSULTING LLC,5203091840,unknown,611710,TUCSON,AZ,official_business_licenses,,,,
standard,WHY THINGS FLY,2078995449,unknown,611710,TUCSON,AZ,official_business_licenses,,,,
standard,SKYA LLC,5208297180,unknown,611710,TUCSON,AZ,official_business_licenses,,,,
standard,DESERT OFFERINGS,5203195672,unknown,611710,TUCSON,AZ,official_business_licenses,,,,
standard,BASIS.ED,4802892088,unknown,611710,SCOTTSDALE,AZ,official_business_licenses,,,,
standard,Hideout Beauty Lounge,6023677220,unknown,612112,Mesa,AZ,official_business_licenses,,,,
standard,The Path Integrative Health,480-272-0252,unknown,62,Mesa,AZ,official_business_licenses,,,,
standard,VALLEY ENT PC,4802738680,unknown,6211,Mesa,AZ,official_business_licenses,,,,
standard,ARIZONA UROLOGY SPECIALISTS PLLC,5022221865,unknown,62111,PHOENIX,AZ,official_business_licenses,,,,
standard,QUALITY OF LIFE MEDICAL RESEARCH,5207332270,unknown,621111,TUCSON,AZ,official_business_licenses,,,,
standard,SOUTHWEST KIDNEY INSTITUTE PLC,4809698714,unknown,621111,TEMPE,AZ,official_business_licenses,,,,
standard,TREATMENT ASSESSMENT SCREENING CENTER,5209032525,unknown,621111,PHOENIX,AZ,official_business_licenses,,,,
standard,ARIZONA ONCOLOGY ASSOCIATES INCORPORATED,5203242414,unknown,621111,TUCSON,AZ,official_business_licenses,,,,
standard,RYBERSON CONSULTING PLLC,5203491611,unknown,621111,TUCSON,AZ,official_business_licenses,,,,
standard,GOLDEN WEST MEDICAL CENTER PC,5207921966,unknown,621111,TUCSON,AZ,official_business_licenses,,,,
standard,2JHEALTH,4028506790,unknown,621111,TUCSON,AZ,official_business_licenses,,,,
standard,SOUTHERN STAR HEALING PLLC,5203336893,unknown,621111,TUCSON,AZ,official_business_licenses,,,,
standard,PAINTED MOUNTAIN CLINIC PLLC,5207443131,unknown,621111,TUCSON,AZ,official_business_licenses,,,,
standard,DAMIAN PARKINSON MD PLLC,5205480293,unknown,621111,TUCSON,AZ,official_business_licenses,,,,
standard,CHILL ACUPUNCTURE AND WELLNESS,5204888741,unknown,621111,TUCSON,AZ,official_business_licenses,,,,
standard,ROADRUNNER PEDIATRICS,5204385449,unknown,621111,TUCSON,AZ,official_business_licenses,,,,
standard,ML MED SPA,5203927354,unknown,621111,TUCSON,AZ,official_business_licenses,,,,
standard,NORTH CAMPBELL ENT,5207951581,unknown,621111,TUCSON,AZ,official_business_licenses,,,,
standard,UNISON FAMILY MEDICINE,5205478616,unknown,621111,TUCSON,AZ,official_business_licenses,,,,
standard,ARIZONA ONCOLOGY ASSOCIATES,5203235900,unknown,621111,TUCSON,AZ,official_business_licenses,,,,
standard,ARIZONA ONCOLOGY ASSOCIATES,5207917996,unknown,621111,TUCSON,AZ,official_business_licenses,,,,
standard,CLARITY EYE CARE & SURGERY,5203927600,unknown,621111,TUCSON,AZ,official_business_licenses,,,,
standard,LYNN CASEY BOYSEL DO PLLC,5207956412,unknown,621111,TUCSON,AZ,official_business_licenses,,,,
standard,MESQUITE SURGERY CENTER LLC,5207220929,unknown,621111,TUCSON,AZ,official_business_licenses,,,,
standard,LARREA NATUROPATHIC MEDICINE,5204041340,unknown,621111,TUCSON,AZ,official_business_licenses,,,,
standard,ARIZONA INSTITUTE OF UROLOGY PLLC,5202971345,unknown,621111,TUCSON,AZ,official_business_licenses,,,,
standard,CONCIERGE WELLNESS CENTER,5203335540,unknown,621111,TUCSON,AZ,official_business_licenses,,,,
standard,TANQUE VERDE INTERNAL MEDICINE LLC,5202077296,unknown,621111,TUCSON,AZ,official_business_licenses,,,,
standard,CARONDELET MEDICAL GROUP- SURGICAL SPECIALISTS,5207955845,unknown,621111,TUCSON,AZ,official_business_licenses,,,,
standard,GENIFER CHAVEZ MD,5202960635,unknown,621111,TUCSON,AZ,official_business_licenses,,,,
standard,ELLEN EICHLER,5202983000,unknown,621111,TUCSON,AZ,official_business_licenses,,,,
standard,WESTSIDE INTERNAL MEDICINE GROUP PLLC,5208840752,unknown,621111,TUCSON,AZ,official_business_licenses,,,,
standard,NW ALLIED PHYSICIANS QUICK MEDS SWAN,5203235925,unknown,621111,TUCSON,AZ,official_business_licenses,,,,
standard,MARK E MAXWELL MD,5203233130,unknown,621111,TUCSON,AZ,official_business_licenses,,,,
standard,TUCSON ENT ASSOCIATES PC,5202962454,unknown,621111,TUCSON,AZ,official_business_licenses,,,,
standard,SOUTHWEST KIDNEY INSTITUTE VASCULAR CTR,5206237255,unknown,621111,TUCSON,AZ,official_business_licenses,,,,
standard,GREENSPRING OASIS MEDICAL AESTHETICS,5203267633,unknown,621111,TUCSON,AZ,official_business_licenses,,,,
standard,PLACITA MOBILE PRIMARY,5207038718,unknown,621111,TUCSON,AZ,official_business_licenses,,,,
standard,TUCSON MEDICAL WEIGHT LOSS SWAN LLC,5202025888,unknown,621111,SCOTTSDALE,AZ,official_business_licenses,,,,
standard,IRONWOOD GASTRONENTEROLOGY PLLC,5204971600,unknown,621111,TUCSON,AZ,official_business_licenses,,,,
standard,CITY ACUPUNCTURE,5203359514,unknown,621111,TUCSON,AZ,official_business_licenses,,,,
standard,AMD INTERNAL MEDICINE,5206221503,unknown,621111,TUCSON,AZ,official_business_licenses,,,,
standard,SPINECARE & FORENSIC MEDICINE,5207319137,unknown,621111,TUCSON,AZ,official_business_licenses,,,,
standard,RILLITO INTERNAL MEDICINE,5208865534,unknown,621111,TUCSON,AZ,official_business_licenses,,,,
standard,SONORAN HEALTH CLINIC,+15205262068,,621111,TUCSON,AZ,adapter:official_business_licenses,,,,
standard,NORTHWEST PRIMARY CARE AT VAIL,+15209898012,,621111,TUCSON,AZ,adapter:official_business_licenses,,,,
standard,SONORAN VEIN AND ENDOVASCULAR,+15207710363,,621111,PEORIA,AZ,adapter:official_business_licenses,,,,
standard,One Stop Recruiting,480-318-3600,unknown,"621111, 621399",Mesa,AZ,official_business_licenses,,,,
standard,BioBuddy Wellness and Weight Loss,6232203000,unknown,"621111, 812191, 812199",Mesa,AZ,official_business_licenses,,,,
standard,High Risk Pregnancy Cetner of Arizona,602 767 5636,unknown,6211111,Mesa,AZ,official_business_licenses,,,,
standard,AUTUMN WILEY-HILL PHD PLLC,5204777049,unknown,621112,TUCSON,AZ,official_business_licenses,,,,
standard,VALLEY ENT,4806140499,unknown,621112,SCOTTSDALE,AZ,official_business_licenses,,,,
standard,SHERRY STERLING MA LPC,5209900674,unknown,621112,TUCSON,AZ,official_business_licenses,,,,
standard,DREW STERN DVM,5208815790,unknown,621112,TUCSON,AZ,official_business_licenses,,,,
standard,WILLIAM H RICHARDSON MD PC,5202108300,unknown,621112,TUCSON,AZ,official_business_licenses,,,,
standard,PRIMEROS PASOS FAMILY CENTER,5208075300,unknown,621112,TUCSON,AZ,official_business_licenses,,,,
standard,ACP LAB,5205473919,unknown,621112,TUCSON,AZ,official_business_licenses,,,,
standard,BROADWAY PROCEDURE CENTER,5208495234,unknown,621112,TUCSON,AZ,official_business_licenses,,,,
standard,CAMP LOWELL CARDIOLOGY,5203195922,unknown,621112,TUCSON,AZ,official_business_licenses,,,,
standard,DAVID A PEDERSEN MD PC,5203231115,unknown,621112,TUCSON,AZ,official_business_licenses,,,,
standard,SAN XAVIER MEDICAL PC,5205733461,unknown,621112,TUCSON,AZ,official_business_licenses,,,,
standard,GARY L HENDERSON MD PC,5206242471,unknown,621112,TUCSON,AZ,official_business_licenses,,,,
standard,CATALINA FOOTHILLS PEDIATRIC PSYCHIATRY,5204283933,unknown,621112,TUCSON,AZ,official_business_licenses,,,,
standard,ICVR PC,5207294184,unknown,621112,TUCSON,AZ,official_business_licenses,,,,
standard,MEREDY C CALLAHAN,5208895751,unknown,621112,TUCSON,AZ,official_business_licenses,,,,
standard,DANA P RUVALCABA LCSW,5203189276,unknown,621112,TUCSON,AZ,official_business_licenses,,,,
standard,MARTIE VANDERVOORT,5206033204,unknown,621112,TUCSON,AZ,official_business_licenses,,,,
standard,TRANSITIONS COUNSELING,5207807087,unknown,621112,TUCSON,AZ,official_business_licenses,,,,
standard,PROSTATITIS CENTER,5206224599,unknown,621112,TUCSON,AZ,official_business_licenses,,,,
standard,WW BIXENMAN,5208860703,unknown,621112,TUCSON,AZ,official_business_licenses,,,,
standard,STEPHEN C REMOLINA MD PLLC,5202624393,unknown,621112,TUCSON,AZ,official_business_licenses,,,,
standard,FORGED WELLNESS,5205341444,unknown,621112,TUCSON,AZ,official_business_licenses,,,,
standard,DOCTOR SMILES ORTHODONTICS PLLC,5205711756,unknown,621112,TUCSON,AZ,official_business_licenses,,,,
standard,SOUTHWEST MED PROS,5209901986,unknown,621112,VAIL,AZ,official_business_licenses,,,,
standard,WE BREATHE RECOVERY,5202227330,unknown,621112,CORONA DE TUCSON,AZ,official_business_licenses,,,,
standard,RAPID RAY,5208812770,unknown,621112,CORTARO,AZ,official_business_licenses,,,,
standard,OPTIMA MEDICAL,5205820986,unknown,621112,SCOTTSDALE,AZ,official_business_licenses,,,,
standard,ADVANCED OPEN MRI OF TUCSON,5203211466,unknown,621112,TUCSON,AZ,official_business_licenses,,,,
standard,SHARON MEGLATHERY MD PC,5206659417,unknown,621112,TUCSON,AZ,official_business_licenses,,,,
standard,JANE M ORIENT MD,5203252689,unknown,621112,TUCSON,AZ,official_business_licenses,,,,
standard,BENNETT BLUM MD,5209904145,unknown,621112,TUCSON,AZ,official_business_licenses,,,,
standard,TUCSON PATHOLOGY ASSOCIATES PC,5206479162,unknown,621112,TUCSON,AZ,official_business_licenses,,,,
standard,CARLY MANCE LPC,5204414241,unknown,621112,TUCSON,AZ,official_business_licenses,,,,
standard,ARIZONA NATUROPATHIC PHYSICIANS & WELLNE,5202961684,unknown,621112,TUCSON,AZ,official_business_licenses,,,,
standard,RYAN SCHULZ LCSW,5204288220,unknown,621112,TUCSON,AZ,official_business_licenses,,,,
standard,PALOMA MEDICAL GROUP,5207513335,unknown,621112,TUCSON,AZ,official_business_licenses,,,,
standard,CALMOCD,5202979822,unknown,621112,SCOTTSDALE,AZ,official_business_licenses,,,,
standard,ORO VALLEY PSYCHIATRY,5203491230,unknown,621112,TUCSON,AZ,official_business_licenses,,,,
standard,LORI LEVINE DO PC,5209066852,unknown,621112,TUCSON,AZ,official_business_licenses,,,,
standard,PLEASURE PATH THERAPY,5202227636,unknown,621112,TUCSON,AZ,official_business_licenses,,,,
standard,JOURNEY MEDICINE COLLECTIVE,5209770722,unknown,621112,TUCSON,AZ,official_business_licenses,,,,
standard,COUNSELING WITH ERICA,5202302449,unknown,621112,TUCSON,AZ,official_business_licenses,,,,
standard,MORDECHAI F TWENA MD PLLC PC,5207313317,unknown,621112,TUCSON,AZ,official_business_licenses,,,,
standard,KATHRYN STREER SEIDLER,5207290194,unknown,621112,TUCSON,AZ,official_business_licenses,,,,
standard,MINDS MATTER COUNSELING & CONSULTING,5203388814,unknown,621112,TUCSON,AZ,official_business_licenses,,,,
standard,JENNIFER DVOSKIN PSY D,5208875489,unknown,621112,TUCSON,AZ,official_business_licenses,,,,
standard,J MANUEL HERRERA MD,5207226858,unknown,621112,TUCSON,AZ,official_business_licenses,,,,
standard,WHERE BODY MEETS MIND PSYCHOTHERAPY CENTER LLC,5208618559,unknown,621112,TUCSON,AZ,official_business_licenses,,,,
standard,ONE SMALL STEP,5202615987,unknown,621112,TUCSON,AZ,official_business_licenses,,,,
standard,NELSON A SANDOVAL MD,+15207518114,,621112,TUCSON,AZ,adapter:official_business_licenses,,,,
standard,PIMA HEART PHYSICIANS,+15203214800,,621112,TUCSON,AZ,adapter:official_business_licenses,,,,
standard,PHYSICIAN'S HAIR INSTITUTE,+15202905555,,621112,TUCSON,AZ,adapter:official_business_licenses,,,,
standard,ROBERT LENDING MD,+15207954291,,621112,TUCSON,AZ,adapter:official_business_licenses,,,,
standard,WITH INTENTION COUNSELING,+15202229344,,621112,TUCSON,AZ,adapter:official_business_licenses,,,,
standard,DESERT PEDIATRICS,+15207215350,,621112,TUCSON,AZ,adapter:official_business_licenses,,,,
standard,INTERGRATIVE DEVELOPMENTAL PEDIATRICS,+15202470405,,621112,TUCSON,AZ,adapter:official_business_licenses,,,,
standard,SINEAD M JACKSON COUNSELING SERVICES,+15207922887,,621112,TUCSON,AZ,adapter:official_business_licenses,,,,
standard,THERESA A CISLER DO,+15207953772,,621112,TUCSON,AZ,adapter:official_business_licenses,,,,
standard,VAN HOOK INTEGRATIVE GERIATRIC MEDICINE,+15207311191,,621112,TUCSON,AZ,adapter:official_business_licenses,,,,
standard,DESERT STAR FAMILY HEALTH,+15207215330,,621112,TUCSON,AZ,adapter:official_business_licenses,,,,
standard,GRAIG D BROWN DDS MS PLLC,5207902151,unknown,621210,TUCSON,AZ,official_business_licenses,,,,
standard,RUBEN D ROMERO,5203254342,unknown,621210,TUCSON,AZ,official_business_licenses,,,,
standard,HARKINS PAIN & SLEEP MANAGEMENT,5202986909,unknown,621210,TUCSON,AZ,official_business_licenses,,,,
standard,CRAYCROFT PRIME DENTAL PC,5208862822,unknown,621210,TUCSON,AZ,official_business_licenses,,,,
standard,BELMA MARUFLU DDS PC,5202074100,unknown,621210,TUCSON,AZ,official_business_licenses,,,,
standard,SKIN APPEAL,5202617546,unknown,621210,TUCSON,AZ,official_business_licenses,,,,
standard,CARING SMILES STUDIO,5203609475,unknown,621210,TUCSON,AZ,official_business_licenses,,,,
standard,JENNIFER MOHR DDS PLLC,5202908900,unknown,621210,TUCSON,AZ,official_business_licenses,,,,
standard,GRANT AND TANQUE VERDE DENTAL,5204414123,unknown,621210,TUCSON,AZ,official_business_licenses,,,,
standard,GREAT GRINS CHILDREN'S DENTISTRY,5203254746,unknown,621210,TUCSON,AZ,official_business_licenses,,,,
standard,STRATMAN FAMILY DENTISTRY,5207456871,unknown,621210,TUCSON,AZ,official_business_licenses,,,,
standard,O S DIGGS DDS PLLC,5202989767,unknown,621210,TUCSON,AZ,official_business_licenses,,,,
standard,MICHAEL C ANDERSON DMD,5205731111,unknown,621210,TUCSON,AZ,official_business_licenses,,,,
standard,ONSITE DENTAL SERVICES PLLC,5204005927,unknown,621210,TUCSON,AZ,official_business_licenses,,,,
standard,MICHAEL D WALBOM,5207482845,unknown,621210,TUCSON,AZ,official_business_licenses,,,,
standard,WILLIAM H DAGGETT DDS,5208342056,unknown,621210,TUCSON,AZ,official_business_licenses,,,,
standard,JB DENTAL LAB,5207224484,unknown,621210,TEMPE,AZ,official_business_licenses,,,,
standard,LISA A LEAR DDS MSD PC,5205773935,unknown,621210,TUCSON,AZ,official_business_licenses,,,,
standard,TUMAMOC DENTAL,5205214452,unknown,621210,TUCSON,AZ,official_business_licenses,,,,
standard,ADOBE DENTISTRY,5203239327,unknown,621210,TUCSON,AZ,official_business_licenses,,,,
standard,HUGH T KEEFFE,5207473451,unknown,621210,TUCSON,AZ,official_business_licenses,,,,
standard,HOWARD M STEINBERG DMD MDS PC,5208863030,unknown,621210,TUCSON,AZ,official_business_licenses,,,,
standard,ERIC J LEBER DDS PC,5206640101,unknown,621210,TUCSON,AZ,official_business_licenses,,,,
standard,DEDICATED DENTAL SERVICE,5207501500,unknown,621210,TUCSON,AZ,official_business_licenses,,,,
standard,JOHN W DAY DMD,5203266658,unknown,621210,TUCSON,AZ,official_business_licenses,,,,
standard,ZIEHMER DENTISTRY AND ORTHODONTICS PLLC,5202977575,unknown,621210,TUCSON,AZ,official_business_licenses,,,,
standard,ROBERT F HAWKE DDS,5203233842,unknown,621210,TUCSON,AZ,official_business_licenses,,,,
standard,BELLA VIDA DENTAL LLC,5203333488,unknown,621210,TUCSON,AZ,official_business_licenses,,,,
standard,SABINO HILLS FAMILY DENTISTRY,5207606044,unknown,621210,TUCSON,AZ,official_business_licenses,,,,
standard,TUCSON DENTAL & ORTHODONTICS PLLC,5206050255,unknown,621210,TUCSON,AZ,official_business_licenses,,,,
standard,MALCOLM E MUSGRAVE DDS PC,+15203269693,,621210,TUCSON,AZ,adapter:official_business_licenses,,,,
standard,S BURTON ROSS DDS PC,+15208863100,,621210,TUCSON,AZ,adapter:official_business_licenses,,,,
standard,SIMPLY SMILES DENTISTRY,+15209793880,,621210,TUCSON,AZ,adapter:official_business_licenses,,,,
standard,PAUL SHARBO W DDS,+15202989771,,621210,TUCSON,AZ,adapter:official_business_licenses,,,,
standard,DEDICATED DENTAL SERVICES,+15205731900,,621210,TUCSON,AZ,adapter:official_business_licenses,,,,
standard,MICHAEL B WEXLER DDS,+15208859878,,621210,TUCSON,AZ,adapter:official_business_licenses,,,,
standard,MESQUITE DENTAL,+15203259000,,621210,TUCSON,AZ,adapter:official_business_licenses,,,,
standard,YOUNG JOO LEE DDS PLC,+15208818151,,621210,TUCSON,AZ,adapter:official_business_licenses,,,,
standard,VAL PUGNEA,+15203262725,,621210,TUCSON,AZ,adapter:official_business_licenses,,,,
standard,CENTER FOR AUTISM AND RELATED DISORDERS,4699302455,unknown,621300,Mesa,AZ,official_business_licenses,,,,
standard,Goal Pediatric Orthotics,+18003115899,,621300,Mesa,AZ,adapter:official_business_licenses,,,,
standard,AARON SCHEFF,5203265246,unknown,621310,TUCSON,AZ,official_business_licenses,,,,
standard,FIRST CHIROPRACTIC,5207216761,unknown,621310,TUCSON,AZ,official_business_licenses,,,,
standard,HARRIGAN ENTERPRISES PLLC,5208188857,unknown,621310,TUCSON,AZ,official_business_licenses,,,,
standard,FIRST CHIROPRACTIC-ALVERNON,5207901250,unknown,621310,TUCSON,AZ,official_business_licenses,,,,
standard,OLD PUEBLO CHIROPRACTIC PC,5206036248,unknown,621310,TUCSON,AZ,official_business_licenses,,,,
standard,RESILIENCY WELLNESS CENTER,5203921290,unknown,621310,TUCSON,AZ,official_business_licenses,,,,
standard,"BUCHWALD CHIROPRACTIC, PC",5203601061,unknown,621310,TUCSON,AZ,official_business_licenses,,,,
standard,SAVAGE CHIROPRACTIC,5203210331,unknown,621310,TUCSON,AZ,official_business_licenses,,,,
standard,THE JOINT CHIROPRACTIC,5207716274,unknown,621310,TUCSON,AZ,official_business_licenses,,,,
standard,TRANSCENDENT CHIROPRACTIC PLLC,5204772285,unknown,621310,TUCSON,AZ,official_business_licenses,,,,
standard,LEBLANC CHIROPRACTIC PLLC,5206681041,unknown,621310,TUCSON,AZ,official_business_licenses,,,,
standard,KISHBAUGH CHIROPRACTIC DC PC,5202997226,unknown,621310,TUCSON,AZ,official_business_licenses,,,,
standard,LEHMAN CHIROPRACTIC,5209770071,unknown,621310,TUCSON,AZ,official_business_licenses,,,,
standard,KAIZEN INTEGRATED HEALTH,5802052446,unknown,621310,TUCSON,AZ,official_business_licenses,,,,
standard,RIO RICO HEALTH & WELLNESS INC,5206246552,unknown,621310,TUCSON,AZ,official_business_licenses,,,,
standard,SHELDON C DEAL DC,5207937133,unknown,621310,TUCSON,AZ,official_business_licenses,,,,
standard,INSPIRED LIFE CHIROPRACTIC AND WELLNESS,5203902966,unknown,621310,TUCSON,AZ,official_business_licenses,,,,
standard,REBALANCE CHIROPRACTIC LLC,5204656966,unknown,621310,TUCSON,AZ,official_business_licenses,,,,
standard,NOMAD CHIROPRACTIC,5205216200,unknown,621310,SAHUARITA,AZ,official_business_licenses,,,,
standard,SUNRISE CHIROPRACTIC,5207331172,unknown,621310,TUCSON,AZ,official_business_licenses,,,,
standard,ZIMMERMANN CHIROPRACTIC INC,5208226173,unknown,621310,TUCSON,AZ,official_business_licenses,,,,
standard,JEFFRY T VENDSEL DC CCSP,+15203192100,,621310,TUCSON,AZ,adapter:official_business_licenses,,,,
standard,OCS TEM 3 EYE CARE,5204922135,unknown,621320,YUMA,AZ,official_business_licenses,,,,
standard,ARIZONA PRIMARY EYE CARE PLLC,5203222713,unknown,621320,TUCSON,AZ,official_business_licenses,,,,
standard,OPTOMETRIC CONSULTING SERVICES,5204674472,unknown,621320,TUCSON,AZ,official_business_licenses,,,,
standard,CATALINA EYE CARE PC,5206765110,unknown,621320,TUCSON,AZ,official_business_licenses,,,,
standard,GARY G GRAMMOND,5207512816,unknown,621320,TUCSON,AZ,official_business_licenses,,,,
standard,MARKETPLACE OPTICAL,5202214373,unknown,621320,TUCSON,AZ,official_business_licenses,,,,
standard,ARIZONA PRIMARY EYE CARE,5206213253,unknown,621320,TUCSON,AZ,official_business_licenses,,,,
standard,SUNBURST OPTICAL BY VISTA EYE CARE,5206649801,unknown,621320,GREEN VALLEY,AZ,official_business_licenses,,,,
standard,ELIZABETH K N WONG PHD,5209798884,unknown,621330,TUCSON,AZ,official_business_licenses,,,,
standard,FRAZIERDURFEE CONSULTING PERSPECTIVES THERAPY,5204427321,unknown,621330,TUCSON,AZ,official_business_licenses,,,,
standard,RESOURCED COUNSELING LLC,5204813379,unknown,621330,TUCSON,AZ,official_business_licenses,,,,
standard,HEALTH & HEALING BLISS,5202137435,unknown,621330,RIO RICO,AZ,official_business_licenses,,,,
standard,PAULA ROZE,5208912511,unknown,621330,TUCSON,AZ,official_business_licenses,,,,
standard,DESERT SPRING COUNSELING PLLC,5209712344,unknown,621330,TUCSON,AZ,official_business_licenses,,,,
standard,CATHERINE FENNIE COUNSELING LLC,5202750549,unknown,621330,TUCSON,AZ,official_business_licenses,,,,
standard,WOODHAVEN PSYCHOLOGICAL SERVICES,5203175507,unknown,621330,TUCSON,AZ,official_business_licenses,,,,
standard,BEHSHAD SARAH LCSW,5209068272,unknown,621330,TUCSON,AZ,official_business_licenses,,,,
standard,"MICHAEL P. CHRISTIANSEN, PHD",5208617152,unknown,621330,SAHUARITA,AZ,official_business_licenses,,,,
standard,MARION J SELZ,5209060680,unknown,621330,TUCSON,AZ,official_business_licenses,,,,
standard,DAVID HERMOSILLO-ROMO PHD,5203360900,unknown,621330,TUCSON,AZ,official_business_licenses,,,,
standard,ROSIE WICK PSYCHOTHERAPY,5203661261,unknown,621330,TUCSON,AZ,official_business_licenses,,,,
standard,LAURA M BLACKMAN,5202752530,unknown,621330,TUCSON,AZ,official_business_licenses,,,,
standard,WELLZENSE,5202622394,unknown,621330,TUCSON,AZ,official_business_licenses,,,,
standard,SHERRI MIKELS-ROMERO PLLC,5203077337,unknown,621330,TUCSON,AZ,official_business_licenses,,,,
standard,SPARK SHIFT PSYCHIATRY & MORE,5202007172,unknown,621330,TUCSON,AZ,official_business_licenses,,,,
standard,SARAH LOVE LCSW LLC,5204423593,unknown,621330,TUCSON,AZ,official_business_licenses,,,,
standard,APPROACH COUNSELING CENTER LLC,5203412359,unknown,621330,TUCSON,AZ,official_business_licenses,,,,
standard,PIFER PSYCHOLOGY,5202763381,unknown,621330,TUCSON,AZ,official_business_licenses,,,,
standard,DEBBY URKEN LLC,5208698680,unknown,621330,TUCSON,AZ,official_business_licenses,,,,
standard,PROMISING DIRECTIONS THERAPY PLLC,5202617599,unknown,621330,TUCSON,AZ,official_business_licenses,,,,
standard,SUNSPOKE COUNSELING,5202013981,unknown,621330,TUCSON,AZ,official_business_licenses,,,,
standard,PTER KLINGER MD,5202227821,unknown,621330,TUCSON,AZ,official_business_licenses,,,,
standard,ATTUNEMENT COLLECTIVE COUNSELING AND CONSULTING,5202166144,unknown,621330,TUCSON,AZ,official_business_licenses,,,,
standard,FERNANDA MARTINEZ PHD,9785589720,unknown,621330,TUCSON,AZ,official_business_licenses,,,,
standard,MARCUS THERAPY,7817992003,unknown,621330,TUCSON,AZ,official_business_licenses,,,,
standard,SLOAN R KING PHD LLC,5203448232,unknown,621330,TUCSON,AZ,official_business_licenses,,,,
standard,GWENDOLYN WATKINS JOHNSON PHD,5209913455,unknown,621330,TUCSON,AZ,official_business_licenses,,,,
standard,MARIA-LUANNA LUCIA BOZZOLO,5204048716,unknown,621330,TUCSON,AZ,official_business_licenses,,,,
standard,TEAL PATH COUNSELING,5202400755,unknown,621330,TUCSON,AZ,official_business_licenses,,,,
standard,RED KITE COUNSELING PLLC,9072090829,unknown,621330,TUCSON,AZ,official_business_licenses,,,,
standard,DAWN TILLMAN COUNSELING,5203902849,unknown,621330,TUCSON,AZ,official_business_licenses,,,,
standard,MARY FULLER-FOUGEROUSSE PMHNP-BC,5202931417,unknown,621330,TUCSON,AZ,official_business_licenses,,,,
standard,PETER SHIBUYA LS,5204053456,unknown,621330,TUCSON,AZ,official_business_licenses,,,,
standard,BEANBUILT LLC,2074093592,unknown,621330,TUCSON,AZ,official_business_licenses,,,,
standard,ERIN PLATTNER PSYCHOTHERAPY LLC,6029042072,unknown,621330,TUCSON,AZ,official_business_licenses,,,,
standard,SHOSHANA LEAH ELKINS,5202690212,unknown,621330,TUCSON,AZ,official_business_licenses,,,,
standard,BRENDA M SPARROLD PHD PLLC,+15203901042,,621330,TUCSON,AZ,adapter:official_business_licenses,,,,
standard,CHRISTOPHER J WENNER PHD,+15202796686,,621330,TUCSON,AZ,adapter:official_business_licenses,,,,
standard,KCONNERLPC LLC,+15203075735,,621330,TUCSON,AZ,adapter:official_business_licenses,,,,
standard,CAROL FIORE,+15206227457,,621330,TUCSON,AZ,adapter:official_business_licenses,,,,
standard,ARTHUR J STATMAN PSYCHOLOGIST,+15203232145,,621330,TUCSON,AZ,adapter:official_business_licenses,,,,
standard,SUSAN SANTA CRUZ PHD,+15206612216,,621330,TUCSON,AZ,adapter:official_business_licenses,,,,
standard,SHANNON MCGOVERN PHD,+15204196893,,621330,TUCSON,AZ,adapter:official_business_licenses,,,,
standard,LYNNE MACNEIL LCSW,+15209077523,,621330,TUCSON,AZ,adapter:official_business_licenses,,,,
standard,BLUE SKY COUNSELING & THERAPY,+15203029142,,621330,TUCSON,AZ,adapter:official_business_licenses,,,,
standard,CORELLA COUNSELING,+15209813711,,621330,TUCSON,AZ,adapter:official_business_licenses,,,,
standard,Biko Method LLC,4809751888,unknown,"621330, 611430, 541611",Mesa,AZ,official_business_licenses,,,,
standard,CLEARSPEAK,5209543584,unknown,621340,TUCSON,AZ,official_business_licenses,,,,
standard,PEAK ACTION PHYSICAL THERAPY PLLC,5202696870,unknown,621340,TUCSON,AZ,official_business_licenses,,,,
standard,WESTERN SKY SPEECH AND LANGUAGE,5204055986,unknown,621340,TUCSON,AZ,official_business_licenses,,,,
standard,SONGS OF LIFE,5205649510,unknown,621340,SAN SIMON,AZ,official_business_licenses,,,,
standard,INDEPENDENCE REHABILITATION LLC,5207228400,unknown,621340,TUCSON,AZ,official_business_licenses,,,,
standard,KIDS OT JOURNEY,5204066772,unknown,621340,TUCSON,AZ,official_business_licenses,,,,
standard,VERTICAL WELLNESS PLLC,5203529799,unknown,621340,TUCSON,AZ,official_business_licenses,,,,
standard,AER CARE CENTER LLC,5206610941,unknown,621340,TUCSON,AZ,official_business_licenses,,,,
standard,UNIVERSAL CARE CLINIC LLC,7202738084,unknown,621340,TUCSON,AZ,official_business_licenses,,,,
standard,MAGUIRE,5203232209,unknown,621340,TUCSON,AZ,official_business_licenses,,,,
standard,SKY THERAPY GROUP,5207036483,unknown,621340,TUCSON,AZ,official_business_licenses,,,,
standard,INNOVATIVE INJURY SOLUTIONS,4805730414,unknown,621340,TUCSON,AZ,official_business_licenses,,,,
standard,FULL CIRCLE PHYSICAL THERAPY,5202226216,unknown,621340,TUCSON,AZ,official_business_licenses,,,,
standard,MICHELLE JENE BRADSHAW LLC,4049189894,unknown,621340,TUCSON,AZ,official_business_licenses,,,,
standard,ROADRUNNER MUSIC,5057307346,unknown,621340,TUCSON,AZ,official_business_licenses,,,,
standard,DESERT SPEECH THERAPY,5202226530,unknown,621340,TUCSON,AZ,official_business_licenses,,,,
standard,CATALYST PHYSICAL THERAPY,5202226928,unknown,621340,TUCSON,AZ,official_business_licenses,,,,
standard,JENNHANPT LLC,5209903076,unknown,621340,TUCSON,AZ,official_business_licenses,,,,
standard,VERBAL ADVANTAGE CONSULTING,5203608986,unknown,621340,TUCSON,AZ,official_business_licenses,,,,
standard,PROACTIVE PHYSICAL THERAPY PARTNERS LLC,5206709558,unknown,621340,TUCSON,AZ,official_business_licenses,,,,
standard,CIELITO LINDO COUNSELING & CONSULTING LL,5204011130,unknown,621340,TUCSON,AZ,official_business_licenses,,,,
standard,ABUZZ & ABUBBLE SPEECH THERAPY,5208508448,unknown,621340,TUCSON,AZ,official_business_licenses,,,,
standard,MOUNTAINSIDE MFR,9012836225,unknown,621340,TUCSON,AZ,official_business_licenses,,,,
standard,ENCHANTING REIKI TRANSFORMATION,5208509148,unknown,621340,TUCSON,AZ,official_business_licenses,,,,
standard,TAMARA NAGODA,2088678111,unknown,621340,TUCSON,AZ,official_business_licenses,,,,
standard,STARRCARE IN-HOME SERVICES LLC,5209010117,unknown,621390,TUCSON,AZ,official_business_licenses,,,,
standard,SOL FOOT SPA,5202989429,unknown,621391,TUCSON,AZ,official_business_licenses,,,,
standard,TREATMENT OF THE FOOT AND ANKL,5203276367,unknown,621391,TUCSON,AZ,official_business_licenses,,,,
standard,LINDA BURNS KYNASTON PHD,5204081499,unknown,621399,TUCSON,AZ,official_business_licenses,,,,
standard,FIRE POINT MASSAGE LLC,5204901621,unknown,621399,TUCSON,AZ,official_business_licenses,,,,
standard,BIENVIDA HEALTHCARE LLC,5208613802,unknown,621399,TUCSON,AZ,official_business_licenses,,,,
standard,FRESH APPROACH INTEGRATIVE NUTRITION,5208502185,unknown,621399,TUCSON,AZ,official_business_licenses,,,,
standard,LEONARD KARP ESQ PC,5203233156,unknown,621399,TUCSON,AZ,official_business_licenses,,,,
standard,RUBS,5208877827,unknown,621399,TUCSON,AZ,official_business_licenses,,,,
standard,RUBS,5202307720,unknown,621399,TUCSON,AZ,official_business_licenses,,,,
standard,PREVENTIVE EDUCATION,5202717226,unknown,621399,TUCSON,AZ,official_business_licenses,,,,
standard,WONDERFUL MASSAGE INC,5207887888,unknown,621399,TUCSON,AZ,official_business_licenses,,,,
standard,GREY EAGLE MASSAGE,5209935741,unknown,621399,TUCSON,AZ,official_business_licenses,,,,
standard,YELLOW BRICK ROAD HEALING ARTS,5202867741,unknown,621399,SAHUARITA,AZ,official_business_licenses,,,,
standard,THE GATHERING POINT COMMUNITY ACUPUNCTUR,5207777444,unknown,621399,TUCSON,AZ,official_business_licenses,,,,
standard,ALERACARE AIC,6023460204,unknown,621399,PHOENIX,AZ,official_business_licenses,,,,
standard,INTEGRATIVE BODY THERAPY,5204900158,unknown,621399,TUCSON,AZ,official_business_licenses,,,,
standard,OCHOA ROSALIE,5202603746,unknown,621399,TUCSON,AZ,official_business_licenses,,,,
standard,KEVIN MILLARD LMT,2067995031,unknown,621399,TUCSON,AZ,official_business_licenses,,,,
standard,ASSOCIATES IN BODY MIND THERAPIES,5206619944,unknown,621399,TUCSON,AZ,official_business_licenses,,,,
standard,HAROLD ARKOWITZ,5202378159,unknown,621399,TUCSON,AZ,official_business_licenses,,,,
standard,FIVE DIRECTIONS HEALTH AND MARTIAL ARTS,5202483897,unknown,621399,TUCSON,AZ,official_business_licenses,,,,
standard,ERIN'S REIKI AND SOUND THERAPY,5203010541,unknown,621399,VAIL,AZ,official_business_licenses,,,,
standard,SKOCY PSYCHOTHERAPY,5205471799,unknown,621399,TUCSON,AZ,official_business_licenses,,,,
standard,FORTIFY FOUNDATIONS,5203752160,unknown,621399,TUCSON,AZ,official_business_licenses,,,,
standard,ANN SHIBUYA RN MS,5202966920,unknown,621399,TUCSON,AZ,official_business_licenses,,,,
standard,BRIAN J WALKER PHD,5207470821,unknown,621399,TUCSON,AZ,official_business_licenses,,,,
standard,CURAVIDA BODYWORKS,5202418546,unknown,621399,TUCSON,AZ,official_business_licenses,,,,
standard,THEREAS HALL LMT,5204148411,unknown,621399,TUCSON,AZ,official_business_licenses,,,,
standard,JAMIE JO YOST,5203347699,unknown,621399,TUCSON,AZ,official_business_licenses,,,,
standard,REJUVENATE IV HEALTH AND WELLNESS PLLC,5204621231,unknown,621399,TUCSON,AZ,official_business_licenses,,,,
standard,DELLA ESTRADA,5203226806,unknown,621399,TUCSON,AZ,official_business_licenses,,,,
standard,DESERT ROOTS OPTIMUM HEALTH CE,5204012688,unknown,621399,TUCSON,AZ,official_business_licenses,,,,
standard,HANNAH TURNER LMT,5209034710,unknown,621399,TUCSON,AZ,official_business_licenses,,,,
standard,IT'S ALWAYS 420 IN AZ LLC,5207907039,unknown,621399,TUCSON,AZ,official_business_licenses,,,,
standard,SD PERFORMANCE NUTRITION LLC,2628448653,unknown,621399,TUCSON,AZ,official_business_licenses,,,,
standard,CLEAR BLOSSOM,5209547784,unknown,621399,TUCSON,AZ,official_business_licenses,,,,
standard,PURE HEALTH AND BODY THERAPY,5204617828,unknown,621399,TUCSON,AZ,official_business_licenses,,,,
standard,BELLALEAF MASSAGE & BODYWORK CLINIC,5202615323,unknown,621399,TUCSON,AZ,official_business_licenses,,,,
standard,BENITA J GETTEL OTR/LCHT,5207956535,unknown,621399,TUCSON,AZ,official_business_licenses,,,,
standard,MA THAI MASSAGE,5203580784,unknown,621399,TUCSON,AZ,official_business_licenses,,,,
standard,MARGARET I RONSTADT PHD,5202960355,unknown,621399,TUCSON,AZ,official_business_licenses,,,,
standard,AQUAMARINE WELLNESS LLC,5208374431,unknown,621399,TUCSON,AZ,official_business_licenses,,,,
standard,MYRA L HAYES,5206099986,unknown,621399,TUCSON,AZ,official_business_licenses,,,,
standard,PHYSICIAN CHOICE MEDICAL CLAIM LLC,5207439701,unknown,621399,TUCSON,AZ,official_business_licenses,,,,
standard,PERFORMANCE NUTRITION,5207426316,unknown,621399,TUCSON,AZ,official_business_licenses,,,,
standard,MBI OCCUPATIONAL HEALTHCARE TUCSON,5208071060,unknown,621399,PHOENIX,AZ,official_business_licenses,,,,
standard,ANDREA ROCHELLE CRUZ,5204758268,unknown,621399,TUCSON,AZ,official_business_licenses,,,,
standard,ALISON OZGUR WELLNESS,3605605884,unknown,621399,TUCSON,AZ,official_business_licenses,,,,
standard,ARTEMISA GAXIOLA,5204299279,unknown,621399,TUCSON,AZ,official_business_licenses,,,,
standard,WHOLESOME TOUCH FOR HEALTH,9073783725,unknown,621399,TUCSON,AZ,official_business_licenses,,,,
standard,INNER BLISS ENERGETICS,5202226486,unknown,621399,TUCSON,AZ,official_business_licenses,,,,
standard,THE TOX,4802232449,unknown,621399,GILBERT,AZ,official_business_licenses,,,,
standard,ANDREA CHRISTINA GARLAND,5202601557,unknown,621399,TUCSON,AZ,official_business_licenses,,,,
standard,ACTION BEHAVIOR CENTERS,5129201030,unknown,621399,TUCSON,AZ,official_business_licenses,,,,
standard,TLC REFLEXOLOGY,4805598808,unknown,621399,TUCSON,AZ,official_business_licenses,,,,
standard,CATALINA HAND & SHOULDER,5202935252,unknown,621399,TUCSON,AZ,official_business_licenses,,,,
standard,CROY WOOD WORKING,5209792233,unknown,621399,TUCSON,AZ,official_business_licenses,,,,
standard,AMY WHEELER,5202375644,unknown,621399,TUCSON,AZ,official_business_licenses,,,,
standard,TUCSON COMMUNITY ACUPUNCTURE,5208811887,unknown,621399,TUCSON,AZ,official_business_licenses,,,,
standard,REVIVE FUNCTIONAL NUTRITION,5209753138,unknown,621399,TUCSON,AZ,official_business_licenses,,,,
standard,U LOVE MASSAGES,5202560474,unknown,621399,TUCSON,AZ,official_business_licenses,,,,
standard,PRISTINE NATUROPATHIC MEDICINE LLC,5207951300,unknown,621399,TUCSON,AZ,official_business_licenses,,,,
standard,TUCSON MIDWIFERY,5209752171,unknown,621399,TUCSON,AZ,official_business_licenses,,,,
standard,JOY SPA,5205993089,unknown,621399,TUCSON,AZ,official_business_licenses,,,,
standard,TRANQUIL TUCSON ACUPUNCTURE LLC,5209824324,unknown,621399,TUCSON,AZ,official_business_licenses,,,,
standard,TRUE NORTH INTEGRATIVE HEALING,5202226723,unknown,621399,Tucson,AZ,official_business_licenses,,,,
standard,ELIJAH OSTER-MORRIS PMHNP-BC PLLC,5208706677,unknown,621399,TUCSON,AZ,official_business_licenses,,,,
standard,EDGE INTEGRATIVE WELLNESS,5202323360,unknown,621399,TUCSON,AZ,official_business_licenses,,,,
standard,INVICTUS WELLNESS,5204128476,unknown,621399,TUCSON,AZ,official_business_licenses,,,,
standard,LAS MANOS,5203220151,unknown,621399,TUCSON,AZ,official_business_licenses,,,,
standard,NATUROPATHIC MEDICINE OF SOUTHERN ARIZONA PLLC,5205776888,unknown,621399,TUCSON,AZ,official_business_licenses,,,,
standard,OPTIMAL HORMONE CENTER,5202007203,unknown,621399,SAHUARITA,AZ,official_business_licenses,,,,
standard,HEALING ARTS,5204907774,unknown,621399,TUCSON,AZ,official_business_licenses,,,,
standard,ALBERT PUCKETT PC,5203315616,unknown,621399,TUCSON,AZ,official_business_licenses,,,,
standard,DR JUDITH V  BECKER,5202403875,unknown,621399,TUCSON,AZ,official_business_licenses,,,,
standard,B&J GECKO SERVICES,3604342118,unknown,621399,TUCSON,AZ,official_business_licenses,,,,
standard,BRENDA BRYSON,5204038395,unknown,621399,TUCSON,AZ,official_business_licenses,,,,
standard,PEACEMAKERS CHRISTIAN FAMILY COUNSELING,5209900658,unknown,621399,TUCSON,AZ,official_business_licenses,,,,
standard,MBS BALANCED WELLNESS,2246596743,unknown,621399,PHOENIX,AZ,official_business_licenses,,,,
standard,DR WU ACUPUNCTURE CLINIC,5202196999,unknown,621399,TUCSON,AZ,official_business_licenses,,,,
standard,SW ASHIATSU MASSAGE & BODYWORK ACADEMY,4803312744,unknown,621399,TUCSON,AZ,official_business_licenses,,,,
standard,WELL IN THE DESERT MIDWIFERY,5206404994,unknown,621399,TUCSON,AZ,official_business_licenses,,,,
standard,ALISSA SMITH LMT,5208330194,unknown,621399,TUCSON,AZ,official_business_licenses,,,,
standard,THE WIZARD OF AHHH'S,5204657457,unknown,621399,TUCSON,AZ,official_business_licenses,,,,
standard,ENERGETICS-HEALING ARTS THERAPIES,5208089273,unknown,621399,TUCSON,AZ,official_business_licenses,,,,
standard,RUSOMEONEASCENDING,5204652665,unknown,621399,TUCSON,AZ,official_business_licenses,,,,
standard,YOUNIQUE NUTRITION 24 LLC,5203096700,unknown,621399,MARANA,AZ,official_business_licenses,,,,
standard,CITY OASIS,5202578982,unknown,621399,TUCSON,AZ,official_business_licenses,,,,
standard,THE PRETTY NAILED PRACTITIONER,5204450125,unknown,621399,TUCSON,AZ,official_business_licenses,,,,
standard,B ROBERT CRAGO PHD PC,5208676647,unknown,621399,TUCSON,AZ,official_business_licenses,,,,
standard,ADOBE FIRST ASSIST SERVICES LLC,5204613497,unknown,621399,TUCSON,AZ,official_business_licenses,,,,
standard,WILLOW BLOOM HEALING PLLC,5203367710,unknown,621399,TUCSON,AZ,official_business_licenses,,,,
standard,TUCSON HOMEOPATHY LLC,+15209919490,,621399,TUCSON,AZ,adapter:official_business_licenses,,,,
standard,SYDNEY W ARKOWITZ,+15203270755,,621399,TUCSON,AZ,adapter:official_business_licenses,,,,
standard,HEARTWOOD INSTITUTE,+15209711186,,621399,TUCSON,AZ,adapter:official_business_licenses,,,,
standard,ACC NUTRITION,+15208691881,,621399,TUCSON,AZ,adapter:official_business_licenses,,,,
standard,Sacred Aether Flowing Energy LLC,6233127050,unknown,"621399,621338",Mesa,AZ,official_business_licenses,,,,
standard,CATHEXIS PSYCHEDELICS,5202007201,unknown,621420,TUCSON,AZ,official_business_licenses,,,,
standard,THE PRACTICE A MENTAL WELLNESS GROUP LLC,5207718590,unknown,621420,TUCSON,AZ,official_business_licenses,,,,
standard,PEOPLES HEALTH CARE CONNECTION LLC,5203268953,unknown,621420,TUCSON,AZ,official_business_licenses,,,,
standard,HLGL LLC,5209075214,unknown,621420,TUCSON,AZ,official_business_licenses,,,,
standard,ZEN INSTITUTE LLC,5204372045,unknown,621420,TUCSON,AZ,official_business_licenses,,,,
standard,INFINITY HEALTH & WELLNESS,5202091919,unknown,621420,TUCSON,AZ,official_business_licenses,,,,
standard,NOVIS VITA,2076508140,unknown,621420,TUCSON,AZ,official_business_licenses,,,,
standard,JULIET FORTINO PLLC,5204954259,unknown,621420,MARANA,AZ,official_business_licenses,,,,
standard,LINA A ROSIN MSN NP PLLC,5203928553,unknown,621420,TUCSON,AZ,official_business_licenses,,,,
standard,MINDFLEX OUTPATIENT TREATMENT CENTER LLC,5203122989,unknown,621420,TUCSON,AZ,official_business_licenses,,,,
standard,NOVA VIA TUCSON,5202869964,unknown,621420,TUCSON,AZ,official_business_licenses,,,,
standard,SOW RESTORATION & TRANSFORMATION COMMUNITY CENTER LLC,6026768565,unknown,"621420, 621330, 621112, 611620, 611430",Mesa,AZ,official_business_licenses,,,,
standard,FRESENIUS MEDICAL CARE EAST TUCSON,5207900461,unknown,621492,TUCSON,AZ,official_business_licenses,,,,
standard,TUCSON WEST 6121,2144453000,unknown,621492,TUCSON,AZ,official_business_licenses,,,,
standard,PRECISION SURGERY CENTER,5203721301,unknown,621493,TUCSON,AZ,official_business_licenses,,,,
standard,SURGCENTER TUCSON LLC,5203964420,unknown,621493,TUCSON,AZ,official_business_licenses,,,,
standard,NEXTCARE URGENT CARE-22ND,5202322047,unknown,621493,TEMPE,AZ,official_business_licenses,,,,
standard,TUCSON DESERT ASC,5207304685,unknown,621493,TUCSON,AZ,official_business_licenses,,,,
standard,RESCUE ME WELLNESS,5204338000,unknown,621493,TUCSON,AZ,official_business_licenses,,,,
standard,LISA RITTER,5209062195,unknown,621493,TUCSON,AZ,official_business_licenses,,,,
standard,NEXTCARE URGENT CARE - VALENCIA,5207914566,unknown,621493,TEMPE,AZ,official_business_licenses,,,,
standard,NEXTCARE URGENT CARE- SWAN,5204415405,unknown,621493,TEMPE,AZ,official_business_licenses,,,,
standard,AMBULATORY SURGERY CENTER OF TUCSON,6159486160,unknown,621493,TUCSON,AZ,official_business_licenses,,,,
standard,NORTHWEST URGENT CARE AT WILMOT,5209898243,unknown,621498,TUCSON,AZ,official_business_licenses,,,,
standard,PURE FREQUENCY LLC,5206611719,unknown,621498,ORO VALLEY,AZ,official_business_licenses,,,,
standard,NORTHWEST URGENT CARE AT CAMPBELL,5209898245,unknown,621498,TUCSON,AZ,official_business_licenses,,,,
standard,DIVINE ENERGY HEALING LLC,5209754001,unknown,621498,TUCSON,AZ,official_business_licenses,,,,
standard,NORTHWEST URGENT CARE,5206406300,unknown,621498,TUCSON,AZ,official_business_licenses,,,,
standard,NORTHWEST URGENT CARE,5205436770,unknown,621498,TUCSON,AZ,official_business_licenses,,,,
standard,NORTHWEST URGENT CARE AT TANQUE VERDE,5209898241,unknown,621498,TUCSON,AZ,official_business_licenses,,,,
standard,NORTHWEST URGENT CARE AT IRVINGTON,5209898257,unknown,621498,TUCSON,AZ,official_business_licenses,,,,
standard,NORTHWEST URGENT CARE AT RIVER,5209898247,unknown,621498,TUCSON,AZ,official_business_licenses,,,,
standard,NORTHWEST URGENT CARE AT GRANT,5209898259,unknown,621498,TUCSON,AZ,official_business_licenses,,,,
standard,WISDOM WITHIN,5208915417,unknown,621498,TUCSON,AZ,official_business_licenses,,,,
standard,SLEEP DIAGNOSTIC & RESEARCH OF ARIZONA,5203987455,unknown,621498,TUCSON,AZ,official_business_licenses,,,,
standard,LOIS M ROTH,5203001404,unknown,621498,TUCSON,AZ,official_business_licenses,,,,
standard,CLOUD NINE FLOTATION,5206684017,unknown,621498,TUCSON,AZ,official_business_licenses,,,,
standard,NORTHWEST URGENT CARE AT HARRISON,5209898255,unknown,621498,TUCSON,AZ,official_business_licenses,,,,
standard,LIVWELL INFUSIONS,+18888647341,,621498,SCOTTSDALE,AZ,adapter:official_business_licenses,,,,
standard,MICROVASCULAR THERAPEUTICS INC,5206246688,unknown,621511,TUCSON,AZ,official_business_licenses,,,,
standard,PARADIGM LABORATORIES LLC,5209012969,unknown,621511,TUCSON,AZ,official_business_licenses,,,,
standard,QUICK TEST HEALTH SERVICES OF TUCSON,5208445797,unknown,621511,MESA,AZ,official_business_licenses,,,,
standard,SONORA QUEST LABS OF TUCSON,5207848044,unknown,621511,TUCSON,AZ,official_business_licenses,,,,
standard,STERILITY ASSURANCE LABOR,5206287103,unknown,621511,TUCSON,AZ,official_business_licenses,,,,
standard,SEVIC ORTHODONTIC LABORATORY,5207909233,unknown,621511,TUCSON,AZ,official_business_licenses,,,,
standard,BIOLAB MOBILE SERVICES,5204884556,unknown,621511,TUCSON,AZ,official_business_licenses,,,,
standard,TURNER LABORATORIES INCORPORATED,5208825880,unknown,621511,TUCSON,AZ,official_business_licenses,,,,
standard,CENTRAL CLINICAL LABS,4809901335,unknown,621511,PHOENIX,AZ,official_business_licenses,,,,
standard,DAS PHLEBOTOMY SERVICES LLC,5204204433,unknown,621511,TUCSON,AZ,official_business_licenses,,,,
standard,SONORA QUEST LABORATORIES,5203228264,unknown,621511,TUCSON,AZ,official_business_licenses,,,,
standard,SONORA QUEST LABORATORIES,5206235972,unknown,621511,TUCSON,AZ,official_business_licenses,,,,
standard,SIMONMED IMAGING LLC-WILMOT,5204498001,unknown,621512,SCOTTSDALE,AZ,official_business_licenses,,,,
standard,MIRACLES LIFE CARE LCC,5202612273,unknown,621610,TUCSON,AZ,official_business_licenses,,,,
standard,TAYLOR CIRCLE OF FRIENDS LLC,5209073507,unknown,621610,TUCSON,AZ,official_business_licenses,,,,
standard,HLF VENTURES LLC,5205519686,unknown,621610,TUCSON,AZ,official_business_licenses,,,,
standard,RELIABLE STAFFING SOLUTIONS PIMA LLC,5204950257,unknown,621610,TUCSON,AZ,official_business_licenses,,,,
standard,HOPE HOME HEALTHCARE,5202842484,unknown,621610,TUCSON,AZ,official_business_licenses,,,,
standard,LUWEEZ IN HOME CARE,5202051236,unknown,621610,TUCSON,AZ,official_business_licenses,,,,
standard,REBORN AESTHETICS & INFUSIONS,5209068190,unknown,621610,TUCSON,AZ,official_business_licenses,,,,
standard,ACU FLORA HARMONICS LLC,5202909011,unknown,621610,TUCSON,AZ,official_business_licenses,,,,
standard,CARING HANDS #1,5208910472,unknown,621610,TUCSON,AZ,official_business_licenses,,,,
standard,SOUTHERN ARIZONA ELDERCARE,5203447711,unknown,621610,TUCSON,AZ,official_business_licenses,,,,
standard,ARIA HOSPICE COMFORT CARE,5205477000,unknown,621610,TUCSON,AZ,official_business_licenses,,,,
standard,JESSA'S HELPING HANDS,5205851066,unknown,621610,TUCSON,AZ,official_business_licenses,,,,
standard,TOP NOTCH MEDICAL STAFFING,5206185342,unknown,621610,TUCSON,AZ,official_business_licenses,,,,
standard,CHRISTOPHER M GRANILLO DDS LLC,5202985556,unknown,621610,TUCSON,AZ,official_business_licenses,,,,
standard,KATIE LARYSSA CERAK,5204904965,unknown,621610,TUCSON,AZ,official_business_licenses,,,,
standard,REJUVENATE,5202765777,unknown,621610,TUCSON,AZ,official_business_licenses,,,,
standard,ASSISTED LIVING LOCATORS OF NORTH TUCSON,5208823772,unknown,621610,TUCSON,AZ,official_business_licenses,,,,
standard,AGAPE AT HOME,5204873243,unknown,621610,TUCSON,AZ,official_business_licenses,,,,
standard,BRIGHTSTAR CARE,5209016589,unknown,621610,TUCSON,AZ,official_business_licenses,,,,
standard,DEVOTED HEALTHCARE LLC,5203059605,unknown,621610,TUCSON,AZ,official_business_licenses,,,,
standard,AIRES,5206230962,unknown,621610,TUCSON,AZ,official_business_licenses,,,,
standard,TOTAL CARE CONNECTIONS,5205461554,unknown,621610,TUCSON,AZ,official_business_licenses,,,,
standard,A STEP ABOVE RESPITE LLC,5202703745,unknown,621610,TUCSON,AZ,official_business_licenses,,,,
standard,PATIENT CARE ADVOCATES,5205464141,unknown,621610,TUCSON,AZ,official_business_licenses,,,,
standard,TEAM TUMAMOC,5204479469,unknown,621610,TUCSON,AZ,official_business_licenses,,,,
standard,TRUSTED HOMEMAKER COMPANION,5202045592,unknown,621610,Tucson,AZ,official_business_licenses,,,,
standard,COMPASSIONATE TOUCH HOME CARE SERVICES,5208706607,unknown,621610,TUCSON,AZ,official_business_licenses,,,,
standard,AMERICAN LIBERTY HOME HEALTH,5204001508,unknown,621610,TUCSON,AZ,official_business_licenses,,,,
standard,EMBLEM HOSPICE OF TUCSON,5202971460,unknown,621610,TUCSON,AZ,official_business_licenses,,,,
standard,SAGE HOSPICE AND PALLIATIVE CARE,5204753425,unknown,621610,PIMA COUNTY,AZ,official_business_licenses,,,,
standard,BRAVO GERIATRICS PLLC,5208331063,unknown,621610,TUCSON,AZ,official_business_licenses,,,,
standard,BENEVOLENT CARE GIVING,5206038353,unknown,621610,TUCSON,AZ,official_business_licenses,,,,
standard,LEGACY LIFECARE,5203320060,unknown,621610,TUCSON,AZ,official_business_licenses,,,,
standard,PATHWAYS HOSPICE,5203393809,unknown,621610,TUCSON,AZ,official_business_licenses,,,,
standard,HONEYBEE HOME HEALTH,5209815874,unknown,621610,TUCSON,AZ,official_business_licenses,,,,
standard,GUADALUPES MOBILE CARE,5138053917,unknown,621610,TUCSON,AZ,official_business_licenses,,,,
standard,CORNERSTONE CAREGIVING,+15202145905,,621610,TUCSON,AZ,adapter:official_business_licenses,,,,
standard,SOUTHWEST AMBULANCE OF TUCSON INC,+18003522309,,621910,TUCSON,AZ,adapter:official_business_licenses,,,,
standard,SOUTHERN ARIZONA EDUCATION AND TRAINING,5203073009,unknown,621999,TUCSON,AZ,official_business_licenses,,,,
standard,VERY SPECIAL ALTERNATIVES,5204031686,unknown,621999,TUCSON,AZ,official_business_licenses,,,,
standard,HIGHER SELF WELLNESS PLLC,5612365007,unknown,621999,TUCSON,AZ,official_business_licenses,,,,
standard,AZC DRUG TESTING,5207451029,unknown,621999,TUCSON,AZ,official_business_licenses,,,,
standard,CARE COORDINATORS,5203258881,unknown,621999,TUCSON,AZ,official_business_licenses,,,,
standard,PROACTIVE HEALTH SOLUTIONS LLC,5202357036,unknown,621999,TUCSON,AZ,official_business_licenses,,,,
standard,TUCSON VITALITY HEALTH GROUP,5204288828,unknown,621999,TUCSON,AZ,official_business_licenses,,,,
standard,SYNVESTA VASCULAR CARE PLLC,5206185369,unknown,622110,TUCSON,AZ,official_business_licenses,,,,
standard,HI FLOW ANESTHESIA,5202619131,unknown,622110,TUCSON,AZ,official_business_licenses,,,,
standard,BUENA VISTA RECOVERY LLC,6233237986,unknown,622210,SCOTTSDALE,AZ,official_business_licenses,,,,
standard,"Residents at the Heights, LLC",480-597-7000,unknown,623000,Mesa,AZ,official_business_licenses,,,,
standard,ISL PROPERTY PARTNERS III,5205054714,unknown,623000,TUCSON,AZ,official_business_licenses,,,,
standard,"Residents at the Heights, LLC",480-590-4748,unknown,623000,Mesa,AZ,official_business_licenses,,,,
standard,Intensive Treatment Systems LLC,6026661910,unknown,623000,Mesa,AZ,official_business_licenses,,,,
standard,NURSE GEMAVIE LLC,5202604173,unknown,623110,TUCSON,AZ,official_business_licenses,,,,
standard,TRINITY HOME LLC,5202075196,unknown,623220,TUCSON,AZ,official_business_licenses,,,,
standard,ARIZONA REHAB CAMPUS,6028827451,unknown,623220,TUCSON,AZ,official_business_licenses,,,,
standard,THE HACIENDA AT THE RIVER,5204851020,unknown,623312,TUCSON,AZ,official_business_licenses,,,,
standard,WOODLAND PALMS MEMORY CARE,5203694501,unknown,623312,TUCSON,AZ,official_business_licenses,,,,
standard,OAK HAVEN ASSISTED LIVING,5204974663,unknown,623312,CORONA DE TUCSON,AZ,official_business_licenses,,,,
standard,ALTAIR PROPERTIES,5206615883,unknown,623312,MARANA,AZ,official_business_licenses,,,,
standard,BROADWAY PROPER SENIOR LIVING,5202963238,unknown,623312,TUCSON,AZ,official_business_licenses,,,,
standard,CASA DE ROSA LLC,5202215743,unknown,623990,TUCSON,AZ,official_business_licenses,,,,
standard,DONNA HARRIS,5209776326,unknown,623990,TUCSON,AZ,official_business_licenses,,,,
standard,SILVER HOUSE SOBER LIVING,5205852919,unknown,623990,TUCSON,AZ,official_business_licenses,,,,
standard,GRATEFUL GUIDANCE RECOVERY LLC,5208126620,unknown,62410,TUCSON,AZ,official_business_licenses,,,,
standard,LA PALOMA FAMILY SERVICES INC,5208385584,unknown,624110,TUCSON,AZ,official_business_licenses,,,,
standard,SUNSHINE DTA LLC,5202886454,unknown,624120,TUCSON,AZ,official_business_licenses,,,,
standard,PROVIDEO,5208091178,unknown,624120,TUCSON,AZ,official_business_licenses,,,,
standard,TLC COORDINATION AND ADVOCACY,5203054454,unknown,624120,TUCSON,AZ,official_business_licenses,,,,
standard,FOWLER SENIOR PLACEMENT SERVICES,5206670525,unknown,624120,TUCSON,AZ,official_business_licenses,,,,
standard,NURSE NEXT DOOR TUCSON,5205352430,unknown,624120,TUCSON,AZ,official_business_licenses,,,,
standard,SENIORS HELPING SENIORS TUCSON NW,5202250598,unknown,624120,MARANA,AZ,official_business_licenses,,,,
standard,CARE FINDERS,5202569446,unknown,624120,TUCSON,AZ,official_business_licenses,,,,
standard,ALICIA CABRERA AGUILAR,5203581461,unknown,624120,TUCSON,AZ,official_business_licenses,,,,
standard,MOUNTAIN SPRINGS COMMUNITY SERVICES,5205262218,unknown,624120,TUCSON,AZ,official_business_licenses,,,,
standard,SENIOR HOME CARE OF TUCSON LLC,5203554787,unknown,624120,TUCSON,AZ,official_business_licenses,,,,
standard,MARICEL M STARK,5202051227,unknown,624120,TUCSON,AZ,official_business_licenses,,,,
standard,CREATIVE CARE CENTERS,5204014065,unknown,624120,TUCSON,AZ,official_business_licenses,,,,
standard,WREN ENTERPRISES LLC,5202688608,unknown,624120,TUCSON,AZ,official_business_licenses,,,,
standard,ALMA'S CAREGIVER,5204431487,unknown,624120,TUCSON,AZ,official_business_licenses,,,,
standard,DESERT ROSE COMFORT CARE,5209811619,unknown,624120,TUCSON,AZ,official_business_licenses,,,,
standard,RYAN'S ROCKING R LLC,5207778843,unknown,624120,TUCSON,AZ,official_business_licenses,,,,
standard,THE TUNGLAND COMPANY LLC,5023382225,unknown,624120,PHOENIX,AZ,official_business_licenses,,,,
standard,SKYLINE ESTATE ASSISTING WITH LIVING,5205295562,unknown,624120,TUCSON,AZ,official_business_licenses,,,,
standard,AZMASQUERADE LLC,5209098574,unknown,624120,TUCSON,AZ,official_business_licenses,,,,
standard,COMPASS TRANSITION SERVICES LLC,5208858230,unknown,624120,TUCSON,AZ,official_business_licenses,,,,
standard,CASA DE ROSARIO,5202758319,unknown,624120,TUCSON,AZ,official_business_licenses,,,,
standard,ANGEL ARMS ADULT PLACEMENT SERVICES LLC,5202726221,unknown,624120,TUCSON,AZ,official_business_licenses,,,,
standard,A2Z SUPPORT,5204038244,unknown,624120,TUCSON,AZ,official_business_licenses,,,,
standard,CALEB CARES LLC,5204407532,unknown,624120,TUCSON,AZ,official_business_licenses,,,,
standard,CAREGIVING SERVICES BY CLAUDIA,5208087348,unknown,624120,TUCSON,AZ,official_business_licenses,,,,
standard,MEADOWS CATALINA LLC,5206330313,unknown,624120,TUCSON,AZ,official_business_licenses,,,,
standard,INTERVENTIONS FOR FAMILIES & CHILDREN,5203261336,unknown,624190,TUCSON,AZ,official_business_licenses,,,,
standard,WENDY WHITE LCSW,5204656465,unknown,624190,TUCSON,AZ,official_business_licenses,,,,
standard,MONSOON LIGHT,5203294161,unknown,624190,TUCSON,AZ,official_business_licenses,,,,
standard,EMPOWERED CONNECTIONS LLC,5207563055,unknown,624190,TUCSON,AZ,official_business_licenses,,,,
standard,HEALTHY LIVING CENTER,5203236291,unknown,624190,TUCSON,AZ,official_business_licenses,,,,
standard,POTENTIAL UNLIMITED-PERSONAL DEVELOPMENT,5203235599,unknown,624190,VAIL,AZ,official_business_licenses,,,,
standard,BREI DISPUTE RESOLUTIONS LLC,5202974411,unknown,624190,TUCSON,AZ,official_business_licenses,,,,
standard,PIMA COUNSELING,5204610922,unknown,624190,TUCSON,AZ,official_business_licenses,,,,
standard,TRUE TEA THERAPY - MEDITATION SPA & TREATMENT CENTER LLC,5207723044,unknown,624190,TUCSON,AZ,official_business_licenses,,,,
standard,HOPE'S HORIZONS COUNSELING SERVICES,5203147865,unknown,624190,ORO VALLEY,AZ,official_business_licenses,,,,
standard,HEALTHY COUPLES,5203199132,unknown,624190,TUCSON,AZ,official_business_licenses,,,,
standard,SUE THAM,5204904932,unknown,624190,TUCSON,AZ,official_business_licenses,,,,
standard,NEXT STEP COUNSELING,5207470405,unknown,624190,TUCSON,AZ,official_business_licenses,,,,
standard,ALONGSIDE COUNSELING,5204018289,unknown,624190,TUCSON,AZ,official_business_licenses,,,,
standard,DEUX BANANES,5209541246,unknown,624190,TUCSON,AZ,official_business_licenses,,,,
standard,INSIGHT COUNSELING AND EDUCATIONAL SERVI,5204014534,unknown,624190,TUCSON,AZ,official_business_licenses,,,,
standard,GUMS PER CONSULTANTS,5208705460,unknown,624190,TUCSON,AZ,official_business_licenses,,,,
standard,REFLECTION FAMILY SERVICES,5207950981,unknown,624190,TUCSON,AZ,official_business_licenses,,,,
standard,ANABELLA'S FOREVER,5202733455,unknown,624190,TUCSON,AZ,official_business_licenses,,,,
standard,NEXT STEPS SENIOR LIVING ADVISORS LLC,5207337478,unknown,624190,TUCSON,AZ,official_business_licenses,,,,
standard,NANCY WILLIAMS LCSW,5202716506,unknown,624190,TUCSON,AZ,official_business_licenses,,,,
standard,CENTRO DEL SER LLC,5203095002,unknown,624190,TUCSON,AZ,official_business_licenses,,,,
standard,DREAM AGAIN COUNSELING,5202601094,unknown,624190,TUCSON,AZ,official_business_licenses,,,,
standard,FLOURISH COUNSELING & WELLNESS,5203857132,unknown,624190,TUCSON,AZ,official_business_licenses,,,,
standard,NUMA COUSELING SERVICES,5202164006,unknown,624190,TUCSON,AZ,official_business_licenses,,,,
standard,LETT DIANA WILDER,5209770870,unknown,624190,TUCSON,AZ,official_business_licenses,,,,
standard,CHANGING PERCEPTIONS,5204884412,unknown,624190,TUCSON,AZ,official_business_licenses,,,,
standard,BETTER DAY COUNSELING,5209090161,unknown,624190,TUCSON,AZ,official_business_licenses,,,,
standard,MARY JANE RIDDER LCSW,5204197888,unknown,624190,TUCSON,AZ,official_business_licenses,,,,
standard,INNERSENSES,5206239180,unknown,624190,TUCSON,AZ,official_business_licenses,,,,
standard,JANET LEE O'CONNOR,5203600007,unknown,624190,TUCSON,AZ,official_business_licenses,,,,
standard,PIECEFUL COUNSELING,5203337804,unknown,624190,TUCSON,AZ,official_business_licenses,,,,
standard,TRINITY ECUMENICAL MINISTIRES,5208081681,unknown,624190,TUCSON,AZ,official_business_licenses,,,,
standard,RHODEA NICOLS,5202691809,unknown,624190,TUCSON,AZ,official_business_licenses,,,,
standard,DIANE LYNN HARDY,5203727359,unknown,624190,TUCSON,AZ,official_business_licenses,,,,
standard,CIRCULATION CARE SERVICES LLC,5209906117,unknown,624190,TUCSON,AZ,official_business_licenses,,,,
standard,HUMMINGBIRD COUNSELING SERVICES,5202709706,unknown,624190,TUCSON,AZ,official_business_licenses,,,,
standard,ROAD 2 RESOLUTIONS,5204810670,unknown,624190,TUCSON,AZ,official_business_licenses,,,,
standard,CARITAS CENTER FOR HEALING,5206242743,unknown,624190,TUCSON,AZ,official_business_licenses,,,,
standard,NOVARA INTEGRATION,5209072668,unknown,624190,TUCSON,AZ,official_business_licenses,,,,
standard,SELECT SENIOR PLACEMENT SERVICES LLC,5208707091,unknown,624190,MARANA,AZ,official_business_licenses,,,,
standard,WEATHERING STORMS HEALING,5202470203,unknown,624190,TUCSON,AZ,official_business_licenses,,,,
standard,KELSEY JAMES FOUNDATION,5208298099,unknown,624190,TUCSON,AZ,official_business_licenses,,,,
standard,CHILD & FAMILY SUPPORT SERVICES INC,5205053464,unknown,624190,PHOENIX,AZ,official_business_licenses,,,,
standard,SEAN L WAAG,5209545311,unknown,624190,TUCSON,AZ,official_business_licenses,,,,
standard,NANCY BORDEN PRUNTY,5209066564,unknown,624190,TUCSON,AZ,official_business_licenses,,,,
standard,RED TREE MEDITATION CENTE,5203443693,unknown,624190,TUCSON,AZ,official_business_licenses,,,,
standard,FUERZA Y ESPERANZA COUNSELING SERVICES,5202950999,unknown,624190,TUCSON,AZ,official_business_licenses,,,,
standard,HONOR ENTERPRISES LLC,5204714255,unknown,624190,TUCSON,AZ,official_business_licenses,,,,
standard,ELLEN ROSS JUE PLLC,5206646519,unknown,624190,TUCSON,AZ,official_business_licenses,,,,
standard,SHANNA BRADEN LLC,3072149954,unknown,624190,TUCSON,AZ,official_business_licenses,,,,
standard,EXHALE COUNSELING LLC,5207834282,unknown,624190,TUCSON,AZ,official_business_licenses,,,,
standard,KAREN MORSE,5203601514,unknown,624190,TUCSON,AZ,official_business_licenses,,,,
standard,LIFE COMPANION CARE LLC,5203399498,unknown,624190,TUCSON,AZ,official_business_licenses,,,,
standard,REAL LIFE THERAPY SERVICES LLC,5206037877,unknown,624190,TUCSON,AZ,official_business_licenses,,,,
standard,DREAM AGAIN COUNSELING LLC,5203059791,unknown,624190,TUCSON,AZ,official_business_licenses,,,,
standard,PERCEPTION COUNSELING LLC,5204016869,unknown,624190,TUCSON,AZ,official_business_licenses,,,,
standard,TUCSON SOMATIC PSYCHOTHERAPY LLC,5202430200,unknown,624190,TUCSON,AZ,official_business_licenses,,,,
standard,THE WARRIORS HEART GRIEF AND LOSS RETREA,5209824203,unknown,624190,TUCSON,AZ,official_business_licenses,,,,
standard,COUNSELING AND CONSULTANTS ETC LLC,5206685397,unknown,624190,TUCSON,AZ,official_business_licenses,,,,
standard,OPTIONS BEHAVIORAL HEALTH LLC,5202305162,unknown,624190,TUCSON,AZ,official_business_licenses,,,,
standard,RELAX & BREATHE,5208252009,unknown,624190,TUCSON,AZ,official_business_licenses,,,,
standard,THRIVE WITH CHAOS,5206270495,unknown,624190,TUCSON,AZ,official_business_licenses,,,,
standard,DANVILLE SERVICES OF ARIZONA,5202767336,unknown,624190,TUCSON,AZ,official_business_licenses,,,,
standard,MAYA'S CREATIVE COUNSELING,5204871978,unknown,624190,TUCSON,AZ,official_business_licenses,,,,
standard,KAY LESH,5206709121,unknown,624190,TUCSON,AZ,official_business_licenses,,,,
standard,WE CARE,5204095624,unknown,624190,TUCSON,AZ,official_business_licenses,,,,
standard,SERENITY RECOVERY SERVICES INC,5203279544,unknown,624190,TUCSON,AZ,official_business_licenses,,,,
standard,SHOSHANA GATTEL GREEN LLC,+15209077667,,624190,TUCSON,AZ,adapter:official_business_licenses,,,,
standard,SED TANTUM DIC VERBO LLC,+15203336242,,624190,TUCSON,AZ,adapter:official_business_licenses,,,,
standard,RICHARD MUSZYNSKI,+15209067048,,624190,TUCSON,AZ,adapter:official_business_licenses,,,,
standard,WHITNEY MORGAN NUTRITION LLC,+15209772982,,624190,TUCSON,AZ,adapter:official_business_licenses,,,,
standard,VISION QUEST NATIONAL LTD,+15208813950,,624190,TUCSON,AZ,adapter:official_business_licenses,,,,
standard,OLD PUEBLO COMMUNITY SERVICES,5205460122,unknown,624229,TUCSON,AZ,official_business_licenses,,,,
standard,CARING TRANSITIONS OF SOUTHERN ARIZONA - ON-LINE,5202621495,unknown,624229,TUCSON,AZ,official_business_licenses,,,,
standard,LORRAINE MYRO LCSW PLLC,2159082811,unknown,624330,TUCSON,AZ,official_business_licenses,,,,
standard,TRUSTING CONNECTIONS LLC,5205446612,unknown,624410,ORO VALLEY,AZ,official_business_licenses,,,,
standard,CREATIVE BEGINNINGS PRESCHOOL,5206201284,unknown,624410,TUCSON,AZ,official_business_licenses,,,,
standard,CAROUSEL DE LA ALEGRIA,5202846504,unknown,624410,TUCSON,AZ,official_business_licenses,,,,
standard,BRIGHT STAR LEARNING CENTER LLC,5203257005,unknown,624410,TUCSON,AZ,official_business_licenses,,,,
standard,LOS CARRITOS CHILDCARE,5206124095,unknown,624410,TUCSON,AZ,official_business_licenses,,,,
standard,KIDS VILLAGE,5208827951,unknown,624410,TUCSON,AZ,official_business_licenses,,,,
standard,DONNA'S CHILD CARE,5203035050,unknown,624410,TUCSON,AZ,official_business_licenses,,,,
standard,OLD SPANISH TRAIL CHRISTIAN DAY SCHOOL,5204165888,unknown,624410,TUCSON,AZ,official_business_licenses,,,,
standard,ADVENTURE SCHOOL,5202960656,unknown,624410,TUCSON,AZ,official_business_licenses,,,,
standard,TENDER HEARTS CHILD DEVELOPMENT CENTER,5202827102,unknown,624410,Tucson,AZ,official_business_licenses,,,,
standard,DREAMLAND CHILDCARE & PRESCHOOL LLC,5208496737,unknown,624410,TUCSON,AZ,official_business_licenses,,,,
standard,A NEIGHBORHOOD EARLY LEARNING CENTER,5206201001,unknown,624410,TUCSON,AZ,official_business_licenses,,,,
standard,GROWING STEPS CHILDCARE & LEARNING CTR,5208872121,unknown,624410,TUCSON,AZ,official_business_licenses,,,,
standard,KIDDIE KORNER DAYCARE,5206225080,unknown,624410,TUCSON,AZ,official_business_licenses,,,,
standard,PRECIOUS SOULS CHILD CARE LLC,5202963851,unknown,624410,TUCSON,AZ,official_business_licenses,,,,
standard,ALMITA MONTESSORI SCHOOL INC,5208866859,unknown,624410,TUCSON,AZ,official_business_licenses,,,,
standard,FIRST IMPRESSIONS,5207456354,unknown,624410,TUCSON,AZ,official_business_licenses,,,,
standard,KIDS FIRST PRESCHOOL & CHILD CARE CARE #2,5208857171,unknown,624410,TUCSON,AZ,official_business_licenses,,,,
standard,MELY'S CHILDCARE,5209795768,unknown,624410,TUCSON,AZ,official_business_licenses,,,,
standard,LEARNING BEE PRESCHOOL & DAY CARE CENTER,5203192273,unknown,624410,TUCSON,AZ,official_business_licenses,,,,
standard,MY SMALL WORLD,5203299298,unknown,624410,TUCSON,AZ,official_business_licenses,,,,
standard,LITTLE ANGELS LEARNING CENTER,5209771426,unknown,624410,TUCSON,AZ,official_business_licenses,,,,
standard,ELSA'S GROUP HOME LLC,5205739689,unknown,624410,TUCSON,AZ,official_business_licenses,,,,
standard,BELEN'S CHILD CARE II,5207309378,unknown,624410,TUCSON,AZ,official_business_licenses,,,,
standard,SOQUIS FAMILY CHILD CARE,5206232320,unknown,624410,TUCSON,AZ,official_business_licenses,,,,
standard,SILVIA'S CHILDCARE,5207412872,unknown,624410,TUCSON,AZ,official_business_licenses,,,,
standard,KIDZCO CHILD CARE & PRESCHOOL /GOLFLINKS,5208865437,unknown,624410,TUCSON,AZ,official_business_licenses,,,,
standard,LITTLE RASCALS DAY CARE,5203769266,unknown,624410,TUCSON,AZ,official_business_licenses,,,,
standard,KIDS PALACE PRESCHOOL DAYCARE,5205468888,unknown,624410,TUCSON,AZ,official_business_licenses,,,,
standard,ARCOIRIS CHILD CARE SERVICES,5203122819,unknown,624410,TUCSON,AZ,official_business_licenses,,,,
standard,GENESIS CHILDCARE LLC,5206683805,unknown,624410,TUCSON,AZ,official_business_licenses,,,,
standard,LEARN-N-GROW CHILD CARE,5203265589,unknown,624410,TUCSON,AZ,official_business_licenses,,,,
standard,KIDS PLAYHOUSE DAY CARE CENTER INC,5204060303,unknown,624410,TUCSON,AZ,official_business_licenses,,,,
standard,KID'S WORLD,5208881465,unknown,624410,TUCSON,AZ,official_business_licenses,,,,
standard,PATTY'S PRIVATE PRESCHOOL,5209713938,unknown,624410,TUCSON,AZ,official_business_licenses,,,,
standard,THE CHILDREN'S CENTER,5207900117,unknown,624410,TUCSON,AZ,official_business_licenses,,,,
standard,THE APPLE TREE LEARNING CENTERS LLC,5208823816,unknown,624410,TUCSON,AZ,official_business_licenses,,,,
standard,BLESSINGS DAYCARE,5209775169,unknown,624410,TUCSON,AZ,official_business_licenses,,,,
standard,LA CASITA DAYCARE INC,5208071770,unknown,624410,TUCSON,AZ,official_business_licenses,,,,
standard,KIDS FIRST PRESCHOOL & CHILDCARE CTR,5207950990,unknown,624410,TUCSON,AZ,official_business_licenses,,,,
standard,LITTLE STARS DAY CARE,5209545304,unknown,624410,TUCSON,AZ,official_business_licenses,,,,
standard,THE SANDBOX 2,5207959595,unknown,624410,TUCSON,AZ,official_business_licenses,,,,
standard,PRECIOUS MOMENTS DAYCARE & PRESCHOOL LLC,5202937410,unknown,624410,TUCSON,AZ,official_business_licenses,,,,
standard,KIDS VILLE,5208884070,unknown,624410,TUCSON,AZ,official_business_licenses,,,,
standard,CHILDREN'S LEARNING ADVENTURE CHILDCARE,4803157900,unknown,624410,SCOTTSDALE,AZ,official_business_licenses,,,,
standard,CADENCE ACADEMY PRESCHOOL,5209998580,unknown,624410,SCOTTSDALE,AZ,official_business_licenses,,,,
standard,LITTLE MONKEY EXPLORING DAY CARE,5206227830,unknown,624410,TUCSON,AZ,official_business_licenses,,,,
standard,NEW DISCOVERIES PRESCHOOL,5202935657,unknown,624410,TUCSON,AZ,official_business_licenses,,,,
standard,LITTLE BLESSINGS DAYCARE & PRESCHOOL,5203232273,unknown,624410,TUCSON,AZ,official_business_licenses,,,,
standard,CRAYOLA IMAGINE ARTS ACADEMY TUCSON,9016878254,unknown,624410,TUCSON,AZ,official_business_licenses,,,,
standard,SYMTERRA,3146400892,unknown,651710,TUCSON,AZ,official_business_licenses,,,,
standard,Pretty Popcorn,602-706-1723,unknown,71,Mesa,AZ,official_business_licenses,,,,
standard,KELIS ROJAS,4802253189,unknown,711,PHOENIX,AZ,official_business_licenses,,,,
standard,Mesa Social Club,6233985401,unknown,711100,Mesa,AZ,official_business_licenses,,,,
standard,CIRQUE ROOTS,5202614667,unknown,711110,TUCSON,AZ,official_business_licenses,,,,
standard,CARNIVAL OF ILLUSION,4803597469,unknown,711110,TUCSON,AZ,official_business_licenses,,,,
standard,TUCSON IMPROV MOVEMENT,5706405850,unknown,711110,TUCSON,AZ,official_business_licenses,,,,
standard,WEBBY DANCE COMPANY,5202733584,unknown,711120,TUCSON,AZ,official_business_licenses,,,,
standard,520 DANCE COMPANY,5203285326,unknown,711120,TUCSON,AZ,official_business_licenses,,,,
standard,THE JUST INTERVALS,9287923458,unknown,711130,TUCSON,AZ,official_business_licenses,,,,
standard,TIME ROCK BEATS,5208202876,unknown,711130,TUCSON,AZ,official_business_licenses,,,,
standard,FIESTA D J'S,5209777554,unknown,711130,TUCSON,AZ,official_business_licenses,,,,
standard,MISTER BINGS PRESENTS,5209756694,unknown,711130,TUCSON,AZ,official_business_licenses,,,,
standard,SOUND PICTURES,5206645500,unknown,711130,TUCSON,AZ,official_business_licenses,,,,
standard,HIRAM PEREZ MUSIC,5209774244,unknown,711130,Tucson,AZ,official_business_licenses,,,,
standard,LARA RUGGLES MUSIC,7202800181,unknown,711130,TUCSON,AZ,official_business_licenses,,,,
standard,WAYSTED INNOCENSE,5205956332,unknown,711130,TUCSON,AZ,official_business_licenses,,,,
standard,QUINCE PROMOTIONS,5205612103,unknown,711130,TUCSON,AZ,official_business_licenses,,,,
standard,NICKLES MUSIC & ART STUDIO,5202506844,unknown,711130,TUCSON,AZ,official_business_licenses,,,,
standard,EXECUTIVE DJ'S,5203123535,unknown,711130,TUCSON,AZ,official_business_licenses,,,,
standard,MARIACHI SONIDO DE MEXICO,5204043742,unknown,711130,TUCSON,AZ,official_business_licenses,,,,
standard,PETE SWAN PRODUCTIONS,5209900439,unknown,711130,TUCSON,AZ,official_business_licenses,,,,
standard,LATINO SOUNDS,5207929272,unknown,711130,TUCSON,AZ,official_business_licenses,,,,
standard,YNOT ENTERTAINMENT,5202959466,unknown,711130,TUCSON,AZ,official_business_licenses,,,,
standard,SHOWTIME EXPRESS,5208888408,unknown,711130,TUCSON,AZ,official_business_licenses,,,,
standard,QUENTIN R THOMSON,5202993070,unknown,711130,TUCSON,AZ,official_business_licenses,,,,
standard,KRK PRODUCTIONS,5203017709,unknown,711130,TUCSON,AZ,official_business_licenses,,,,
standard,ELIJAH EZEQUIEL LLC,480-330-2117,unknown,"711130, 455219",Mesa,AZ,official_business_licenses,,,,
standard,CIRQUE COLLECTIVE,5208209322,unknown,711190,TUCSON,AZ,official_business_licenses,,,,
standard,PRODUCTION AGENCY FOR PARTICIPATORY ARTS,6026150899,unknown,711190,TUCSON,AZ,official_business_licenses,,,,
standard,MAGGIE'S FACEPAINT MAGIC,5204810350,unknown,711190,TUCSON,AZ,official_business_licenses,,,,
standard,CECE PRINTS,5204959096,unknown,711190,TUCSON,AZ,official_business_licenses,,,,
standard,TUCSON INDOOR FOOTBALL LLC,2565081429,unknown,711211,GILBERT,AZ,official_business_licenses,,,,
standard,COPPER STATE LACROSSE,5204486605,unknown,711211,MARANA,AZ,official_business_licenses,,,,
standard,FC TUCSON,5206003095,unknown,711211,TUCSON,AZ,official_business_licenses,,,,
standard,MONSOON FASTPITCH,5203922732,unknown,711211,SAHUARITA,AZ,official_business_licenses,,,,
standard,LEO'S PLACE,5204002437,unknown,711219,TUCSON,AZ,official_business_licenses,,,,
standard,BRANDEN SCHEEL RACING LTD,7014294234,unknown,711219,TUCSON,AZ,official_business_licenses,,,,
standard,PREMISES PARK,5206237561,unknown,711219,TUCSON,AZ,official_business_licenses,,,,
standard,JAZMYN ROZE ART,5207890242,unknown,711219,GREEN VALLEY,AZ,official_business_licenses,,,,
standard,Tao Martial Arts,4808180897,unknown,"711219, 611620, 611699",Mesa,AZ,official_business_licenses,,,,
standard,MUSIC DOES IT,6123906374,unknown,71130,TUCSON,AZ,official_business_licenses,,,,
standard,C MICHAEL BENNIS AUTHOR AND SPEAKER,5204443964,unknown,711310,TUCSON,AZ,official_business_licenses,,,,
standard,YOUNG ENTERPRIZES,5203042884,unknown,711310,TUCSON,AZ,official_business_licenses,,,,
standard,FLAM-CHEN,5203121448,unknown,711310,TUCSON,AZ,official_business_licenses,,,,
standard,MARACANA INDOOR SPORTS ARENA LLC,5202357094,unknown,711310,TUCSON,AZ,official_business_licenses,,,,
standard,THE TREASURY 1929,5207343979,unknown,711310,TUCSON,AZ,official_business_licenses,,,,
standard,DUSK MUSIC FESTIVAL LLC,5209070054,unknown,711310,TUCSON,AZ,official_business_licenses,,,,
standard,GLAMOUR LATIN GALA AWARDS,5202786581,unknown,711310,TUCSON,AZ,official_business_licenses,,,,
standard,KANIBUS KULTURE,5208380469,unknown,711310,TUCSON,AZ,official_business_licenses,,,,
standard,SOUTHERN ARIZONA CASTING,5202693401,unknown,711310,TUCSON,AZ,official_business_licenses,,,,
standard,D&J MUSIC LLC,5202357452,unknown,711310,TUCSON,AZ,official_business_licenses,,,,
standard,VIOLET WHITE CORPORATION,5206001002,unknown,711310,TUCSON,AZ,official_business_licenses,,,,
standard,13TH FLOOR ENTERTAINMENT LLC,6022589158,unknown,711320,PHOENIX,AZ,official_business_licenses,,,,
standard,RAMSDEN PRODUCTIONS,5209097765,unknown,711320,TUCSON,AZ,official_business_licenses,,,,
standard,SAMSON THE EQUUS-TAINER LLC,5209901017,unknown,711320,TUCSON,AZ,official_business_licenses,,,,
standard,RELENTLESS BEATS LLC,4805256500 x213,unknown,711320,PHOENIX,AZ,official_business_licenses,,,,
standard,MEGAZA ENTERTAINMENT,5202720105,unknown,711320,LAVEEN,AZ,official_business_licenses,,,,
standard,PRO MUSIC RESOURCE LLC,5203207829,unknown,711320,TUCSON,AZ,official_business_licenses,,,,
standard,PREMIER PRODUCTIONS,5203391347,unknown,711320,TUCSON,AZ,official_business_licenses,,,,
standard,DESERT CASTLE ENTERTAINMENT LLC,5207313610,unknown,711320,TUCSON,AZ,official_business_licenses,,,,
standard,RHYTHM & ROOTS CONCERT SERIES LLC,5204404455,unknown,711320,TUCSON,AZ,official_business_licenses,,,,
standard,RELENTLESS BEATS LLC,+14805256500,,711320,PHOENIX,AZ,adapter:official_business_licenses,,,,
standard,MR NATURE'S MUSIC GARDEN LLC,5209096418,unknown,711410,TUCSON,AZ,official_business_licenses,,,,
standard,ZIMMERMANS PERSONAL AGENTS LLC,5209071060,unknown,711410,TUCSON,AZ,official_business_licenses,,,,
standard,CARIDAD C RECIO HERRERA,3374386677,unknown,711410,TUCSON,AZ,official_business_licenses,,,,
standard,WIIRDO GOLDSTAR LUCKY,5209772564,unknown,711500,TUCSON,AZ,official_business_licenses,,,,
standard,KATHERINE JOYCE ILLUSTRATION,7195537047,unknown,711510,MARANA,AZ,official_business_licenses,,,,
standard,ARIZONA COLORS,5207224727,unknown,711510,TUCSON,AZ,official_business_licenses,,,,
standard,CARLIE A KUHN,5207109081,unknown,711510,TUCSON,AZ,official_business_licenses,,,,
standard,DUSTY MOON STUDIO,5204905701,unknown,711510,TUCSON,AZ,official_business_licenses,,,,
standard,KRE8ART,5209714373,unknown,711510,TUCSON,AZ,official_business_licenses,,,,
standard,LITTLEWING GALLERY 2,5207304891,unknown,711510,TUCSON,AZ,official_business_licenses,,,,
standard,HOWARD KLINE GALLERY,5203447885,unknown,711510,TUCSON,AZ,official_business_licenses,,,,
standard,CONNIE BRANNOCK MUSIC,5203393494,unknown,711510,TUCSON,AZ,official_business_licenses,,,,
standard,CRAIG WUNDERLICH,5209771566,unknown,711510,TUCSON,AZ,official_business_licenses,,,,
standard,DANDAN THE FIREMAN,9285033619,unknown,711510,TUCSON,AZ,official_business_licenses,,,,
standard,KRISSEL S ORDUNO,4802390876,unknown,711510,TUCSON,AZ,official_business_licenses,,,,
standard,JENNA TOMASELLO ARTWORK,9788773063,unknown,711510,TUCSON,AZ,official_business_licenses,,,,
standard,KHOWEZ ART,2676408950,unknown,711510,TUCSON,AZ,official_business_licenses,,,,
standard,IRIS C ADAME,5615256346,unknown,711510,TUCSON,AZ,official_business_licenses,,,,
standard,MICHELLE R SHORTT,5202401976,unknown,711510,TUCSON,AZ,official_business_licenses,,,,
standard,BROOKLYNN SAVANNAH BERRY,5054881884,unknown,711510,TUCSON,AZ,official_business_licenses,,,,
standard,TOUGH KITTY DESIGNS,5206684206,unknown,711510,TUCSON,AZ,official_business_licenses,,,,
standard,LUCKY SAMMY DESIGN,5203938907,unknown,711510,TUCSON,AZ,official_business_licenses,,,,
standard,EMMA CHRISTIANA WILLIS,8087561486,unknown,711510,LITCHFIELD PARK,AZ,official_business_licenses,,,,
standard,ASIA TIARA COLE,5209096096,unknown,711510,AVONDALE,AZ,official_business_licenses,,,,
standard,KISSING CACTUS LLC,5202353901,unknown,711510,TUCSON,AZ,official_business_licenses,,,,
standard,BECERRA BRIANNA,5202731473,unknown,711510,TUCSON,AZ,official_business_licenses,,,,
standard,MAGICAL ENTERTAINMENT,5209093621,unknown,711510,TUCSON,AZ,official_business_licenses,,,,
standard,ART BY SAKELLAR-GEKAS,5204443791,unknown,711510,TUCSON,AZ,official_business_licenses,,,,
standard,CASANDRA FAITH VIRGEN,5206811267,unknown,711510,SAHUARITA,AZ,official_business_licenses,,,,
standard,BUCKLEY RAIN MARIE,5202881003,unknown,711510,TUCSON,AZ,official_business_licenses,,,,
standard,CREATE FOR THE PEOPLE VENTURES,5204042932,unknown,711510,TUCSON,AZ,official_business_licenses,,,,
standard,CELINE HARRIS,6025857190,unknown,711510,TUCSON,AZ,official_business_licenses,,,,
standard,BETH C GUINTER FINE ARTS,5203703757,unknown,711510,TUCSON,AZ,official_business_licenses,,,,
standard,TEMPLE ART COLLECTIVE,5202374430,unknown,711510,TUCSON,AZ,official_business_licenses,,,,
standard,GOOFY BOY ART,5203336904,unknown,711510,TUCSON,AZ,official_business_licenses,,,,
standard,LASCELLESART LLC,5202706835,unknown,711510,TUCSON,AZ,official_business_licenses,,,,
standard,RELLIK ENTERTAINMENT,5203580247,unknown,711510,TUCSON,AZ,official_business_licenses,,,,
standard,KRIS CUSTOM PAINT,5204990981,unknown,711510,TUCSON,AZ,official_business_licenses,,,,
standard,ART BY BAG,5208184943,unknown,711510,TUCSON,AZ,official_business_licenses,,,,
standard,MOSAIC MADNESS MOMMA,5202379045,unknown,711510,VAIL,AZ,official_business_licenses,,,,
standard,MELINDA MARIE STUDIO LLC,5745209493,unknown,711510,TUCSON,AZ,official_business_licenses,,,,
standard,EMILY B DEPALMA,5204688031,unknown,711510,TUCSON,AZ,official_business_licenses,,,,
standard,CANDICE NITZ,5209542946,unknown,711510,TUCSON,AZ,official_business_licenses,,,,
standard,SARAH THET RASNER,8083493896,unknown,711510,TUCSON,AZ,official_business_licenses,,,,
standard,TATIANA DANIELLE BEGAY,5208698364,unknown,711510,TUCSON,AZ,official_business_licenses,,,,
standard,SOMERVILLE ALEXANDREA GRACE,5204378566,unknown,711510,TUCSON,AZ,official_business_licenses,,,,
standard,SKY ANGEL,5203403579,unknown,711510,TUCSON,AZ,official_business_licenses,,,,
standard,"STRAIGHT LINES & CORNERS, LLC",5204441453,unknown,711510,TUCSON,AZ,official_business_licenses,,,,
standard,FYR OND ISEN,5209754048,unknown,711510,TUCSON,AZ,official_business_licenses,,,,
standard,PATRICIA A HOMAN,5208693470,unknown,711510,TUCSON,AZ,official_business_licenses,,,,
standard,TWISTED TUCSON,5205462393,unknown,711510,TUCSON,AZ,official_business_licenses,,,,
standard,VILLA'S MARKET,5202819717,unknown,711510,NOGALES,AZ,official_business_licenses,,,,
standard,SONORAN WATERCOLORS,5204046089,unknown,711510,TUCSON,AZ,official_business_licenses,,,,
standard,SALON J DESIGN LLC,5206685683,unknown,711510,TUCSON,AZ,official_business_licenses,,,,
standard,EVELYN LOPEZ,5204027458,unknown,711510,BENSON,AZ,official_business_licenses,,,,
standard,BAEVY ART,6023866886,unknown,711510,TUCSON,AZ,official_business_licenses,,,,
standard,ELLY M KREPP,5206097887,unknown,711510,TUCSON,AZ,official_business_licenses,,,,
standard,DOMINIQUE M PRICE,5206099925,unknown,711510,TUCSON,AZ,official_business_licenses,,,,
standard,TRACY BROWN ART,5202466581,unknown,711510,TUCSON,AZ,official_business_licenses,,,,
standard,GARIGAN MNA SAN UISCE TE`,5203607827,unknown,711510,TUCSON,AZ,official_business_licenses,,,,
standard,TUCSON LOVE LETTER,5202890000,unknown,711510,TUCSON,AZ,official_business_licenses,,,,
standard,SANDRA GONZALEZ,5202737138,unknown,711510,TUCSON,AZ,official_business_licenses,,,,
standard,SHAKA'S DJ,5203011596,unknown,711510,TUCSON,AZ,official_business_licenses,,,,
standard,TRESSA MILAN BURTON,5209229190,unknown,711510,SIERRA VISTA,AZ,official_business_licenses,,,,
standard,JESS WYCKOFF ART,4062609881,unknown,711510,TUCSON,AZ,official_business_licenses,,,,
standard,MADDYS FACE AND BODY ART,5208508983,unknown,711510,TUCSON,AZ,official_business_licenses,,,,
standard,ALEJANDRA RUVALCABA MURGUIA,5203050447,unknown,711510,TUCSON,AZ,official_business_licenses,,,,
standard,DESERT HIPPIE ARTS,5209906830,unknown,711510,TUCSON,AZ,official_business_licenses,,,,
standard,ABIGAIL BANUELOS,5206606645,unknown,711510,TUCSON,AZ,official_business_licenses,,,,
standard,AZ NATURE'S ART,5206037130,unknown,711510,TUCSON,AZ,official_business_licenses,,,,
standard,LILLY BREMENT,5203010628,unknown,711510,TUCSON,AZ,official_business_licenses,,,,
standard,AN ENOKI,4845983935,unknown,711510,TUCSON,AZ,official_business_licenses,,,,
standard,JILLIAN ALBRECHT,9365227617,unknown,711510,TUCSON,AZ,official_business_licenses,,,,
standard,LAURA DUNCAN CERAMICS LLC,5204034105,unknown,711510,TUCSON,AZ,official_business_licenses,,,,
standard,JESSICA RENTERIA PHOTOGRAPHY,5202507287,unknown,711510,TUCSON,AZ,official_business_licenses,,,,
standard,MAHLIA COLLECTION,5207912185,unknown,711510,TUCSON,AZ,official_business_licenses,,,,
standard,LADY OF THE FLAME PYROGRAPHY,5204047364,unknown,711510,TUCSON,AZ,official_business_licenses,,,,
standard,PINTA PARA EL ALMA,5208087139,unknown,711510,TUCSON,AZ,official_business_licenses,,,,
standard,ALEXIS MARIE SLAMA,5203109628,unknown,711510,VAIL,AZ,official_business_licenses,,,,
standard,BROOKE TANTILLO,6308906773,unknown,711510,TUCSON,AZ,official_business_licenses,,,,
standard,PAMELA D HOWE,5208226144,unknown,711510,TUCSON,AZ,official_business_licenses,,,,
standard,QUILTY CRAFTS,5209906965,unknown,711510,TUCSON,AZ,official_business_licenses,,,,
standard,RAYANA A ALVARADO,5202579671,unknown,711510,TUCSON,AZ,official_business_licenses,,,,
standard,CREATIVE CLASSROOMS ART WITH MS WILLIAMS,5206688311,unknown,711510,TUCSON,AZ,official_business_licenses,,,,
standard,NORMA N FIGUEROA,5205993614,unknown,711510,TUCSON,AZ,official_business_licenses,,,,
standard,S MARVIN ART,5205477229,unknown,711510,TUCSON,AZ,official_business_licenses,,,,
standard,ALEXANDRIA YOUNG ART,5208204855,unknown,711510,TUCSON,AZ,official_business_licenses,,,,
standard,LATE BLOOMER ART CO,5204098874,unknown,711510,TUCSON,AZ,official_business_licenses,,,,
standard,"DESERT SOLSHINE DESIGNS, LLC",5205768230,unknown,711510,TUCSON,AZ,official_business_licenses,,,,
standard,CLAYSTONE STUDIOS,9702380837,unknown,711510,TUCSON,AZ,official_business_licenses,,,,
standard,GOBLINDRIVER,5202747877,unknown,711510,TUCSON,AZ,official_business_licenses,,,,
standard,HANDCRAFTED BY CARE,9084479734,unknown,711510,TUCSON,AZ,official_business_licenses,,,,
standard,ARIZONA ANGELI LLC,5203704645,unknown,711510,TUCSON,AZ,official_business_licenses,,,,
standard,HM NEILL STUDIO OF GLASS,5202048555,unknown,711510,TUCSON,AZ,official_business_licenses,,,,
standard,STORMFRONT STUDIO,5209810390,unknown,711510,TUCSON,AZ,official_business_licenses,,,,
standard,DIANE C TAYLOR FUSED GLASS,5206247086,unknown,711510,TUCSON,AZ,official_business_licenses,,,,
standard,MELISSA VESTER PHOTOGRAPHY AND PHOTOGRAPHIC ART,5204446344,unknown,711510,TUCSON,AZ,official_business_licenses,,,,
standard,CICHOS CUSTOM CERAMICS,5203909811,unknown,711510,TUCSON,AZ,official_business_licenses,,,,
standard,CAITLYN ILENE TORRES,5208706814,unknown,711510,TUCSON,AZ,official_business_licenses,,,,
standard,FROM THE GROUND UP ART,5202707228,unknown,711510,TUCSON,AZ,official_business_licenses,,,,
standard,VICTORIAN WEST/MYSTIC CAVERN METAPHYSICAL,5202506874,unknown,711510,TUCSON,AZ,official_business_licenses,,,,
standard,RESILIENCE PATH LAB,5209914762,unknown,711510,TUCSON,AZ,official_business_licenses,,,,
standard,REBECCA ISABEL SOSA,2197418221,unknown,711510,TUCSON,AZ,official_business_licenses,,,,
standard,NEO PRAGMA LLC,5203449794,unknown,711510,MARANA,AZ,official_business_licenses,,,,
standard,AQUEMINI STUDIOS,5203067467,unknown,711510,TUCSON,AZ,official_business_licenses,,,,
standard,CINDY GAMBLE,5203995455,unknown,711510,TUCSON,AZ,official_business_licenses,,,,
standard,FIVE STAR PRODUCTIONS,5208206627,unknown,711510,TUCSON,AZ,official_business_licenses,,,,
standard,STACY DEL CARMEN GONZALEZ VERDUGO,5209552037,unknown,711510,TUCSON,AZ,official_business_licenses,,,,
standard,OLD CANOE DESIGNS,5209797179,unknown,711510,TUCSON,AZ,official_business_licenses,,,,
standard,CAT HILL ART,9283088216,unknown,711510,TUCSON,AZ,official_business_licenses,,,,
standard,THE BRAYER RANCH,5207300006,unknown,711510,TUCSON,AZ,official_business_licenses,,,,
standard,BRONWYN DIERSSEN STUDIO,5204888118,unknown,711510,TUCSON,AZ,official_business_licenses,,,,
standard,SYLLA NIAMOYE,4809138564,unknown,711510,TUCSON,AZ,official_business_licenses,,,,
standard,ARTSPEAK LLC,5204567556,unknown,711510,TUCSON,AZ,official_business_licenses,,,,
standard,TUCSON HEARTWORK CO,5206580552,unknown,711510,TUCSON,AZ,official_business_licenses,,,,
standard,WILD IMPRESSIONS,5208695018,unknown,711510,TUCSON,AZ,official_business_licenses,,,,
standard,VOICES OF CLAY,2064500038,unknown,711510,TUCSON,AZ,official_business_licenses,,,,
standard,AUTUMN MOUNTAIN ARTS,5208094384,unknown,711510,TUCSON,AZ,official_business_licenses,,,,
standard,ZONA FOUNTAINS,5203253888,unknown,711510,TUCSON,AZ,official_business_licenses,,,,
standard,MILA G KRAMER,5208203762,unknown,711510,ORACLE,AZ,official_business_licenses,,,,
standard,BEGIN AND RISE CREATIVE,5038167831,unknown,711510,TUCSON,AZ,official_business_licenses,,,,
standard,CHRIS L HUANG,7203396359,unknown,711510,TUCSON,AZ,official_business_licenses,,,,
standard,CINDY SUMNER,5204688211,unknown,711510,TUCSON,AZ,official_business_licenses,,,,
standard,MOONBIRD WORKSHOP,5206615810,unknown,711510,TUCSON,AZ,official_business_licenses,,,,
standard,BLUESOULCREATIVE,2063848140,unknown,711510,TUCSON,AZ,official_business_licenses,,,,
standard,KATIE TASH,5207802077,unknown,711510,TUCSON,AZ,official_business_licenses,,,,
standard,NELLIE EMMA DESIGNS,5202050165,unknown,711510,TUCSON,AZ,official_business_licenses,,,,
standard,RINCON VALLEY ARTISANS,5207305226,unknown,711510,VAIL,AZ,official_business_licenses,,,,
standard,RINCONART,5205408070,unknown,711510,TUCSON,AZ,official_business_licenses,,,,
standard,SASHA ALIZA LEWIS,5202353885,unknown,711510,TUCSON,AZ,official_business_licenses,,,,
standard,SEVEN SISTERS,5208707982,unknown,711510,TUCSON,AZ,official_business_licenses,,,,
standard,STEVIE MARIE THURMAN,6026549268,unknown,711510,GLENDALE,AZ,official_business_licenses,,,,
standard,ANDREW BURGESS ART,5204054212,unknown,711510,TUCSON,AZ,official_business_licenses,,,,
standard,ERIKA MORENO,4848487106,unknown,711510,TUCSON,AZ,official_business_licenses,,,,
standard,ARIANNA FLORES,5206975089,unknown,711510,TUCSON,AZ,official_business_licenses,,,,
standard,CHERA RENEE LANGE,7029798992,unknown,711510,TUCSON,AZ,official_business_licenses,,,,
standard,JUST A GEM,5202706630,unknown,711510,TUCSON,AZ,official_business_licenses,,,,
standard,OLIVIA HANNA SEILS,5209041463,unknown,711510,TUCSON,AZ,official_business_licenses,,,,
standard,LINDA L DE BOER,5203600145,unknown,711510,TUCSON,AZ,official_business_licenses,,,,
standard,JANET LOPEZ,5207393877,unknown,711510,TUCSON,AZ,official_business_licenses,,,,
standard,GEOGIADA ART,5209792670,unknown,711510,TUCSON,AZ,official_business_licenses,,,,
standard,ROB SANDERS,5756403901,unknown,711510,ORO VALLEY,AZ,official_business_licenses,,,,
standard,NORMA S GALINDO,5203068717,unknown,711510,TUCSON,AZ,official_business_licenses,,,,
standard,LATRICIA RAYENAE,5202259696,unknown,711510,TUCSON,AZ,official_business_licenses,,,,
standard,JOHN SILVERMAN STUDIOS,5209710798,unknown,711510,TUCSON,AZ,official_business_licenses,,,,
standard,WONDERING WILLOW BOOKS,3305925429,unknown,711510,TUCSON,AZ,official_business_licenses,,,,
standard,LORETO KAYLEE ANN,5209041556,unknown,711510,TUCSON,AZ,official_business_licenses,,,,
standard,OHEI STUDIO LLC,4804065376,unknown,711510,TUCSON,AZ,official_business_licenses,,,,
standard,SOPHIE MCTEAR DESIGN,4438472626,unknown,711510,TUCSON,AZ,official_business_licenses,,,,
standard,THE KACHINA'S WIKIEUP,4255336398,unknown,711510,TUCSON,AZ,official_business_licenses,,,,
standard,MONTEAL HOLLIDAY,5204840281,unknown,711510,TUCSON,AZ,official_business_licenses,,,,
standard,ODDBIRD DESIGN,5204063601,unknown,711510,TUCSON,AZ,official_business_licenses,,,,
standard,NOVASPACE.COM LLC,5208882424,unknown,711510,TUCSON,AZ,official_business_licenses,,,,
standard,NATALIE MENDOZA LEON,5202271670,unknown,711510,TUCSON,AZ,official_business_licenses,,,,
standard,CHRIS A STUDIOS,5204656706,unknown,711510,MARANA,AZ,official_business_licenses,,,,
standard,JEN HOWARD ART,4847881325,unknown,711510,SONOITA,AZ,official_business_licenses,,,,
standard,ART BY RAFA,5205615981,unknown,711510,TUCSON,AZ,official_business_licenses,,,,
standard,FERROCK FABRICATIONS,5202880911,unknown,711510,TUCSON,AZ,official_business_licenses,,,,
standard,DESERT DESIGNED AZ,5209758208,unknown,711510,TUCSON,AZ,official_business_licenses,,,,
standard,911 SCULPTURE,5202759119,unknown,711510,TUCSON,AZ,official_business_licenses,,,,
standard,NATALIE'S CHARMS,5204006839,unknown,711510,TUCSON,AZ,official_business_licenses,,,,
standard,SANDRAS FINE ART,5208505644,unknown,711510,TUCSON,AZ,official_business_licenses,,,,
standard,ERICA A WOODS,5037297233,unknown,711510,TUCSON,AZ,official_business_licenses,,,,
standard,MUNOZ PRISCILA MONIQUE,7753766216,unknown,711510,TUCSON,AZ,official_business_licenses,,,,
standard,SOUTHWEST ART SERVICE,4802007375,unknown,711510,TUCSON,AZ,official_business_licenses,,,,
standard,DELMAR POLACCA,9282836637,unknown,711510,TUBA CITY,AZ,official_business_licenses,,,,
standard,ANNMARIE PERRY,6232065728,unknown,711510,EL MIRAGE,AZ,official_business_licenses,,,,
standard,MIJARAI PESKIN NEIRA JENKINS,9285020367,unknown,711510,YUMA,AZ,official_business_licenses,,,,
standard,CRYSTAL R O'HARA,5209545608,unknown,711510,TUCSON,AZ,official_business_licenses,,,,
standard,AUDREY LUCILLE WANER,5635284883,unknown,711510,TUCSON,AZ,official_business_licenses,,,,
standard,DAIYARA AVILA CABALLERO,5203091070,unknown,711510,TUCSON,AZ,official_business_licenses,,,,
standard,FORMED AND FIRED,5206092181,unknown,711510,TUCSON,AZ,official_business_licenses,,,,
standard,JESSICA GLEW,5209043151,unknown,711510,TUCSON,AZ,official_business_licenses,,,,
standard,REBEKAH LYN STREETER,5204155791,unknown,711510,TUCSON,AZ,official_business_licenses,,,,
standard,BLUE DRAGON STUDIO,5204193640,unknown,711510,TUCSON,AZ,official_business_licenses,,,,
standard,JESSEJ.MEDIA LLC,5209798825,unknown,711510,TUCSON,AZ,official_business_licenses,,,,
standard,CARLINE A HANDY,5206092156,unknown,711510,TUCSON,AZ,official_business_licenses,,,,
standard,LA CURIOSA,5202607601,unknown,711510,TUCSON,AZ,official_business_licenses,,,,
standard,SOUNDWAVE INC,5203275590,unknown,711510,TUCSON,AZ,official_business_licenses,,,,
standard,MJ WALLS,5202430312,unknown,711510,TUCSON,AZ,official_business_licenses,,,,
standard,JACOBSON STUDIOS,5204711576,unknown,711510,TUCSON,AZ,official_business_licenses,,,,
standard,DENMAN STUDIOS,5208496094,unknown,711510,TUCSON,AZ,official_business_licenses,,,,
standard,OAT STUDIO,7248415628,unknown,711510,TUCSON,AZ,official_business_licenses,,,,
standard,J ELISE ART,5204044181,unknown,711510,TUCSON,AZ,official_business_licenses,,,,
standard,SO GAY CROCHET,5207898270,unknown,711510,TUCSON,AZ,official_business_licenses,,,,
standard,SUN-SOL PRODUCTIONS,5203929092,unknown,711510,TUCSON,AZ,official_business_licenses,,,,
standard,MORIAH E STONE,5202553918,unknown,711510,GILBERT,AZ,official_business_licenses,,,,
standard,HEIDI GREY LAWSON,4809756411,unknown,711510,SURPRISE,AZ,official_business_licenses,,,,
standard,ANGELIQUE MARIE LUSTERINO,5202746990,unknown,711510,DRAGOON,AZ,official_business_licenses,,,,
standard,MANU'S ENTERPRISES,5204098695,unknown,711510,TUCSON,AZ,official_business_licenses,,,,
standard,PIECES OF THE PAST,5207977727,unknown,711510,TUCSON,AZ,official_business_licenses,,,,
standard,PAINTINGS BY PEGGY,5208208785,unknown,711510,TUCSON,AZ,official_business_licenses,,,,
standard,CREATIVE COTTAGE,5205280663,unknown,711510,TUCSON,AZ,official_business_licenses,,,,
standard,VERONICA SANDOVAL ART,5202707903,unknown,711510,TUCSON,AZ,official_business_licenses,,,,
standard,FLETCHER AND COMPANY,5204778128,unknown,711510,TUCSON,AZ,official_business_licenses,,,,
standard,DESIGNS BY NICOLLE,5204036041,unknown,711510,TUCSON,AZ,official_business_licenses,,,,
standard,K-ROB'S ORIGINAL ART AND MUSIC LLC,5205962098,unknown,711510,TUCSON,AZ,official_business_licenses,,,,
standard,MARIELLE MERCEDES MUNOZ TRUJILLO,5203076353,unknown,711510,TUCSON,AZ,official_business_licenses,,,,
standard,NPO ENTERPRISES,5208204413,unknown,711510,TUCSON,AZ,official_business_licenses,,,,
standard,DOS GATOS,5205284713,unknown,711510,TUCSON,AZ,official_business_licenses,,,,
standard,ARTE DI MATY,5209816104,unknown,711510,TUCSON,AZ,official_business_licenses,,,,
standard,NIESA B CHAPMAN,5205958671,unknown,711510,TUCSON,AZ,official_business_licenses,,,,
standard,SEEKING STARS STUDIO,4252399821,unknown,711510,TUCSON,AZ,official_business_licenses,,,,
standard,BELLA SONOMA DESIGN,5205294675,unknown,711510,TUCSON,AZ,official_business_licenses,,,,
standard,JESSICA MAVES BRAITHWAITE,5204990964,unknown,711510,TUCSON,AZ,official_business_licenses,,,,
standard,SONORAN WITCH BOY,5204615902,unknown,711510,TUCSON,AZ,official_business_licenses,,,,
standard,HANNAH REBECCA HATHAWAY,5208911901,unknown,711510,MARANA,AZ,official_business_licenses,,,,
standard,AMY GAUDET,5204903197,unknown,711510,TUCSON,AZ,official_business_licenses,,,,
standard,ANNABELLA LEE GALESKI,5209716598,unknown,711510,TUCSON,AZ,official_business_licenses,,,,
standard,TASHA EVINGER,9522283993,unknown,711510,MARANA,AZ,official_business_licenses,,,,
standard,FOCUS ON NATURE,3038176360,unknown,711510,TUCSON,AZ,official_business_licenses,,,,
standard,ART BY DON,5209823673,unknown,711510,TUCSON,AZ,official_business_licenses,,,,
standard,CONNECTED EARTH CLAY WORKS,5205513832,unknown,711510,TUCSON,AZ,official_business_licenses,,,,
standard,FUCHSIADESIGNS.COM,5206031374,unknown,711510,TUCSON,AZ,official_business_licenses,,,,
standard,KAREN WARD'S KREATIONS,5203264991,unknown,711510,TUCSON,AZ,official_business_licenses,,,,
standard,KEITH CURRY FINE ART LLC,3607914008,unknown,711510,TUCSON,AZ,official_business_licenses,,,,
standard,MAXINE T PROSPER,5203691370,unknown,711510,TUCSON,AZ,official_business_licenses,,,,
standard,JULIE ORIGINALS,5202407839,unknown,711510,TUCSON,AZ,official_business_licenses,,,,
standard,KARINA MORENO ART AND ILLUSTRATION,5203043007,unknown,711510,TUCSON,AZ,official_business_licenses,,,,
standard,OLIVIA MAKES CLAY STUFF,5203101006,unknown,711510,TUCSON,AZ,official_business_licenses,,,,
standard,SIONNA CHRISTINE JOHNSON,5205918526,unknown,711510,VAIL,AZ,official_business_licenses,,,,
standard,MY ART AND SOL,5206615946,unknown,711510,TUCSON,AZ,official_business_licenses,,,,
standard,LITZA MOREJON LOPEZ,5203090932,unknown,711510,TUCSON,AZ,official_business_licenses,,,,
standard,STUCK IN CLAY LLC,5207434978,unknown,711510,TUCSON,AZ,official_business_licenses,,,,
standard,HOT RHYTHM DJ'S,6027401650,unknown,711510,PHOENIX,AZ,official_business_licenses,,,,
standard,ART OF DONOVAN SCHWACH,6025027551,unknown,711510,SCOTTSDALE,AZ,official_business_licenses,,,,
standard,ARZABY SUSEY SANCHEZ MIRANDA,5203925136,unknown,711510,TUCSON,AZ,official_business_licenses,,,,
standard,SILVANA AILIN SOSA,5208376692,unknown,711510,TUCSON,AZ,official_business_licenses,,,,
standard,BENJAMIN ANTHONY TRISTRAM,9546703224,unknown,711510,TUCSON,AZ,official_business_licenses,,,,
standard,BRUSHES AND BOOTS,2179723509,unknown,711510,TUCSON,AZ,official_business_licenses,,,,
standard,DESERT AND STONE,5202724410,unknown,711510,TUCSON,AZ,official_business_licenses,,,,
standard,GABRIELLA ANNETTE VELTRE,5206393272,unknown,711510,TUCSON,AZ,official_business_licenses,,,,
standard,WH & ASSOCIATES,5203492016,unknown,711510,TUCSON,AZ,official_business_licenses,,,,
standard,BOARD FOOT ELEGANCE,5207621830,unknown,711510,VAIL,AZ,official_business_licenses,,,,
standard,LA LUNA COYOTE LLC,5203091929,unknown,711510,TUCSON,AZ,official_business_licenses,,,,
standard,SHECREATES STUDIO,5202052308,unknown,711510,TUCSON,AZ,official_business_licenses,,,,
standard,SARA ANNE KOSIK,5206047923,unknown,711510,TUCSON,AZ,official_business_licenses,,,,
standard,TUCSON CHALKBOARDS,5203337354,unknown,711510,TUCSON,AZ,official_business_licenses,,,,
standard,TREVOR O'TOOL,9282087836,unknown,711510,TUCSON,AZ,official_business_licenses,,,,
standard,MAE'S MAKEUP,5209095520,unknown,711510,MARICOPA,AZ,official_business_licenses,,,,
standard,RONNEL MARIA DIMMICK,5208952613,unknown,711510,RED ROCK,AZ,official_business_licenses,,,,
standard,IRONHORSE SALVAGE ART,3032497611,unknown,711510,SAHUARITA,AZ,official_business_licenses,,,,
standard,ASTRAPOLYANOS,8146990833,unknown,711510,TUCSON,AZ,official_business_licenses,,,,
standard,ARI CHERRY ART,5208952505,unknown,711510,TUCSON,AZ,official_business_licenses,,,,
standard,CRYSTAL RIHA CREATIONS,5202306958,unknown,711510,TUCSON,AZ,official_business_licenses,,,,
standard,KAREN SANCHEZ-OLIVAS,5205003222,unknown,711510,TUCSON,AZ,official_business_licenses,,,,
standard,VORSETH OF TRIION,8134172532,unknown,711510,TUCSON,AZ,official_business_licenses,,,,
standard,ALEXANDRA RAGIN,5206537721,unknown,711510,TUCSON,AZ,official_business_licenses,,,,
standard,ARTCRAVINGS,5204259363,unknown,711510,TUCSON,AZ,official_business_licenses,,,,
standard,LEXUS AUBREY BROWN,5206517660,unknown,711510,TUCSON,AZ,official_business_licenses,,,,
standard,ANGELIC DESTANY ORTIZ,6023185123,unknown,711510,GLENDALE,AZ,official_business_licenses,,,,
standard,BEDNAREK'S MUSIC WORKS,5209064759,unknown,711510,TUCSON,AZ,official_business_licenses,,,,
standard,THE ART OF JUSTIN CARROLL LLC,5205919416,unknown,711510,TUCSON,AZ,official_business_licenses,,,,
standard,A TOUCH OF JEN,4056157932,unknown,711510,TUCSON,AZ,official_business_licenses,,,,
standard,CATHERINE HAROLD DESIGNS,5204904600,unknown,711510,TUCSON,AZ,official_business_licenses,,,,
standard,LIZETTE PADILLA,9289206352,unknown,711510,TUCSON,AZ,official_business_licenses,,,,
standard,CATALINA O RANKIN,5204057915,unknown,711510,TUCSON,AZ,official_business_licenses,,,,
standard,LEFT HAND ASYLUM LLC,5208738781,unknown,711510,TUCSON,AZ,official_business_licenses,,,,
standard,TABAKAME,5038080956,unknown,711510,TUCSON,AZ,official_business_licenses,,,,
standard,TIFFANY TAYLOR,5209908181,unknown,711510,TUCSON,AZ,official_business_licenses,,,,
standard,ONE-KING ENTERTAINMENT,5202483313,unknown,711510,TUCSON,AZ,official_business_licenses,,,,
standard,ODDS BY N,5208859473,unknown,711510,TUCSON,AZ,official_business_licenses,,,,
standard,VISION EVENTS PHOTOGRAPHY,5203702730,unknown,711510,TUCSON,AZ,official_business_licenses,,,,
standard,FLAGGING NEUROQUEER,5052061371,unknown,711510,TUCSON,AZ,official_business_licenses,,,,
standard,PAINTINGS OF CIRCLES FOR HOTELS,2063905811,unknown,711510,TUCSON,AZ,official_business_licenses,,,,
standard,ALEJANDRA JEANETTE ALVIDREZ,5202500615,unknown,711510,TUCSON,AZ,official_business_licenses,,,,
standard,ABERRANT CERAMICS,5209548540,unknown,711510,TUCSON,AZ,official_business_licenses,,,,
standard,ART BY E,2068527650,unknown,711510,TUCSON,AZ,official_business_licenses,,,,
standard,CUSTOM METAL CREATIONS,2107930507,unknown,711510,TUCSON,AZ,official_business_licenses,,,,
standard,LACEE L CARTER,6025740154,unknown,711510,TUCSON,AZ,official_business_licenses,,,,
standard,LUNAR FLARE STUDIOS,5203452512,unknown,711510,TUCSON,AZ,official_business_licenses,,,,
standard,GARDEN OF WEEDIN,3024239868,unknown,711510,TUCSON,AZ,official_business_licenses,,,,
standard,MEGAN ALEXANDRA BROWN,5204748899,unknown,711510,TUCSON,AZ,official_business_licenses,,,,
standard,DISTORTED LOTUS,5203662708,unknown,711510,TUCSON,AZ,official_business_licenses,,,,
standard,HEATHER MARIE ODENWELLER,5204999029,unknown,711510,TUCSON,AZ,official_business_licenses,,,,
standard,ESPINOZA LAURIE ALVINA,5209046672,unknown,711510,TUCSON,AZ,official_business_licenses,,,,
standard,NEEDLE & THREAD,5204907787,unknown,711510,VAIL,AZ,official_business_licenses,,,,
standard,THE DRAWING STUDIO,5206200947,unknown,711510,TUCSON,AZ,official_business_licenses,,,,
standard,YSABELLE M GARCIA,5203284361,unknown,711510,TUCSON,AZ,official_business_licenses,,,,
standard,MYCREATIVEENERGY FINE ART STUDIO,5202840128,unknown,711510,TUCSON,AZ,official_business_licenses,,,,
standard,FRANKI A PRICE,5206787254,unknown,711510,RIO RICO,AZ,official_business_licenses,,,,
standard,VAGABOND THE ARTIST,5206392559,unknown,711510,TUCSON,AZ,official_business_licenses,,,,
standard,S2 METALCRAFTS,5204036506,unknown,711510,TUCSON,AZ,official_business_licenses,,,,
standard,SONORAN MUD WORKS,5209821814,unknown,711510,TUCSON,AZ,official_business_licenses,,,,
standard,TU KAETS STUDIOS LLC,5202404815,unknown,711510,TUCSON,AZ,official_business_licenses,,,,
standard,BELLA RAGAZZA,5024292288,unknown,711510,TUCSON,AZ,official_business_licenses,,,,
standard,DARBY HUNTER ART,5209541173,unknown,711510,TUCSON,AZ,official_business_licenses,,,,
standard,HANDI WORKS BY TERRI,5203270974,unknown,711510,TUCSON,AZ,official_business_licenses,,,,
standard,ELIZABETH LANGLEY STUDIO,5209909069,unknown,711510,TUCSON,AZ,official_business_licenses,,,,
standard,ALEJANDRA TRUJILLO FINE ART,5208914477,unknown,711510,TUCSON,AZ,official_business_licenses,,,,
standard,TOM STRAUB,5205448200,unknown,711510,TUCSON,AZ,official_business_licenses,,,,
standard,OLYTATA,5206228932,unknown,711510,TUCSON,AZ,official_business_licenses,,,,
standard,CAROLINA CAPLES ART,5209770274,unknown,711510,TUCSON,AZ,official_business_licenses,,,,
standard,MOTION MUSIC ENTERTAINMENT LLC,5203906774,unknown,711510,TUCSON,AZ,official_business_licenses,,,,
standard,VANESSA HARE,5203056225,unknown,711510,TUCSON,AZ,official_business_licenses,,,,
standard,TIFFANY GOSSETT,5202823856,unknown,711510,TUCSON,AZ,official_business_licenses,,,,
standard,PAULETTE INSALL,5034431237,unknown,711510,TUCSON,AZ,official_business_licenses,,,,
standard,DESERT DOTS ART STUDIO,5038870958,unknown,711510,TUCSON,AZ,official_business_licenses,,,,
standard,CS FACE PAINT,5202563273,unknown,711510,TUCSON,AZ,official_business_licenses,,,,
standard,KATRINA MARIE HUERTA,5206648121,unknown,711510,TUCSON,AZ,official_business_licenses,,,,
standard,COLOUR JUNKIE ART,5209003730,unknown,711510,TUCSON,AZ,official_business_licenses,,,,
standard,JETAGE STUDIO,5205120940,unknown,711510,TUCSON,AZ,official_business_licenses,,,,
standard,BRIANNA ETHELLE LEWIS,6098791684,unknown,711510,TUCSON,AZ,official_business_licenses,,,,
standard,DRY HEAT ABSTRACTS LLC,5204372888,unknown,711510,TUCSON,AZ,official_business_licenses,,,,
standard,REMEMBER TO BREATHE ART LLC,5204908019,unknown,711510,TUCSON,AZ,official_business_licenses,,,,
standard,SOME DISTANT WORLD,5209065719,unknown,711510,TUCSON,AZ,official_business_licenses,,,,
standard,TRINITY BUSBY,5207715929,unknown,711510,TUCSON,AZ,official_business_licenses,,,,
standard,LIV BORCHARDT,5072369741,unknown,711510,TUCSON,AZ,official_business_licenses,,,,
standard,SHEENA GABRIELLE ARRIOLA,5039359071,unknown,711510,TOMBSTONE,AZ,official_business_licenses,,,,
standard,ALINA JAZMEEN CANEZ,5202711368,unknown,711510,TUCSON,AZ,official_business_licenses,,,,
standard,MAN CO BUILD,5206613525,unknown,711510,TUCSON,AZ,official_business_licenses,,,,
standard,ASHLEY NICOLE SANDOVAL,5203299571,unknown,711510,TUCSON,AZ,official_business_licenses,,,,
standard,CHRISTINA TAYLOR,5209908819,unknown,711510,TUCSON,AZ,official_business_licenses,,,,
standard,DOODLES OF A BETHEL,5203051400,unknown,711510,TUCSON,AZ,official_business_licenses,,,,
standard,LA CERAMICA LLC,5202755035,unknown,711510,TUCSON,AZ,official_business_licenses,,,,
standard,ILLUMINATED POURED ART & TIN,5207300166,unknown,711510,TUCSON,AZ,official_business_licenses,,,,
standard,MICHAEL A RICHARDSON,5207804823,unknown,711510,TUCSON,AZ,official_business_licenses,,,,
standard,ELITE MOBILE ENTERTAINMENT,5206686600,unknown,711510,TUCSON,AZ,official_business_licenses,,,,
standard,KEYARA JOLEEN LUXTON,5205098076,unknown,711510,SIERRA VISTA,AZ,official_business_licenses,,,,
standard,SARAH KAITLIN GARNER,5209034128,unknown,711510,TUCSON,AZ,official_business_licenses,,,,
standard,SOFA KING PHOTOGRAPHY,5202222461,unknown,711510,TUCSON,AZ,official_business_licenses,,,,
standard,SUE BETANZOS DESIGN,5202981083,unknown,711510,TUCSON,AZ,official_business_licenses,,,,
standard,PHOTOSYNTHESIS ARTS,5209044721,unknown,711510,TUCSON,AZ,official_business_licenses,,,,
standard,VICARIOUS ART,5206519947,unknown,711510,TUCSON,AZ,official_business_licenses,,,,
standard,THE MAKER'S LORE,5209902771,unknown,711510,CHANDLER,AZ,official_business_licenses,,,,
standard,AMBER PIERSON FINE ART,5202966199,unknown,711510,TUCSON,AZ,official_business_licenses,,,,
standard,UNEARTHED,5202354150,unknown,711510,MARANA,AZ,official_business_licenses,,,,
standard,CREATIVE MACHINES INCORPORATED,5202940939,unknown,711510,TUCSON,AZ,official_business_licenses,,,,
standard,CRAFTY STUNN,5209063574,unknown,711510,TUCSON,AZ,official_business_licenses,,,,
standard,HOUSE OF PROUSE ART,5202488916,unknown,711510,TUCSON,AZ,official_business_licenses,,,,
standard,COSMIC ARTIFACTS,5208156757,unknown,711510,TUCSON,AZ,official_business_licenses,,,,
standard,CRAFTED BY FIRE STUDIO,5203055757,unknown,711510,TUCSON,AZ,official_business_licenses,,,,
standard,MAUVE MARTIAN,6027028247,unknown,711510,TUCSON,AZ,official_business_licenses,,,,
standard,LYLE RAYFIELD DESIGNS,5205910279,unknown,711510,TUCSON,AZ,official_business_licenses,,,,
standard,MERIYA LYNNETTE ELLIOTT-CARR,5208093350,unknown,711510,TUCSON,AZ,official_business_licenses,,,,
standard,WILD PETAL PRESS,5202717965,unknown,711510,TUCSON,AZ,official_business_licenses,,,,
standard,LILA ART,5203083657,unknown,711510,TUCSON,AZ,official_business_licenses,,,,
standard,DARKHAUS ART,6822010001,unknown,711510,TUCSON,AZ,official_business_licenses,,,,
standard,PEO B,5206861000,unknown,711510,SAINT DAVID,AZ,official_business_licenses,,,,
standard,KATZKRE8TIONS,5204194149,unknown,711510,Tucson,AZ,official_business_licenses,,,,
standard,ARTING TIME,3609079560,unknown,711510,TUCSON,AZ,official_business_licenses,,,,
standard,TAKIGAWA STUDIOS,5207436585,unknown,711510,TUCSON,AZ,official_business_licenses,,,,
standard,PAIGE MARIESA,6022955042,unknown,711510,TUCSON,AZ,official_business_licenses,,,,
standard,MEGAN ASHLIE BORGES,5205002815,unknown,711510,TUCSON,AZ,official_business_licenses,,,,
standard,MORGAN HYDE,5207848431,unknown,711510,TUCSON,AZ,official_business_licenses,,,,
standard,AAA ADVANCED AUDIO VIDEO LIGHTING PROD,5204065591,unknown,711510,TUCSON,AZ,official_business_licenses,,,,
standard,ANDREINA BARRIOS,5206123554,unknown,711510,TUCSON,AZ,official_business_licenses,,,,
standard,CARLY QUINN DESIGNS INC,5206244117,unknown,711510,TUCSON,AZ,official_business_licenses,,,,
standard,SHIRIN MCARTHUR MINISTRIES,5059180501,unknown,711510,TUCSON,AZ,official_business_licenses,,,,
standard,ANABELLY NORIEGA PHOTOGRAPHY,5203124427,unknown,711510,TUCSON,AZ,official_business_licenses,,,,
standard,CAILYN C SMEAL,5203123468,unknown,711510,TUCSON,AZ,official_business_licenses,,,,
standard,DESIREE M LOPEZ,5202785303,unknown,711510,TUCSON,AZ,official_business_licenses,,,,
standard,ELDRITCH SCUM,5202684763,unknown,711510,TUCSON,AZ,official_business_licenses,,,,
standard,GALAXY ARTWORKS,7577133010,unknown,711510,TUCSON,AZ,official_business_licenses,,,,
standard,ALEXCLAMATION INK,5209902834,unknown,711510,TUCSON,AZ,official_business_licenses,,,,
standard,GLOOPS BY RJ,5208867990,unknown,711510,TUCSON,AZ,official_business_licenses,,,,
standard,ANA SANTOS ACINAS,5203304628,unknown,711510,TUCSON,AZ,official_business_licenses,,,,
standard,ANDREAS-NAVEEN MATLOCK,9073175491,unknown,711510,TUCSON,AZ,official_business_licenses,,,,
standard,MAIN EVENTS LLC,5209095970,unknown,711510,Tucson,AZ,official_business_licenses,,,,
standard,JOHN HUGHES MUSIC,7273648345,unknown,711510,TUCSON,AZ,official_business_licenses,,,,
standard,CREATIVE SCULPTURE LLC,5204656600,unknown,711510,TUCSON,AZ,official_business_licenses,,,,
standard,CREATUREN,9154333574,unknown,711510,TUCSON,AZ,official_business_licenses,,,,
standard,TEN SIX PHOTOGRAPHY,5203600081,unknown,711510,TUCSON,AZ,official_business_licenses,,,,
standard,THE ART OF NATALIA,5204292228,unknown,711510,TUCSON,AZ,official_business_licenses,,,,
standard,MACKENZIE ELIZABETH HOLMES,5205897409,unknown,711510,PHOENIX,AZ,official_business_licenses,,,,
standard,ANGELINA KOSIK-RODEN,5204551394,unknown,711510,SAHUARITA,AZ,official_business_licenses,,,,
standard,KASSANDRA HOYOS,5205079285,unknown,711510,WILLCOX,AZ,official_business_licenses,,,,
standard,DANIELLE MULLENEAUX FINE ART,5209072931,unknown,711510,SAHUARITA,AZ,official_business_licenses,,,,
standard,CHARLIZE LOPEZ,5203441963,unknown,711510,TUCSON,AZ,official_business_licenses,,,,
standard,JOHN ALAN NYBERG,7577098976,unknown,711510,TUCSON,AZ,official_business_licenses,,,,
standard,RACHEL STARK,5206097655,unknown,711510,TUCSON,AZ,official_business_licenses,,,,
standard,MIA T VALLES,5203704412,unknown,711510,TUCSON,AZ,official_business_licenses,,,,
standard,DONOVAN WHITE ART,5202756724,unknown,711510,TUCSON,AZ,official_business_licenses,,,,
standard,PATRICE SUSAN LANGE,3307606300,unknown,711510,TUCSON,AZ,official_business_licenses,,,,
standard,CASONTI STUDIOS,5204059392,unknown,711510,TUCSON,AZ,official_business_licenses,,,,
standard,MALEAH LOUISE SANTA CRUZ,5209912060,unknown,711510,TUCSON,AZ,official_business_licenses,,,,
standard,THE COMIC BOOKMOBILE LLC,5202040905,unknown,711510,TUCSON,AZ,official_business_licenses,,,,
standard,RAY WHITLEY'S ANTLE ART,5203044334,unknown,711510,TUCSON,AZ,official_business_licenses,,,,
standard,GAIL T ROBERTS,5209065706,unknown,711510,TUCSON,AZ,official_business_licenses,,,,
standard,ROSEMARY L ECHEVARRIA,5706775769,unknown,711510,TUCSON,AZ,official_business_licenses,,,,
standard,KATHLEEN T CLOSE,5202897295,unknown,711510,PHOENIX,AZ,official_business_licenses,,,,
standard,GENERATION AUDIO,5206096845,unknown,711510,SAHUARITA,AZ,official_business_licenses,,,,
standard,CACTUS CLOUDS ART,5202414267,unknown,711510,TUCSON,AZ,official_business_licenses,,,,
standard,PINEAPPLE SH8KS LLC,5204252014,unknown,711510,TUCSON,AZ,official_business_licenses,,,,
standard,VALENTIN ART,5208509153,unknown,711510,TUCSON,AZ,official_business_licenses,,,,
standard,HENRI,3604619031,unknown,711510,TUCSON,AZ,official_business_licenses,,,,
standard,B&B KAROKE DJ SERVICES,5052585784,unknown,711510,VAIL,AZ,official_business_licenses,,,,
standard,LANTERMAN AMY LYNN,2623271207,unknown,711510,TUCSON,AZ,official_business_licenses,,,,
standard,KUME BRYANT ART,5203900802,unknown,711510,TUCSON,AZ,official_business_licenses,,,,
standard,IYANNA PAIGE RENTERIA PRO,5202507986,unknown,711510,TUCSON,AZ,official_business_licenses,,,,
standard,THE DANCING ELEPHANT,5204406977,unknown,711510,TUCSON,AZ,official_business_licenses,,,,
standard,MOON & MYCELIUM,5205605250,unknown,711510,TUCSON,AZ,official_business_licenses,,,,
standard,SHEILA HAMANN,5202908544,unknown,711510,TUCSON,AZ,official_business_licenses,,,,
standard,ZEIRETTE J MUNOZ,7752214665,unknown,711510,TUCSON,AZ,official_business_licenses,,,,
standard,WAUGAWORK,5203601299,unknown,711510,TUCSON,AZ,official_business_licenses,,,,
standard,WATERGIRL,5202037467,unknown,711510,TUCSON,AZ,official_business_licenses,,,,
standard,RACHEL NELSON ART,+15209557995,,711510,TUCSON,AZ,adapter:official_business_licenses,,,,
standard,xBLCKxSH33Px,4803382384,unknown,"711510, 453998, 454110, 611430",Mesa,AZ,official_business_licenses,,,,
standard,ABSTRACT AQUARIUM AND CAFE,5202418116,unknown,712130,TUCSON,AZ,official_business_licenses,,,,
standard,ESCOUTSIDE,9079033981,unknown,712190,TUCSON,AZ,official_business_licenses,,,,
standard,MARVEL OF THE MENAGERIE,5205498430,unknown,713100,TUCSON,AZ,official_business_licenses,,,,
standard,JOYSTICK ARCADES,4803020059,unknown,713120,GILBERT,AZ,official_business_licenses,,,,
standard,REEL'EM IN,4028440794,unknown,713120,TUCSON,AZ,official_business_licenses,,,,
standard,IGNITION SIM RACING LLC,5202603158,unknown,713120,TUCSON,AZ,official_business_licenses,,,,
standard,MR. ARCADE LLC,5203349899,unknown,713120,TUCSON,AZ,official_business_licenses,,,,
standard,DR ENTERTAINMENT,5203091844,unknown,713120,VAIL,AZ,official_business_licenses,,,,
standard,THE PARTY HOUSE,5207489943,unknown,713120,TUCSON,AZ,official_business_licenses,,,,
standard,GOLF-N-STUFF,5202962366,unknown,713120,PHOENIX,AZ,official_business_licenses,,,,
standard,GP SIMULATION,4807657841,unknown,713120,TEMPE,AZ,official_business_licenses,,,,
standard,ADULT EXPECTATIONS,5206238095,unknown,713120,TUCSON,AZ,official_business_licenses,,,,
standard,RENT IT OR KEEP IT,5206009776,unknown,713120,TUCSON,AZ,official_business_licenses,,,,
standard,MISSION: POSSIBLE TUCSON,5203907625,unknown,713120,MARANA,AZ,official_business_licenses,,,,
standard,ILLUSIONS,9073214933,unknown,713120,TUCSON,AZ,official_business_licenses,,,,
standard,JUMPIN JAT,3302212104,unknown,713120,TUCSON,AZ,official_business_licenses,,,,
standard,D&D PINBALL,5202400073,unknown,713120,TUCSON,AZ,official_business_licenses,,,,
standard,ABC BICYCLES AND JET SKI RENTALS,480-641-2453,unknown,713900,Mesa,AZ,official_business_licenses,,,,
standard,ROLLING HILLS GOLF COURSE,5202987336,unknown,713910,TUCSON,AZ,official_business_licenses,,,,
standard,STARR PASS GOLF CLUB,5207925300,unknown,713910,SCOTTSDALE,AZ,official_business_licenses,,,,
standard,BROADWAY CYCLING,5203898373,unknown,713940,VAIL,AZ,official_business_licenses,,,,
standard,THE DALY WORKOUT,5209032500,unknown,713940,TUCSON,AZ,official_business_licenses,,,,
standard,WILDCAT CROSSFIT,5203095293,unknown,713940,TUCSON,AZ,official_business_licenses,,,,
standard,BA STUDIOS,5203728424,unknown,713940,TUCSON,AZ,official_business_licenses,,,,
standard,BEYOND CYCLE,5204495594,unknown,713940,MARANA,AZ,official_business_licenses,,,,
standard,646 FITNESS LLC,6106367277,unknown,713940,TUCSON,AZ,official_business_licenses,,,,
standard,DESERT SPIKERS,5209711880,unknown,713940,TUCSON,AZ,official_business_licenses,,,,
standard,FULCRUM PILATES,5207045108,unknown,713940,TUCSON,AZ,official_business_licenses,,,,
standard,BETTER BODIES,5203183488,unknown,713940,TUCSON,AZ,official_business_licenses,,,,
standard,DIVINE JOY FITNESS,5208089383,unknown,713940,TUCSON,AZ,official_business_licenses,,,,
standard,BOXING FIT UNIVERSITY,5207953333,unknown,713940,TUCSON,AZ,official_business_licenses,,,,
standard,GIEGER PERSONALIZED TRAINING,9286998139,unknown,713940,TUCSON,AZ,official_business_licenses,,,,
standard,FORGE ATHLETICS,5203697575,unknown,713940,TUCSON,AZ,official_business_licenses,,,,
standard,PADEL ALLEY,5203149100,unknown,713940,TUCSON,AZ,official_business_licenses,,,,
standard,THE PROTOCOL STRENGTH & CONDITIONING LLC,5204426725,unknown,713940,TUCSON,AZ,official_business_licenses,,,,
standard,PILATECALLY CORRECT LLC,5202968669,unknown,713940,TUCSON,AZ,official_business_licenses,,,,
standard,PRECISION PERSONAL TRAINING,5204048462,unknown,713940,TUCSON,AZ,official_business_licenses,,,,
standard,IGNITE FITNESS LLC,5203255455,unknown,713940,TUCSON,AZ,official_business_licenses,,,,
standard,D1 TRAINING TUCSON,5204362640,unknown,713940,TUCSON,AZ,official_business_licenses,,,,
standard,SANTOSHA WELLNESS,5202820582,unknown,713940,TUCSON,AZ,official_business_licenses,,,,
standard,OLD PUEBLO FITNESS,5203928329,unknown,713940,TUCSON,AZ,official_business_licenses,,,,
standard,KYBR BARBELL CLUB,5204017684,unknown,713940,TUCSON,AZ,official_business_licenses,,,,
standard,RESILIENT FITNESS,5202631317,unknown,713940,TUCSON,AZ,official_business_licenses,,,,
standard,XANADU STUDIO,5208205305,unknown,713940,TUCSON,AZ,official_business_licenses,,,,
standard,TWO FORTY FOUR,5203120147,unknown,713940,TUCSON,AZ,official_business_licenses,,,,
standard,BALANCED SPIRIT PILATES STUDIO LLC,5204814378,unknown,713940,TUCSON,AZ,official_business_licenses,,,,
standard,CENTER GYM,6024761418,unknown,713940,TUCSON,AZ,official_business_licenses,,,,
standard,DESCENDING DRAGON HEALTH CENTER,5204044869,unknown,713940,TUCSON,AZ,official_business_licenses,,,,
standard,IN BALANCE PILATES,5203440150,unknown,713940,TUCSON,AZ,official_business_licenses,,,,
standard,IN BALANCE PILATES,5207891089,unknown,713940,TUCSON,AZ,official_business_licenses,,,,
standard,TELOS STRENGTH & CONDITIONING,5208852324,unknown,713940,TUCSON,AZ,official_business_licenses,,,,
standard,NEUMA WELLNESS COLLECTIVE,6027589449,unknown,713940,TUCSON,AZ,official_business_licenses,,,,
standard,TUCSON FIT 3,5202655222,unknown,713940,TUCSON,AZ,official_business_licenses,,,,
standard,BEREGYM,6236661196,unknown,713940,TUCSON,AZ,official_business_licenses,,,,
standard,ARIZONA SPARKLE POOL LLC,5208708561,unknown,713940,TUCSON,AZ,official_business_licenses,,,,
standard,IRON GRIP CROSSFIT,5204033510,unknown,713940,TUCSON,AZ,official_business_licenses,,,,
standard,INNR STRENGTH & CONDITIONING LLC,5203443440,unknown,713940,TUCSON,AZ,official_business_licenses,,,,
standard,GERMAN FENCING ACADEMY,5203900242,unknown,713940,TUCSON,AZ,official_business_licenses,,,,
standard,F45 TRAINING SAM HUGHES,5204042808,unknown,713940,TUCSON,AZ,official_business_licenses,,,,
standard,VIBE FITNESS & BEAUTY,5209072741,unknown,713940,TUCSON,AZ,official_business_licenses,,,,
standard,SNAP FITNESS,5205728788,unknown,713940,TUCSON,AZ,official_business_licenses,,,,
standard,LET'S SWEAT,5203498465,unknown,713940,TUCSON,AZ,official_business_licenses,,,,
standard,ANYTIME FITNESS,5207601200,unknown,713940,VAIL,AZ,official_business_licenses,,,,
standard,WORLD GYM,5206031277,unknown,713940,TUCSON,AZ,official_business_licenses,,,,
standard,INTEGRATIVE FITNESS TRAINING,4802912593,unknown,713940,TUCSON,AZ,official_business_licenses,,,,
standard,DANCE IT! STUDIO LLC,5209546123,unknown,713940,TUCSON,AZ,official_business_licenses,,,,
standard,RHOADS FITNESS,5208086995,unknown,713940,TUCSON,AZ,official_business_licenses,,,,
standard,RUCKUS ROOM,5209894231,unknown,713940,TUCSON,AZ,official_business_licenses,,,,
standard,BANG FITNESS,5207030358,unknown,713940,TUCSON,AZ,official_business_licenses,,,,
standard,DESERT SPORTS & FITNESS,5207226300,unknown,713940,TUCSON,AZ,official_business_licenses,,,,
standard,G & M PILATES STUDIO LLC,5203605423,unknown,713940,TUCSON,AZ,official_business_licenses,,,,
standard,GRIT GUTS AND PILATES,5208086905,unknown,713940,TUCSON,AZ,official_business_licenses,,,,
standard,INJOY MOVEMENT,5204658856,unknown,713940,TUCSON,AZ,official_business_licenses,,,,
standard,HOTWORX,5208480443,unknown,713940,TUCSON,AZ,official_business_licenses,,,,
standard,ANYTIME FITNESS,5209998282,unknown,713940,TUCSON,AZ,official_business_licenses,,,,
standard,LMX PILATES AND FITNESS,5206687444,unknown,713940,TUCSON,AZ,official_business_licenses,,,,
standard,MOVE IT & LOSE IT,5202502081,unknown,713940,TUCSON,AZ,official_business_licenses,,,,
standard,PERFORMANCE LAB,5209819007,unknown,713940,TUCSON,AZ,official_business_licenses,,,,
standard,O2 MODERN FITNESS,5209060409,unknown,713940,TUCSON,AZ,official_business_licenses,,,,
standard,TUCSON RACQUET AND FITNESS CLUB,5207956960,unknown,713940,TUCSON,AZ,official_business_licenses,,,,
standard,WORKOUT WITH STEPH,5206094613,unknown,713940,TUCSON,AZ,official_business_licenses,,,,
standard,BROKEN DOLL STUDIO,7246228316,unknown,713940,MARANA,AZ,official_business_licenses,,,,
standard,DNA PERSONAL TRAINING & CROSSFIT,5202473897,unknown,713940,MARANA,AZ,official_business_licenses,,,,
standard,CENTERLINE MOVEMENT,5202227250,unknown,713940,TUCSON,AZ,official_business_licenses,,,,
standard,BODY COLLECTIVE LLC,5209046927,unknown,713940,TUCSON,AZ,official_business_licenses,,,,
standard,MOVEMENT REVOLUTION LLC,9415458625,unknown,713940,TUCSON,AZ,official_business_licenses,,,,
standard,BREAKING POINT LLC,5202862189,unknown,713990,TUCSON,AZ,official_business_licenses,,,,
standard,BOXING INC NORTH,5209893284,unknown,713990,TUCSON,AZ,official_business_licenses,,,,
standard,INFLATE TUCSON,9287135127,unknown,713990,TUCSON,AZ,official_business_licenses,,,,
standard,FAIRWAY CIGARS,5208700546,unknown,713990,TUCSON,AZ,official_business_licenses,,,,
standard,TASTE OF TUCSON DOWNTOWN LLC,5209042119,unknown,713990,TUCSON,AZ,official_business_licenses,,,,
standard,ST HUBERT'S HATCHET HOUSE LLC,5203498434,unknown,713990,TUCSON,AZ,official_business_licenses,,,,
standard,BEYOND AMUSEMENTS LLC,6025248163,unknown,713990,PHOENIX,AZ,official_business_licenses,,,,
standard,RANDOLPH GOLF COURSE,4809481300,unknown,713990,SCOTTSDALE,AZ,official_business_licenses,,,,
standard,VENOM,5207774628,unknown,713990,TUCSON,AZ,official_business_licenses,,,,
standard,XIPHOS TRAINING GROUP LLC,5206683439,unknown,713990,TUCSON,AZ,official_business_licenses,,,,
standard,LA CIMA HUNTERS,5208381004,unknown,713990,TUCSON,AZ,official_business_licenses,,,,
standard,PISTOLEROS WILD WEST SHOW LLC,5203076616,unknown,713990,TUCSON,AZ,official_business_licenses,,,,
standard,STUDIO WEST SCHOOL OF DANCE,5207479464,unknown,713990,TUCSON,AZ,official_business_licenses,,,,
standard,EL RIO GOLF COURSE,5207914229,unknown,713990,SCOTTSDALE,AZ,official_business_licenses,,,,
standard,TUCSON PINBALL LLC,5203602673,unknown,713990,VAIL,AZ,official_business_licenses,,,,
standard,TUCSON TRAILWORKS,5208346151,unknown,713990,TUCSON,AZ,official_business_licenses,,,,
standard,MOJO'S PLANT NITE,5208611436,unknown,713990,TUCSON,AZ,official_business_licenses,,,,
standard,FLOR DE LIZ DANCE INC,5208872085,unknown,713990,TUCSON,AZ,official_business_licenses,,,,
standard,ESCAPE ROOM TUCSON,5208872583,unknown,713990,TUCSON,AZ,official_business_licenses,,,,
standard,DONNA E DOELL,5202723400,unknown,713990,TUCSON,AZ,official_business_licenses,,,,
standard,THE PAD TUCSON,5203722570,unknown,713990,TUCSON,AZ,official_business_licenses,,,,
standard,DOWN THE RABBIT HOLE,5203301772,unknown,713990,TUCSON,AZ,official_business_licenses,,,,
standard,FOX IN A BOX TUCSON,5204884393,unknown,713990,TUCSON,AZ,official_business_licenses,,,,
standard,WILL YOU ESCAPE LLC,3035624614,unknown,713990,TUCSON,AZ,official_business_licenses,,,,
standard,SILVERBELL GOLF COURSE,5207915235,unknown,713990,SCOTTSDALE,AZ,official_business_licenses,,,,
standard,FRED ENKE GOLF COURSE,5207912539,unknown,713990,SCOTTSDALE,AZ,official_business_licenses,,,,
standard,TUCSON TRIVIA,8604660991,unknown,713990,TUCSON,AZ,official_business_licenses,,,,
standard,VIVA PERFORMING ARTS CENTER LLC,5205449543,unknown,713990,ORO VALLEY,AZ,official_business_licenses,,,,
standard,FRANKIE TRENT ENTERPRISES,5204449279,unknown,713990,TUCSON,AZ,official_business_licenses,,,,
standard,THIS N THAT CREATIVE STUDIO,5208497770,unknown,713990,TUCSON,AZ,official_business_licenses,,,,
standard,BAT CAVE LLC,5203004999,unknown,713990,TUCSON,AZ,official_business_licenses,,,,
standard,STICK SNIPER ARCHERY,5203314616,unknown,713990,TUCSON,AZ,official_business_licenses,,,,
standard,POCKETS,5205719421,unknown,713990,TUCSON,AZ,official_business_licenses,,,,
standard,LIV1CE ADVENTURE PLANNING,5209714411,unknown,713990,TUCSON,AZ,official_business_licenses,,,,
standard,BEAR CANYON AMUSEMENTS,5206395983,unknown,713990,TUCSON,AZ,official_business_licenses,,,,
standard,JJ PONIES,5202940030,unknown,713990,TUCSON,AZ,official_business_licenses,,,,
standard,CHIVERS STABLES,5203454071,unknown,713990,TUCSON,AZ,official_business_licenses,,,,
standard,DOUBLE AERO GUIDES,5202483478,unknown,713990,TUCSON,AZ,official_business_licenses,,,,
standard,KNUCKLEHEAD BOXING,5202575881,unknown,713990,TUCSON,AZ,official_business_licenses,,,,
standard,M1 PICKLEBALL,+18554452282,,713990,TUCSON,AZ,adapter:official_business_licenses,,,,
standard,M3 CAIN COMMUNICATIONS LLC,5202229441,unknown,71410,TUCSON,AZ,official_business_licenses,,,,
standard,Calitacos,757-268-2066,unknown,72,Mesa,AZ,official_business_licenses,,,,
standard,MY PLACE HOTEL- TUCSON SOUTH,5203674444,unknown,72110,TUCSON,AZ,official_business_licenses,,,,
standard,RIVIERA MOTOR LODGE,6027901447,unknown,721110,PHOENIX,AZ,official_business_licenses,,,,
standard,N & P RESORT,5202653861,unknown,721110,TUCSON,AZ,official_business_licenses,,,,
standard,LA QUINTA INN & SUITES,5207950330,unknown,721110,TUCSON,AZ,official_business_licenses,,,,
standard,AC HOTEL TUCSON,5203857111,unknown,721110,TUCSON,AZ,official_business_licenses,,,,
standard,ECONO LODGE,5206226714,unknown,721110,TUCSON,AZ,official_business_licenses,,,,
standard,LODGE ON THE DESERT,5203202000,unknown,721110,TUCSON,AZ,official_business_licenses,,,,
standard,VISCOUNT SUITE HOTEL,5207456500,unknown,721110,TUCSON,AZ,official_business_licenses,,,,
standard,FORTUNA INN & SUITES TUCSON,5207917551,unknown,721110,TUCSON,AZ,official_business_licenses,,,,
standard,HAMPTON INN & SUITES,5205140500,unknown,721110,TUCSON,AZ,official_business_licenses,,,,
standard,TRAVEL INN,5205740191,unknown,721110,TUCSON,AZ,official_business_licenses,,,,
standard,420 HOTEL RESORT AND SPA,5202563138,unknown,721110,TUCSON,AZ,official_business_licenses,,,,
standard,HIGHLAND TOWER MOTEL,5207913057,unknown,721110,TUCSON,AZ,official_business_licenses,,,,
standard,MOUNTAIN VIEW MOTEL,5206287585,unknown,721110,TUCSON,AZ,official_business_licenses,,,,
standard,KNIGHTS INN,5207471440,unknown,721110,TUCSON,AZ,official_business_licenses,,,,
standard,HAMPTON INN TUCSON AIRPORT,5209189000,unknown,721110,TUCSON,AZ,official_business_licenses,,,,
standard,DOUBLETREE SUITES - TUCSON AIRPORT,5202250800,unknown,721110,TUCSON,AZ,official_business_licenses,,,,
standard,QUAIL INN MOTEL,5206228757,unknown,721110,TUCSON,AZ,official_business_licenses,,,,
standard,MY PLACE HOTEL TUCSON,4804709200,unknown,721110,SCOTTSDALE,AZ,official_business_licenses,,,,
standard,EL PRESIDIO BED AND BREAKFAST,5206236151,unknown,721110,TUCSON,AZ,official_business_licenses,,,,
standard,SUPER INN MOTEL,7026891516,unknown,721110,TUCSON,AZ,official_business_licenses,,,,
standard,THE ALICE HOTEL,5206222324,unknown,721110,TUCSON,AZ,official_business_licenses,,,,
standard,GRAND LUXE HOTEL RESORT,5209047935,unknown,721110,TUCSON,AZ,official_business_licenses,,,,
standard,SPRINGHILL SUITES,5204932233,unknown,721110,TUCSON,AZ,official_business_licenses,,,,
standard,STONE INN,5206226446,unknown,721110,TUCSON,AZ,official_business_licenses,,,,
standard,STAYBRIDGE SUITES,5208071004,unknown,721110,TUCSON,AZ,official_business_licenses,,,,
standard,ECONOMY INN,5206229737,unknown,721110,TUCSON,AZ,official_business_licenses,,,,
standard,HOLIDAY INN EXPRESS TUCSON-AIRPORT,5208896600,unknown,721110,TUCSON,AZ,official_business_licenses,,,,
standard,ROYAL ELIZABETH BED & BREAKFAST,5206709022,unknown,721110,TUCSON,AZ,official_business_licenses,,,,
standard,D-M MOTEL,5204090583,unknown,721110,TUCSON,AZ,official_business_licenses,,,,
standard,HILTON TUCSON EAST,5207215600,unknown,721110,TUCSON,AZ,official_business_licenses,,,,
standard,LA SIESTA MOTEL,5206241192,unknown,721110,TUCSON,AZ,official_business_licenses,,,,
standard,PROGRESSIVE HOSPITALITY LLC,4253081216,unknown,721110,TUCSON,AZ,official_business_licenses,,,,
standard,TRAVEL INN,5206230521,unknown,721110,TUCSON,AZ,official_business_licenses,,,,
standard,ARIZONA INN,5203251541,unknown,721110,TUCSON,AZ,official_business_licenses,,,,
standard,COMFORT SUITES AT TUCSON MALL,5202573126,unknown,721110,TUCSON,AZ,official_business_licenses,,,,
standard,SONESTA ES SUITES TUCSON,5207210991,unknown,721110,TUCSON,AZ,official_business_licenses,,,,
standard,DOUBLETREE BY HILTON,5207452700,unknown,721110,TUCSON,AZ,official_business_licenses,,,,
standard,AMAZON MOTEL,5206227725,unknown,721110,TUCSON,AZ,official_business_licenses,,,,
standard,ROUND UP MOTEL,5207468050,unknown,721110,TUCSON,AZ,official_business_licenses,,,,
standard,MOTEL 6,3524255417,unknown,721110,TUCSON,AZ,official_business_licenses,,,,
standard,UNIVERSITY INN,5207917503,unknown,721110,TUCSON,AZ,official_business_licenses,,,,
standard,EMBASSY SUITES BY HILTON TUCSON EAST,5207217100,unknown,721110,TUCSON,AZ,official_business_licenses,,,,
standard,SUPER 8,5207919282,unknown,721110,TUCSON,AZ,official_business_licenses,,,,
standard,CLARION INN,5206244455,unknown,721110,TUCSON,AZ,official_business_licenses,,,,
standard,SHERATON TUCSON HOTEL & SUITES,5203236262,unknown,721110,TUCSON,AZ,official_business_licenses,,,,
standard,MELANIE RUDOLPH,6176088605,unknown,721110,TUCSON,AZ,official_business_licenses,,,,
standard,TUCSON COLD PLUNGE,5202172973,unknown,721110,TUCSON,AZ,official_business_licenses,,,,
standard,DOUBLETREE BY HILTON TUCSON AT REID PARK,5208814200,unknown,721120,TUCSON,AZ,official_business_licenses,,,,
standard,TUCSON RENEGADES,4803908231,unknown,721130,TUCSON,AZ,official_business_licenses,,,,
standard,SUNSET ADOBE LLC,5203275823,unknown,721191,TUCSON,AZ,official_business_licenses,,,,
standard,ELIZABETH E NEWTON,5202050108,unknown,721191,TUCSON,AZ,official_business_licenses,,,,
standard,MC CHILANGO & CO,5209109388,unknown,721191,TUCSON,AZ,official_business_licenses,,,,
standard,ADOBE ROSE INN,5203184644,unknown,721191,TUCSON,AZ,official_business_licenses,,,,
standard,FORMENTINI LIVING TRUST,5202505478,unknown,721191,TUCSON,AZ,official_business_licenses,,,,
standard,ARMORY PARK INN,5204290912,unknown,721191,TUCSON,AZ,official_business_licenses,,,,
standard,TUCSON VINTAGE BUNGALOW,5207434480,unknown,721199,TUCSON,AZ,official_business_licenses,,,,
standard,TERRACE MOTEL,5206248248,unknown,721199,TUCSON,AZ,official_business_licenses,,,,
standard,RINCON COUNTRY WEST RV RESORT,5202945608,unknown,721211,TUCSON,AZ,official_business_licenses,,,,
standard,FAR HORIZONS RV RESORT,5202961234,unknown,721211,TUCSON,AZ,official_business_licenses,,,,
standard,RINCON COUNTRY EAST RV RESORT,5208868631,unknown,721211,TUCSON,AZ,official_business_licenses,,,,
standard,PEPPERTREES B&B INN,5206227167,unknown,721310,TUCSON,AZ,official_business_licenses,,,,
standard,ADOBE GUESTHOUSE,5208692455,unknown,721310,TUCSON,AZ,official_business_licenses,,,,
standard,HORSE HAVEN EQUESTRIAN & BOARDING LLC,5202902230,unknown,721310,TUCSON,AZ,official_business_licenses,,,,
standard,Black Rock Coffee Bar,4582569668,unknown,722000,Mesa,AZ,official_business_licenses,,,,
standard,Gabby's,4808279776,unknown,722000,Mesa,AZ,official_business_licenses,,,,
standard,MCDONALDS,702-384-3950,unknown,722000,Mesa,AZ,official_business_licenses,,,,
standard,The Hub,4804942699,unknown,722000,Mesa,AZ,official_business_licenses,,,,
standard,Xing Fu Tang,(480) 247-9966,unknown,722000,Mesa,AZ,official_business_licenses,,,,
standard,Sourdough Pizza Restaurant,4809856658,unknown,722000,Mesa,AZ,official_business_licenses,,,,
standard,Pho Leo,4807581480,unknown,722110,Mesa,AZ,official_business_licenses,,,,
standard,Sub Sandwich Restaurant,4809247827,unknown,722110,Mesa,AZ,official_business_licenses,,,,
standard,Yogis Grill Teriyaki & Roll,480-615-3356,unknown,722110,Mesa,AZ,official_business_licenses,,,,
standard,baskin robbins,4809241251,unknown,722110,Mesa,AZ,official_business_licenses,,,,
standard,Simpletons Bar & Grill,4808908800,unknown,722110,Mesa,AZ,official_business_licenses,,,,
standard,China palace,4806410001,unknown,722110,Mesa,AZ,official_business_licenses,,,,
standard,Best Hong Kong Dining,480-655-8262,unknown,722110,Mesa,AZ,official_business_licenses,,,,
standard,Alessias Ristorante Italiano,4802136507,unknown,722110,Mesa,AZ,official_business_licenses,,,,
standard,Waldo's BBQ,480-807-6475,unknown,722110,Mesa,AZ,official_business_licenses,,,,
standard,baskin robbins,4809853131,unknown,722110,Mesa,AZ,official_business_licenses,,,,
standard,Fiesta Mall Hooters,4808394767,unknown,722110,Mesa,AZ,official_business_licenses,,,,
standard,Pacinos,480-9850114,unknown,722110,Mesa,AZ,official_business_licenses,,,,
standard,L L New Golden China LLC,480-981-2848,unknown,722110,Mesa,AZ,official_business_licenses,,,,
standard,Lennys Burger Mesa,4808920108,unknown,722110,Mesa,AZ,official_business_licenses,,,,
standard,"AMCC, Inc",4808323257,unknown,722110,Mesa,AZ,official_business_licenses,,,,
standard,The Olive Garden Italian Restaurant #1375,480-807-0207,unknown,722110,Mesa,AZ,official_business_licenses,,,,
standard,LongHorn Steakhouse 5448,480-461-0790,unknown,722110,Mesa,AZ,official_business_licenses,,,,
standard,SALSA CABANA MEXICAN GRILL,4808548286,unknown,722110,Mesa,AZ,official_business_licenses,,,,
standard,Rudy's Mexican Grill,4809848209,unknown,722110,Mesa,AZ,official_business_licenses,,,,
standard,YZS KARAOKE CAFE,4803091661,unknown,722110,Mesa,AZ,official_business_licenses,,,,
standard,Silver Star Theater,480-288-0300,unknown,722110,Mesa,AZ,official_business_licenses,,,,
standard,Restaurant,4802338072,unknown,722110,Mesa,AZ,official_business_licenses,,,,
standard,Ned's Krazy sub,4804640033,unknown,722110,Mesa,AZ,official_business_licenses,,,,
standard,ROUBENS LOUNGE,5202822008,unknown,72215,TUCSON,AZ,official_business_licenses,,,,
standard,BOMBOLE,5207775011,unknown,722210,TUCSON,AZ,official_business_licenses,,,,
standard,DELICIAS MEXICAN GRILL,5202038396,unknown,722210,TUCSON,AZ,official_business_licenses,,,,
standard,EL DORADITO INC,5208060049,unknown,722210,TUCSON,AZ,official_business_licenses,,,,
standard,CULVERS AT VALENCIA,5205262317,unknown,722210,TUCSON,AZ,official_business_licenses,,,,
standard,DENNY'S,480.508.4878,unknown,722211,Mesa,AZ,official_business_licenses,,,,
standard,BURGER KING #8941,602-273-7997,unknown,722211,Mesa,AZ,official_business_licenses,,,,
standard,Salad and Go,480-674-4825,unknown,722211,Mesa,AZ,official_business_licenses,,,,
standard,Sun & Sno LLC dba Bahama Buck’s,4808983036,unknown,722211,Mesa,AZ,official_business_licenses,,,,
standard,subway12726,4802282121,unknown,722211,Mesa,AZ,official_business_licenses,,,,
standard,Mr Pancho Mexican Food,4806496033,unknown,722211,Mesa,AZ,official_business_licenses,,,,
standard,WENDY'S,602.620.2595,unknown,722211,Mesa,AZ,official_business_licenses,,,,
standard,BACKYARD TACO,480-800-8701,unknown,722211,Mesa,AZ,official_business_licenses,,,,
standard,NO 1 BUFFET SUSHI AND SEAFOOD ALL YOU CAN EAT,5214958758,unknown,722211,TUCSON,AZ,official_business_licenses,,,,
standard,Worth Takeaway,480-833-2180,unknown,722211,Mesa,AZ,official_business_licenses,,,,
standard,BURRITO EXPRESS,4806689597,unknown,722211,Mesa,AZ,official_business_licenses,,,,
standard,Charley's Philly Steaks,305-406-1583,unknown,7222513,Mesa,AZ,official_business_licenses,,,,
standard,CARNITAS LOS REYES LLC,5203309658,unknown,72230,TUCSON,AZ,official_business_licenses,,,,
standard,MID-VALLEY ATHLETIC CLUB INC,5207923654,unknown,722300,TUCSON,AZ,official_business_licenses,,,,
standard,RASPADOS SHALOM,5202891428,unknown,722300,TUCSON,AZ,official_business_licenses,,,,
standard,DoNut Worry Coffee & Smoothies,4806216600,unknown,722300,Mesa,AZ,official_business_licenses,,,,
standard,ROBERTS FINEST,3306902728,mobile,722310,TUCSON,AZ,official_business_licenses,,,,
standard,CK SOLUTIONS LLC,5204658170,unknown,722310,TUCSON,AZ,official_business_licenses,,,,
standard,COUNTER CRISPIES,4802385174,unknown,722310,TUCSON,AZ,official_business_licenses,,,,
standard,KIM'S CONFECTIONS LLC,5202600933,unknown,722310,TUCSON,AZ,official_business_licenses,,,,
standard,CRAFT CULINARY CONCEPTS LLC,6234337648,unknown,722310,GLENDALE,AZ,official_business_licenses,,,,
standard,ZHONG & ASSOCIATES LLC,7208196263,unknown,722310,TUCSON,AZ,official_business_licenses,,,,
standard,SOUTHWEST CATERERS OF ARIZONA,5203045188,unknown,722310,TUCSON,AZ,official_business_licenses,,,,
standard,TANNAS BOTANNAS GUADALAJARA,5209099939,unknown,722310,TUCSON,AZ,official_business_licenses,,,,
standard,TASTY LIKE HOME LLC,5208081198,unknown,722310,TUCSON,AZ,official_business_licenses,,,,
standard,RICE GARDEN,5208250942,unknown,722310,CHANDLER,AZ,official_business_licenses,,,,
standard,TUCSON TAMALE ORACLE LLC,5204031888,unknown,722320,TUCSON,AZ,official_business_licenses,,,,
standard,LIONOR GOMEZ LLC,5202045884,unknown,722320,TUCSON,AZ,official_business_licenses,,,,
standard,CHRIS CATERING LLC,5204065472,unknown,722320,TUCSON,AZ,official_business_licenses,,,,
standard,22 SUNFLOWERS LLC,5202043675,unknown,722320,TUCSON,AZ,official_business_licenses,,,,
standard,TASTE OF PASSION,5202646113,unknown,722320,TUCSON,AZ,official_business_licenses,,,,
standard,HUMBLE BOARD,5205511061,unknown,722320,TUCSON,AZ,official_business_licenses,,,,
standard,HERRADURA FOOD SERVICE,5208342068,unknown,722320,TUCSON,AZ,official_business_licenses,,,,
standard,FERNANDA'S KITCHEN,5203426623,unknown,722320,VAIL,AZ,official_business_licenses,,,,
standard,KING'S KREATIONS CATERING,5208087666,unknown,722320,TUCSON,AZ,official_business_licenses,,,,
standard,EYE KANDY CATERING,5204064633,unknown,722320,TUCSON,AZ,official_business_licenses,,,,
standard,LETICO,5209046307,unknown,722320,TUCSON,AZ,official_business_licenses,,,,
standard,VAQUERO 1800 CATERING,5052176803,unknown,722320,TUCSON,AZ,official_business_licenses,,,,
standard,GRANDMA'S RECIPES CATERING,5203394545,unknown,722320,TUCSON,AZ,official_business_licenses,,,,
standard,PATRICIA'S CUBAN KITCHEN,5208614966,unknown,722320,TUCSON,AZ,official_business_licenses,,,,
standard,NUTRITION ONE LLC,5203147733,unknown,722320,PHOENIX,AZ,official_business_licenses,,,,
standard,SAPPHIRE SERVICES LLC,5206228343,unknown,722320,TUCSON,AZ,official_business_licenses,,,,
standard,MABLE ANNIE LEE AND SHIRLEY'S SOUTHERN KITCHEN,5205693361,unknown,722320,SAHUARITA,AZ,official_business_licenses,,,,
standard,LA SABROSA,5203456445,unknown,722320,TUCSON,AZ,official_business_licenses,,,,
standard,ONE LOVE KITCHEN,5203098079,unknown,722320,TUCSON,AZ,official_business_licenses,,,,
standard,AVO CATERING,5208507902,unknown,722320,TUCSON,AZ,official_business_licenses,,,,
standard,RED DESERT BBQ AND CATERING,5209775504,unknown,722320,TUCSON,AZ,official_business_licenses,,,,
standard,CAROLES HOMEMADE SALSA & UP IN SMOKE BBQ,7028604146,unknown,722320,MARANA,AZ,official_business_licenses,,,,
standard,SMART BITES SCHOOL MEALS & CATERINGS,5202489180,unknown,722320,TUCSON,AZ,official_business_licenses,,,,
standard,EL GUAJILLO,5204064104,unknown,722320,TUCSON,AZ,official_business_licenses,,,,
standard,SMOKIN' BOBBY QUE,5202357273,unknown,722320,TUCSON,AZ,official_business_licenses,,,,
standard,BURRITOS LULU,5203363958,unknown,722320,TUCSON,AZ,official_business_licenses,,,,
standard,JESSE RAY'S BBQ,5207898529,unknown,722320,TUCSON,AZ,official_business_licenses,,,,
standard,CIRCLE M SMOKE PIT & CATERING,5208126670,unknown,722320,TUCSON,AZ,official_business_licenses,,,,
standard,MJDELICIAS,5202695916,unknown,722320,TUCSON,AZ,official_business_licenses,,,,
standard,CARTE BLANCHE CATERING,5203184700,unknown,722320,TUCSON,AZ,official_business_licenses,,,,
standard,GRAPEVINE CUPCUTERIE AND SAVORY,5206611382,unknown,722320,TUCSON,AZ,official_business_licenses,,,,
standard,YAYA'S SWEETS,5207807814,unknown,722320,TUCSON,AZ,official_business_licenses,,,,
standard,VIRI VIRI BOMB BOMB,5208703178,unknown,722320,TUCSON,AZ,official_business_licenses,,,,
standard,BLUE BANJO BBQ CATERING,5204443160,unknown,722320,TUCSON,AZ,official_business_licenses,,,,
standard,ALFRIE'S CATERING,5202483791,unknown,722320,TUCSON,AZ,official_business_licenses,,,,
standard,BUDDHA BREWING CO,5209095830,unknown,722320,TUCSON,AZ,official_business_licenses,,,,
standard,SLICED AND STACKED,5204069401,unknown,722320,TUCSON,AZ,official_business_licenses,,,,
standard,THE MAKAN BOWL LLC,5202833326,unknown,722320,TUCSON,AZ,official_business_licenses,,,,
standard,LA BARRA & EL KANDY LOCO,5203081606,unknown,722320,TUCSON,AZ,official_business_licenses,,,,
standard,RILEY CHANDLER PERSONAL CHEF,5202045484,unknown,722320,TUCSON,AZ,official_business_licenses,,,,
standard,SCRATCHING THE PLATE,5208204515,unknown,722320,TUCSON,AZ,official_business_licenses,,,,
standard,JOE'S LIT PIT LLC,5209554119,unknown,722320,TUCSON,AZ,official_business_licenses,,,,
standard,NOIRE & JET AESTHETICS,5202501437,unknown,722320,TUCSON,AZ,official_business_licenses,,,,
standard,GET STUFFED GRILLED CATERING,5203452764,unknown,722320,TUCSON,AZ,official_business_licenses,,,,
standard,EL PACOTOTE LLC,5202723500,unknown,722320,TUCSON,AZ,official_business_licenses,,,,
standard,SENIOR CLASS FOOD SERVICE LLC,5208226465,unknown,722320,TUCSON,AZ,official_business_licenses,,,,
standard,EP SALSA & CATERING,5204400346,unknown,722320,TUCSON,AZ,official_business_licenses,,,,
standard,NATIONAL PIZZA PARTIES,5208889359,unknown,722320,TUCSON,AZ,official_business_licenses,,,,
standard,CHEESE AND CHEERS,5208086724,unknown,722320,TUCSON,AZ,official_business_licenses,,,,
standard,MADAM BUCKS CATERING SERVICES,5202448695,unknown,722320,TUCSON,AZ,official_business_licenses,,,,
standard,SR TACO & MORE LLC,5209810323,unknown,722320,TUCSON,AZ,official_business_licenses,,,,
standard,MARISCOS CHIHUAHUA EXPRESS LLC,5203691147,unknown,722320,TUCSON,AZ,official_business_licenses,,,,
standard,TUCSON HEALTHY EATS KITCHEN,5204906991,unknown,722320,TUCSON,AZ,official_business_licenses,,,,
standard,DIXIE LOU CANTINA,5204441072,unknown,722320,TUCSON,AZ,official_business_licenses,,,,
standard,THE ROLLING CHEF,5202707983,unknown,722320,TUCSON,AZ,official_business_licenses,,,,
standard,DESERT SUN GRILL & CATERING,5209893185,unknown,722320,TUCSON,AZ,official_business_licenses,,,,
standard,TAPA 2,5206001871,unknown,722320,TUCSON,AZ,official_business_licenses,,,,
standard,TACOS EL TUCHI,5204444740,unknown,722320,TUCSON,AZ,official_business_licenses,,,,
standard,OC EVENTS LLC,5205199210,unknown,722320,NOGALES,AZ,official_business_licenses,,,,
standard,COOKINWITCORT LLC,5208709669,unknown,722320,TUCSON,AZ,official_business_licenses,,,,
standard,BUDDHAS CHICAGO DOGS LLC,5203891831,unknown,722320,TUCSON,AZ,official_business_licenses,,,,
standard,MI FAMILIA CATERING,5204491341,unknown,722320,TUCSON,AZ,official_business_licenses,,,,
standard,LA COCINA DE DIANA,5202724284,unknown,722320,TUCSON,AZ,official_business_licenses,,,,
standard,RODRIGUEZ CATERING,5204295839,unknown,722320,TUCSON,AZ,official_business_licenses,,,,
standard,XOXO Charcuterie,4803319861,unknown,"722320, 445299",Mesa,AZ,official_business_licenses,,,,
standard,ZERO DOGS LLC,3034729711,unknown,722330,TUCSON,AZ,official_business_licenses,,,,
standard,MEXICAN DOG HOUSE,5208338144,unknown,722330,RED ROCK,AZ,official_business_licenses,,,,
standard,KABABEQUE XPRESS,5207429100,unknown,722330,TUCSON,AZ,official_business_licenses,,,,
standard,ASADITOS ZULMYTA JUAYUA-TUCSON,5204007869,unknown,722330,TUCSON,AZ,official_business_licenses,,,,
standard,LAOS ACADEMIC ORGANIZATION,5207924162,unknown,722330,TUCSON,AZ,official_business_licenses,,,,
standard,LAHAINA'S WAFFLE DOGS,5203010924,unknown,722330,TUCSON,AZ,official_business_licenses,,,,
standard,MELISSAS ICE CREAM,5203026972,unknown,722330,TUCSON,AZ,official_business_licenses,,,,
standard,MIKE'S FOOD CO,5202227602,unknown,722330,TUCSON,AZ,official_business_licenses,,,,
standard,TACO VIBE,5203890309,unknown,722330,TUCSON,AZ,official_business_licenses,,,,
standard,ROMERO GONZALEZ,5208583736,unknown,722330,TUCSON,AZ,official_business_licenses,,,,
standard,THE MAGNOLIA BLOSSOM,5204093551,unknown,722330,TUCSON,AZ,official_business_licenses,,,,
standard,ROSES FILIPINO KITCHEN,5209891253,unknown,722330,TUCSON,AZ,official_business_licenses,,,,
standard,ON THE FLY KITCHEN,5207045394,unknown,722330,TUCSON,AZ,official_business_licenses,,,,
standard,TRASH PANDA VEGAN,4802229463,unknown,722330,TEMPE,AZ,official_business_licenses,,,,
standard,TAQUERIA EL NONO JR LLC,5204287901,unknown,722330,DOUGLAS,AZ,official_business_licenses,,,,
standard,BUCKY SHAVED ICE,5202683329,unknown,722330,GREEN VALLEY,AZ,official_business_licenses,,,,
standard,ARIZONA BB&M ICECREAM AND CANDIES,5204431756,unknown,722330,TUCSON,AZ,official_business_licenses,,,,
standard,BIRRIERIA GUASAVE 2,5205760525,unknown,722330,TUCSON,AZ,official_business_licenses,,,,
standard,CARNITAS EL HURACAN DEL SUR,5209873228,unknown,722330,TUCSON,AZ,official_business_licenses,,,,
standard,BOMB.KOM,5203310986,unknown,722330,TUCSON,AZ,official_business_licenses,,,,
standard,CARMONA SWEETS,5206476702,unknown,722330,TUCSON,AZ,official_business_licenses,,,,
standard,EL CHIPILON,5206648177,unknown,722330,TUCSON,AZ,official_business_licenses,,,,
standard,3 MARGARITA'S KITCHEN,5208487855,unknown,722330,TUCSON,AZ,official_business_licenses,,,,
standard,DRY BONES COFFEE,5202418102,unknown,722330,MARANA,AZ,official_business_licenses,,,,
standard,COFFEE2CONES,5209071259,unknown,722330,TUCSON,AZ,official_business_licenses,,,,
standard,FIVE-TO-OH COFFEE LLC,5207770503,unknown,722330,TUCSON,AZ,official_business_licenses,,,,
standard,CHURROS EL REY LLC,5202314440,unknown,722330,TUCSON,AZ,official_business_licenses,,,,
standard,BLACK MARKET BBQ LLC,5203070101,unknown,722330,TUCSON,AZ,official_business_licenses,,,,
standard,EMILIA'S BANQUET SERVICE,5204654336,unknown,722330,TUCSON,AZ,official_business_licenses,,,,
standard,ID SMOKE THAT BBQ LLC,5203107404,unknown,722330,TUCSON,AZ,official_business_licenses,,,,
standard,LA BUFADORA LLC,5203701141,unknown,722330,TUCSON,AZ,official_business_licenses,,,,
standard,SANTAS ICE CREAM,5203095678,unknown,722330,TUCSON,AZ,official_business_licenses,,,,
standard,BATTLEBORN COFFEE ROASTERS LLC,5202227085,unknown,722330,TUCSON,AZ,official_business_licenses,,,,
standard,BIDEGAIN FOOD LLC,5202485552,unknown,722330,TUCSON,AZ,official_business_licenses,,,,
standard,FESTIVE DESERT GRILL,5204407174,unknown,722330,TUCSON,AZ,official_business_licenses,,,,
standard,GLUTEN & GLUTTEN,5202886931,unknown,722330,TUCSON,AZ,official_business_licenses,,,,
standard,MARISCOS Y TACOS EL CAPITAN,5202788456,unknown,722330,TUCSON,AZ,official_business_licenses,,,,
standard,LOADED BY C.A.R.B.S,5208091950,unknown,722330,TUCSON,AZ,official_business_licenses,,,,
standard,MORENO'S ROASTED CORN,5202681000,unknown,722330,TUCSON,AZ,official_business_licenses,,,,
standard,ROASTIN BIRDS,5204653650,unknown,722330,TUCSON,AZ,official_business_licenses,,,,
standard,ENUFF DOGS,5203581662,unknown,722330,TUCSON,AZ,official_business_licenses,,,,
standard,OL' POT HOLE,5202722240,unknown,722330,TUCSON,AZ,official_business_licenses,,,,
standard,PLANET OF THE CREPES,5206034719,unknown,722330,TUCSON,AZ,official_business_licenses,,,,
standard,DE LUNA DELIGHTS,5209341009,unknown,722330,TUCSON,AZ,official_business_licenses,,,,
standard,KONA ICE OF PANTANO WASH,5202347625,unknown,722330,TUCSON,AZ,official_business_licenses,,,,
standard,RAGING LEMONS & CATERING,9287509044,unknown,722330,TUCSON,AZ,official_business_licenses,,,,
standard,TACOS EL GONZA,5206681901,unknown,722330,TUCSON,AZ,official_business_licenses,,,,
standard,TACO LIBRE,5207306569,unknown,722330,TUCSON,AZ,official_business_licenses,,,,
standard,UNO MAS... PAQUE 'TACOS'TUMBRES,5206074317,unknown,722330,TUCSON,AZ,official_business_licenses,,,,
standard,STAR KETTLE CORN,5202357446,unknown,722330,CORTARO,AZ,official_business_licenses,,,,
standard,SODARUSH,4802941885,unknown,722330,GILBERT,AZ,official_business_licenses,,,,
standard,BIRRIERIA LAS CHICAS,5202485194,unknown,722330,TUCSON,AZ,official_business_licenses,,,,
standard,ESPRESSO YOURSELF,5202892219,unknown,722330,TUCSON,AZ,official_business_licenses,,,,
standard,HELLFIRE PIZZA CO,5204610479,unknown,722330,TUCSON,AZ,official_business_licenses,,,,
standard,DRE'S SEAFOOD & BBQ LLC,5208914354,unknown,722330,TUCSON,AZ,official_business_licenses,,,,
standard,GORDOS MICHIBOMBS,5207199453,unknown,722330,TUCSON,AZ,official_business_licenses,,,,
standard,SONORAN BISCOCHITO COMPANY LLC,5207809315,unknown,722330,TUCSON,AZ,official_business_licenses,,,,
standard,THE BLACKTOP GRILL,9282465874,unknown,722330,TUCSON,AZ,official_business_licenses,,,,
standard,TROPICAL BAHIA,5208489678,unknown,722330,TUCSON,AZ,official_business_licenses,,,,
standard,DZRT LLC,5204007309,unknown,722330,TUCSON,AZ,official_business_licenses,,,,
standard,LITTLE LLAMA DONUTS,5209823130,unknown,722330,TUCSON,AZ,official_business_licenses,,,,
standard,MONSTER SONORAN HOT DOGS LLC,5209713240,unknown,722330,TUCSON,AZ,official_business_licenses,,,,
standard,SONORITA ASADERO LLC,5209106310,unknown,722330,TUCSON,AZ,official_business_licenses,,,,
standard,LOS BERTOS HOT DOGS,5204092452,unknown,722330,TUCSON,AZ,official_business_licenses,,,,
standard,EATGYPT,5205493350,unknown,722330,TUCSON,AZ,official_business_licenses,,,,
standard,SOL PUEBLO PROVISIONS LLC,5203672501,unknown,722330,TUCSON,AZ,official_business_licenses,,,,
standard,TOP SHAWARMA,5203428724,unknown,722330,TUCSON,AZ,official_business_licenses,,,,
standard,MANGOS LOCOS,5208227946,unknown,722330,TUCSON,AZ,official_business_licenses,,,,
standard,THE SOCIAL SPRITZ CO,9193063289,unknown,722330,TUCSON,AZ,official_business_licenses,,,,
standard,NOVIA'S BAKERY LLC,5204043888,unknown,722330,TUCSON,AZ,official_business_licenses,,,,
standard,CRAZY EYE FRENCH FRIES,5204008962,unknown,722330,ORO VALLEY,AZ,official_business_licenses,,,,
standard,CE FEAST & DELIGHTS,5209047446,unknown,722330,TUCSON,AZ,official_business_licenses,,,,
standard,HAPPY BOY HOTDOGS,5205284793,unknown,722330,TUCSON,AZ,official_business_licenses,,,,
standard,DELICIAS COLOMBIANAS,5206061385,unknown,722330,TUCSON,AZ,official_business_licenses,,,,
standard,EVERYTHING TART,5203398935,unknown,722330,TUCSON,AZ,official_business_licenses,,,,
standard,2FRESH FLAVORS,2067953663,unknown,722330,TUCSON,AZ,official_business_licenses,,,,
standard,KALINA ENTERPRISES,5203604040,unknown,722330,TUCSON,AZ,official_business_licenses,,,,
standard,CHILTEPINOS FOOD TRUCK,5206589072,unknown,722330,TUCSON,AZ,official_business_licenses,,,,
standard,KENS HARDWOOD BARBECUE,5203339309,unknown,722330,TUCSON,AZ,official_business_licenses,,,,
standard,M&M FOODS LLC,5204887728,unknown,722330,TUCSON,AZ,official_business_licenses,,,,
standard,ANDY'S SONORAN HOT DOGS,5209783668,unknown,722330,VAIL,AZ,official_business_licenses,,,,
standard,JOZARELLI'S ITALIAN,5203458435,unknown,722330,TUCSON,AZ,official_business_licenses,,,,
standard,OH WOW MINI DONUTS,5202823315,unknown,722330,TUCSON,AZ,official_business_licenses,,,,
standard,BLUE LAGOON TAKEOUT,6023976116,unknown,722330,VAIL,AZ,official_business_licenses,,,,
standard,COWBOY KETTLE CORN,5205006761,unknown,722330,VAIL,AZ,official_business_licenses,,,,
standard,TACO'QUETA LLC,5203588727,unknown,722330,TUCSON,AZ,official_business_licenses,,,,
standard,BUNGALOW BAKERY,5209773600,unknown,722330,TUCSON,AZ,official_business_licenses,,,,
standard,BAKED BY QUEL,5202822003,unknown,722330,TUCSON,AZ,official_business_licenses,,,,
standard,SAIGON EXPRESS,5203428299,unknown,722330,TUCSON,AZ,official_business_licenses,,,,
standard,STARDUST CAFE,5204430058,unknown,722330,TUCSON,AZ,official_business_licenses,,,,
standard,WANNA MANZANA,5202475675,unknown,722330,TUCSON,AZ,official_business_licenses,,,,
standard,GRIDDLER ON THE ROOF LLC,5202227682,unknown,722330,TUCSON,AZ,official_business_licenses,,,,
standard,FAMILY JOINT PIZZA,5205002695,unknown,722330,SAHUARITA,AZ,official_business_licenses,,,,
standard,TUXSON TACO'S LLC,5202723458,unknown,722330,SAHUARITA,AZ,official_business_licenses,,,,
standard,CHONTE ICE CREAM,5207040272,unknown,722330,TUCSON,AZ,official_business_licenses,,,,
standard,REAL HAWAIIAN ICE,5208614333,unknown,722330,TUCSON,AZ,official_business_licenses,,,,
standard,EL TATA'S TAQUERIA,5204767146,unknown,722330,TUCSON,AZ,official_business_licenses,,,,
standard,KOOL TWISTS,5209770917,unknown,722330,TUCSON,AZ,official_business_licenses,,,,
standard,DDS GOURMET,9705349563,unknown,722330,TUCSON,AZ,official_business_licenses,,,,
standard,EBENEZER,5203129223,unknown,722330,TUCSON,AZ,official_business_licenses,,,,
standard,CHARLY'S BBQ GRILL,5202569585,unknown,722330,TUCSON,AZ,official_business_licenses,,,,
standard,SHARON'S BBQ,5204253232,unknown,722330,TUCSON,AZ,official_business_licenses,,,,
standard,LADEE LOVES COOKIN KITCHEN,5202863294,unknown,722330,TUCSON,AZ,official_business_licenses,,,,
standard,FIAMME PIZZA NAPOLETANA,5205295777,unknown,722330,TUCSON,AZ,official_business_licenses,,,,
standard,SAILERS LLC,5204093223,unknown,722330,TUCSON,AZ,official_business_licenses,,,,
standard,SONORAN SWEETERY,5209823139,unknown,722330,TUCSON,AZ,official_business_licenses,,,,
standard,THE HOTDOG STAND,5203028675,unknown,722330,TUCSON,AZ,official_business_licenses,,,,
standard,TUCSON COFFEE CART,5203047795,unknown,722330,SOUTH TUCSON,AZ,official_business_licenses,,,,
standard,THIRST TRAP LEMONADE & CONCESSIONS,5204428997,unknown,722330,TUCSON,AZ,official_business_licenses,,,,
standard,BUGALOO'S SOFT SERVE,5208911728,unknown,722330,TUCSON,AZ,official_business_licenses,,,,
standard,LA CABANA DEL BAMBINO,5204766541,unknown,722330,TUCSON,AZ,official_business_licenses,,,,
standard,DOSHIROK,2542470293,unknown,722330,TUCSON,AZ,official_business_licenses,,,,
standard,GABYS,5203361876,unknown,722330,TUCSON,AZ,official_business_licenses,,,,
standard,HIBACHI HEAT,5209822223,unknown,722330,TUCSON,AZ,official_business_licenses,,,,
standard,A SIMPLE COOKIE,5206473159,unknown,722330,VAIL,AZ,official_business_licenses,,,,
standard,BAKE A WISH COOKIES,5203100889,unknown,722330,TUCSON,AZ,official_business_licenses,,,,
standard,ODD DOGS,6125329304,unknown,722330,TUCSON,AZ,official_business_licenses,,,,
standard,BLACK BARN,5203089265,unknown,722330,TUCSON,AZ,official_business_licenses,,,,
standard,SUBSTANCE DINER,4259717160,unknown,722330,TUCSON,AZ,official_business_licenses,,,,
standard,SWEET ROLLS AND MORE,5204429611,unknown,722330,TUCSON,AZ,official_business_licenses,,,,
standard,THE CURRY POT LLC,5208345543,unknown,722330,TUCSON,AZ,official_business_licenses,,,,
standard,YOU SLY DOG,5209548174,unknown,722330,TUCSON,AZ,official_business_licenses,,,,
standard,GOODIES,5204197133,unknown,722330,TUCSON,AZ,official_business_licenses,,,,
standard,420 TACO,5202760668,unknown,722330,TUCSON,AZ,official_business_licenses,,,,
standard,EL AZTECA HOT DOGS,5203040647,unknown,722330,SAHUARITA,AZ,official_business_licenses,,,,
standard,EL MONO VERDE SONORAN HOT DOGS,5204253755,unknown,722330,TUCSON,AZ,official_business_licenses,,,,
standard,BIGGIE BOY BBQ LLC,5203072443,unknown,722330,TUCSON,AZ,official_business_licenses,,,,
standard,PUDDING LANE KITCHEN,5202416234,unknown,722330,TUCSON,AZ,official_business_licenses,,,,
standard,OF SMOKING MEATS,5206659446,unknown,722330,TUCSON,AZ,official_business_licenses,,,,
standard,LA CENADURIA DE LA 12,5204860460,unknown,722330,TUCSON,AZ,official_business_licenses,,,,
standard,POP TOP S'MORES,5202803244,unknown,722330,TUCSON,AZ,official_business_licenses,,,,
standard,MISS PIGGYS CAFECITO,5203044013,unknown,722330,TUCSON,AZ,official_business_licenses,,,,
standard,KADOOKS!,5204047777,unknown,722330,TUCSON,AZ,official_business_licenses,,,,
standard,QUINCAS,5209718828,unknown,722330,TUCSON,AZ,official_business_licenses,,,,
standard,LEMON-ADDIE,5203708113,unknown,722330,TUCSON,AZ,official_business_licenses,,,,
standard,SHAVED ICE SALOON,5202457759,unknown,722330,TUCSON,AZ,official_business_licenses,,,,
standard,MORTYS BACKYARD,5205546016,unknown,722330,TUCSON,AZ,official_business_licenses,,,,
standard,MY TAQUITO VILLEGAS,5203041468,unknown,722330,TUCSON,AZ,official_business_licenses,,,,
standard,UNDERDOGS GOURMET HOTDOGS,5202550216,unknown,722330,TUCSON,AZ,official_business_licenses,,,,
standard,TOP DOG IN TOWN,5204718483,unknown,722330,TUCSON,AZ,official_business_licenses,,,,
standard,SUSHI HANA,5203058318,unknown,722330,TUCSON,AZ,official_business_licenses,,,,
standard,TUCSON NOMAD CAFE,5202322537,unknown,722330,TUCSON,AZ,official_business_licenses,,,,
standard,ALGO BIEN,5205592244,unknown,722330,SIERRA VISTA,AZ,official_business_licenses,,,,
standard,CHEZ PEACHY,8133047171,unknown,722330,TUCSON,AZ,official_business_licenses,,,,
standard,POPPA WHEELIES CRUNCH N MUNCH LLC,5202446488,unknown,722330,TUCSON,AZ,official_business_licenses,,,,
standard,COOL BUS,8088001496,unknown,722330,TUCSON,AZ,official_business_licenses,,,,
standard,COOL BUS,5208082036,unknown,722330,TUCSON,AZ,official_business_licenses,,,,
standard,EL RUSTICO,5206233478,unknown,722330,TUCSON,AZ,official_business_licenses,,,,
standard,ROUND UP KETTLE CORN,5208009064,unknown,722330,TUCSON,AZ,official_business_licenses,,,,
standard,MEAT N GREET,9894755369,unknown,722330,TUCSON,AZ,official_business_licenses,,,,
standard,MJ'S TACOS EL REY,5204479465,unknown,722330,TUCSON,AZ,official_business_licenses,,,,
standard,Z AND D KETTLE CORN LLC,5206624207,unknown,722330,TUCSON,AZ,official_business_licenses,,,,
standard,POPS HOT CHICKEN,5202474268,unknown,722330,TUCSON,AZ,official_business_licenses,,,,
standard,MAUI WOWI OF TUCSON,5202754241,unknown,722330,TUCSON,AZ,official_business_licenses,,,,
standard,MENCHIE'S TACOS,5208958957,unknown,722330,TUCSON,AZ,official_business_licenses,,,,
standard,COUNTRY KITCHEN KETTLE CORN,5209779275,unknown,722330,GREEN VALLEY,AZ,official_business_licenses,,,,
standard,THE DRAGON PIZZA CO,5208347774,unknown,722330,GREEN VALLEY,AZ,official_business_licenses,,,,
standard,BIG SEXYS CHICKEN WANGS AND THANGS,5204098769,unknown,722330,MARANA,AZ,official_business_licenses,,,,
standard,EL GORDITO FELIZ,5206646895,unknown,722330,MARANA,AZ,official_business_licenses,,,,
standard,A TUCSON ICE CREAM CO,5204819010,unknown,722330,TUCSON,AZ,official_business_licenses,,,,
standard,EL GORDO Y EL FLACO,5205852923,unknown,722330,SAHUARITA,AZ,official_business_licenses,,,,
standard,THE CULINARY UNDERGROUND,5203066088,unknown,722330,TUCSON,AZ,official_business_licenses,,,,
standard,EDDY'S HOT DOGS,6232820993,unknown,722330,TUCSON,AZ,official_business_licenses,,,,
standard,KONA ICE OF MARANA,5206499034,unknown,722330,TUCSON,AZ,official_business_licenses,,,,
standard,CHAPPOPIN CAFE,5202352021,unknown,722330,TUCSON,AZ,official_business_licenses,,,,
standard,MEXICO CITY KITCHEN,5208088529,unknown,722330,TUCSON,AZ,official_business_licenses,,,,
standard,NI HAO AMIGOS LLC,8143923093,unknown,722330,TUCSON,AZ,official_business_licenses,,,,
standard,BETTER BIRDIE,5203700166,unknown,722330,TUCSON,AZ,official_business_licenses,,,,
standard,MANUEL LOPEZ,5202780654,unknown,722330,TUCSON,AZ,official_business_licenses,,,,
standard,BOTANAS MUNCHIE'S WORLD,5204431130,unknown,722330,TUCSON,AZ,official_business_licenses,,,,
standard,JAIY'S HOT DOGS,5203582674,unknown,722330,TUCSON,AZ,official_business_licenses,,,,
standard,COCINA MEXICANA EL REY NAYAR & EVENTOS AYON,6023503945,unknown,722330,TUCSON,AZ,official_business_licenses,,,,
standard,AJ'S FAMOUS HOLLYWOOD HOTDOGS,5202450859,unknown,722330,TUCSON,AZ,official_business_licenses,,,,
standard,THE CULINARY GRADUATE,7039897948,unknown,722330,TUCSON,AZ,official_business_licenses,,,,
standard,RED ROASTERS,5204093406,unknown,722330,TUCSON,AZ,official_business_licenses,,,,
standard,TAQUERIA EL ZARAPE,5204748413,unknown,722330,TUCSON,AZ,official_business_licenses,,,,
standard,RICURAS DE VENEZUELA AREPAS & MORE,5209908173,unknown,722330,TUCSON,AZ,official_business_licenses,,,,
standard,PITSTOP CAFE OF TUCSON,5209048047,unknown,722330,TUCSON,AZ,official_business_licenses,,,,
standard,THE CACTUS CROISSANT BAKERY LLC,5202035961,unknown,722330,TUCSON,AZ,official_business_licenses,,,,
standard,BURRO STATION LLC,6232548352,unknown,722330,GILBERT,AZ,official_business_licenses,,,,
standard,NAUTICAL BOWLS,5207711138,unknown,722330,TUCSON,AZ,official_business_licenses,,,,
standard,EL MEXICANO SONORAN HOT DOGS LLC,5202713757,unknown,722330,TUCSON,AZ,official_business_licenses,,,,
standard,ICE CREAM S JUAN 3:16,5204092614,unknown,722330,TUCSON,AZ,official_business_licenses,,,,
standard,EL DESIERTO WATERS LLC,7175510065,unknown,722330,TUCSON,AZ,official_business_licenses,,,,
standard,THE CARRETA,5209991838,unknown,722330,TUCSON,AZ,official_business_licenses,,,,
standard,SJ YUMMY KETTLE CORN,5207307224,unknown,722330,TUCSON,AZ,official_business_licenses,,,,
standard,EGGROLL MASTERS LLC,5203759033,unknown,722330,TUCSON,AZ,official_business_licenses,,,,
standard,CARTWRIGHTS COFFEE,5209918999,unknown,722330,TUCSON,AZ,official_business_licenses,,,,
standard,GRINDSTONE COFFEE TUCSON,7022416918,unknown,722330,TUCSON,AZ,official_business_licenses,,,,
standard,HEAVENLY BEAN LLC,5203043852,unknown,722330,TUCSON,AZ,official_business_licenses,,,,
standard,QUE SE ANTOJA,5209802629,unknown,722330,TUCSON,AZ,official_business_licenses,,,,
standard,EASTCOAST SUBS,5206124221,unknown,722330,TUCSON,AZ,official_business_licenses,,,,
standard,SWEET ARIZONA,5203125351,unknown,722330,TUCSON,AZ,official_business_licenses,,,,
standard,KING KETTLE CORN,5208202902,unknown,722330,TUCSON,AZ,official_business_licenses,,,,
standard,MUNCHEEZ,5203711254,unknown,722330,TUCSON,AZ,official_business_licenses,,,,
standard,BIG DADDY'S KITCHEN LLC,5202719001,unknown,722330,GILBERT,AZ,official_business_licenses,,,,
standard,BEREISHEET 129 VEGAN PLANT BASED CUISINE & CATERING,4808487484,unknown,722330,GOODYEAR,AZ,official_business_licenses,,,,
standard,MANGLED FOODS,4807340558,unknown,722330,CHANDLER,AZ,official_business_licenses,,,,
standard,LOS 3 PLEBES LLC,5202666274,unknown,722330,DOUGLAS,AZ,official_business_licenses,,,,
standard,DIANA Y MORENO,5203736586,unknown,722330,NOGALES,AZ,official_business_licenses,,,,
standard,BELLA'S GELATO SHOPPE,5209542843,unknown,722330,TUCSON,AZ,official_business_licenses,,,,
standard,GIDDY UP SWEETS AND TREATS,5209752163,unknown,722330,TUCSON,AZ,official_business_licenses,,,,
standard,WOODIES GOODIES,8155930495,unknown,722330,MARANA,AZ,official_business_licenses,,,,
standard,BREAD AND BUTTER BROTHER,4805168064,unknown,722330,TUCSON,AZ,official_business_licenses,,,,
standard,TAQUERIA LOS CUATES,5203136595,unknown,722330,TUCSON,AZ,official_business_licenses,,,,
standard,SAMMY EL SINALOENSE HOT DOGS,5209541695,unknown,722330,TUCSON,AZ,official_business_licenses,,,,
standard,KING KONE,5203098196,unknown,722330,TUCSON,AZ,official_business_licenses,,,,
standard,GLIZZY GODS,5203734671,unknown,722330,TUCSON,AZ,official_business_licenses,,,,
standard,SAMURAI SOMBRERO,5209995938,unknown,722330,TUCSON,AZ,official_business_licenses,,,,
standard,LOS MEJORES,5203511002,unknown,722330,TUCSON,AZ,official_business_licenses,,,,
standard,TACO STOP LLC,5204190484,unknown,722330,TUCSON,AZ,official_business_licenses,,,,
standard,HAUS OF BRATS LLC,5203600092,unknown,722330,TUCSON,AZ,official_business_licenses,,,,
standard,CODY COYOTE KETTLE CORN AND CONCESSIONS,5204442815,unknown,722330,TUCSON,AZ,official_business_licenses,,,,
standard,SONORA GRILL & SWEETS,5204863534,unknown,722330,TUCSON,AZ,official_business_licenses,,,,
standard,WILLY'S PHILLY'S TUCSON,5204605813,unknown,722330,TUCSON,AZ,official_business_licenses,,,,
standard,ALMA'S ICE CREAM,5203127438,unknown,722330,TUCSON,AZ,official_business_licenses,,,,
standard,LA CARRETA,5206379851,unknown,722330,TUCSON,AZ,official_business_licenses,,,,
standard,ARMENTAS FINITOS Y MAS,5202648399,unknown,722330,TUCSON,AZ,official_business_licenses,,,,
standard,CIAO DOWN,5202504690,unknown,722330,TUCSON,AZ,official_business_licenses,,,,
standard,YUMYUM PO-CHA,5208009620,unknown,722330,TUCSON,AZ,official_business_licenses,,,,
standard,BIG DOG KETTLE CORN,5203899238,unknown,722330,TUCSON,AZ,official_business_licenses,,,,
standard,DOLLAR MENU CART,5204331532,unknown,722330,TUCSON,AZ,official_business_licenses,,,,
standard,KEVIN ICE CREAM,5203046251,unknown,722330,TUCSON,AZ,official_business_licenses,,,,
standard,THE SMOKIN BUTCHER,5206359831,unknown,722330,TUCSON,AZ,official_business_licenses,,,,
standard,KISS OF SMOKE BBQ & CATERING LLC,5209774102,unknown,722330,TUCSON,AZ,official_business_licenses,,,,
standard,CHUCHULUCAS TUCSON,5203547463,unknown,722330,TUCSON,AZ,official_business_licenses,,,,
standard,BURROS PERCHERONES Y TACOS EL TEKAS,5208673655,unknown,722330,TUCSON,AZ,official_business_licenses,,,,
standard,CERBERUS SNACKS LLC,5208505361,unknown,722330,VAIL,AZ,official_business_licenses,,,,
standard,PURA VIDA PURA BIRRIA,5203133137,unknown,722330,TUCSON,AZ,official_business_licenses,,,,
standard,XAVY'S ICE CREAM #1,5207411203,unknown,722330,TUCSON,AZ,official_business_licenses,,,,
standard,SUGAR RUSH,5208919184,unknown,722330,TUCSON,AZ,official_business_licenses,,,,
standard,SQUAT AND GOBBLE LLC,5209916498,unknown,722330,TUCSON,AZ,official_business_licenses,,,,
standard,HOWDY JUICY,5206686126,unknown,722330,TUCSON,AZ,official_business_licenses,,,,
standard,TE PARTO EL HAMBRE,5204618907,unknown,722330,TUCS,AZ,official_business_licenses,,,,
standard,BEAR FRUIT COFFEE,7194696034,unknown,722330,TUCSON,AZ,official_business_licenses,,,,
standard,ALVAREZ DANYRAH,5204997343,unknown,722330,TUCSON,AZ,official_business_licenses,,,,
standard,AMERICAN FLYING BUFFALO,5208093207,unknown,722330,TUCSON,AZ,official_business_licenses,,,,
standard,COLONEL MUSTARD'S HOT DOGS,5204907876,unknown,722330,TUCSON,AZ,official_business_licenses,,,,
standard,CAFE DE TUCSON,5204091706,unknown,722330,TUCSON,AZ,official_business_licenses,,,,
standard,CARBS AND COFFEE COMPANY LLC,7402589644,unknown,722330,TUCSON,AZ,official_business_licenses,,,,
standard,LITTLE BEAR LEMONADE,5203429529,unknown,722330,TUCSON,AZ,official_business_licenses,,,,
standard,ALL AROUND CONCESSIONS,5202716500,unknown,722330,TUCSON,AZ,official_business_licenses,,,,
standard,ASADERO LAS 7 SALSAS,5705498445,unknown,722330,TUCSON,AZ,official_business_licenses,,,,
standard,CHANDYS GOURMET KITCHEN,5202702490,unknown,722330,TUCSON,AZ,official_business_licenses,,,,
standard,PHATBOIIS BBQ,5202568838,unknown,722330,TUCSON,AZ,official_business_licenses,,,,
standard,QUE ROYO ROLLED ICE CREAM LLC,5204403258,unknown,722330,TUCSON,AZ,official_business_licenses,,,,
standard,ESPRESSO-SELF TUCSON,5202565502,unknown,722330,TUCSON,AZ,official_business_licenses,,,,
standard,UKIES,7192874708,unknown,722330,TUCSON,AZ,official_business_licenses,,,,
standard,COMMON GROUNDS ESPRESSO CO,5209070024,unknown,722330,TUCSON,AZ,official_business_licenses,,,,
standard,TWIST OF FUSION,6122484136,unknown,722330,VAIL,AZ,official_business_licenses,,,,
standard,SAMURAI TEPPAN STEAK & SUSHI,5203128687,unknown,722330,TUCSON,AZ,official_business_licenses,,,,
standard,VILONA'S LITTLE ITALY FOOD TRUCK,9064583989,unknown,722330,VAIL,AZ,official_business_licenses,,,,
standard,WHY NOT BREAKFAST,5207304480,unknown,722330,TUCSON,AZ,official_business_licenses,,,,
standard,RISEAM COFFEE,5202297364,unknown,722330,TUCSON,AZ,official_business_licenses,,,,
standard,SUDBINA,5202229895,unknown,722330,TUCSON,AZ,official_business_licenses,,,,
standard,MOBILE YUMMY-IZUM,4802700455,unknown,722330,APACHE JUNCTION,AZ,official_business_licenses,,,,
standard,CHARYN LLC,4802266275,unknown,722330,GILBERT,AZ,official_business_licenses,,,,
standard,ALEX POPCICLES II,5208070877,unknown,722330,TUCSON,AZ,official_business_licenses,,,,
standard,KONA ICE OF SANTA RITA FOOTHILLS,9282465075,unknown,722330,SAHUARITA,AZ,official_business_licenses,,,,
standard,ATE KEI FILIPINO TREATS,5203091358,unknown,722330,TUCSON,AZ,official_business_licenses,,,,
standard,C & W KETTLE CORN,5208298334,unknown,722330,TUCSON,AZ,official_business_licenses,,,,
standard,CHINO'S SONORAN HOT DOGS LLC,5203314724,unknown,722330,TUCSON,AZ,official_business_licenses,,,,
standard,FRIESY,5202547333,unknown,722330,TUCSON,AZ,official_business_licenses,,,,
standard,LOS BABYS,5205004407,unknown,722330,TUCSON,AZ,official_business_licenses,,,,
standard,AT YOUR SERVICE ARIZONA,5203149763,unknown,722330,TUCSON,AZ,official_business_licenses,,,,
standard,JOHN TAYLOR,5204999630,unknown,722330,TUCSON,AZ,official_business_licenses,,,,
standard,BEST LIL ORBITS DONUTS,5203700085,unknown,722330,VAIL,AZ,official_business_licenses,,,,
standard,OFF THE HOOK ENTERPRISES,5202412328,unknown,722330,TUCSON,AZ,official_business_licenses,,,,
standard,PIP'S SIPS TRUCK,5202507038,unknown,722330,TUCSON,AZ,official_business_licenses,,,,
standard,HOTDOGS MR CHUY,5204029182,unknown,722330,TUCSON,AZ,official_business_licenses,,,,
standard,THE COFFEE CURE,5203584532,unknown,722330,TUCSON,AZ,official_business_licenses,,,,
standard,YUMMIES 4 TUMMIES LLC,5205916019,unknown,722330,TUCSON,AZ,official_business_licenses,,,,
standard,SUSHI BOMB,5202685719,unknown,722330,TUCSON,AZ,official_business_licenses,,,,
standard,BLACK DRAGON COFFEE,5204678358,unknown,722330,TUCSON,AZ,official_business_licenses,,,,
standard,AL GUSTO COFFEE COMPANY,5203389760,unknown,722330,MARANA,AZ,official_business_licenses,,,,
standard,EL CAMPEON TACOS AND MORE,5206396253,unknown,722330,MARANA,AZ,official_business_licenses,,,,
standard,HARLEY'S COFFEE CO,5205340443,unknown,722330,MARANA,AZ,official_business_licenses,,,,
standard,CLAMATOSQUIZ,5208226918,unknown,722330,TUCSON,AZ,official_business_licenses,,,,
standard,MLT SONORAN GRILL LLC,5205517798,unknown,722330,TUCSON,AZ,official_business_licenses,,,,
standard,FATBOY SANDOS,5207883366,unknown,722330,TUCSON,AZ,official_business_licenses,,,,
standard,JACKIE'S FOOD COURT,5209554636,unknown,722330,TUCSON,AZ,official_business_licenses,,,,
standard,LOLY'S TORTAS AND HOT DOGS,5202049976,unknown,722330,TUCSON,AZ,official_business_licenses,,,,
standard,LEMONGRASS NATIVE-OWNED CAFE + BAKERY,5203690756,unknown,722330,TUCSON,AZ,official_business_licenses,,,,
standard,FOXY ROXY'S CHICKEN N CONE LLC,5209659409,unknown,722330,TUCSON,AZ,official_business_licenses,,,,
standard,FRIA TUCSON LLC,5204493746,unknown,722330,TUCSON,AZ,official_business_licenses,,,,
standard,DANNYS LEMONADE TUCSON,5205764849,unknown,722330,TUCSON,AZ,official_business_licenses,,,,
standard,KAT DADDY'S,5206099828,unknown,722330,VAIL,AZ,official_business_licenses,,,,
standard,RICKYS SUPER HOT DOG LLC,5203043994,unknown,722330,TUCSON,AZ,official_business_licenses,,,,
standard,TASTE OF MAINE,5202609298,unknown,722330,TUCSON,AZ,official_business_licenses,,,,
standard,SECOND CIRCLE LLC,5202699240,unknown,722330,TUCSON,AZ,official_business_licenses,,,,
standard,WILD WEST KETTLE KORN,5203019191,unknown,722330,TUCSON,AZ,official_business_licenses,,,,
standard,MRS PIGGY'S TUMMY YUMMIES,5412799895,unknown,722330,GREEN VALLEY,AZ,official_business_licenses,,,,
standard,BOUJEE POPS,8136241754,unknown,722330,MARANA,AZ,official_business_licenses,,,,
standard,BANHDICTED TRUCK LLC,5203898128,unknown,722330,TUCSON,AZ,official_business_licenses,,,,
standard,AILANY ICE CREAM,5203323369,unknown,722330,TUCSON,AZ,official_business_licenses,,,,
standard,ROCK'IN POP KETTLE CORN LLC,5205592294,unknown,722330,TUCSON,AZ,official_business_licenses,,,,
standard,EL MOVIMENTO ALTERADO #2,5203583416,unknown,722330,TUCSON,AZ,official_business_licenses,,,,
standard,JUST CHURROS,5206648554,unknown,722330,TUCSON,AZ,official_business_licenses,,,,
standard,MALTA JOE'S BAKED GOODS LLC,5208126563,unknown,722330,TUCSON,AZ,official_business_licenses,,,,
standard,DTD PRESENTS...GOOD EATS!,5203074961,unknown,722330,TUCSON,AZ,official_business_licenses,,,,
standard,ZEKES SOUTHWEST,5202842463,unknown,722330,TUCSON,AZ,official_business_licenses,,,,
standard,EL ANTOJO POBLANO,5202714124,unknown,722330,TUCSON,AZ,official_business_licenses,,,,
standard,KETTLE CORN TROLLEY,5202215852,unknown,722330,TUCSON,AZ,official_business_licenses,,,,
standard,SONORA JUICES,5208915739,unknown,722330,TUCSON,AZ,official_business_licenses,,,,
standard,MARIA'S KITCHEN,5203903420,unknown,722330,TUCSON,AZ,official_business_licenses,,,,
standard,LATE NIGHT TACOS,5206512649,unknown,722330,TUCSON,AZ,official_business_licenses,,,,
standard,TACOS DELICIA,5206039161,unknown,722330,TUCSON,AZ,official_business_licenses,,,,
standard,BURRITOS MARUQUITA,5203126670,unknown,722330,SAHUARITA,AZ,official_business_licenses,,,,
standard,MR. BULGOGI,7024618618,unknown,722330,TUCSON,AZ,official_business_licenses,,,,
standard,HIFALUTIN WESTERN GRILL,5202970518,unknown,722330,TUCSON,AZ,official_business_licenses,,,,
standard,CARINO COFFEE LLC,4803878171,unknown,722330,TUCSON,AZ,official_business_licenses,,,,
standard,EL GORDO GUERRERO,5206123876,unknown,722330,TUCSON,AZ,official_business_licenses,,,,
standard,CPS WINGS LLC,5202823383,unknown,722330,TUCSON,AZ,official_business_licenses,,,,
standard,ESSENTIAL COFFEE CART,5204818110,unknown,722330,TUCSON,AZ,official_business_licenses,,,,
standard,SARAH'S FRESH TOSSED PASTA BOWLS,5202685034,unknown,722330,TUCSON,AZ,official_business_licenses,,,,
standard,CEE'S KC STYLE BBQ & SOULFOOD,5204254331,unknown,722330,TUCSON,AZ,official_business_licenses,,,,
standard,GIGI'S MEXICAN PERUVIAN FUSION,5202229108,unknown,722330,VAIL,AZ,official_business_licenses,,,,
standard,SHOTZ DE SALUD LLC,5205486130,unknown,722330,TUCSON,AZ,official_business_licenses,,,,
standard,LAS CHUCHERIAS,5209791174,unknown,722330,TUCSON,AZ,official_business_licenses,,,,
standard,DONUT BLITZ,5126350738,unknown,722330,TUCSON,AZ,official_business_licenses,,,,
standard,RAYHANA LLC,5203141285,unknown,722330,TUCSON,AZ,official_business_licenses,,,,
standard,RO'S ROLLOUT AMERICAN COMFORT FOOD MORE,5202488543,unknown,722330,TUCSON,AZ,official_business_licenses,,,,
standard,AHMADS KS,5202706231,unknown,722330,TUCSON,AZ,official_business_licenses,,,,
standard,BALAY LLC,5209792024,unknown,722330,TUCSON,AZ,official_business_licenses,,,,
standard,AMELIA AND HUGO'S KITCHEN,5209822227,unknown,722330,TUCSON,AZ,official_business_licenses,,,,
standard,WET YOUR WHISTLE DRINKS LLC,5205912338,unknown,722330,TUCSON,AZ,official_business_licenses,,,,
standard,CHILI RELLENO MOBILE FOOD,5209409048,unknown,722330,TUCSON,AZ,official_business_licenses,,,,
standard,LA NINA ICE CREAM,5208918201,unknown,722330,TUCSON,AZ,official_business_licenses,,,,
standard,IRENE'S ICE CREAM AND CONES,5204293946,unknown,722330,TUCSON,AZ,official_business_licenses,,,,
standard,EL TACOSON 1,5205894394,unknown,722330,TUCSON,AZ,official_business_licenses,,,,
standard,BRACY MOBILE EATZ,5204905531,unknown,722330,TUCSON,AZ,official_business_licenses,,,,
standard,ROLLIN YETI'S LLC,5209095477,unknown,722330,TUCSON,AZ,official_business_licenses,,,,
standard,PARKIE SANDWICH,5154996792,unknown,722330,TUCSON,AZ,official_business_licenses,,,,
standard,TACOS Y ANTOJITOS SOL,5204121573,unknown,722330,TUCSON,AZ,official_business_licenses,,,,
standard,HOT BAMBOO LLC,5208788368,unknown,722330,CHANDLER,AZ,official_business_licenses,,,,
standard,DUCKY'S PINEAPPLE BANANA BREAD,6025102311,unknown,722330,GILBERT,AZ,official_business_licenses,,,,
standard,THE CONE CRUSADER,5204994203,unknown,722330,MARANA,AZ,official_business_licenses,,,,
standard,DRY HEAT TREATS,5207843681,unknown,722330,TUCSON,AZ,official_business_licenses,,,,
standard,HECTOR'S SOUTH OF THE BORDER MEXICAN FOOD,5202259549,unknown,722330,TUCSON,AZ,official_business_licenses,,,,
standard,EL RAYO SEAFOOD BOLL,5206311051,unknown,722330,TUCSON,AZ,official_business_licenses,,,,
standard,SUPER G'S MOBILE FOOD SERVICE,5204194916,unknown,722330,TUCSON,AZ,official_business_licenses,,,,
standard,THE KETTLE CORN CONNECTION,5204197834,unknown,722330,TUCSON,AZ,official_business_licenses,,,,
standard,BELICIOUS WAFFLES,5209551107,unknown,722330,TUCSON,AZ,official_business_licenses,,,,
standard,JUANITA'S,5203307733,unknown,722330,TUCSON,AZ,official_business_licenses,,,,
standard,N-FUZED,5206098378,unknown,722330,TUCSON,AZ,official_business_licenses,,,,
standard,SLEEPY SKELETON COFFEE,5205596554,unknown,722330,TUCSON,AZ,official_business_licenses,,,,
standard,MISS SAIGON ON CRAYCROFT,5205480184,unknown,722330,TUCSON,AZ,official_business_licenses,,,,
standard,SUGAR PLUM FROYO,6027263833,unknown,722330,BUCKEYE,AZ,official_business_licenses,,,,
standard,DESERT SKY HAMBURGERS & MORE LLC,7196412837,unknown,722330,BENSON,AZ,official_business_licenses,,,,
standard,GABE'S GRILL,3854453109,unknown,722330,GREEN VALLEY,AZ,official_business_licenses,,,,
standard,DAISY'S DONUTS LLC,5202735478,unknown,722330,TUCSON,AZ,official_business_licenses,,,,
standard,AMERICAN ASIAN,5203101808,unknown,722330,TUCSON,AZ,official_business_licenses,,,,
standard,CAFECITA ICE CREAM,5205658938,unknown,722330,TUCSON,AZ,official_business_licenses,,,,
standard,JM ICE CREAM,5203127779,unknown,722330,TUCSON,AZ,official_business_licenses,,,,
standard,FLINDETROI,4806007611,unknown,722330,TUCSON,AZ,official_business_licenses,,,,
standard,EL GOLDEN TACO,4804400998,unknown,722330,TUCSON,AZ,official_business_licenses,,,,
standard,BISON BURGER,8604553298,unknown,722330,TUCSON,AZ,official_business_licenses,,,,
standard,BRAIN FREEZE BROKERS LLC,6024715274,unknown,722330,TUCSON,AZ,official_business_licenses,,,,
standard,DASH OF DELICIOUS & KITCHEN GOODS,5202391529,unknown,722330,TUCSON,AZ,official_business_licenses,,,,
standard,STOMPIN GROUNDS,5209756038,unknown,722330,TUCSON,AZ,official_business_licenses,,,,
standard,NANDOS LEMONADE,5207801827,unknown,722330,TUCSON,AZ,official_business_licenses,,,,
standard,TUCSON KONA ICE,5203697900,unknown,722330,TUCSON,AZ,official_business_licenses,,,,
standard,PEDDLER ON THE PATH,5209792117,unknown,722330,TUCSON,AZ,official_business_licenses,,,,
standard,COWBOY CORN,5204712424,unknown,722330,TUCSON,AZ,official_business_licenses,,,,
standard,RAE'S BURGERS,5209753677,unknown,722330,TUCSON,AZ,official_business_licenses,,,,
standard,MEATBALL MADNESS LLC,5209750739,unknown,722330,TUCSON,AZ,official_business_licenses,,,,
standard,CHOP BOX CULINARY CONCEPTS,5206614508,unknown,722330,TUCSON,AZ,official_business_licenses,,,,
standard,THE TUCSON BARTENDER,5204745567,unknown,722330,TUCSON,AZ,official_business_licenses,,,,
standard,TRACY'S TUCSON CATERING,5205517143,unknown,722330,TUCSON,AZ,official_business_licenses,,,,
standard,BIG PAPA CONCESSIONS,6025270433,unknown,722330,MARICOPA,AZ,official_business_licenses,,,,
standard,JOHNNYS PHILIPPINE GRILL,5209042550,unknown,722330,SAHUARITA,AZ,official_business_licenses,,,,
standard,THE HOT DOG STAND AZ,5205518395,unknown,722330,MARANA,AZ,official_business_licenses,,,,
standard,CUPPA GOGO,5204375677,unknown,722330,TUCSON,AZ,official_business_licenses,,,,
standard,DUKE'S DELICIOUS PIZZA L.L.C.,3193506791,unknown,722330,TUCSON,AZ,official_business_licenses,,,,
standard,TACO TOTYS LLC,5204254727,unknown,722330,TUCSON,AZ,official_business_licenses,,,,
standard,LA FONDITA CHILENA,5203585555,unknown,722330,TUCSON,AZ,official_business_licenses,,,,
standard,BURRITOS MAX LLC,5208398425,unknown,722330,TUCSON,AZ,official_business_licenses,,,,
standard,NIGHTLINGERS CHUCK WAGON CATERING LLC,5206659602,unknown,722330,TUCSON,AZ,official_business_licenses,,,,
standard,RESERVATION SENSATION FRYBREAD,5202446694,unknown,722330,TUCSON,AZ,official_business_licenses,,,,
standard,MERHABA CAFE,5206357111,unknown,722330,TUCSON,AZ,official_business_licenses,,,,
standard,TUTULI HOTDOGS,5202454274,unknown,722330,TUCSON,AZ,official_business_licenses,,,,
standard,LA CHALUPA,5209652519,unknown,722330,TUCSON,AZ,official_business_licenses,,,,
standard,NONNAS SWEETS AND TREATS,9103644655,unknown,722330,TUCSON,AZ,official_business_licenses,,,,
standard,SENOR ROMERO LIMONADAS,5202419300,unknown,722330,TUCSON,AZ,official_business_licenses,,,,
standard,TAQUERIA PACENA,5204958257,unknown,722330,TUCSON,AZ,official_business_licenses,,,,
standard,ADIS AGUAS FRESCAS-RASPADOS AND MORE,5206611381,unknown,722330,TUCSON,AZ,official_business_licenses,,,,
standard,COTTON FAMILY BBQ LLC,5202518740,unknown,722330,SAHUARITA,AZ,official_business_licenses,,,,
standard,ATEASE COOKZ,5205356107,unknown,722330,TUCSON,AZ,official_business_licenses,,,,
standard,LOS LOCOS TACOS,5203906424,unknown,722330,TUCSON,AZ,official_business_licenses,,,,
standard,BIG DILL HOT DOGS,5204405086,unknown,722330,TUCSON,AZ,official_business_licenses,,,,
standard,LORNA'S MUNCHIES,5209409657,unknown,722330,TUCSON,AZ,official_business_licenses,,,,
standard,MITAZ FLAVORS & MORE LLC,5205579197,unknown,722330,TUCSON,AZ,official_business_licenses,,,,
standard,JFS DESERT GRILL,5203547417,unknown,722330,TUCSON,AZ,official_business_licenses,,,,
standard,LUCKY LEMONADE,5202491844,unknown,722330,TUCSON,AZ,official_business_licenses,,,,
standard,GYPSY SIPS,5203906180,unknown,722330,TUCSON,AZ,official_business_licenses,,,,
standard,MI XANTICO,5207195332,unknown,722330,VAIL,AZ,official_business_licenses,,,,
standard,LADY UMBRELLA LLC,5204715873,unknown,722330,TUCSON,AZ,official_business_licenses,,,,
standard,SWEET TOPIC,5203393486,unknown,722330,TUCSON,AZ,official_business_licenses,,,,
standard,J & M CATERING,5205997148,unknown,722330,TUCSON,AZ,official_business_licenses,,,,
standard,ROOTS KETTLECORN,5208691510,unknown,722330,TUCSON,AZ,official_business_licenses,,,,
standard,SAFOVA FOODS LLC,5209093882,unknown,722330,TUCSON,AZ,official_business_licenses,,,,
standard,NACHOS PICHO,5206322412,unknown,722330,TUCSON,AZ,official_business_licenses,,,,
standard,WING ADDICT LLC,5202306238,unknown,722330,PHOENIX,AZ,official_business_licenses,,,,
standard,CRAVE DRINKS LLC,5204193994,unknown,722330,ORO VALLEY,AZ,official_business_licenses,,,,
standard,CONFETTIS HOT DOGS,5203362907,unknown,722330,TUCSON,AZ,official_business_licenses,,,,
standard,DIVINE LEMONADES,5202589310,unknown,722330,TUCSON,AZ,official_business_licenses,,,,
standard,KOOL DAYZ ICE CREAM,5209714174,unknown,722330,TUCSON,AZ,official_business_licenses,,,,
standard,DESERT DOUGH COOKIES LLC,5204907080,unknown,722330,TUCSON,AZ,official_business_licenses,,,,
standard,ESPRESSOUL CAFE LLC,6027819420,unknown,722330,TUCSON,AZ,official_business_licenses,,,,
standard,CALL BURRITO 911,5202404643,unknown,722330,TUCSON,AZ,official_business_licenses,,,,
standard,PRETTY COFFEE,5206476804,unknown,722330,TUCSON,AZ,official_business_licenses,,,,
standard,OAXARICO,5207715955,unknown,722330,TUCSON,AZ,official_business_licenses,,,,
standard,WOW WOW HAWAIIAN LEMONADE,5203295351,unknown,722330,TUCSON,AZ,official_business_licenses,,,,
standard,WINSTON BROTHERS BBQ,5204251349,unknown,722330,VAIL,AZ,official_business_licenses,,,,
standard,KICKIN KETTLE CORN & PAPA'S PRETEZELS AND KITCHEN,5208508856,unknown,722330,TUCSON,AZ,official_business_licenses,,,,
standard,ONLYWINGS,5203698917,unknown,722330,TUCSON,AZ,official_business_licenses,,,,
standard,SNACKABEES,3609417373,unknown,722330,TUCSON,AZ,official_business_licenses,,,,
standard,TAKOYAKI BALLS,5204882580,unknown,722330,TUCSON,AZ,official_business_licenses,,,,
standard,AWESOME O'ODHAM FRYBREAD,5203044044,unknown,722330,TUCSON,AZ,official_business_licenses,,,,
standard,HEAVY KETTLE,5206065187,unknown,722330,TUCSON,AZ,official_business_licenses,,,,
standard,BELLA'S MEDITERRANEAN FOOD LLC,+15204444930,,722330,TUCSON,AZ,adapter:official_business_licenses,,,,
standard,BEANCHAIN COFFEE LLC,4802016965,unknown,"722330, 722513, 311920",Mesa,AZ,official_business_licenses,,,,
standard,Oly's,6512467436,unknown,7224 722410 722513 72251 7225,Mesa,AZ,official_business_licenses,,,,
standard,THE MONKEY BAR,5203984451,unknown,722400,TUCSON,AZ,official_business_licenses,,,,
standard,BAI THONG,5208815068,unknown,72241,TUCSON,AZ,official_business_licenses,,,,
standard,LA COCINA RESTAURANT,5206220351,unknown,722410,TUCSON,AZ,official_business_licenses,,,,
standard,BAMBOO VIEW,5204850988,unknown,722410,TUCSON,AZ,official_business_licenses,,,,
standard,WINGS OVER BROADWAY,5203238805,unknown,722410,TUCSON,AZ,official_business_licenses,,,,
standard,CHARIOT PIZZA & PUB,5206960807,unknown,722410,TUCSON,AZ,official_business_licenses,,,,
standard,BOJANGLES NIGHT CLUB,5204093247,unknown,722410,TUCSON,AZ,official_business_licenses,,,,
standard,JEFF'S PUB,5208861001,unknown,722410,TUCSON,AZ,official_business_licenses,,,,
standard,DAV #18,5203256101,unknown,722410,TUCSON,AZ,official_business_licenses,,,,
standard,BK CARNE ASADA & HOT DOGS,5202072295,unknown,722410,TUCSON,AZ,official_business_licenses,,,,
standard,MULLIGANS SPORTS GRILL,5207335661,unknown,722410,TUCSON,AZ,official_business_licenses,,,,
standard,DIRTBAG'S,5203262600,unknown,722410,TUCSON,AZ,official_business_licenses,,,,
standard,191 TOOLE,5207401000,unknown,722410,TUCSON,AZ,official_business_licenses,,,,
standard,KABABEQUE INDIAN GRILL,5203884500,unknown,722410,TUCSON,AZ,official_business_licenses,,,,
standard,SURLY WENCH PUB,5208820009,unknown,722410,TUCSON,AZ,official_business_licenses,,,,
standard,ROSA'S MEXICAN FOOD,5203250362,unknown,722410,TUCSON,AZ,official_business_licenses,,,,
standard,MUSIC BOX LOUNGE,5207471421,unknown,722410,TUCSON,AZ,official_business_licenses,,,,
standard,SKY BAR,5206224300,unknown,722410,TUCSON,AZ,official_business_licenses,,,,
standard,JS WING FACTORY,5207459464,unknown,722410,TUCSON,AZ,official_business_licenses,,,,
standard,LOUIE'S CANTINA,5204406498,unknown,722410,TUCSON,AZ,official_business_licenses,,,,
standard,LA PARRILLA SUIZA,5207474838,unknown,722410,TUCSON,AZ,official_business_licenses,,,,
standard,SADDLEHORN SALOON,5207229253,unknown,722410,TUCSON,AZ,official_business_licenses,,,,
standard,KOREA HOUSE RESTAURANT,5203254377,unknown,722410,TUCSON,AZ,official_business_licenses,,,,
standard,GENTLE BEN'S BREWING CO,5206244177,unknown,722410,TUCSON,AZ,official_business_licenses,,,,
standard,LEO'S MEXICAN RESTAURANT,5203259180,unknown,722410,TUCSON,AZ,official_business_licenses,,,,
standard,THE MINT,5208819169,unknown,722410,TUCSON,AZ,official_business_licenses,,,,
standard,FROG AND FIRKIN,5206237507,unknown,722410,TUCSON,AZ,official_business_licenses,,,,
standard,THE ROCK,5206299211,unknown,722410,TUCSON,AZ,official_business_licenses,,,,
standard,BREAKTHRU BEVERAGE ARIZONA,6027605500,unknown,722410,PHOENIX,AZ,official_business_licenses,,,,
standard,GASLIGHT THEATRE/LITTLE ANTHONY'S,5207224267,unknown,722410,TUCSON,AZ,official_business_licenses,,,,
standard,EL MOLINITO,5207479162,unknown,722410,TUCSON,AZ,official_business_licenses,,,,
standard,EL SUR RESTAURANT,5207481032,unknown,722410,TUCSON,AZ,official_business_licenses,,,,
standard,BAYMONT INN & SUITES,5202958800,unknown,722410,TUCSON,AZ,official_business_licenses,,,,
standard,BISTRO 44,5202982233,unknown,722410,TUCSON,AZ,official_business_licenses,,,,
standard,KON TIKI,5203237193,unknown,722410,TUCSON,AZ,official_business_licenses,,,,
standard,HIDEOUT,5207910515,unknown,722410,TUCSON,AZ,official_business_licenses,,,,
standard,FT LOWELL DEPOT,5207958110,unknown,722410,TUCSON,AZ,official_business_licenses,,,,
standard,SHOOTER'S STEAKHOUSE & SALOON,5203220779,unknown,722410,TUCSON,AZ,official_business_licenses,,,,
standard,ON THE ROCKS,5208497159,unknown,722410,TUCSON,AZ,official_business_licenses,,,,
standard,SALTY DAWG II,5209062272,unknown,722410,TUCSON,AZ,official_business_licenses,,,,
standard,ARIZONA BEER HOUSE,5202078077,unknown,722410,TUCSON,AZ,official_business_licenses,,,,
standard,CRAFT A MODERN DRINKERY,5203272394,unknown,722410,TUCSON,AZ,official_business_licenses,,,,
standard,THE SHELTER,5208502070,unknown,722410,TUCSON,AZ,official_business_licenses,,,,
standard,IGUANA CAFE,5208825140,unknown,722410,TUCSON,AZ,official_business_licenses,,,,
standard,K OF C COUNCIL #1200,5209752650,unknown,722410,TUCSON,AZ,official_business_licenses,,,,
standard,MIDTOWN TAVERN,5206969000,unknown,722410,TUCSON,AZ,official_business_licenses,,,,
standard,BRANDING IRON BAR,5128060597,unknown,722410,TUCSON,AZ,official_business_licenses,,,,
standard,CHICAGO BAR,5207488169,unknown,722410,TUCSON,AZ,official_business_licenses,,,,
standard,BUFFET BAR,5206236811,unknown,722410,TUCSON,AZ,official_business_licenses,,,,
standard,RAIDERS REEF,5206313179,unknown,722410,TUCSON,AZ,official_business_licenses,,,,
standard,JACKRABBIT LOUNGE,5203722032,unknown,722410,TUCSON,AZ,official_business_licenses,,,,
standard,CRUDA MARISCOS & OYSTER BAR,5207045991,unknown,722410,TUCSON,AZ,official_business_licenses,,,,
standard,CHARS THAI RESTAURANT,5207951715,unknown,722410,TUCSON,AZ,official_business_licenses,,,,
standard,EDDIE'S COCKTAILS,5202908750,unknown,722410,TUCSON,AZ,official_business_licenses,,,,
standard,BIANCHI'S ITALIAN,5208828500,unknown,722410,TUCSON,AZ,official_business_licenses,,,,
standard,MAMA'S PIZZA AND HEROS,5206495010,unknown,722410,ORO VALLEY,AZ,official_business_licenses,,,,
standard,CHARIOT ITALIAN BISTRO,5207508350,unknown,722410,TUCSON,AZ,official_business_licenses,,,,
standard,COW PONY,5207212781,unknown,722410,TUCSON,AZ,official_business_licenses,,,,
standard,TAKAMATSU JAPANESE & KOREAN RESTAURANT,5205120800,unknown,722410,TUCSON,AZ,official_business_licenses,,,,
standard,MEI MEI CHINESE RESTAURANT,5208827100,unknown,722410,TUCSON,AZ,official_business_licenses,,,,
standard,NOVEMBER BAR & GRILL (CABARET),5203449152,unknown,722410,TUCSON,AZ,official_business_licenses,,,,
standard,YAMATO JAPANESE RESTAURANT,5206243377,unknown,722410,TUCSON,AZ,official_business_licenses,,,,
standard,TORTILLERIA JALISCO & RESTAURANT,5207464030,unknown,722410,TUCSON,AZ,official_business_licenses,,,,
standard,CLICKS,5208877312,unknown,722410,TUCSON,AZ,official_business_licenses,,,,
standard,KNIGHTS OF COLUMBUS,5207475133,unknown,722410,TUCSON,AZ,official_business_licenses,,,,
standard,RUMRUNNER,5203260121,unknown,722410,TUCSON,AZ,official_business_licenses,,,,
standard,WOODEN NICKEL TAVERN,5203238830,unknown,722410,TUCSON,AZ,official_business_licenses,,,,
standard,LIQUOR BARREL SALOON,5208868118,unknown,722410,TUCSON,AZ,official_business_licenses,,,,
standard,LA PLACITA CAFE,5208811150,unknown,722410,TUCSON,AZ,official_business_licenses,,,,
standard,LA PARRILLA SUIZA #3,5206244300,unknown,722410,TUCSON,AZ,official_business_licenses,,,,
standard,SUSHI CHO,5206288800,unknown,722410,TUCSON,AZ,official_business_licenses,,,,
standard,HIGHWIRE LOUNGE,4804300655,unknown,722410,TUCSON,AZ,official_business_licenses,,,,
standard,LITTLE MEXICO RESTAURANT,5205732935,unknown,722410,TUCSON,AZ,official_business_licenses,,,,
standard,ARNETTE CREEK,5202400776,unknown,722410,TUCSON,AZ,official_business_licenses,,,,
standard,CI CHU'S MONGOLIAN BARBEQUE,5208814798,unknown,722410,TUCSON,AZ,official_business_licenses,,,,
standard,BROOKLYN PIZZA CO,5206626868,unknown,722410,TUCSON,AZ,official_business_licenses,,,,
standard,EL MERENDERO RESTAURANT,5202941522,unknown,722410,TUCSON,AZ,official_business_licenses,,,,
standard,HOLE N 1 GOLF PUB,5203010984,unknown,722410,TUCSON,AZ,official_business_licenses,,,,
standard,ZAYNA MEDITERRANEAN,5208814348,unknown,722410,TUCSON,AZ,official_business_licenses,,,,
standard,HUT ON FOURTH,5207709300,unknown,722410,TUCSON,AZ,official_business_licenses,,,,
standard,LE RENDEZ-VOUS,5203237373,unknown,722410,TUCSON,AZ,official_business_licenses,,,,
standard,MURPHYS PUBLIC HOUSE,5202075965,unknown,722410,TUCSON,AZ,official_business_licenses,,,,
standard,INDIA OVEN CUISINE OF INDIA,5203268635,unknown,722410,TUCSON,AZ,official_business_licenses,,,,
standard,LERUA'S FOODS,5206229534,unknown,722410,TUCSON,AZ,official_business_licenses,,,,
standard,PF CHANG'S CHINA BISTRO,5206158788,unknown,722410,SCOTTSDALE,AZ,official_business_licenses,,,,
standard,CURVES CABARET,5208847210,unknown,722410,TUCSON,AZ,official_business_licenses,,,,
standard,IBT'S,5208823053,unknown,722410,TUCSON,AZ,official_business_licenses,,,,
standard,BPOE #2532,5208868128,unknown,722410,TUCSON,AZ,official_business_licenses,,,,
standard,MAVERICK,5202980430,unknown,722410,TUCSON,AZ,official_business_licenses,,,,
standard,BEST WESTERN ROYAL SUN,5206228871,unknown,722410,TUCSON,AZ,official_business_licenses,,,,
standard,SMITH HUICHA,5206614176,unknown,722410,VAIL,AZ,official_business_licenses,,,,
standard,TAP & BOTTLE,5207436451,unknown,722410,TUCSON,AZ,official_business_licenses,,,,
standard,ROYAL ROOM,4803833243,unknown,722410,TUCSON,AZ,official_business_licenses,,,,
standard,GOLDEN NUGGET TAVERN,5206247510,unknown,722410,TUCSON,AZ,official_business_licenses,,,,
standard,EL CHINITO GORDO,5206091550,unknown,722410,TUCSON,AZ,official_business_licenses,,,,
standard,GNC NIGHT LIFE,5202456539,unknown,722410,TUCSON,AZ,official_business_licenses,,,,
standard,REVEL,5203292123,unknown,722410,TUCSON,AZ,official_business_licenses,,,,
standard,SIDECAR,5207951819,unknown,722410,TUCSON,AZ,official_business_licenses,,,,
standard,LOUIE'S PUB,5204717401,unknown,722410,TUCSON,AZ,official_business_licenses,,,,
standard,SILVER SADDLE STEAK HOUSE,5206226253,unknown,722410,TUCSON,AZ,official_business_licenses,,,,
standard,RENEE'S TUCSON,5208860484,unknown,722410,TUCSON,AZ,official_business_licenses,,,,
standard,Fat Willy's Family Sports Grill,4803734444,unknown,7225,Mesa,AZ,official_business_licenses,,,,
standard,intentional foods,4802647002,unknown,722500,Mesa,AZ,official_business_licenses,,,,
standard,Novel Ice Cream,(602) 579-9198,unknown,722500,Mesa,AZ,official_business_licenses,,,,
standard,Rosa's Mexican Grill,480-964-5451,unknown,722500,Mesa,AZ,official_business_licenses,,,,
standard,hot wok,4808338818,unknown,722500,Mesa,AZ,official_business_licenses,,,,
standard,Knuckle Sandwiches,4176304132,unknown,722500,Mesa,AZ,official_business_licenses,,,,
standard,SMASHBURGER 1800,3612183701,unknown,72251,TUCSON,AZ,official_business_licenses,,,,
standard,Wendy's #621,480-964-0861,unknown,72251,Mesa,AZ,official_business_licenses,,,,
standard,OVIA LOUNGE,4047291350,unknown,72251,TUCSON,AZ,official_business_licenses,,,,
standard,HA!BANERO MEXICAN FOOD,480 913-9984,unknown,72251,Mesa,AZ,official_business_licenses,,,,
standard,THE TUCSON COTTON CANDY LLC,2488905781,unknown,722510,VAIL,AZ,official_business_licenses,,,,
standard,MADALYN MARIE KOONTZ,5203320795,unknown,722510,TUCSON,AZ,official_business_licenses,,,,
standard,IHOP #1517,5207983371,unknown,722511,,AZ,,,,,
standard,ROCCO'S LITTLE CHICAGO,5203211770,unknown,722511,TUCSON,AZ,official_business_licenses,,,,
standard,BAG O' CRAB,6026538885,unknown,722511,PHOENIX,AZ,official_business_licenses,,,,
standard,MCDONALD'S #11424,5207477670,unknown,722511,TUCSON,AZ,official_business_licenses,,,,
standard,BAGGIN'S #5,5203271611,unknown,722511,TUCSON,AZ,official_business_licenses,,,,
standard,ASADA PATRON,5204757553,unknown,722511,TUCSON,AZ,official_business_licenses,,,,
standard,BREAKFAST STOP LLC,5203429573,unknown,722511,TUCSON,AZ,official_business_licenses,,,,
standard,BZ'S BISTRO,5202712227,unknown,722511,TUCSON,AZ,official_business_licenses,,,,
standard,CAPPY'S BREAKFAST CAFE LLC,5202456745,unknown,722511,TUCSON,AZ,official_business_licenses,,,,
standard,MAGPIES GOURMET PIZZA,5207519949,unknown,722511,TUCSON,AZ,official_business_licenses,,,,
standard,URSA,5208608448,unknown,722511,TUCSON,AZ,official_business_licenses,,,,
standard,STEAM STUDIO,5202709993,unknown,722511,TUCSON,AZ,official_business_licenses,,,,
standard,KOLB ROAD LOUNGE,5207906222,unknown,722511,TUCSON,AZ,official_business_licenses,,,,
standard,LAFFS COMEDY CAFFE,5203238669,unknown,722511,TUCSON,AZ,official_business_licenses,,,,
standard,SUBWAY 24256,5202971611,unknown,722511,TUCSON,AZ,official_business_licenses,,,,
standard,MARIA BONITA MEXICAN KITCHEN,5203265827,unknown,722511,TUCSON,AZ,official_business_licenses,,,,
standard,ONE STOP WILD DOGS,5202735084,unknown,722511,TUCSON,AZ,official_business_licenses,,,,
standard,WIENERSCHNITZEL #274,5204449788,unknown,722511,VAIL,AZ,official_business_licenses,,,,
standard,GUSTO OSTERIA,5207229487,unknown,722511,TUCSON,AZ,official_business_licenses,,,,
standard,TTT,5205740050,unknown,722511,TUCSON,AZ,official_business_licenses,,,,
standard,TURKISH KEBAB HOUSE,5202206004,unknown,722511,TUCSON,AZ,official_business_licenses,,,,
standard,MARIO'S PIZZA OF TUCSON,5206223668,unknown,722511,TUCSON,AZ,official_business_licenses,,,,
standard,JACK IN THE BOX #1174,5203987610,unknown,722511,GILBERT,AZ,official_business_licenses,,,,
standard,CHARQUITAS MEXICAN FOOD LLC,5204064786,unknown,722511,TUCSON,AZ,official_business_licenses,,,,
standard,BURGER KING,6022740665,unknown,722511,PHOENIX,AZ,official_business_licenses,,,,
standard,BURGER KING,6022775751,unknown,722511,PHOENIX,AZ,official_business_licenses,,,,
standard,IHOP #1530,5202933003,unknown,722511,PHOENIX,AZ,official_business_licenses,,,,
standard,BACIO ITALIANO,5209919266,unknown,722511,TUCSON,AZ,official_business_licenses,,,,
standard,EL POTISINO MEXICAN FOOD,5202926969,unknown,722511,TUCSON,AZ,official_business_licenses,,,,
standard,CHELA'S LATIN CUISINE,5209710544,unknown,722511,TUCSON,AZ,official_business_licenses,,,,
standard,MISS SAIGON DOWNTOWN,5208844778,unknown,722511,TUCSON,AZ,official_business_licenses,,,,
standard,BUMSTEDS,5203231010,unknown,722511,TUCSON,AZ,official_business_licenses,,,,
standard,NOOK AN URBAN KITCHEN,5206226665,unknown,722511,TUCSON,AZ,official_business_licenses,,,,
standard,PAT'S CREATIONS,5208772646,unknown,722511,TUCSON,AZ,official_business_licenses,,,,
standard,FLAPS AND RACKS,5202562732,unknown,722511,TUCSON,AZ,official_business_licenses,,,,
standard,THE NEIGHBORHOOD BAR AND GRILL,5202074004,unknown,722511,TUCSON,AZ,official_business_licenses,,,,
standard,CHURRASCO DE BRASIL,5202937991,unknown,722511,TUCSON,AZ,official_business_licenses,,,,
standard,JERRY BOB'S FAMILY RESTAURANT,5202985030,unknown,722511,TUCSON,AZ,official_business_licenses,,,,
standard,QUESADILLAS & MORE,5209908411,unknown,722511,TUCSON,AZ,official_business_licenses,,,,
standard,BOOSTER JUICE,5205778810,unknown,722511,TUCSON,AZ,official_business_licenses,,,,
standard,JUN DYNASTY CHINESE RESTAURANT,5208810778,unknown,722511,TUCSON,AZ,official_business_licenses,,,,
standard,THE ORIGINAL MR K'S BBQ,5207929484,unknown,722511,TUCSON,AZ,official_business_licenses,,,,
standard,CASA MOLINA,5207957593,unknown,722511,TUCSON,AZ,official_business_licenses,,,,
standard,BAJA CAFE OF TUCSON,5204954772,unknown,722511,TUCSON,AZ,official_business_licenses,,,,
standard,JOHN HENRYS,5202758483,unknown,722511,TUCSON,AZ,official_business_licenses,,,,
standard,TRIDENT,5207955755,unknown,722511,TUCSON,AZ,official_business_licenses,,,,
standard,PANERA BREAD,5205149470,unknown,722511,TEMPE,AZ,official_business_licenses,,,,
standard,PANERA BREAD,4806963079,unknown,722511,TEMPE,AZ,official_business_licenses,,,,
standard,EL CHARRO RESTAURANT,5205450871,unknown,722511,TUCSON,AZ,official_business_licenses,,,,
standard,ANELLO,4809937468,unknown,722511,TUCSON,AZ,official_business_licenses,,,,
standard,BAMBOO TERRACE RESTAURANT,5208892563,unknown,722511,TUCSON,AZ,official_business_licenses,,,,
standard,KINGFISHER BAR & GRILL,5203237739,unknown,722511,TUCSON,AZ,official_business_licenses,,,,
standard,DAIRY QUEEN 14,5202965259,unknown,722511,TUCSON,AZ,official_business_licenses,,,,
standard,LOVIN' SPOONFULS VEGAN RESTAURANT,5202717345,unknown,722511,TUCSON,AZ,official_business_licenses,,,,
standard,LUCKIES THAI-ASIAN CUISINE LLC,5206641011,unknown,722511,TUCSON,AZ,official_business_licenses,,,,
standard,KIN DEE THAI,5039986411,unknown,722511,TUCSON,AZ,official_business_licenses,,,,
standard,TUK TUK THAI,5207777888,unknown,722511,TUCSON,AZ,official_business_licenses,,,,
standard,TACO CENTRO,5207921556,unknown,722511,TUCSON,AZ,official_business_licenses,,,,
standard,ZONA 78,5202967878,unknown,722511,TUCSON,AZ,official_business_licenses,,,,
standard,NICO'S MEXICAN FOOD,5205120312,unknown,722511,TUCSON,AZ,official_business_licenses,,,,
standard,TANIA'S,5206220685,unknown,722511,TUCSON,AZ,official_business_licenses,,,,
standard,WINGS Y MAS,5204777647,unknown,722511,TUCSON,AZ,official_business_licenses,,,,
standard,KAHU HAWAIIAN BBQ,5135602470,unknown,722511,PHOENIX,AZ,official_business_licenses,,,,
standard,THE BUFFALO SPOT,5203984621,unknown,722511,QUEEN CREEK,AZ,official_business_licenses,,,,
standard,MCDONALD'S #21655,5208061003,unknown,722511,TUCSON,AZ,official_business_licenses,,,,
standard,A WEBOOO MEXICAN BAR AND GRILL,5204610589,unknown,722511,TUCSON,AZ,official_business_licenses,,,,
standard,FROZEN DELIGHT LLC,5208855405,unknown,722511,TUCSON,AZ,official_business_licenses,,,,
standard,GOLDEN DRAGON RESTAURANT,5205121922,unknown,722511,TUCSON,AZ,official_business_licenses,,,,
standard,PUBLIC TAPHOUSE,5202622448,unknown,722511,TUCSON,AZ,official_business_licenses,,,,
standard,SUNNY DAZE CAFE,5208503711,unknown,722511,TUCSON,AZ,official_business_licenses,,,,
standard,RUSTICO II,5203595847,unknown,722511,TUCSON,AZ,official_business_licenses,,,,
standard,ROBERT'S RESTAURANT,5208612448,unknown,722511,TUCSON,AZ,official_business_licenses,,,,
standard,LA PERLA DEL PACIFICO RESTAURANT,5207902888,unknown,722511,TUCSON,AZ,official_business_licenses,,,,
standard,GUADALAJARA ORIGINAL GRILL,5203231022,unknown,722511,TUCSON,AZ,official_business_licenses,,,,
standard,THE CUBAN CORNER BY TAPAS,5202459969,unknown,722511,TUCSON,AZ,official_business_licenses,,,,
standard,IHOP #3848,5208228044,unknown,722511,PHOENIX,AZ,official_business_licenses,,,,
standard,BIG BAD WOLF,5207802566,unknown,722511,MARANA,AZ,official_business_licenses,,,,
standard,EL MINUTO CAFE,5208824145,unknown,722511,MARANA,AZ,official_business_licenses,,,,
standard,BESTIA BOY,5202411999,unknown,722511,TUCSON,AZ,official_business_licenses,,,,
standard,OPAS BEST,5208380687,unknown,722511,TUCSON,AZ,official_business_licenses,,,,
standard,AZIAN,5207778311,unknown,722511,TUCSON,AZ,official_business_licenses,,,,
standard,JA RAMEN,5203330899,unknown,722511,TUCSON,AZ,official_business_licenses,,,,
standard,KATSU HOUSE,5203096339,unknown,722511,TUCSON,AZ,official_business_licenses,,,,
standard,PENCA,5202037681,unknown,722511,TUCSON,AZ,official_business_licenses,,,,
standard,EL CORONADO FAMILY RESTAURANT,5205747776,unknown,722511,TUCSON,AZ,official_business_licenses,,,,
standard,THE HUNGRY FOX,5203262835,unknown,722511,TUCSON,AZ,official_business_licenses,,,,
standard,SUSHI-KITO RESTAURANT,5204010289,unknown,722511,TUCSON,AZ,official_business_licenses,,,,
standard,PACO'S MEXICAN FOOD,5207335935,unknown,722511,TUCSON,AZ,official_business_licenses,,,,
standard,ELVIRA NEIGHBORHOOD ASSOCIATION,5208897103,unknown,722511,TUCSON,AZ,official_business_licenses,,,,
standard,MR HEAD'S,5204444735,unknown,722511,TUCSON,AZ,official_business_licenses,,,,
standard,TRIDENT PIZZA PUB,5202747068,unknown,722511,TUCSON,AZ,official_business_licenses,,,,
standard,THE DISTRICT RESTAURANT BAR,5208129971,unknown,722511,TUCSON,AZ,official_business_licenses,,,,
standard,JIMMY JOHN'S,5208840600,unknown,722511,MESA,AZ,official_business_licenses,,,,
standard,CAFE PASSE,5206244411,unknown,722511,TUCSON,AZ,official_business_licenses,,,,
standard,BISCUITS COUNTRY CAFE,5202902556,unknown,722511,TUCSON,AZ,official_business_licenses,,,,
standard,VILLA PERU MODERN PERUVIAN CUISINE,5209007310,unknown,722511,TUCSON,AZ,official_business_licenses,,,,
standard,GOLDEN HOUSE CHINESE FAST FOOD,5208860918,unknown,722511,TUCSON,AZ,official_business_licenses,,,,
standard,KAZOKU SUSHI & JAPANESE RESTAURANT,5207776249,unknown,722511,TUCSON,AZ,official_business_licenses,,,,
standard,SUSHI TO GO,5202960432,unknown,722511,TUCSON,AZ,official_business_licenses,,,,
standard,BUENDIA BREAKFAST & LUNCH CAFE,5207045458,unknown,722511,TUCSON,AZ,official_business_licenses,,,,
standard,RODOLFO'S TACO SHOP,5207411831,unknown,722511,TUCSON,AZ,official_business_licenses,,,,
standard,NEW ASIA CHINESE RESTAURANT,5206235033,unknown,722511,TUCSON,AZ,official_business_licenses,,,,
standard,CREATIVE CATERING CORPORATION,5206900146,unknown,722511,TUCSON,AZ,official_business_licenses,,,,
standard,HA LONG BAY RESTAURANT,5205711338,unknown,722511,TUCSON,AZ,official_business_licenses,,,,
standard,SEXY GRILLED CHEESE AND SALAD COMPANY,5203829255,unknown,722511,TUCSON,AZ,official_business_licenses,,,,
standard,GHINI'S CAFE,5203269095,unknown,722511,TUCSON,AZ,official_business_licenses,,,,
standard,THE SADDLE,5208495671,unknown,722511,TUCSON,AZ,official_business_licenses,,,,
standard,Z STREET,5204716624,unknown,722511,TUCSON,AZ,official_business_licenses,,,,
standard,UPPER CRUST PIZZA TUCSON,5208817000,unknown,722511,TUCSON,AZ,official_business_licenses,,,,
standard,IHOP #1515,5205469140,unknown,722511,PHOENIX,AZ,official_business_licenses,,,,
standard,AJUUA MEXICAN RESTAURANT,5203390498,unknown,722511,TUCSON,AZ,official_business_licenses,,,,
standard,CHICKENUEVO,5202943353,unknown,722511,TUCSON,AZ,official_business_licenses,,,,
standard,CHICKENUEVO,5208892224,unknown,722511,TUCSON,AZ,official_business_licenses,,,,
standard,PARADISE AGUAS FRESCAS,5209093292,unknown,722511,TUCSON,AZ,official_business_licenses,,,,
standard,LUCKY WISHBONE #1 INCORPORATED,5202947607,unknown,722511,TUCSON,AZ,official_business_licenses,,,,
standard,BAR BQ RANCH,5202040134,unknown,722511,TUCSON,AZ,official_business_licenses,,,,
standard,LE BUZZ PLAZA COFFEE CO,5208497774,unknown,722511,TUCSON,AZ,official_business_licenses,,,,
standard,SUSHI GARDEN,5203264700,unknown,722511,TUCSON,AZ,official_business_licenses,,,,
standard,SUSHI GARDEN,5208202369,unknown,722511,TUCSON,AZ,official_business_licenses,,,,
standard,MARGIES KITCHEN,5202323202,unknown,722511,TUCSON,AZ,official_business_licenses,,,,
standard,RANCH RODEO,5209882358,unknown,722511,TUCSON,AZ,official_business_licenses,,,,
standard,SERIAL GRILLERS,5209757187,unknown,722511,TUCSON,AZ,official_business_licenses,,,,
standard,KOTU KOREAN BBQ,5203728361,unknown,722511,TUCSON,AZ,official_business_licenses,,,,
standard,LOS BETOS WEST TUCSON LLC,5203096172,unknown,722511,TUCSON,AZ,official_business_licenses,,,,
standard,LA FRIDA MEXICAN GRILL & SEAFOOD,5202446957,unknown,722511,TUCSON,AZ,official_business_licenses,,,,
standard,LA BELLA CHINA RESTAURANT,5204342222,unknown,722511,TUCSON,AZ,official_business_licenses,,,,
standard,CHATIME HOUSE,5203323337,unknown,722511,TUCSON,AZ,official_business_licenses,,,,
standard,TOAST 101,5206648131,unknown,722511,TUCSON,AZ,official_business_licenses,,,,
standard,BARRO'S PIZZA,5202960616,unknown,722511,GILBERT,AZ,official_business_licenses,,,,
standard,ANCHOR BAR,5203291370,unknown,722511,TUCSON,AZ,official_business_licenses,,,,
standard,ATL WINGS,5205510593,unknown,722511,TUCSON,AZ,official_business_licenses,,,,
standard,KETTLE RESTAURANT,5202069318,unknown,722511,TUCSON,AZ,official_business_licenses,,,,
standard,BARRIO BREWING CO,5207912739,unknown,722511,TUCSON,AZ,official_business_licenses,,,,
standard,IOU SUSHI IV,5208873967,unknown,722511,TUCSON,AZ,official_business_licenses,,,,
standard,OLD PEKING RESTAURANT,5207959811,unknown,722511,TUCSON,AZ,official_business_licenses,,,,
standard,CASA ASADA TAQUERIA Y CERVECERIA,5207774465,unknown,722511,TUCSON,AZ,official_business_licenses,,,,
standard,THE HORSESHOE GRILL,5209824925,unknown,722511,TUCSON,AZ,official_business_licenses,,,,
standard,LUMBRE PIZZA A LA LENA,5202224739,unknown,722511,TUCSON,AZ,official_business_licenses,,,,
standard,MCDONALD'S,5209770454,unknown,722511,TUCSON,AZ,official_business_licenses,,,,
standard,DOUGHBIRD,5206050030,unknown,722511,PHOENIX,AZ,official_business_licenses,,,,
standard,ATL WINGS,5202071771,unknown,722511,MARANA,AZ,official_business_licenses,,,,
standard,BATCH CAFE & BAR,5202487428,unknown,722511,TUCSON,AZ,official_business_licenses,,,,
standard,MARISCOS CHIHUAHUA #8,5202943194,unknown,722511,TUCSON,AZ,official_business_licenses,,,,
standard,HOGIE HOUSE 22ND ST,5207957313,unknown,722511,TUCSON,AZ,official_business_licenses,,,,
standard,HOGIE HOUSE SPEEDWAY,5203250724,unknown,722511,TUCSON,AZ,official_business_licenses,,,,
standard,ROBEKS JUICE,5207312888,unknown,722511,TUCSON,AZ,official_business_licenses,,,,
standard,MARU JAPANESE NOODLE SHOP,5208380717,unknown,722511,TUCSON,AZ,official_business_licenses,,,,
standard,TRIDENT II,5203964455,unknown,722511,TUCSON,AZ,official_business_licenses,,,,
standard,TUMERICO MINI MART,5202702055,unknown,722511,TUCSON,AZ,official_business_licenses,,,,
standard,SILVER ROOM,5208495115,unknown,722511,TUCSON,AZ,official_business_licenses,,,,
standard,SKY DRAGON,5208380688,unknown,722511,TUCSON,AZ,official_business_licenses,,,,
standard,AJ ENTERPRISES,4808988924,unknown,722511,MESA,AZ,official_business_licenses,,,,
standard,DAIRY QUEEN #11,5202964281,unknown,722511,TUCSON,AZ,official_business_licenses,,,,
standard,SEIS KITCHEN,5202606582,unknown,722511,TUCSON,AZ,official_business_licenses,,,,
standard,SEIS KITCHEN,5202606581,unknown,722511,TUCSON,AZ,official_business_licenses,,,,
standard,ANGRY CRAB SHACK & BBQ,6024030439,unknown,722511,TUCSON,AZ,official_business_licenses,,,,
standard,GOLDEN CORRAL,5205120088,unknown,722511,TUCSON,AZ,official_business_licenses,,,,
standard,MAMA'S FAMOUS PIZZA & HEROS,5203198856,unknown,722511,TUCSON,AZ,official_business_licenses,,,,
standard,THE OINK CAFE BREAKFAST LUNCH BACON,5202960231,unknown,722511,TUCSON,AZ,official_business_licenses,,,,
standard,NEW DELHI PALACE CUISINE OF INDIA,5202968585,unknown,722511,TUCSON,AZ,official_business_licenses,,,,
standard,LOS NOPALES RESTAURANT EAST,5202447622,unknown,722511,TUCSON,AZ,official_business_licenses,,,,
standard,DAO'S TAI PAN'S RESTAURANT,5208882200,unknown,722511,TUCSON,AZ,official_business_licenses,,,,
standard,DAO'S TAI PAN'S RESTAURANT,5207220055,unknown,722511,TUCSON,AZ,official_business_licenses,,,,
standard,THE CORK TUCSON,5202961631,unknown,722511,TUCSON,AZ,official_business_licenses,,,,
standard,LAVERNA'S COFFEE SHOP,5206231389,unknown,722511,TUCSON,AZ,official_business_licenses,,,,
standard,STREET TACO AND BEER,5204330809,unknown,722511,TUCSON,AZ,official_business_licenses,,,,
standard,STREET TACO AND BEER,5206644144,unknown,722511,TUCSON,AZ,official_business_licenses,,,,
standard,STREET TACO AND BEER,5204005225,unknown,722511,TUCSON,AZ,official_business_licenses,,,,
standard,NATIVE GRILL & WINGS,6023690377,unknown,722511,LITCHFIELD PARK,AZ,official_business_licenses,,,,
standard,NATIVE GRILL & WINGS,5208228394,unknown,722511,LITCHFIELD PARK,AZ,official_business_licenses,,,,
standard,PAPA JOHNS PIZZA,5095080255,unknown,722511,LITCHFIELD PARK,AZ,official_business_licenses,,,,
standard,JERRY BOB'S FAMILY RESTAURANT,5207218888,unknown,722511,TUCSON,AZ,official_business_licenses,,,,
standard,BIRRIERIA GUADALAJARA,5206248020,unknown,722511,TUCSON,AZ,official_business_licenses,,,,
standard,MAYNARDS MARKET & KITCHEN,5205450577,unknown,722511,TUCSON,AZ,official_business_licenses,,,,
standard,BROTHER JOHN'S BEER BOURBON & BBQ,5208676787,unknown,722511,TUCSON,AZ,official_business_licenses,,,,
standard,MONKEY BURGER,5205149797,unknown,722511,TUCSON,AZ,official_business_licenses,,,,
standard,DRY RIVER COMPANY,5202895555,unknown,722511,TUCSON,AZ,official_business_licenses,,,,
standard,JERRY BOBS FAMILY RESTAURANT,5203600074,unknown,722511,TUCSON,AZ,official_business_licenses,,,,
standard,EHOTPOT,5209998839,unknown,722511,TUCSON,AZ,official_business_licenses,,,,
standard,FIRST WE EAT CATERING,5204374235,unknown,722511,TUCSON,AZ,official_business_licenses,,,,
standard,BLUE WILLOW RESTAURANT,5203277577,unknown,722511,TUCSON,AZ,official_business_licenses,,,,
standard,THE RANCH BAR & GRILL,5053405212,unknown,722511,TUCSON,AZ,official_business_licenses,,,,
standard,PAT'S DRIVE IN,5206240891,unknown,722511,TUCSON,AZ,official_business_licenses,,,,
standard,POLLO FELIZ # 3,5203189155,unknown,722511,TUCSON,AZ,official_business_licenses,,,,
standard,DOLCE VITA,5202983700,unknown,722511,TUCSON,AZ,official_business_licenses,,,,
standard,BRUEGGER'S BAGEL BAKERY,5208850123,unknown,722511,TUCSON,AZ,official_business_licenses,,,,
standard,BRUEGGER'S BAGEL BAKERY,5202045050,unknown,722511,TUCSON,AZ,official_business_licenses,,,,
standard,BRUEGGER'S BAGEL BAKERY,5203254567,unknown,722511,TUCSON,AZ,official_business_licenses,,,,
standard,TOOLEYS CAFE,5203722190,unknown,722511,TUCSON,AZ,official_business_licenses,,,,
standard,THE POLISH COTTAGE,5206648800,unknown,722511,TUCSON,AZ,official_business_licenses,,,,
standard,PREP & PASTRY,5203267737,unknown,722511,TUCSON,AZ,official_business_licenses,,,,
standard,PREP & PASTRY,5208380809,unknown,722511,TUCSON,AZ,official_business_licenses,,,,
standard,ZINBURGER,4809056920,unknown,722511,PHOENIX,AZ,official_business_licenses,,,,
standard,POSTINO GRANT,5203420098,unknown,722511,PHOENIX,AZ,official_business_licenses,,,,
standard,DENNY'S #7249,5202951955,unknown,722511,PHOENIX,AZ,official_business_licenses,,,,
standard,HAWAIIAN BROS ISLAND GRILL,5203914341,unknown,722511,PHOENIX,AZ,official_business_licenses,,,,
standard,CAFE DESTA,5203707000,unknown,722511,TUCSON,AZ,official_business_licenses,,,,
standard,CASA MADRE RESTAURANT,5209750129,unknown,722511,TUCSON,AZ,official_business_licenses,,,,
standard,ALEXANDRIA'S PEARL,5203727757,unknown,722511,TUCSON,AZ,official_business_licenses,,,,
standard,DONUT WHEEL,5202945559,unknown,722511,TUCSON,AZ,official_business_licenses,,,,
standard,DANTE'S FIRE,7034316987,unknown,722511,TUCSON,AZ,official_business_licenses,,,,
standard,CATALINA INTERNATIONAL CATERERS,5207458100,unknown,722511,TUCSON,AZ,official_business_licenses,,,,
standard,TOSS FRIED CHICKEN AND RAMEN II,5205262100,unknown,722511,TUCSON,AZ,official_business_licenses,,,,
standard,LA HERRADURA MEXICAN GRILL,5203608465,unknown,722511,TUCSON,AZ,official_business_licenses,,,,
standard,MAMA'S FAMOUS PIZZA & HEROS,5207514600,unknown,722511,TUCSON,AZ,official_business_licenses,,,,
standard,CANYONS CROWN RESTAURANT & PUB,5208858277,unknown,722511,TUCSON,AZ,official_business_licenses,,,,
standard,GALLERY OF FOOD,5208845033,unknown,722511,TUCSON,AZ,official_business_licenses,,,,
standard,WELCOME DINER,2018415153,unknown,722511,PHOENIX,AZ,official_business_licenses,,,,
standard,BAGGINS GOURMET SANDWICHES,5205854585,unknown,722511,TUCSON,AZ,official_business_licenses,,,,
standard,BAGGINS GOURMET SANDWICHES,5203053922,unknown,722511,TUCSON,AZ,official_business_licenses,,,,
standard,DEL CIELO TAMALES LLC,5208617029,unknown,722511,TUCSON,AZ,official_business_licenses,,,,
standard,CALLE TEPA MEXICAN STREET GRILL,5203607771,unknown,722511,TUCSON,AZ,official_business_licenses,,,,
standard,BBQ 4U,5207491492,unknown,722511,TUCSON,AZ,official_business_licenses,,,,
standard,EEGEE'S,5207460960,unknown,722511,TUCSON,AZ,official_business_licenses,,,,
standard,IZUMI,5203272778,unknown,722511,TUCSON,AZ,official_business_licenses,,,,
standard,O SUSHI,5203256552,unknown,722511,TUCSON,AZ,official_business_licenses,,,,
standard,YOLY'S LITTLE MEXICO RESTAURANT,5208340160,unknown,722511,TUCSON,AZ,official_business_licenses,,,,
standard,LUCKY WISHBONE #5 INCORPORATED,5208879160,unknown,722511,TUCSON,AZ,official_business_licenses,,,,
standard,SA-ING THAI CUISINE,5206635955,unknown,722511,TUCSON,AZ,official_business_licenses,,,,
standard,THE CAFE @ THE J,5202993000,unknown,722511,TUCSON,AZ,official_business_licenses,,,,
standard,POCO & MOMS II,5203340179,unknown,722511,TUCSON,AZ,official_business_licenses,,,,
standard,TRUCK TO TABLE,2088916090,unknown,722511,TUCSON,AZ,official_business_licenses,,,,
standard,AMIGOS BURGERS & BEER,5203986598,unknown,722511,TUCSON,AZ,official_business_licenses,,,,
standard,MCDONALD'S #13132,5205731948,unknown,722511,TUCSON,AZ,official_business_licenses,,,,
standard,ALICE'S RESTAURANT,5203253151,unknown,722511,TUCSON,AZ,official_business_licenses,,,,
standard,BAGGIN'S,5203274342,unknown,722511,TUCSON,AZ,official_business_licenses,,,,
standard,BAGGIN'S,5207921344,unknown,722511,TUCSON,AZ,official_business_licenses,,,,
standard,BAGGIN'S,5209175070,unknown,722511,TUCSON,AZ,official_business_licenses,,,,
standard,BAMBOO NOODLE HOUSE,5208228776,unknown,722511,TUCSON,AZ,official_business_licenses,,,,
standard,EL TARASCO,5204759149,unknown,722511,TUCSON,AZ,official_business_licenses,,,,
standard,LIN'S GRAND BUFFET,5206238891,unknown,722511,TUCSON,AZ,official_business_licenses,,,,
standard,AGAVE HOUSE,5202769335,unknown,722511,TUCSON,AZ,official_business_licenses,,,,
standard,HAPPY ROOSTER CAFE,5202981752,unknown,722511,TUCSON,AZ,official_business_licenses,,,,
standard,HOPS SPORTS GRILL,5202052263,unknown,722511,TUCSON,AZ,official_business_licenses,,,,
standard,DAISY MAE'S STEAKHOUSE,5207928888,unknown,722511,TUCSON,AZ,official_business_licenses,,,,
standard,NEW CHINA SUPER BUFFET,5208863788,unknown,722511,TUCSON,AZ,official_business_licenses,,,,
standard,LINDY'S ON 4TH,5202076970,unknown,722511,TUCSON,AZ,official_business_licenses,,,,
standard,ST MARY'S MEXICAN FOOD,5208841629,unknown,722511,TUCSON,AZ,official_business_licenses,,,,
standard,SANTORINI GREEK CAFE,5203286021,unknown,722511,TUCSON,AZ,official_business_licenses,,,,
standard,BISBEE BREAKFAST CLUB,5202079999,unknown,722511,TUCSON,AZ,official_business_licenses,,,,
standard,BISBEE BREAKFAST CLUB,5203270029,unknown,722511,TUCSON,AZ,official_business_licenses,,,,
standard,LUCKY WISHBONE #3 INCORPORATED,5203239329,unknown,722511,TUCSON,AZ,official_business_licenses,,,,
standard,MARU PLUS,5203201574,unknown,722511,TUCSON,AZ,official_business_licenses,,,,
standard,CHEF WANG,5203675375,unknown,722511,PHOENIX,AZ,official_business_licenses,,,,
standard,IHOP #3603,5208075795,unknown,722511,PHOENIX,AZ,official_business_licenses,,,,
standard,FEAST,5203269363,unknown,722511,TUCSON,AZ,official_business_licenses,,,,
standard,PERCHE NO ITALIAN BISTRO,5208380422,unknown,722511,TUCSON,AZ,official_business_licenses,,,,
standard,SALSA VERDE RESTAURANT,5204609369,unknown,722511,TUCSON,AZ,official_business_licenses,,,,
standard,SALSA VERDE RESTAURANT,5207718607,unknown,722511,TUCSON,AZ,official_business_licenses,,,,
standard,KING'S RESTAURANT,5208297214,unknown,722511,TUCSON,AZ,official_business_licenses,,,,
standard,PHILLY'S FINEST,5207903935,unknown,722511,TUCSON,AZ,official_business_licenses,,,,
standard,NEX TUCSON,6029187149,unknown,722511,TUCSON,AZ,official_business_licenses,,,,
standard,MR ATAB'S CAFE,5203900349,unknown,722511,TUCSON,AZ,official_business_licenses,,,,
standard,TACOS APSON,5208087294,unknown,722511,TUCSON,AZ,official_business_licenses,,,,
standard,WHOLE SLICE PIZZA,5203341245,unknown,722511,TUCSON,AZ,official_business_licenses,,,,
standard,QUESOS ON 4TH LLC,5204057062,unknown,722511,TUCSON,AZ,official_business_licenses,,,,
standard,TROCADERO CAFE,5203047616,unknown,722511,TUCSON,AZ,official_business_licenses,,,,
standard,NH TWO LLC,5202008690,unknown,722511,TUCSON,AZ,official_business_licenses,,,,
standard,EZBACHI,4803755114,unknown,722511,PHOENIX,AZ,official_business_licenses,,,,
standard,ACAI BRASIL,5207800419,unknown,722511,TUCSON,AZ,official_business_licenses,,,,
standard,CORA'S CAFE,5202942146,unknown,722511,TUCSON,AZ,official_business_licenses,,,,
standard,REILLY CRAFT PIZZA & DRINK,5208825550,unknown,722511,TUCSON,AZ,official_business_licenses,,,,
standard,CASA VALENCIA,5209408400,unknown,722511,TUCSON,AZ,official_business_licenses,,,,
standard,JANET AND RAYS,5203727500,unknown,722511,TUCSON,AZ,official_business_licenses,,,,
standard,NYPD NEW YORK PIZZA DEPARTMENT,5202077667,unknown,722511,TUCSON,AZ,official_business_licenses,,,,
standard,QUEEN SHEBA,5207832828,unknown,722511,TUCSON,AZ,official_business_licenses,,,,
standard,TACOMEX,5206229979,unknown,722511,TUCSON,AZ,official_business_licenses,,,,
standard,MC GRAWS CANTINA,5208853088,unknown,722511,TUCSON,AZ,official_business_licenses,,,,
standard,REDS TACOS & MORE,5202797833,unknown,722511,TUCSON,AZ,official_business_licenses,,,,
standard,FUKU SUSHI AND TEPPAN,5207983858,unknown,722511,TUCSON,AZ,official_business_licenses,,,,
standard,NO ANCHOVIES,5206233333,unknown,722511,TUCSON,AZ,official_business_licenses,,,,
standard,IHOP #1514,5203233144,unknown,722511,PHOENIX,AZ,official_business_licenses,,,,
standard,HUB,5202078201,unknown,722511,TUCSON,AZ,official_business_licenses,,,,
standard,COPAL,5209102188,unknown,722511,TUCSON,AZ,official_business_licenses,,,,
standard,CULINARY DESIGN CATERING LLC,5208913663,unknown,722511,TUCSON,AZ,official_business_licenses,,,,
standard,FAMOUS SAM'S 18,5202961245,unknown,722511,TUCSON,AZ,official_business_licenses,,,,
standard,FRANK'S RESTAURANT,5208812710,unknown,722511,TUCSON,AZ,official_business_licenses,,,,
standard,SCORDATO'S PIZZERIA,5205292700,unknown,722511,TUCSON,AZ,official_business_licenses,,,,
standard,HANA TOKYO,5208072212,unknown,722511,TUCSON,AZ,official_business_licenses,,,,
standard,AGUSTIN KITCHEN,5203985382,unknown,722511,TUCSON,AZ,official_business_licenses,,,,
standard,MARGARITA BAY,5202908977,unknown,722511,TUCSON,AZ,official_business_licenses,,,,
standard,HAPPY WOK,5206633888,unknown,722511,TUCSON,AZ,official_business_licenses,,,,
standard,POLISH COTTAGE,5207775407,unknown,722511,TUCSON,AZ,official_business_licenses,,,,
standard,PENELOPE WOOD FIRED PIZZA,4802361985,unknown,722511,TUCSON,AZ,official_business_licenses,,,,
standard,PHO NGAN,5203475413,unknown,722511,TUCSON,AZ,official_business_licenses,,,,
standard,JASON'S MEXICAN RESTAURANT,5203006585,unknown,722511,TUCSON,AZ,official_business_licenses,,,,
standard,RANCHO RUSTICO FAMILY MEXICAN RESTAURANT,5205742294,unknown,722511,TUCSON,AZ,official_business_licenses,,,,
standard,PHO CAN THO 1 LLC,5208496317,unknown,722511,TUCSON,AZ,official_business_licenses,,,,
standard,SHISH KEBAB HOUSE,5207455308,unknown,722511,TUCSON,AZ,official_business_licenses,,,,
standard,SELENAS SALVADORIAN FOOD,5203470297,unknown,722511,TUCSON,AZ,official_business_licenses,,,,
standard,TAQUERIA EL PUEBLITO,5203399336,unknown,722511,TUCSON,AZ,official_business_licenses,,,,
standard,OREGANOS PIZZA BISTRO,5203520160,unknown,722511,SCOTTSDALE,AZ,official_business_licenses,,,,
standard,OREGANOS PIZZA BISTRO,5203278955,unknown,722511,SCOTTSDALE,AZ,official_business_licenses,,,,
standard,AZADERO Y TAQUERIA SONORA,5208076200,unknown,722511,TUCSON,AZ,official_business_licenses,,,,
standard,EL GUERO CANELO,5208079820,unknown,722511,TUCSON,AZ,official_business_licenses,,,,
standard,BORDERLANDS BREWING CO,5202226061,unknown,722511,TUCSON,AZ,official_business_licenses,,,,
standard,BOBO'S RESTAURANT,5203266163,unknown,722511,TUCSON,AZ,official_business_licenses,,,,
standard,DIVINE BOVINE,5208503668,unknown,722511,TUCSON,AZ,official_business_licenses,,,,
standard,DUNKIN DONUTS,5204954805,unknown,722511,TUCSON,AZ,official_business_licenses,,,,
standard,DUNKIN DONUTS,8562202720,unknown,722511,TUCSON,AZ,official_business_licenses,,,,
standard,DUNKIN DONUTS,5207905892,unknown,722511,TUCSON,AZ,official_business_licenses,,,,
standard,DUNKIN DONUTS,5202074760,unknown,722511,TUCSON,AZ,official_business_licenses,,,,
standard,TAQUERIA DON PORFIS,5208824724,unknown,722511,TUCSON,AZ,official_business_licenses,,,,
standard,THE MONICA,5206451922,unknown,722511,TUCSON,AZ,official_business_licenses,,,,
standard,FILIBERTOS,6025456434,unknown,722511,TUCSON,AZ,official_business_licenses,,,,
standard,JERRY BOB'S,5207719463,unknown,722511,TUCSON,AZ,official_business_licenses,,,,
standard,PORTILLO CARNE ASADA,5207336149,unknown,722511,TUCSON,AZ,official_business_licenses,,,,
standard,JOE'S PANCAKE HOUSE,5207477536,unknown,722511,TUCSON,AZ,official_business_licenses,,,,
standard,GARDENS AT BEAR CANYON,5202560308,unknown,722511,TUCSON,AZ,official_business_licenses,,,,
standard,TANDEM AMERICAN EATERY,5205262501,unknown,722511,TUCSON,AZ,official_business_licenses,,,,
standard,WEI ASIAN CAFE,5207221119,unknown,722511,TUCSON,AZ,official_business_licenses,,,,
standard,GUADALAJARA FIESTA GRILL,5202961122,unknown,722511,TUCSON,AZ,official_business_licenses,,,,
standard,LOCALE,5202717764,unknown,722511,TUCSON,AZ,official_business_licenses,,,,
standard,PRIMOS MEXICAN FOOD,5204997148,unknown,722511,TUCSON,AZ,official_business_licenses,,,,
standard,TITO AND PEP,5202070116,unknown,722511,TUCSON,AZ,official_business_licenses,,,,
standard,SWEET ROYALTY GRILL,5204015741,unknown,722511,TUCSON,AZ,official_business_licenses,,,,
standard,JA RAMEN & CURRY RESTAURANT,5208009569,unknown,722511,TUCSON,AZ,official_business_licenses,,,,
standard,MCDONALD'S,5205770746,unknown,722511,TUCSON,AZ,official_business_licenses,,,,
standard,NATTHA'S BANN THAI ASIAN,5207509614,unknown,722511,TUCSON,AZ,official_business_licenses,,,,
standard,OBON SUSHI BAR RAMEN,5204401007,unknown,722511,TUCSON,AZ,official_business_licenses,,,,
standard,ORIENTAL EXPRESS,5206245798,unknown,722511,TUCSON,AZ,official_business_licenses,,,,
standard,ISTANBUL MEDITERRANEAN CUISINE & BAR,5203707593,unknown,722511,TUCSON,AZ,official_business_licenses,,,,
standard,CHICK-FIL-A,5207412280,unknown,722511,TUCSON,AZ,official_business_licenses,,,,
standard,ELLIOTT'S ON CONGRESS,5206225500,unknown,722511,TUCSON,AZ,official_business_licenses,,,,
standard,CHE CAFE USA,5204799666,unknown,722511,TUCSON,AZ,official_business_licenses,,,,
standard,CORONADO'S MEXICAN FOOD,5203006162,unknown,722511,TUCSON,AZ,official_business_licenses,,,,
standard,DA KROWN WEST AFRICAN & JAMAICAN KITCHEN,5203437497,unknown,722511,TUCSON,AZ,official_business_licenses,,,,
standard,GRAZE ON BROADWAY,5203472159,unknown,722511,TUCSON,AZ,official_business_licenses,,,,
standard,JERRY BOB'S RESTAURANT,5208060690,unknown,722511,TUCSON,AZ,official_business_licenses,,,,
standard,JETHRO'S CAFE,5207221958,unknown,722511,TUCSON,AZ,official_business_licenses,,,,
standard,CAFFE LUCE,5203950266,unknown,722511,TUCSON,AZ,official_business_licenses,,,,
standard,JEWEL'S NOODLE KITCHEN,5207718202,unknown,722511,TUCSON,AZ,official_business_licenses,,,,
standard,JAKES DONUTS & TREAT TROLLEY,5208207298,unknown,722511,TUCSON,AZ,official_business_licenses,,,,
standard,GUILIN RESTAURANT,5203207768,unknown,722511,TUCSON,AZ,official_business_licenses,,,,
standard,PIEZANOS PIZZARIA,5203253446,unknown,722511,TUCSON,AZ,official_business_licenses,,,,
standard,MANDARIN GRILL RESTAURANT,5208828028,unknown,722511,TUCSON,AZ,official_business_licenses,,,,
standard,ECLECTIC CAFE,5208852842,unknown,722511,TUCSON,AZ,official_business_licenses,,,,
standard,CARTEL COFFEE LAB,4802016218,unknown,722511,TEMPE,AZ,official_business_licenses,,,,
standard,CARTEL COFFEE LAB,5209073117,unknown,722511,TEMPE,AZ,official_business_licenses,,,,
standard,LOS MOLINITOS,5208850055,unknown,722511,TUCSON,AZ,official_business_licenses,,,,
standard,PHO 1 VIETNAMESE RESTAURANT,5206701705,unknown,722511,TUCSON,AZ,official_business_licenses,,,,
standard,TESORO LATIN KITCHEN AND CANTINA,5203338522,unknown,722511,TUCSON,AZ,official_business_licenses,,,,
standard,TOMMY'S SALOON,5202409602,unknown,722511,TUCSON,AZ,official_business_licenses,,,,
standard,MISS SAIGON RESTAURANT,5203209511,unknown,722511,TUCSON,AZ,official_business_licenses,,,,
standard,COOK'S KETTLE CORN,5209542471,unknown,722511,TUCSON,AZ,official_business_licenses,,,,
standard,ASPASIA RESTAURANT,5202050190,unknown,722511,TUCSON,AZ,official_business_licenses,,,,
standard,LOS COMPAS TACOS Y CARNITAS,5208292967,unknown,722511,TUCSON,AZ,official_business_licenses,,,,
standard,PANDA ONE CHINESE RESTAURANT,5208889101,unknown,722511,TUCSON,AZ,official_business_licenses,,,,
standard,RESTAURANT EL QUINO,5207774441,unknown,722511,TUCSON,AZ,official_business_licenses,,,,
standard,FOOD ST KITCHEN,5202935168,unknown,722511,TUCSON,AZ,official_business_licenses,,,,
standard,DAIRY QUEEN #8,5207900769,unknown,722511,TUCSON,AZ,official_business_licenses,,,,
standard,BREAD AND BUTTER CAFE,5203270004,unknown,722511,TUCSON,AZ,official_business_licenses,,,,
standard,LIBBY'S EGG CONNECTION,5208811009,unknown,722511,TUCSON,AZ,official_business_licenses,,,,
standard,LOS BETO'S MEXICAN FOOD,5203184787,unknown,722511,TUCSON,AZ,official_business_licenses,,,,
standard,CHATTERBOX,5207907341,unknown,722511,TUCSON,AZ,official_business_licenses,,,,
standard,JERRY BOBS FAMILY RESTAURANT,5205749060,unknown,722511,TUCSON,AZ,official_business_licenses,,,,
standard,NOODLEHOLICS,5203054262,unknown,722511,TUCSON,AZ,official_business_licenses,,,,
standard,LUKE'S ITALIAN BEEF,5207478399,unknown,722511,TUCSON,AZ,official_business_licenses,,,,
standard,POLLO FELIZ #4,5208885357,unknown,722511,TUCSON,AZ,official_business_licenses,,,,
standard,KING CHURROS,6232777677,unknown,722511,TUCSON,AZ,official_business_licenses,,,,
standard,KARUNA'S THAI PLATE,5204250765,unknown,722511,TUCSON,AZ,official_business_licenses,,,,
standard,KARUNA'S THAI PLATE,5203254129,unknown,722511,TUCSON,AZ,official_business_licenses,,,,
standard,COBRA ARCADE,5209551556,unknown,722511,PHOENIX,AZ,official_business_licenses,,,,
standard,DENNYS,5202946131,unknown,722511,PHOENIX,AZ,official_business_licenses,,,,
standard,CORONET,5207800326,unknown,722511,TUCSON,AZ,official_business_licenses,,,,
standard,KG'S WESTSIDE CAFE,5203889241,unknown,722511,TUCSON,AZ,official_business_licenses,,,,
standard,TAQUERIA LA ESQUINA,5203735207,unknown,722511,TUCSON,AZ,official_business_licenses,,,,
standard,RUDY'S COUNTRY STORE & BAR-B-Q,5209087397,unknown,722511,TUCSON,AZ,official_business_licenses,,,,
standard,SCREWBEAN BREWING CO,5202032445,unknown,722511,TUCSON,AZ,official_business_licenses,,,,
standard,TAQUERIA 2 HERMANOS,5205942294,unknown,722511,TUCSON,AZ,official_business_licenses,,,,
standard,LOS BETOS,5203562732,unknown,722511,BENSON,AZ,official_business_licenses,,,,
standard,D'S ISLAND GRILL JA LLC,5208612271,unknown,722511,TUCSON,AZ,official_business_licenses,,,,
standard,FALORA,5203259988,unknown,722511,TUCSON,AZ,official_business_licenses,,,,
standard,MAICO RESTAURANT,5202942836,unknown,722511,TUCSON,AZ,official_business_licenses,,,,
standard,MARISCOS CHIHUAHUA,5203261529,unknown,722511,TUCSON,AZ,official_business_licenses,,,,
standard,CASITA DE CECILIA,5203392917,unknown,722511,TUCSON,AZ,official_business_licenses,,,,
standard,NATES,5202479901,unknown,722511,TUCSON,AZ,official_business_licenses,,,,
standard,SONIC DRIVE-IN,5208867140,unknown,722511,TUCSON,AZ,official_business_licenses,,,,
standard,EL GORRION BURRITO,5209068093,unknown,722511,TUCSON,AZ,official_business_licenses,,,,
standard,CHINA PASTA HOUSE,5206233334,unknown,722511,TUCSON,AZ,official_business_licenses,,,,
standard,MAMA LOUISA S ITALIAN RESTAURANT & CATER,5207904702,unknown,722511,TUCSON,AZ,official_business_licenses,,,,
standard,NOODLEHOLICS,5205262069,unknown,722511,TUCSON,AZ,official_business_licenses,,,,
standard,CHEBA HUT,5204954719,unknown,722511,MESA,AZ,official_business_licenses,,,,
standard,DELICIAS EXPRESS,5202038492,unknown,722511,CASA GRANDE,AZ,official_business_licenses,,,,
standard,GERONIMO RESTAURANT,5204994463,unknown,722511,MARANA,AZ,official_business_licenses,,,,
standard,ZYKA TWIST,5203474300,unknown,722511,TUCSON,AZ,official_business_licenses,,,,
standard,FRIDAS CAFE,5203674711,unknown,722511,TUCSON,AZ,official_business_licenses,,,,
standard,TERISUSHI,5204613019,unknown,722511,TUCSON,AZ,official_business_licenses,,,,
standard,LA YAQUESITA MEXICAN CUISINE,5206221924,unknown,722511,TUCSON,AZ,official_business_licenses,,,,
standard,LA MESA TORTILLAS FACTORY,5207776172,unknown,722511,TUCSON,AZ,official_business_licenses,,,,
standard,LA MESA TORTILLAS FACTORY,5202985966,unknown,722511,TUCSON,AZ,official_business_licenses,,,,
standard,PERFECTO'S MEXICAN RESTAURANT,5208895651,unknown,722511,TUCSON,AZ,official_business_licenses,,,,
standard,SUBWAY #25933,5208073026,unknown,722511,TUCSON,AZ,official_business_licenses,,,,
standard,CHICKENUEVO,5208849000,unknown,722511,TUCSON,AZ,official_business_licenses,,,,
standard,NICO'S MEXICAN FOOD,5209096005,unknown,722511,TUCSON,AZ,official_business_licenses,,,,
standard,PONCHO'S RESTAURANT,5202073608,unknown,722511,TUCSON,AZ,official_business_licenses,,,,
standard,OLD TIMES KAFE,5202932324,unknown,722511,TUCSON,AZ,official_business_licenses,,,,
standard,SAKURA TEPPAN STEAK & SEAFOOD RESTAURANT,5202987777,unknown,722511,TUCSON,AZ,official_business_licenses,,,,
standard,THE TACO SHOP AZ,5206221899,unknown,722511,TUCSON,AZ,official_business_licenses,,,,
standard,WETZEL'S PRETZELS,+16232027114,,722511,PARADISE VALLEY,AZ,adapter:official_business_licenses,,,,
standard,EL GUERO CANELO,+15208079620,,722511,TUCSON,AZ,adapter:official_business_licenses,,,,
standard,CHARRO CHICO,+15209031922,,722511,TUCSON,AZ,adapter:official_business_licenses,,,,
standard,KUNG FU NOODLE,5208817800,unknown,722513,PHOENIX,AZ,official_business_licenses,,,,
standard,MCDONALD'S #18787,5202950123,unknown,722513,TUCSON,AZ,official_business_licenses,,,,
standard,MCDONALD'S #34845,5207955256,unknown,722513,TUCSON,AZ,official_business_licenses,,,,
standard,COFFEE TIMES DRIVE-THRU,5203183698,unknown,722513,TUCSON,AZ,official_business_licenses,,,,
standard,BUN DOCK,5202747419,unknown,722513,TUCSON,AZ,official_business_licenses,,,,
standard,EEGEE'S #14,5202943333,unknown,722513,TUCSON,AZ,official_business_licenses,,,,
standard,COACH'S  HOT DOG HOUSE,5204064757,unknown,722513,TUCSON,AZ,official_business_licenses,,,,
standard,EEGEE'S #43,5202944131,unknown,722513,TUCSON,AZ,official_business_licenses,,,,
standard,VIV'S CAFE,5207608622,unknown,722513,TUCSON,AZ,official_business_licenses,,,,
standard,MCDONALDS,5207983445,unknown,722513,TUCSON,AZ,official_business_licenses,,,,
standard,SERIAL GRILLERS,5205747878,unknown,722513,TUCSON,AZ,official_business_licenses,,,,
standard,PURE POKE AND PREP,4193024647,unknown,722513,TUCSON,AZ,official_business_licenses,,,,
standard,RAGING SAGE,5203205203,unknown,722513,TUCSON,AZ,official_business_licenses,,,,
standard,FIVE GUYS BURGERS AND FRIES,5207513832,unknown,722513,PAYSON,AZ,official_business_licenses,,,,
standard,FIVE GUYS BURGERS AND FRIES,5202941354,unknown,722513,PAYSON,AZ,official_business_licenses,,,,
standard,FIVE GUYS BURGERS AND FRIES,5203231750,unknown,722513,PAYSON,AZ,official_business_licenses,,,,
standard,FIVE GUYS BURGERS AND FRIES,5203230590,unknown,722513,PAYSON,AZ,official_business_licenses,,,,
standard,GM KITCHEN 86,5204656161,unknown,722513,TUCSON,AZ,official_business_licenses,,,,
standard,ANGIE'S LOBSTER,6029223209,unknown,722513,PHOENIX,AZ,official_business_licenses,,,,
standard,CULVER'S AT TUCSON,5208824422,unknown,722513,TUCSON,AZ,official_business_licenses,,,,
standard,EL TACO TOTE,5202969655,unknown,722513,TUCSON,AZ,official_business_licenses,,,,
standard,JABO KITCHEN,5203395422,unknown,722513,TUCSON,AZ,official_business_licenses,,,,
standard,ROLLIN SMOKE BBQ TUCSON,5202324892,unknown,722513,TUCSON,AZ,official_business_licenses,,,,
standard,FORK AND FIRE MOBILE FOODS LLC,4808886382,unknown,722513,TUCSON,AZ,official_business_licenses,,,,
standard,R & G TACO SHOP LLC,5202941754,unknown,722513,TUCSON,AZ,official_business_licenses,,,,
standard,ROLLIES MEXICAN PATIO,5206610988,unknown,722513,TUCSON,AZ,official_business_licenses,,,,
standard,LOS OLIVOS PIZZERIA,5206240155,unknown,722513,TUCSON,AZ,official_business_licenses,,,,
standard,WARFUEL KITCHEN ORACLE,5202665109,unknown,722513,SIERRA VISTA,AZ,official_business_licenses,,,,
standard,PRESTA COFFEE ROASTERS,5207771496,unknown,722513,TUCSON,AZ,official_business_licenses,,,,
standard,PLAZITA MEXICO CAFE,5208380996,unknown,722513,TUCSON,AZ,official_business_licenses,,,,
standard,MCDONALDS # 11562,5205770476,unknown,722513,TUCSON,AZ,official_business_licenses,,,,
standard,NI HAO TEA,7027821185,unknown,722513,TUCSON,AZ,official_business_licenses,,,,
standard,WILD CAT PIZZA AZ,5203225865,unknown,722513,TUCSON,AZ,official_business_licenses,,,,
standard,LOS BETO'S TACOS Y BURROS,5208875528,unknown,722513,TUCSON,AZ,official_business_licenses,,,,
standard,BUFFALO BELL RESTAURANT,5206220503,unknown,722513,TUCSON,AZ,official_business_licenses,,,,
standard,MCDONALD'S RESTAURANT #2397,5203604880,unknown,722513,TUCSON,AZ,official_business_licenses,,,,
standard,URBAN PITA,5203322294,unknown,722513,TUCSON,AZ,official_business_licenses,,,,
standard,ROJOS,5203365559,unknown,722513,TUCSON,AZ,official_business_licenses,,,,
standard,SONORAN BRUNCH COMPANY INC,5208783646,unknown,722513,TUCSON,AZ,official_business_licenses,,,,
standard,EL BETO MEXICAN FOOD 2 LLC,6239151884,unknown,722513,TUCSON,AZ,official_business_licenses,,,,
standard,TOKEBI ASIAN CUISINE,5204507904,unknown,722513,TUCSON,AZ,official_business_licenses,,,,
standard,WILLY'S PHILLY'S,5209121417,unknown,722513,TUCSON,AZ,official_business_licenses,,,,
standard,LEGIT LEMONADE,5209547076,unknown,722513,SAHUARITA,AZ,official_business_licenses,,,,
standard,LUCKY WISHBONE #8 INC,5206222588,unknown,722513,TUCSON,AZ,official_business_licenses,,,,
standard,LOS BERTOS,5208862077,unknown,722513,TUCSON,AZ,official_business_licenses,,,,
standard,WEENIE WAGON,5209002231,unknown,722513,TUCSON,AZ,official_business_licenses,,,,
standard,SUSHI-SON LLC,5209129011,unknown,722513,TUCSON,AZ,official_business_licenses,,,,
standard,FITOS TACO SHOP,5207216962,unknown,722513,TUCSON,AZ,official_business_licenses,,,,
standard,CARL'S JR #1101497,5202953536,unknown,722513,PHOENIX,AZ,official_business_licenses,,,,
standard,CHICK FIL A TUCSON MARKETPLACE & KINO PKWY,5202147550,unknown,722513,TUCSON,AZ,official_business_licenses,,,,
standard,CHURCH'S CHICKEN #4576,5206634034,unknown,722513,TUCSON,AZ,official_business_licenses,,,,
standard,CAL'S BAKESHOP,5206678477,unknown,722513,TUCSON,AZ,official_business_licenses,,,,
standard,DAIRY QUEEN #21,5207492302,unknown,722513,TUCSON,AZ,official_business_licenses,,,,
standard,GO DIM SUM,5203316628,unknown,722513,TUCSON,AZ,official_business_licenses,,,,
standard,LEMONGRASS RESTAURANT,5202575292,unknown,722513,TUCSON,AZ,official_business_licenses,,,,
standard,NICO'S MEXICAN FOOD,5202965693,unknown,722513,TUCSON,AZ,official_business_licenses,,,,
standard,MARISCOS CHIHUAHUA,5206233563,unknown,722513,TUCSON,AZ,official_business_licenses,,,,
standard,CHICKENUEVO,5203260096,unknown,722513,TUCSON,AZ,official_business_licenses,,,,
standard,CULVER'S 1ST AVE,5204819367,unknown,722513,TUCSON,AZ,official_business_licenses,,,,
standard,SNAKES & LATTES,5203825855,unknown,722513,TUCSON,AZ,official_business_licenses,,,,
standard,BROTHER'S NOODLES,5203933774,unknown,722513,PHOENIX,AZ,official_business_licenses,,,,
standard,WALTER'S PIZZERIA,5208678700,unknown,722513,TUCSON,AZ,official_business_licenses,,,,
standard,TWO HANDS CORN DOGS,5203722779,unknown,722513,TUCSON,AZ,official_business_licenses,,,,
standard,INA BREAKFAST CLUB I LLC,5203442855,unknown,722513,TUCSON,AZ,official_business_licenses,,,,
standard,SUBWAY #3352 / 513,5203219125,unknown,722513,PHOENIX,AZ,official_business_licenses,,,,
standard,OPAS GRILL,5207892055,unknown,722513,TUCSON,AZ,official_business_licenses,,,,
standard,BOBA CUCUE,5753133834,unknown,722513,TUCSON,AZ,official_business_licenses,,,,
standard,PLAYGROUND,5203963691,unknown,722513,TUCSON,AZ,official_business_licenses,,,,
standard,LUCKY PANDA,5206092601,unknown,722513,TUCSON,AZ,official_business_licenses,,,,
standard,MCDONALDS,5208824460,unknown,722513,TUCSON,AZ,official_business_licenses,,,,
standard,KEBAB KING OF BABYLON,5204450118,unknown,722513,TUCSON,AZ,official_business_licenses,,,,
standard,LOS BETOS MEXICAN FOOD,5209873460,unknown,722513,TUCSON,AZ,official_business_licenses,,,,
standard,MOMOS ON 6TH,5209901123,unknown,722513,TUCSON,AZ,official_business_licenses,,,,
standard,ENCORE,5208853030,unknown,722513,TUCSON,AZ,official_business_licenses,,,,
standard,QUISTY'S SANDWICHES,5203727198,unknown,722513,TUCSON,AZ,official_business_licenses,,,,
standard,SLICE & ICE,5202747276,unknown,722513,TUCSON,AZ,official_business_licenses,,,,
standard,SONORAN DELIGHTS,5206233020,unknown,722513,TUCSON,AZ,official_business_licenses,,,,
standard,SAUSAGE DELI,5206238182,unknown,722513,TUCSON,AZ,official_business_licenses,,,,
standard,WIENERSCHNITZEL,5205190801,unknown,722513,TUCSON,AZ,official_business_licenses,,,,
standard,JACK IN THE BOX #1653,4804917994,unknown,722513,GILBERT,AZ,official_business_licenses,,,,
standard,LOS CHIPILONES TAKE-OUT,5204061649,unknown,722513,TUCSON,AZ,official_business_licenses,,,,
standard,JUICE N FRUIT RASPADOS,5203969137,unknown,722513,TUCSON,AZ,official_business_licenses,,,,
standard,FLAKES,5203444611,unknown,722513,TUCSON,AZ,official_business_licenses,,,,
standard,MONTEREY COURT CAFE,5202072429,unknown,722513,TUCSON,AZ,official_business_licenses,,,,
standard,THAI CHINA BISTRO,5203255185,unknown,722513,TUCSON,AZ,official_business_licenses,,,,
standard,CARL'S JR #1101504,5208891347,unknown,722513,PHOENIX,AZ,official_business_licenses,,,,
standard,JANET & RAYS,4045092384,unknown,722513,TUCSON,AZ,official_business_licenses,,,,
standard,AZ SANDWICH CO & CATERING,5204401312,unknown,722513,TUCSON,AZ,official_business_licenses,,,,
standard,RAMIROS MEXICAN FOOD,5207416393,unknown,722513,TUCSON,AZ,official_business_licenses,,,,
standard,BLACK ROCK STORE OPERATIONS,4802569668,unknown,722513,SCOTTSDALE,AZ,official_business_licenses,,,,
standard,BORDER CHICKEN AZ,5208775402,unknown,722513,TUCSON,AZ,official_business_licenses,,,,
standard,CARNITAS LA YOCA,5209072662,unknown,722513,TUCSON,AZ,official_business_licenses,,,,
standard,ENSENADA STREET FOOD,5202456496,unknown,722513,TUCSON,AZ,official_business_licenses,,,,
standard,EL BARQUITO SEAFOOD & GRILL,5209894676,unknown,722513,TUCSON,AZ,official_business_licenses,,,,
standard,HAMMBONE'S MEAT AND THREE,5203543926,unknown,722513,TUCSON,AZ,official_business_licenses,,,,
standard,PRETZEL MAKER TUCSON MALL,5206903967,unknown,722513,TUCSON,AZ,official_business_licenses,,,,
standard,COOP BY COWPIG,5206689447,unknown,722513,TUCSON,AZ,official_business_licenses,,,,
standard,THE LITTLE ONE ETC,5203120837,unknown,722513,TUCSON,AZ,official_business_licenses,,,,
standard,HOT WOK,5206651142,unknown,722513,TUCSON,AZ,official_business_licenses,,,,
standard,BACK DOUGH/BEYOND BREAD,5208815577,unknown,722513,TUCSON,AZ,official_business_licenses,,,,
standard,BLACKJACK PIZZA,5203252121,unknown,722513,TUCSON,AZ,official_business_licenses,,,,
standard,URBAN PITA DM,5207719830,unknown,722513,TUCSON,AZ,official_business_licenses,,,,
standard,MI COBACHITO LLC,5209049696,unknown,722513,TUCSON,AZ,official_business_licenses,,,,
standard,SUBWAY #21062,5202980787,unknown,722513,TUCSON,AZ,official_business_licenses,,,,
standard,TACO BELL,5204973801,unknown,722513,ORO VALLEY,AZ,official_business_licenses,,,,
standard,TACO BELL,5207897915,unknown,722513,ORO VALLEY,AZ,official_business_licenses,,,,
standard,TACO BELL,5203211141,unknown,722513,ORO VALLEY,AZ,official_business_licenses,,,,
standard,SUBWAY #1844,5204760050,unknown,722513,TUCSON,AZ,official_business_licenses,,,,
standard,NATO'S WELDING,5203041670,unknown,722513,TUCSON,AZ,official_business_licenses,,,,
standard,DEL TACO #859,5206287258,unknown,722513,TUCSON,AZ,official_business_licenses,,,,
standard,CAFE A LA C'ART,5206288533,unknown,722513,TUCSON,AZ,official_business_licenses,,,,
standard,THE QUESADILLAS,5202961345,unknown,722513,TUCSON,AZ,official_business_licenses,,,,
standard,SUMAJ BOLIVIAN STREET FOOD LLC,5205850152,unknown,722513,TUCSON,AZ,official_business_licenses,,,,
standard,MAMA'S HAWAIIAN BAR-B-CUE,5207803934,unknown,722513,TUCSON,AZ,official_business_licenses,,,,
standard,CREPE N DIP,5206126164,unknown,722513,TUCSON,AZ,official_business_licenses,,,,
standard,VITULITY BOWLS TUCSON #161,5202580157,unknown,722513,TUCSON,AZ,official_business_licenses,,,,
standard,VARIETY H20 + ICE CREAM,5208121532,unknown,722513,TUCSON,AZ,official_business_licenses,,,,
standard,WALPOLE'S BRICKS AND SIPS,5202618483,unknown,722513,TUCSON,AZ,official_business_licenses,,,,
standard,MOLECULAR MUNCHIES,5202704328,unknown,722513,TUCSON,AZ,official_business_licenses,,,,
standard,LOS BETOS MEXICAN FOOD,5203582903,unknown,722513,TUCSON,AZ,official_business_licenses,,,,
standard,J J KITCHEN LIMITED LIABILITY COMPANY,5202931963,unknown,722513,TUCSON,AZ,official_business_licenses,,,,
standard,LOS JARRITOS MEXICAN FOOD INC,5207460364,unknown,722513,TUCSON,AZ,official_business_licenses,,,,
standard,RASPADOS EL PARAISO,5203387285,unknown,722513,TUCSON,AZ,official_business_licenses,,,,
standard,POPEYE'S LOUISIANA KITCHEN,5208861600,unknown,722513,PHOENIX,AZ,official_business_licenses,,,,
standard,BURGER KING,5208917342,unknown,722513,TUCSON,AZ,official_business_licenses,,,,
standard,BLACK RIFLE COFFEE COMPANY,7066622813,unknown,722513,TUCSON,AZ,official_business_licenses,,,,
standard,QUEEN SWEETS RASPADOS,5203320255,unknown,722513,TUCSON,AZ,official_business_licenses,,,,
standard,ALL AMERICAN BURGER,5208870212,unknown,722513,TUCSON,AZ,official_business_licenses,,,,
standard,SAL'S FAT SLICE,5208915800,unknown,722513,TUCSON,AZ,official_business_licenses,,,,
standard,BUFFALO WINGS,5208822047,unknown,722513,TUCSON,AZ,official_business_licenses,,,,
standard,CREPE TOWN,5205825371,unknown,722513,TUCSON,AZ,official_business_licenses,,,,
standard,JIMMY JOHN'S GOURMET SANDWICHES,5207412252,unknown,722513,TUCSON,AZ,official_business_licenses,,,,
standard,LOS BETO'S MEXICAN FOOD,5208822684,unknown,722513,TUCSON,AZ,official_business_licenses,,,,
standard,LE BUZZ CAFFE,5207493903,unknown,722513,TUCSON,AZ,official_business_licenses,,,,
standard,PERFECTO'S EXPRESS MEXICAN GRILL,5202706266,unknown,722513,TUCSON,AZ,official_business_licenses,,,,
standard,NICOS TACO SHOP,5203697169,unknown,722513,TUCSON,AZ,official_business_licenses,,,,
standard,CHICK-FIL-A @ TANQUE VERDE FSR,5203054407,unknown,722513,TUCSON,AZ,official_business_licenses,,,,
standard,TROPICAL SMOOTHIE CAFE,5203447739,unknown,722513,TUCSON,AZ,official_business_licenses,,,,
standard,FATMAN KITCHEN,5208823059,unknown,722513,PHOENIX,AZ,official_business_licenses,,,,
standard,CHARLEY'S STEAKERY,5207471300,unknown,722513,PHOENIX,AZ,official_business_licenses,,,,
standard,ALAFIA WEST AFRICAN CUISINE LLC,5203317161,unknown,722513,TUCSON,AZ,official_business_licenses,,,,
standard,AMELIA'S MEXICAN FOOD,5202829787,unknown,722513,TUCSON,AZ,official_business_licenses,,,,
standard,NORI JAPAN,8289626838,unknown,722513,TUCSON,AZ,official_business_licenses,,,,
standard,WOK FIRE & GRILL,5203908297,unknown,722513,TUCSON,AZ,official_business_licenses,,,,
standard,WIENERSCHNITZEL #145,5208881461,unknown,722513,TUCSON,AZ,official_business_licenses,,,,
standard,SUBWAY #14872,5206201511,unknown,722513,PHOENIX,AZ,official_business_licenses,,,,
standard,CHURCH'S CHICKEN #4544,5203258582,unknown,722513,TUCSON,AZ,official_business_licenses,,,,
standard,RAPTOR CANYON CAFE,5203365698,unknown,722513,TUCSON,AZ,official_business_licenses,,,,
standard,DEDICATED GLUTEN FREE BAKERY,5202092872,unknown,722513,TUCSON,AZ,official_business_licenses,,,,
standard,FRESCO PIZZARIA & PASTARIA #2,5208815555,unknown,722513,TUCSON,AZ,official_business_licenses,,,,
standard,TB'S GRUB SHACK,5205239209,unknown,722513,TUCSON,AZ,official_business_licenses,,,,
standard,THE ARABIC HOUSE LLC,5204403362,unknown,722513,TUCSON,AZ,official_business_licenses,,,,
standard,CRISPY'S FISH N CHIPS,5206225111,unknown,722513,TUCSON,AZ,official_business_licenses,,,,
standard,EL JEFE CAT CAFE,4797151547,unknown,722513,TUCSON,AZ,official_business_licenses,,,,
standard,CARL'S JR #1101500,5206245267,unknown,722513,PHOENIX,AZ,official_business_licenses,,,,
standard,ROSATI'S PIZZA,5207604777,unknown,722513,TUCSON,AZ,official_business_licenses,,,,
standard,EL CHIMICHANGON,5202782286,unknown,722513,TUCSON,AZ,official_business_licenses,,,,
standard,ONE STOP NUTRITION,5208001999,unknown,722513,TUCSON,AZ,official_business_licenses,,,,
standard,CHICK-FIL-A,5204082456,unknown,722513,TUCSON,AZ,official_business_licenses,,,,
standard,HAPPY AND HEALTHY BY LIZ,5208495038,unknown,722513,TUCSON,AZ,official_business_licenses,,,,
standard,SWEET TUCSON LLC,5207777610,unknown,722513,TUCSON,AZ,official_business_licenses,,,,
standard,THE TUCSON COFFEE CRICKET,5209905815,unknown,722513,TUCSON,AZ,official_business_licenses,,,,
standard,47 SCOTT,5204429600,unknown,722513,TUCSON,AZ,official_business_licenses,,,,
standard,MCDONALDS,3008100890,unknown,722513,TUCSON,AZ,official_business_licenses,,,,
standard,MCDONALDS,5208496461,unknown,722513,TUCSON,AZ,official_business_licenses,,,,
standard,MKM FOODS LLC,5203880619,unknown,722513,TUCSON,AZ,official_business_licenses,,,,
standard,KIMCHI TIME KOREAN RESTAURANT,5203054900,unknown,722513,TUCSON,AZ,official_business_licenses,,,,
standard,ESPRESSO ART CAFE,5202416409,unknown,722513,TUCSON,AZ,official_business_licenses,,,,
standard,JASON'S MEXICAN FOOD,5208873182,unknown,722513,TUCSON,AZ,official_business_licenses,,,,
standard,MIAN SICHUAN,2059195981,unknown,722513,TUCSON,AZ,official_business_licenses,,,,
standard,SEASONS EATS,5203727845,unknown,722513,TUCSON,AZ,official_business_licenses,,,,
standard,BENNY'S RESTAURANT,5208818841,unknown,722513,TUCSON,AZ,official_business_licenses,,,,
standard,CHICKENUEVO #1,5202945757,unknown,722513,TUCSON,AZ,official_business_licenses,,,,
standard,MUTTS PREMIUM FRANKS AND SAUSAGES,4144911166,unknown,722513,TUCSON,AZ,official_business_licenses,,,,
standard,TACO PLUS,5203272327,unknown,722513,TUCSON,AZ,official_business_licenses,,,,
standard,RASPADOS EL AZTECA,5204002560,unknown,722513,TUCSON,AZ,official_business_licenses,,,,
standard,SUBWAY #56978,5206221187,unknown,722513,SCOTTSDALE,AZ,official_business_licenses,,,,
standard,EL SAZON DE NANA,5203042404,unknown,722513,TUCSON,AZ,official_business_licenses,,,,
standard,CHICK-IN-WAFFLE,5203322432,unknown,722513,TUCSON,AZ,official_business_licenses,,,,
standard,CULVER'S OF TUCSON ON BROADWAY,5207773213,unknown,722513,TUCSON,AZ,official_business_licenses,,,,
standard,EL POTOSINO MEXICAN FOOD,5207227578,unknown,722513,TUCSON,AZ,official_business_licenses,,,,
standard,BRUEGGER'S BAGELS,5206641600,unknown,722513,TUCSON,AZ,official_business_licenses,,,,
standard,THE FROZEN CACTUS ICE BAR & FLAME GRILL,5204955136,unknown,722513,TUCSON,AZ,official_business_licenses,,,,
standard,NHU LAN VIETNAMESE FOOD,5203428611,unknown,722513,TUCSON,AZ,official_business_licenses,,,,
standard,EL NENE RESTAURANT II,5208895338,unknown,722513,TUCSON,AZ,official_business_licenses,,,,
standard,MEMOS TACO SHOP,5207094914,unknown,722513,TUCSON,AZ,official_business_licenses,,,,
standard,FIREHOUSE SUBS 1086,5202070042,unknown,722513,TUCSON,AZ,official_business_licenses,,,,
standard,MCK RESTAURANTS,5202043776,unknown,722513,TUCSON,AZ,official_business_licenses,,,,
standard,KAT'S DOGS,5205464570,unknown,722513,TUCSON,AZ,official_business_licenses,,,,
standard,VERO AMORE,5209543245,unknown,722513,TUCSON,AZ,official_business_licenses,,,,
standard,MCDONALD'S RESTAURANT,5203256361,unknown,722513,TUCSON,AZ,official_business_licenses,,,,
standard,DAIRY QUEEN,5208820959,unknown,722513,TUCSON,AZ,official_business_licenses,,,,
standard,SOLID GRINDZ,5208678040,unknown,722513,TUCSON,AZ,official_business_licenses,,,,
standard,LITTLE BIG NOISE LLC,5206237976,unknown,722513,TUCSON,AZ,official_business_licenses,,,,
standard,WEST COAST TROLLEY II LLC,6092900417,unknown,722513,TUCSON,AZ,official_business_licenses,,,,
standard,VIVA MEXICAN FOOD,5205149231,unknown,722513,TUCSON,AZ,official_business_licenses,,,,
standard,VIVA MEXICAN FOOD,5203322340,unknown,722513,TUCSON,AZ,official_business_licenses,,,,
standard,SUBWAY,5207925785,unknown,722513,PHOENIX,AZ,official_business_licenses,,,,
standard,HUNGRY HOWIE'S PIZZA,5208953600,unknown,722513,PHOENIX,AZ,official_business_licenses,,,,
standard,HUNGRY HOWIE'S PIZZA,5208850707,unknown,722513,PHOENIX,AZ,official_business_licenses,,,,
standard,SUBWAY #6360/503,5202981188,unknown,722513,PHOENIX,AZ,official_business_licenses,,,,
standard,CHURCH'S CHICKEN #4672,5204349659,unknown,722513,TUCSON,AZ,official_business_licenses,,,,
standard,HOLY SMOKIN BUTTS BBQ,5203293088,unknown,722513,TUCSON,AZ,official_business_licenses,,,,
standard,DOWNTOWN CHURROS,5203391559,unknown,722513,TUCSON,AZ,official_business_licenses,,,,
standard,FIRE HOUSE SUBS,5206680416,unknown,722513,TUCSON,AZ,official_business_licenses,,,,
standard,MS SUSHI INC,5204057076,unknown,722513,TUCSON,AZ,official_business_licenses,,,,
standard,TWISTED INDIAN 123,5208202121,unknown,722513,TUCSON,AZ,official_business_licenses,,,,
standard,SALAD NATION,5207455050,unknown,722513,TUCSON,AZ,official_business_licenses,,,,
standard,SMOKEY MO,5202038250,unknown,722513,TUCSON,AZ,official_business_licenses,,,,
standard,BLUE COLLAR DOGS,4253444686,unknown,722513,TUCSON,AZ,official_business_licenses,,,,
standard,MCDONALD'S #1034,5203256581,unknown,722513,TUCSON,AZ,official_business_licenses,,,,
standard,URBAN FRESH,5207929355,unknown,722513,TUCSON,AZ,official_business_licenses,,,,
standard,SONORAN SNOCONES,5202899370,unknown,722513,TUCSON,AZ,official_business_licenses,,,,
standard,CAPRIOTTI'S SANDWICH SHOP,2083715779,unknown,722513,VAIL,AZ,official_business_licenses,,,,
standard,PERCHERON MEXICAN GRILL,5208502912,unknown,722513,TUCSON,AZ,official_business_licenses,,,,
standard,PLANET SUB,5203311952,unknown,722513,TUCSON,AZ,official_business_licenses,,,,
standard,JASON'S MEXICAN FOOD,5203043856,unknown,722513,TUCSON,AZ,official_business_licenses,,,,
standard,SUSHI TEN JAPANESE RESTAURANT,5203240010,unknown,722513,TUCSON,AZ,official_business_licenses,,,,
standard,TWO HANDS CORN DOGS,5207716599,unknown,722513,TUCSON,AZ,official_business_licenses,,,,
standard,CARL'S JR #7512,+18773124287,,722513,PHOENIX,AZ,adapter:official_business_licenses,,,,
standard,WORLD DINING LLC,5208862124,unknown,722514,TUCSON,AZ,official_business_licenses,,,,
standard,STAVROS TAVERN & RESTAURANT,5208841505,unknown,722514,TUCSON,AZ,official_business_licenses,,,,
standard,GRAND MANAGEMENT BUFFET,5208068088,unknown,722514,TUCSON,AZ,official_business_licenses,,,,
standard,BING'S BOBA,5203904670,unknown,722515,TUCSON,AZ,official_business_licenses,,,,
standard,DELICIAS DE MICHOACAN,5209915446,unknown,722515,TUCSON,AZ,official_business_licenses,,,,
standard,LA ESTRELLA BAKERY,5207926372,unknown,722515,TUCSON,AZ,official_business_licenses,,,,
standard,BLACK CROWN COFFEE COMPANY,5202076473,unknown,722515,TUCSON,AZ,official_business_licenses,,,,
standard,RASPADERIA EL SAHUARO SNACK BAR,5202729512,unknown,722515,TUCSON,AZ,official_business_licenses,,,,
standard,LA MUNCHERIA RASPADOS #2 LLC,5209003420,unknown,722515,TUCSON,AZ,official_business_licenses,,,,
standard,CUTE & CLASSY KRISPIES,4097896272,unknown,722515,TUCSON,AZ,official_business_licenses,,,,
standard,ELEVADO DRINKS,6027997100,unknown,722515,CORTARO,AZ,official_business_licenses,,,,
standard,HEEMEE COFFEE & BAKERY,5205011070,unknown,722515,TUCSON,AZ,official_business_licenses,,,,
standard,QING TEA,5208184957,unknown,722515,TUCSON,AZ,official_business_licenses,,,,
standard,PINKBERRY,5204298168,unknown,722515,TUCSON,AZ,official_business_licenses,,,,
standard,PINKBERRY,5208496627,unknown,722515,TUCSON,AZ,official_business_licenses,,,,
standard,MEDICARE CONSULTANTS OF AMERICA,5204057310,unknown,722515,SAHUARITA,AZ,official_business_licenses,,,,
standard,UNITEA,5203234428,unknown,722515,TUCSON,AZ,official_business_licenses,,,,
standard,MOUNTAIN WEST VENDING LLC,5208695225,unknown,722515,TUCSON,AZ,official_business_licenses,,,,
standard,BLESSED GROUNDS,5202537733,unknown,722515,TUCSON,AZ,official_business_licenses,,,,
standard,ELEVEN CAFE,5206248852,unknown,722515,TUCSON,AZ,official_business_licenses,,,,
standard,JUST 1 MORE,5205262587,unknown,722515,TUCSON,AZ,official_business_licenses,,,,
standard,WILD WAFFLE COMPANY,5203311050,unknown,722515,TUCSON,AZ,official_business_licenses,,,,
standard,CARAVAN GRILL LLC,5203230082,unknown,722515,TUCSON,AZ,official_business_licenses,,,,
standard,CELESTIA COLLECTIVE LLC,5203335297,unknown,722515,TUCSON,AZ,official_business_licenses,,,,
standard,THE KAVA DEN,5202600482,unknown,722515,TUCSON,AZ,official_business_licenses,,,,
standard,RASPADOS & SMOOTHIES FIESTA LLC,5202205822,unknown,722515,TUCSON,AZ,official_business_licenses,,,,
standard,TROPILANDIA RASPADOS & ICE CREAM SHOP,5202075111,unknown,722515,TUCSON,AZ,official_business_licenses,,,,
standard,FRUIT SHACK SMOOTHIES BOWLS & JUICES,5203475648,unknown,722515,TUCSON,AZ,official_business_licenses,,,,
standard,ACAI PARADISE,5204755346,unknown,722515,BENSON,AZ,official_business_licenses,,,,
standard,SEVEN CUPS,5206282952,unknown,722515,TUCSON,AZ,official_business_licenses,,,,
standard,SONKISSED KITCHEN AND GARDENS LLC,5202933999,unknown,722515,TUCSON,AZ,official_business_licenses,,,,
standard,LA MUNCHERIA RASPADOS,5205542010,unknown,722515,TUCSON,AZ,official_business_licenses,,,,
standard,NOTHING BUNDT CAKES,9736689982,unknown,722515,TUCSON,AZ,official_business_licenses,,,,
standard,CRAVE COFFEE BAR,5204456665,unknown,722515,TUCSON,AZ,official_business_licenses,,,,
standard,JAMES NATURAL JUICES AND SMOOTHIES,8086408693,unknown,722515,TUCSON,AZ,official_business_licenses,,,,
standard,DUNKIN' DONUTS/BASKIN ROBBINS,5207411926,unknown,722515,TUCSON,AZ,official_business_licenses,,,,
standard,FRUTILANDIA RASPADOS Y MAS LLC,5205913619,unknown,722515,TUCSON,AZ,official_business_licenses,,,,
standard,COLD STONE CREAMERY,5208894770,unknown,722515,TUCSON,AZ,official_business_licenses,,,,
standard,NIKKI'S COOKKIES,5202496761,unknown,722515,TUCSON,AZ,official_business_licenses,,,,
standard,IKES COFFEE MARKET,5202503655,unknown,722515,TUCSON,AZ,official_business_licenses,,,,
standard,COLD STONE CREAMERY #23714,5202450546,unknown,722515,VAIL,AZ,official_business_licenses,,,,
standard,SMOOTHIE KING,6027081560,unknown,722515,PHOENIX,AZ,official_business_licenses,,,,
standard,RASPADOS Y JUGOS LA GORDA,5204688788,unknown,722515,TUCSON,AZ,official_business_licenses,,,,
standard,BERRY GREENS JUICE BAR,5203088050,unknown,722515,TUCSON,AZ,official_business_licenses,,,,
standard,BOBA PEARL,5202484508,unknown,722515,TUCSON,AZ,official_business_licenses,,,,
standard,LA PINA VIP,5202583101,unknown,722515,TUCSON,AZ,official_business_licenses,,,,
standard,COOKIES BY MAE MAE,5207333344,unknown,722515,TUCSON,AZ,official_business_licenses,,,,
standard,TRUCKING GOOD CUPCAKES,5208156723,unknown,722515,TUCSON,AZ,official_business_licenses,,,,
standard,ME LATTE,5205487726,unknown,722515,TUCSON,AZ,official_business_licenses,,,,
standard,TEA LEAF AND CREAMERY TUCSON,4043535500,unknown,722515,TUCSON,AZ,official_business_licenses,,,,
standard,MANGOS REFRESQUERIA Y CAFE,5204257834,unknown,722515,TUCSON,AZ,official_business_licenses,,,,
standard,NEKTER JUICE BAR,5202074010,unknown,722515,SCOTTSDALE,AZ,official_business_licenses,,,,
standard,SCHLOTZSKY'S DELI,5207412333,unknown,722515,TEMPE,AZ,official_business_licenses,,,,
standard,WRAP N' ROLL,5204909958,unknown,722515,TUCSON,AZ,official_business_licenses,,,,
standard,OKASHI,5033271937,unknown,722515,TUCSON,AZ,official_business_licenses,,,,
standard,THE GATHERING SCENE,7022497799,unknown,722515,TUCSON,AZ,official_business_licenses,,,,
standard,INDIAN TWIST,5204955499,unknown,722515,TUCSON,AZ,official_business_licenses,,,,
standard,PIN UP PASTRIES LLC,5204005477,unknown,722515,MARANA,AZ,official_business_licenses,,,,
standard,GRAZE,5202696888,unknown,722515,TUCSON,AZ,official_business_licenses,,,,
standard,DUNKIN DONUTS/BASKIN ROBBINS,5208813068,unknown,722515,TUCSON,AZ,official_business_licenses,,,,
standard,SONORAN SNOCONES,5208227541,unknown,722515,TUCSON,AZ,official_business_licenses,,,,
standard,CINNABON,9543282954,unknown,722515,SCOTTSDALE,AZ,official_business_licenses,,,,
standard,YOUR COFFEE STOP,4034623728,unknown,722515,TUCSON,AZ,official_business_licenses,,,,
standard,HOUGHTON COOKIE,5203553848,unknown,722515,GILBERT,AZ,official_business_licenses,,,,
standard,PERALTA LANDSCAPING,5205996721,unknown,722515,MARANA,AZ,official_business_licenses,,,,
standard,SYDSHAKES,5203363926,unknown,722515,TUCSON,AZ,official_business_licenses,,,,
standard,FREIGHT TRAIN COFFEE COMPANY,4802156255,unknown,722515,TUCSON,AZ,official_business_licenses,,,,
standard,SOLAR SIP,5209047466,unknown,722515,TUCSON,AZ,official_business_licenses,,,,
standard,THE HIGH BEAN,5208091897,unknown,722515,TUCSON,AZ,official_business_licenses,,,,
standard,REVOLUTIONARY GROUNDS,5208380533,unknown,722515,TUCSON,AZ,official_business_licenses,,,,
standard,YOUNG DONUTS,5208495017,unknown,722515,TUCSON,AZ,official_business_licenses,,,,
standard,DING TEA,+15209997868,,722515,TUCSON,AZ,adapter:official_business_licenses,,,,
standard,Tokyo Joe's LLC,6123607277,unknown,7225163,Mesa,AZ,official_business_licenses,,,,
standard,RENE'S CATERING,5209829143,unknown,723320,TUCSON,AZ,official_business_licenses,,,,
standard,PHOENIX TWINS LLC,4809376825,unknown,725511,Mesa,AZ,official_business_licenses,,,,
standard,IL VINAIO,4806496476,unknown,72722511,Mesa,AZ,official_business_licenses,,,,
standard,T2 PEST SERVICES INC,480-215-5232,unknown,7342,Mesa,AZ,official_business_licenses,,,,
standard,Data Doctors,+14809212444,,7378,Mesa,AZ,adapter:official_business_licenses,,,,
standard,DECISIVE SOLAR,6025070107,unknown,738220,TUCSON,AZ,official_business_licenses,,,,
standard,Ring4Retirees,6236286538,unknown,73829903,Mesa,AZ,official_business_licenses,,,,
standard,The Dude and the Babe Laser Works LLC,480-639-7804,unknown,7389,Mesa,AZ,official_business_licenses,,,,
standard,Rush Roadside,602-614-2580,unknown,75499904,Mesa,AZ,official_business_licenses,,,,
standard,GRAND CANYON DERMATOLOGY,480-962-1050,unknown,80110503,Mesa,AZ,official_business_licenses,,,,
standard,EconLit LLC,6022641400,unknown,81,Mesa,AZ,official_business_licenses,,,,
standard,THE HONEY MACHINE LLC,5202259995,unknown,811,TUCSON,AZ,official_business_licenses,,,,
standard,CHOLLA PAVEMENT MAINTENANCE INCORPORATED,4808931044,unknown,811000,APACHE JUNCTION,AZ,official_business_licenses,,,,
standard,Doctor Pool,480-343-5308,unknown,811000,Mesa,AZ,official_business_licenses,,,,
standard,Pep Boys Auto Service & Tires #738,2154309000,unknown,811100,Mesa,AZ,official_business_licenses,,,,
standard,ALPHA FLEET SERVICES,5204960092,unknown,81111,MARANA,AZ,official_business_licenses,,,,
standard,Allen's Automotive Towing & Repair,480-677-3196,unknown,81111,Mesa,AZ,official_business_licenses,,,,
standard,A TO Z MOBILE MECHANICS,5203046078,unknown,81111,TUCSON,AZ,official_business_licenses,,,,
standard,DESERT WOODS AUTO SERVICES,5204510430,unknown,811110,TUCSON,AZ,official_business_licenses,,,,
standard,Superstition Meineke,4803591625,unknown,811110,Mesa,AZ,official_business_licenses,,,,
standard,Xclusive Motorsports,480-244-8033,unknown,811110,Mesa,AZ,official_business_licenses,,,,
standard,MEINEKE CAR CARE CENTER,5203553915,unknown,811111,PHOENIX,AZ,official_business_licenses,,,,
standard,BRAKEMAX #11,5202299380,unknown,811111,MESA,AZ,official_business_licenses,,,,
standard,AASTRO TRANSMISSION,5202981103,unknown,811111,TUCSON,AZ,official_business_licenses,,,,
standard,ADVANCE AUTO SERVICE,5202725781,unknown,811111,TUCSON,AZ,official_business_licenses,,,,
standard,ARIZONA AUTO REFRIGERATION,5206233684,unknown,811111,TUCSON,AZ,official_business_licenses,,,,
standard,HOODS ETC. AUTOMOTIVE REFINISHING INC,5207958044,unknown,811111,TUCSON,AZ,official_business_licenses,,,,
standard,GALVEZ AUTO REPAIR,5206244254,unknown,811111,TUCSON,AZ,official_business_licenses,,,,
standard,EXHAUST WORKS ON BROADWAY LLC,5203189406,unknown,811111,TUCSON,AZ,official_business_licenses,,,,
standard,T O AUTOMOTIVE,5204066192,unknown,811111,TUCSON,AZ,official_business_licenses,,,,
standard,NATIONAL AUTO COLLISION CENTER LLC,5204091789,unknown,811111,TUCSON,AZ,official_business_licenses,,,,
standard,K&B SERVICES,5208853768,unknown,811111,TUCSON,AZ,official_business_licenses,,,,
standard,RITA MARINE LLC,5208093598,unknown,811111,TUCSON,AZ,official_business_licenses,,,,
standard,T & A MOBILE RV REPAIR LLC,5208003554,unknown,811111,TUCSON,AZ,official_business_licenses,,,,
standard,BILLY A TRUCK & TRAILER REPAIR,5202240918,unknown,811111,TUCSON,AZ,official_business_licenses,,,,
standard,AMERICAN MOBILITY INCORPORATED,5206287480,unknown,811111,TUCSON,AZ,official_business_licenses,,,,
standard,CUTTING EDGE COLLISION,5206242787,unknown,811111,TUCSON,AZ,official_business_licenses,,,,
standard,AUTOMOTIVE AND DIESEL PERFORMANCE LLC,5204954635,unknown,811111,TUCSON,AZ,official_business_licenses,,,,
standard,DNA AUTOMOTIVE,5202456935,unknown,811111,TUCSON,AZ,official_business_licenses,,,,
standard,CONSTRUCTION EQUIPMENT REPAIR,5204718969,unknown,811111,MARANA,AZ,official_business_licenses,,,,
standard,EXPRESS TUNE-UP,5206281752,unknown,811111,MARANA,AZ,official_business_licenses,,,,
standard,CLUB ROADSIDE SERVICE,5206171604,unknown,811111,TUCSON,AZ,official_business_licenses,,,,
standard,CHATO'S AUTO SERVICE,5208890602,unknown,811111,TUCSON,AZ,official_business_licenses,,,,
standard,COLLISION SPECIALIST INC,5203271924,unknown,811111,TUCSON,AZ,official_business_licenses,,,,
standard,KONNEKTED KUSTOMZ PAINT AND BODY LLC,5206684192,unknown,811111,TUCSON,AZ,official_business_licenses,,,,
standard,IGB AUTOMOTIVE,5205283443,unknown,811111,TUCSON,AZ,official_business_licenses,,,,
standard,MOTIVE POWER INTERNATIONAL,5202564559,unknown,811111,TUCSON,AZ,official_business_licenses,,,,
standard,BIGSKY COLLISION CENTERS LLC,5207507177,unknown,811111,TUCSON,AZ,official_business_licenses,,,,
standard,MPS SERVICE GROUP,5203364985,unknown,811111,TUCSON,AZ,official_business_licenses,,,,
standard,MAX OUTT CUSTOM AUTOMOTIVE CENTER,5209128135,unknown,811111,TUCSON,AZ,official_business_licenses,,,,
standard,MAGALLANES AUTO REPAIR,5204998108,unknown,811111,TUCSON,AZ,official_business_licenses,,,,
standard,CAPTAIN HEADLIGHT,5204857123,unknown,811111,ORO VALLEY,AZ,official_business_licenses,,,,
standard,J & B AUTO REPAIR AND ELECTRIC LLC,5204317701,unknown,811111,TUCSON,AZ,official_business_licenses,,,,
standard,LEE BROTHERS AUTOMOTIVE SERVICE,5203266572,unknown,811111,TUCSON,AZ,official_business_licenses,,,,
standard,MRT7,5204812160,unknown,811111,TUCSON,AZ,official_business_licenses,,,,
standard,MCJ DEZERT DOGZ,5207776618,unknown,811111,TUCSON,AZ,official_business_licenses,,,,
standard,A SPEED REPAIR,5203229199,unknown,811111,TUCSON,AZ,official_business_licenses,,,,
standard,AUTO SERVICE TOTAL CAR,5203134913,unknown,811111,RIO RICO,AZ,official_business_licenses,,,,
standard,SAM'S PLACE AUTOMOTIVE,5207473734,unknown,811111,TUCSON,AZ,official_business_licenses,,,,
standard,ELITE SALES & SERVICE LLC,5205863339,unknown,811111,BENSON,AZ,official_business_licenses,,,,
standard,KAIBAB AUTOMOTIVE AND FABRICATION LLC,5205262730,unknown,811111,TUCSON,AZ,official_business_licenses,,,,
standard,JAY'S MOBILE SERVICE,5209790359,unknown,811111,TUCSON,AZ,official_business_licenses,,,,
standard,JUAN'S AUTO REPAIR,5202944452,unknown,811111,TUCSON,AZ,official_business_licenses,,,,
standard,EARLS,5205516897,unknown,811111,TUCSON,AZ,official_business_licenses,,,,
standard,RANDY'S AUTO REPAIR LLC,5202032287,unknown,811111,TUCSON,AZ,official_business_licenses,,,,
standard,WALKER AUTOMOTIVE SERVICE,5206619610,unknown,811111,TUCSON,AZ,official_business_licenses,,,,
standard,MOE AUTO MOBILE REPAIR,5207108468,unknown,811111,TUCSON,AZ,official_business_licenses,,,,
standard,NANDO'S MOBILE AUTOMOTIVE REPAIR,6024100573,unknown,811111,TUCSON,AZ,official_business_licenses,,,,
standard,PREP SERVICES,9284515309,unknown,811111,TUCSON,AZ,official_business_licenses,,,,
standard,MISTRO'S,5205913425,unknown,811111,TUCSON,AZ,official_business_licenses,,,,
standard,SCOOBYS AUTO WORKS AND DETAILING,5202439005,unknown,811111,TUCSON,AZ,official_business_licenses,,,,
standard,MBL ENTERPRIZES,5202509398,unknown,811111,TUCSON,AZ,official_business_licenses,,,,
standard,PERFECTION AUTO REFINISHING,5205284395,unknown,811111,TUCSON,AZ,official_business_licenses,,,,
standard,MANNY'S AUTO REPAIR,5203383475,unknown,811111,TUCSON,AZ,official_business_licenses,,,,
standard,BRAKE MASTERS #225,5206642000,unknown,811111,TUCSON,AZ,official_business_licenses,,,,
standard,ARROW TIRE AND SERVICE GL,5202964642,unknown,811111,TUCSON,AZ,official_business_licenses,,,,
standard,DELTA AUTO REPAIR LLC,5204606825,unknown,811111,TUCSON,AZ,official_business_licenses,,,,
standard,TAPIA AUTO,5203399394,unknown,811111,TUCSON,AZ,official_business_licenses,,,,
standard,DENT WORKS LLC,5026480140,unknown,811111,TUCSON,AZ,official_business_licenses,,,,
standard,JD AUTO BODY & SERVICE,5206223377,unknown,811111,TUCSON,AZ,official_business_licenses,,,,
standard,IRONWOOD AUTOMOTIVE,5205051099,unknown,811111,TUCSON,AZ,official_business_licenses,,,,
standard,PIMA AUTOMOTIVE,5203253505,unknown,811111,TUCSON,AZ,official_business_licenses,,,,
standard,RAMBERSON,5206648770,unknown,811111,TUCSON,AZ,official_business_licenses,,,,
standard,THOROUGHBRED PAINT AND BODY,5207904946,unknown,811111,VAIL,AZ,official_business_licenses,,,,
standard,NEXT GENERATION AUTOMOTIVE,5202920814,unknown,811111,TUCSON,AZ,official_business_licenses,,,,
standard,AMES AUTOMOTIVE LLC,5203361425,unknown,811111,TUCSON,AZ,official_business_licenses,,,,
standard,TECH-OP AUTO SERVICE LLC,5209060584,unknown,811111,TUCSON,AZ,official_business_licenses,,,,
standard,AUTO WHOLESALE OPERATING SERVICES,5207843902,unknown,811111,TUCSON,AZ,official_business_licenses,,,,
standard,LARRY H MILLER DODGE RAM TUCSON,5207457901,unknown,811111,TUCSON,AZ,official_business_licenses,,,,
standard,HAMMETT'S GARAGE,5206237686,unknown,811111,TUCSON,AZ,official_business_licenses,,,,
standard,ART'S MOBILE AUTO REPAIR,5205512627,unknown,811111,TUCSON,AZ,official_business_licenses,,,,
standard,J&L COMPLETE AUTOMOTIVE,5203704853,unknown,811111,TUCSON,AZ,official_business_licenses,,,,
standard,SHARPS CUSTOM AUTOMOTIVE,5207981428,unknown,811111,TUCSON,AZ,official_business_licenses,,,,
standard,C&R MOBILE AUTO REPAIR,5206048072,unknown,811111,SAHUARITA,AZ,official_business_licenses,,,,
standard,520 CUSTOMS & REPAIR LLC,5206330096,unknown,811111,TUCSON,AZ,official_business_licenses,,,,
standard,OLSTROM CUSTOM COACH,5206242024,unknown,811111,TUCSON,AZ,official_business_licenses,,,,
standard,FRED'S MOBILE AUTO REPAIR,5203367694,unknown,811111,TUCSON,AZ,official_business_licenses,,,,
standard,JT AUTO II,5203922522,unknown,811111,TUCSON,AZ,official_business_licenses,,,,
standard,THE SERVICE CENTER,5207437705,unknown,811111,TUCSON,AZ,official_business_licenses,,,,
standard,PERFORMANCE COMPLETE AUTO CARE,5207902300,unknown,811111,TUCSON,AZ,official_business_licenses,,,,
standard,EL DORADO TRANSPORTATION,5209718671,unknown,811111,TUCSON,AZ,official_business_licenses,,,,
standard,MONSOON AUTOMOTIVE,5202754733,unknown,811111,TUCSON,AZ,official_business_licenses,,,,
standard,MONSOON AUTOMOTIVE,5203054908,unknown,811111,TUCSON,AZ,official_business_licenses,,,,
standard,RILLITO AUTOMOTIVE INC,5206235260,unknown,811111,TUCSON,AZ,official_business_licenses,,,,
standard,VINAM,5203938209,unknown,811111,TUCSON,AZ,official_business_licenses,,,,
standard,YIMMY'S AUTO CARE LLC,5204293977,unknown,811111,TUCSON,AZ,official_business_licenses,,,,
standard,VALLEY TRUCK AND TRAILER SERVICE,4808927589,unknown,811111,GILBERT,AZ,official_business_licenses,,,,
standard,ARIZONA AFFORDABLE DIESEL TECH,5203251111,unknown,811111,TUCSON,AZ,official_business_licenses,,,,
standard,ADVANTAGE AUTO REPAIR,5208075555,unknown,811111,TUCSON,AZ,official_business_licenses,,,,
standard,ADVANCE CAR CARE AND EMISSIONS INC,5202963343,unknown,811111,TUCSON,AZ,official_business_licenses,,,,
standard,OTHON BROS MOBILE & MAINTENANCE,5202222247,unknown,811111,MARANA,AZ,official_business_licenses,,,,
standard,CANYON VIEW AUTOMOTIVE LLC,5205746920,unknown,811111,TUCSON,AZ,official_business_licenses,,,,
standard,A1 TOTAL RECON CORPORATION,5209096117,unknown,811111,TUCSON,AZ,official_business_licenses,,,,
standard,JORGE A MARTINEZ,5209551988,unknown,811111,TUCSON,AZ,official_business_licenses,,,,
standard,360 PERFORMANCE,5203057564,unknown,811111,TUCSON,AZ,official_business_licenses,,,,
standard,CTA MECHANICS,5204452286,unknown,811111,TUCSON,AZ,official_business_licenses,,,,
standard,F1N1 PERFORMANCE,4806038728,unknown,811111,TUCSON,AZ,official_business_licenses,,,,
standard,CHAMP PERFORMANCE AND FABRICATION LLC,5206241775,unknown,811111,TUCSON,AZ,official_business_licenses,,,,
standard,HERNANDEZ AUTOMOBILE REPAIR,5202481058,unknown,811111,TUCSON,AZ,official_business_licenses,,,,
standard,CAMPA AUTO GLASS LLC,5203493297,unknown,811111,TUCSON,AZ,official_business_licenses,,,,
standard,TOTAL SERVICE SOLUTIONS,5209770479,unknown,811111,TUCSON,AZ,official_business_licenses,,,,
standard,MEINEKE 4378,6024105044,unknown,811111,TUCSON,AZ,official_business_licenses,,,,
standard,RAY'S MOBILE RV REPAIR,5204430411,unknown,811111,VAIL,AZ,official_business_licenses,,,,
standard,MIDAS,5208856703,unknown,811111,TUCSON,AZ,official_business_licenses,,,,
standard,MIDAS,5208878530,unknown,811111,TUCSON,AZ,official_business_licenses,,,,
standard,MIDAS,5205914966,unknown,811111,TUCSON,AZ,official_business_licenses,,,,
standard,MIDAS,5202940088,unknown,811111,TUCSON,AZ,official_business_licenses,,,,
standard,MIDAS,5207217744,unknown,811111,TUCSON,AZ,official_business_licenses,,,,
standard,TEX AUTO REPAIR & SALES,5208380381,unknown,811111,TUCSON,AZ,official_business_licenses,,,,
standard,RICK'S RV SERVICE LLC,5202508599,unknown,811111,TUCSON,AZ,official_business_licenses,,,,
standard,SONORA CAR REPAIR,5208389339,unknown,811111,TUCSON,AZ,official_business_licenses,,,,
standard,BORST AUTO 2 LLC,5207463383,unknown,811111,TUCSON,AZ,official_business_licenses,,,,
standard,MIDAS #1962,5207775707,unknown,811111,TUCSON,AZ,official_business_licenses,,,,
standard,EASTSIDE DISCOUNT MUFFLER,5207901884,unknown,811111,TUCSON,AZ,official_business_licenses,,,,
standard,MEZAS AUTO CENTER,5202761781,unknown,811111,TUCSON,AZ,official_business_licenses,,,,
standard,ZIPF  DONOLD  ZR1,5203605982,unknown,811111,TUCSON,AZ,official_business_licenses,,,,
standard,PRO TIRES,5203529809,unknown,811111,TUCSON,AZ,official_business_licenses,,,,
standard,NETOS AUTOCLINIC,5202944411,unknown,811111,TUCSON,AZ,official_business_licenses,,,,
standard,"THE WRENCH CREW, LLC",5207847533,unknown,811111,TUCSON,AZ,official_business_licenses,,,,
standard,NINO'S AUTO SHOP,5203360261,unknown,811111,TUCSON,AZ,official_business_licenses,,,,
standard,A&R AUTOMOTIVE AND FLEET SERVICE,5203586889,unknown,811111,TUCSON,AZ,official_business_licenses,,,,
standard,AJ MOBILE MECHANIC,5203923003,unknown,811111,TUCSON,AZ,official_business_licenses,,,,
standard,AUTOHAUS TUCSON,5207951673,unknown,811111,TUCSON,AZ,official_business_licenses,,,,
standard,BIG TIME CUSTOM & PERFORMANCE LLC,5204194449,unknown,811111,TUCSON,AZ,official_business_licenses,,,,
standard,D&D AUTOMOTIVE,5202967705,unknown,811111,TUCSON,AZ,official_business_licenses,,,,
standard,ARTCRAFT,5206281490,unknown,811111,TUCSON,AZ,official_business_licenses,,,,
standard,GRANT RD AUTO REPAIR SERVICE LLC,5208675454,unknown,811111,TUCSON,AZ,official_business_licenses,,,,
standard,PLATINUM FLEET SOLUTIONS,5208661921,unknown,811111,TUCSON,AZ,official_business_licenses,,,,
standard,MY MECHANIC MAINTENANCE & REPAIR LLC,5209048551,unknown,811111,TUCSON,AZ,official_business_licenses,,,,
standard,JEMSTAR AUTO REPAIR,5206091242,unknown,811111,TUCSON,AZ,official_business_licenses,,,,
standard,RAMSOWERS AUTOMOTIVE LLC,5203267224,unknown,811111,TUCSON,AZ,official_business_licenses,,,,
standard,TUCSON FOREIGN CAR SPECIALIST LLC,5207475623,unknown,811111,TUCSON,AZ,official_business_licenses,,,,
standard,REVOLUTION AUTOMOTIVE LLC,5209551285,unknown,811111,TUCSON,AZ,official_business_licenses,,,,
standard,BRONCO AUTO REPAIR,5203447718,unknown,811111,TUCSON,AZ,official_business_licenses,,,,
standard,SONOITA FIELD SERVICE,5204295794,unknown,811111,SAHUARITA,AZ,official_business_licenses,,,,
standard,TUCSON MOBILE RV SERVICE LLC,9704052304,unknown,811111,BENSON,AZ,official_business_licenses,,,,
standard,ROSS AUTOMOTIVE,5203122029,unknown,811111,TUCSON,AZ,official_business_licenses,,,,
standard,GOLF CARS OF ARIZONA,5207902400,unknown,811111,TUCSON,AZ,official_business_licenses,,,,
standard,IZEM AUTOMOTIVE REPAIR LLC,5208397040,unknown,811111,TUCSON,AZ,official_business_licenses,,,,
standard,LON'S HOT KITCHEN,5204098772,unknown,811111,TUCSON,AZ,official_business_licenses,,,,
standard,SOOTER'S AUTO SERVICE,5206231002,unknown,811111,TUCSON,AZ,official_business_licenses,,,,
standard,TRINI TOOLS CORPORATION,5206513245,unknown,811111,TUCSON,AZ,official_business_licenses,,,,
standard,NEXT LEVEL MECHANICS,5204004026,unknown,811111,TUCSON,AZ,official_business_licenses,,,,
standard,TUMBLEWEED CUSTOMS,5203583735,unknown,811111,TUCSON,AZ,official_business_licenses,,,,
standard,5 STAR EMISSION REPAIR,5204082222,unknown,811111,TUCSON,AZ,official_business_licenses,,,,
standard,WINSETT ALIGNMENT SPECIALIST,5203121805,unknown,811111,TUCSON,AZ,official_business_licenses,,,,
standard,SPS AUTOSPORT,5206642338,unknown,811111,TUCSON,AZ,official_business_licenses,,,,
standard,URIAS TOWING LLC,5202745811,unknown,811111,TUCSON,AZ,official_business_licenses,,,,
standard,TIM'S MOBILE REPAIR,5208854816,unknown,811111,TUCSON,AZ,official_business_licenses,,,,
standard,SORENSEN AUTOMOTIVE SERVICES,5209041042,unknown,811111,TUCSON,AZ,official_business_licenses,,,,
standard,U-WRENCH,5209711491,unknown,811111,TUCSON,AZ,official_business_licenses,,,,
standard,XSEDO ENTERPRISE,5202041483,unknown,811111,TUCSON,AZ,official_business_licenses,,,,
standard,STUTTGART AUTOHAUS,5208848800,unknown,811111,TUCSON,AZ,official_business_licenses,,,,
standard,TJ'S SPEEDOMETER REPAIR,5203040242,unknown,811111,TUCSON,AZ,official_business_licenses,,,,
standard,ULTIMATE AUTO BOUTIQUE,5206314888,unknown,811111,TUCSON,AZ,official_business_licenses,,,,
standard,PLANET AUTOMOTIVE,5202936006,unknown,811111,TUCSON,AZ,official_business_licenses,,,,
standard,WRXPERT SUBARU & JDM MOBILE MECHANIC LLC,5202610079,unknown,811111,TUCSON,AZ,official_business_licenses,,,,
standard,ARIZONA DYE TECH,5209907120,unknown,811111,TUCSON,AZ,official_business_licenses,,,,
standard,EG'S GOOD TO GO MOBILE,5204067204,unknown,811111,TUCSON,AZ,official_business_licenses,,,,
standard,CATALINA AUTO SUPPLY,5202482983,unknown,811111,TUCSON,AZ,official_business_licenses,,,,
standard,JESUS E QUINONEZ,5208894967,unknown,811111,TUCSON,AZ,official_business_licenses,,,,
standard,LA ARIZONA MOBILE SERVICES,5203587298,unknown,811111,TUCSON,AZ,official_business_licenses,,,,
standard,TRUE CARE AUTOMOTIVE REPAIR,5204602587,unknown,811111,TUCSON,AZ,official_business_licenses,,,,
standard,GENUINE DIESEL TECHNOLOGIES,5204614574,unknown,811111,TUCSON,AZ,official_business_licenses,,,,
standard,INDEPENDENT BMW SERVICE LLC,5203197000,unknown,811111,TUCSON,AZ,official_business_licenses,,,,
standard,JC'S AUTO CARE LLC,5202505178,unknown,811111,TUCSON,AZ,official_business_licenses,,,,
standard,HURTADO AUTOMOTIVE,5202783834,unknown,811111,TUCSON,AZ,official_business_licenses,,,,
standard,BROTHER'S SHOP,5205006890,unknown,811111,TUCSON,AZ,official_business_licenses,,,,
standard,P&B AUTOMOTIVE,5206220143,unknown,811111,TUCSON,AZ,official_business_licenses,,,,
standard,K AND R AUTOMOTIVE LLC,5207453688,unknown,811111,TUCSON,AZ,official_business_licenses,,,,
standard,BAO HEAVY TRUCK MECHANIC,5204654757,unknown,811111,TUCSON,AZ,official_business_licenses,,,,
standard,K'S DIESEL REPAIR,5209004946,unknown,811111,TUCSON,AZ,official_business_licenses,,,,
standard,ACCURATE SERVICE INCORPORATED,5206227685,unknown,811111,TUCSON,AZ,official_business_licenses,,,,
standard,KOREY'S LAKESIDE AUTO REPAIR INC,5207227704,unknown,811111,TUCSON,AZ,official_business_licenses,,,,
standard,INDEPENDENT VOLKSWAGEN AND AUDI SERVICES,5207470044,unknown,811111,TUCSON,AZ,official_business_licenses,,,,
standard,PETE'S AUTO SALES AND SERVICE,5206232071,unknown,811111,TUCSON,AZ,official_business_licenses,,,,
standard,J L EL 5 AUTO SHOP LLC,5203120197,unknown,811111,TUCSON,AZ,official_business_licenses,,,,
standard,GALLO TRANSMISSION AND AUTOCARE LLC,5206223500,unknown,811111,TUCSON,AZ,official_business_licenses,,,,
standard,WFX MECHANIC REPAIR,5202755050,unknown,811111,PHOENIX,AZ,official_business_licenses,,,,
standard,BRAKEMAX,5208484848,unknown,811111,MESA,AZ,official_business_licenses,,,,
standard,JOSHS MOBILE MAINTENANCE AND REPAIR,5205890705,unknown,811111,MARANA,AZ,official_business_licenses,,,,
standard,BRAKE MASTERS # 208,5208860000,unknown,811111,TUCSON,AZ,official_business_licenses,,,,
standard,WAKEFIELD TRUCK AND TRAILER REPAIR,5208891819,unknown,811111,TUCSON,AZ,official_business_licenses,,,,
standard,ARIZONA FRAME,5202486717,unknown,811111,TUCSON,AZ,official_business_licenses,,,,
standard,AZ MOBILE AUTO TECH,5203313444,unknown,811111,TUCSON,AZ,official_business_licenses,,,,
standard,HUMBLE AUTO,5202608819,unknown,811111,TUCSON,AZ,official_business_licenses,,,,
standard,"GOLDIE'S DIESEL, LLC",5206244541,unknown,811111,TUCSON,AZ,official_business_licenses,,,,
standard,HERRERA'S AUTOMOTIVE,5203293831,unknown,811111,TUCSON,AZ,official_business_licenses,,,,
standard,PVAUTO LLC,5207479922,unknown,811111,TUCSON,AZ,official_business_licenses,,,,
standard,ONE STOP AUTOMOTIVE,5205711711,unknown,811111,TUCSON,AZ,official_business_licenses,,,,
standard,TUCSON DESERT ELECTRONICS,5208810432,unknown,811111,TUCSON,AZ,official_business_licenses,,,,
standard,WHP AZ LLC,5206290909,unknown,811111,TUCSON,AZ,official_business_licenses,,,,
standard,A1 AUTO REPAIR & STORAGE,5202820037,unknown,811111,TUCSON,AZ,official_business_licenses,,,,
standard,B AND K TRANSMISSION,5207959823,unknown,811111,TUCSON,AZ,official_business_licenses,,,,
standard,IEM,5204492492,unknown,811111,TUCSON,AZ,official_business_licenses,,,,
standard,MONTYS AUTOMOTIVE,5208875488,unknown,811111,TUCSON,AZ,official_business_licenses,,,,
standard,TLC TOWING SERVICE,5207477333,unknown,811111,TUCSON,AZ,official_business_licenses,,,,
standard,SCOTT'S MOBILE REPAIR,5209092855,unknown,811111,TUCSON,AZ,official_business_licenses,,,,
standard,AUTOMOTIVE COMFORT SPECIALIST LLC,5202038298,unknown,811111,TUCSON,AZ,official_business_licenses,,,,
standard,HOME ELECTRONICS,5207335756,unknown,811111,TUCSON,AZ,official_business_licenses,,,,
standard,DIRT DRS LLC,7026013110,unknown,811111,TUCSON,AZ,official_business_licenses,,,,
standard,MASTERTECH AUTOMOTIVE LLC,5204847511,unknown,811111,TUCSON,AZ,official_business_licenses,,,,
standard,ROBERT'S AUTO REPAIR,5208674050,unknown,811111,TUCSON,AZ,official_business_licenses,,,,
standard,LLC MOBILE GEARHEADS,5209343008,unknown,811111,TUCSON,AZ,official_business_licenses,,,,
standard,KS MISSION LLC,5204057248,unknown,811111,TUCSON,AZ,official_business_licenses,,,,
standard,ROYAL AUTOMOTIVE SERVICE,5206281885,unknown,811111,TUCSON,AZ,official_business_licenses,,,,
standard,MONSOON AUTOMOTIVE LLC,5202961037,unknown,811111,TUCSON,AZ,official_business_licenses,,,,
standard,TUCSON CREATIVE FABRICATION,5202728559,unknown,811111,TUCSON,AZ,official_business_licenses,,,,
standard,AFFORDABLE ROADSIDE,5204908512,unknown,811111,TUCSON,AZ,official_business_licenses,,,,
standard,ED'S AUTO,5209752046,unknown,811111,TUCSON,AZ,official_business_licenses,,,,
standard,CHUCK HAWKS AUTO & PERFORMANCE,5202920880,unknown,811111,TUCSON,AZ,official_business_licenses,,,,
standard,ENVY MOTORSPORTS LLC,5204652426,unknown,811111,TUCSON,AZ,official_business_licenses,,,,
standard,HAPPY CAMPER RV SERVICES LLC,5206094245,unknown,811111,TUCSON,AZ,official_business_licenses,,,,
standard,FASTLANE ACCIDENT REPAIR CENTER,5207501111,unknown,811111,TUCSON,AZ,official_business_licenses,,,,
standard,QUALITY CASTERS MATERIAL & HANDLING LLC,6028816675,unknown,811111,TUCSON,AZ,official_business_licenses,,,,
standard,DEALER AUTO GLASS AZ LLC,6023595592,unknown,811111,PEORIA,AZ,official_business_licenses,,,,
standard,AUTOMD,5206209891,unknown,811111,TUCSON,AZ,official_business_licenses,,,,
standard,DELAGUERRA AUTOMOTIVE SERVICES LLC,5203010524,unknown,811111,TUCSON,AZ,official_business_licenses,,,,
standard,COPPER STAR AUTOMOTIVE REPAIR,5209798670,unknown,811111,TUCSON,AZ,official_business_licenses,,,,
standard,FRANKIE'S AUTO COLLISION,5208919854,unknown,811111,TUCSON,AZ,official_business_licenses,,,,
standard,1616 COMPANY LLC,5206227200,unknown,811111,TUCSON,AZ,official_business_licenses,,,,
standard,AJ'S RV MOBILE SERVICES,5208202386,unknown,811111,TUCSON,AZ,official_business_licenses,,,,
standard,BREWTON AUTOMOTIVE,5204744028,unknown,811111,TUCSON,AZ,official_business_licenses,,,,
standard,MANE AUTOMOTIVE PERFORMANCE LLC,5202249760,unknown,811111,TUCSON,AZ,official_business_licenses,,,,
standard,KING AUTOMOTIVE,5206098654,unknown,811111,TUCSON,AZ,official_business_licenses,,,,
standard,MILLIGANS AUTO REPAIR,5208848954,unknown,811111,TUCSON,AZ,official_business_licenses,,,,
standard,VINTAGE VOLTSWERKS LLC,5202471499,unknown,811111,TUCSON,AZ,official_business_licenses,,,,
standard,BENNY'S AUTO CARE,5205859046,unknown,811111,TUCSON,AZ,official_business_licenses,,,,
standard,ZONA REPAIR SHOP,5209094201,unknown,811111,MARANA,AZ,official_business_licenses,,,,
standard,CHAMPS AUTO REPAIR,5209075321,unknown,811111,TUCSON,AZ,official_business_licenses,,,,
standard,FELIPE ANGEL PEREZ,5203121271,unknown,811111,TUCSON,AZ,official_business_licenses,,,,
standard,PRECISION & MORE RV & AUTOMOTIVE LLC,5208894300,unknown,811111,TUCSON,AZ,official_business_licenses,,,,
standard,RANDALL AUTOMOTIVE,5206228670,unknown,811111,TUCSON,AZ,official_business_licenses,,,,
standard,F1 AUTO DIAGNOSTICS & REPAIR,5209823819,unknown,811111,TUCSON,AZ,official_business_licenses,,,,
standard,MG TRUCK AND TRAILER REPAIR,5206036805,unknown,811111,TUCSON,AZ,official_business_licenses,,,,
standard,RUBEN FLORES' MOBILE SERVICE & REPAIR LLC,5202367524,unknown,811111,TUCSON,AZ,official_business_licenses,,,,
standard,TCR II LLC,5205190241,unknown,811111,TUCSON,AZ,official_business_licenses,,,,
standard,SPECIALIST AUTOMOTIVE,5203046368,unknown,811111,TUCSON,AZ,official_business_licenses,,,,
standard,PUEBLO TRANSMISSION,5206220886,unknown,811111,MARANA,AZ,official_business_licenses,,,,
standard,EL GARAGE AUTO REPAIR & TIRE SERVICES LLC,5203541076,unknown,811111,TUCSON,AZ,official_business_licenses,,,,
standard,BUDGET AUTOMOTIVE CENTER/TUCSON,5207921313,unknown,811111,TUCSON,AZ,official_business_licenses,,,,
standard,FHJ'S MOBILE AUTO REPAIR,5206001515,unknown,811111,TUCSON,AZ,official_business_licenses,,,,
standard,COVENANT AUTOMOTIVE,5203512061,unknown,811111,TUCSON,AZ,official_business_licenses,,,,
standard,JC RAMIREZ AUTOMATIC TRANSMISSION & AUTOMOTIVE,5204090547,unknown,811111,TUCSON,AZ,official_business_licenses,,,,
standard,ZONA'S TRUCK REPAIR,5204095245,unknown,811111,TUCSON,AZ,official_business_licenses,,,,
standard,RODRIGUEZ AUTOMOTIVE WHOLESALE MOTORSPORTS LLC,5207750672,unknown,811111,TUCSON,AZ,official_business_licenses,,,,
standard,WILLIAM M NATIVIDAD,5202712510,unknown,811111,TUCSON,AZ,official_business_licenses,,,,
standard,TUCSON AUTO ELECTRIC & BODY,5206280222,unknown,811111,TUCSON,AZ,official_business_licenses,,,,
standard,AARON'S AFFORDABLE AUTO REPAIR,5204061135,unknown,811111,TUCSON,AZ,official_business_licenses,,,,
standard,BRAKE MASTERS #228,5206227300,unknown,811111,TUCSON,AZ,official_business_licenses,,,,
standard,DETROIT AUTO DETAILING,5203473972,unknown,811111,TUCSON,AZ,official_business_licenses,,,,
standard,AUTO REPAIR OF TUCSON/HANDYMAN HOME SERVICE,5203284343,unknown,811111,TUCSON,AZ,official_business_licenses,,,,
standard,CANCHOLA TECHNICAL SUPPORT,5204048930,unknown,811111,TUCSON,AZ,official_business_licenses,,,,
standard,DENT KING AUTO BODY,5206613372,unknown,811111,TUCSON,AZ,official_business_licenses,,,,
standard,LA ROCA AUTO REPAIR,5204658892,unknown,811111,TUCSON,AZ,official_business_licenses,,,,
standard,AIRPORT GARAGE AUTOMOTIVE & DIESEL REPAI,5208074506,unknown,811111,TUCSON,AZ,official_business_licenses,,,,
standard,TUCSON MOBILE REPAIR,5205398893,unknown,811111,TUCSON,AZ,official_business_licenses,,,,
standard,LIMBERLOST AUTOMOTIVE LLC,5202932600,unknown,811111,TUCSON,AZ,official_business_licenses,,,,
standard,AFA TRUCKING REPAIRS & SALES,5203046893,unknown,811111,TUCSON,AZ,official_business_licenses,,,,
standard,TODD'S GARAGE INC,9548681858,unknown,811111,TUCSON,AZ,official_business_licenses,,,,
standard,M.C. WHEEL REPAIR SW,5202351372,unknown,811111,TUCSON,AZ,official_business_licenses,,,,
standard,DOEHRMAN,6022522964,unknown,811111,PHOENIX,AZ,official_business_licenses,,,,
standard,GOOD OLE DAD'S AUTOMOTIVE,5204015723,unknown,811111,TUCSON,AZ,official_business_licenses,,,,
standard,BIG SKY MOBILE RV TECH SERVICES LLC,5208182310,unknown,811111,TUCSON,AZ,official_business_licenses,,,,
standard,CHAVOS AUTO REPAIR,5205513901,unknown,811111,TUCSON,AZ,official_business_licenses,,,,
standard,MERICAN DREAM REPAIR,5209068466,unknown,811111,TUCSON,AZ,official_business_licenses,,,,
standard,OLD PUEBLO RV LLC,5204818883,unknown,811111,TUCSON,AZ,official_business_licenses,,,,
standard,EL CATRACHO,6027768364,unknown,811111,TUCSON,AZ,official_business_licenses,,,,
standard,AUTOMOTIVE TECH PLUS+,5202784826,unknown,811111,TUCSON,AZ,official_business_licenses,,,,
standard,HONEST PAINT AND BODY SHOP LLC,5206236877,unknown,811111,TUCSON,AZ,official_business_licenses,,,,
standard,PETE'S MOBILE REPAIR,5203583613,unknown,811111,TUCSON,AZ,official_business_licenses,,,,
standard,TOP NOTCH AUTOCARE,5202038485,unknown,811111,TUCSON,AZ,official_business_licenses,,,,
standard,SOUTHERN ARIZONA EQUIPMENT REPAIR,5202231287,unknown,811111,RIO RICO,AZ,official_business_licenses,,,,
standard,PREMIER AUTO SERVICE,5204238181,unknown,811111,TUCSON,AZ,official_business_licenses,,,,
standard,HERRE-CAST COMPLETE AUTO REPAIR LLC,5202035787,unknown,811111,TUCSON,AZ,official_business_licenses,,,,
standard,LARRY H MILLER CHRYSLER JEEP TUCSON,5203275561,unknown,811111,TUCSON,AZ,official_business_licenses,,,,
standard,NIHOTO AUTO REPAIR,5206223315,unknown,811111,TUCSON,AZ,official_business_licenses,,,,
standard,RITA RANCH AUTO & TIRE LLC,5205742000,unknown,811111,TUCSON,AZ,official_business_licenses,,,,
standard,GORDO'S AUTO WORKS,5203399057,unknown,811111,TUCSON,AZ,official_business_licenses,,,,
standard,HI-SPEED RODS & CUSTOMS,5206231973,unknown,811111,TUCSON,AZ,official_business_licenses,,,,
standard,TRINITY ROADSIDE,+18333433343,,811111,VAIL,AZ,adapter:official_business_licenses,,,,
standard,BOCHO'S EXHAUST AND CUSTOMS,5206126449,unknown,811112,TUCSON,AZ,official_business_licenses,,,,
standard,THE SPECIALISTS AT HOME INC,5203262800,unknown,811112,GLENDALE,AZ,official_business_licenses,,,,
standard,DESERT RAT TRANSMISSIONS,5202562701,unknown,811113,TUCSON,AZ,official_business_licenses,,,,
standard,KEENE'S AUTOMOBILE MECHANIC SERVICES,5209125230,unknown,811113,TUCSON,AZ,official_business_licenses,,,,
standard,MOWREY'S MOBILE AUTO REPAIR,5205248677,unknown,811113,TUCSON,AZ,official_business_licenses,,,,
standard,NW BEARING & BRAKE,5204406246,unknown,811114,TUCSON,AZ,official_business_licenses,,,,
standard,ADVANCED CALIBRATION SPECIALISTS,5203722692,unknown,811114,TUCSON,AZ,official_business_licenses,,,,
standard,RIM R3MEDY,5203056509,unknown,811114,TUCSON,AZ,official_business_licenses,,,,
standard,ELITE ADAS CALIBRATIONS,5204050618,unknown,811114,TUCSON,AZ,official_business_licenses,,,,
standard,DESERT GENERATORS LLC,5203329250,unknown,811114,TUCSON,AZ,official_business_licenses,,,,
standard,MANUEL MOLINA,6025741691,unknown,811114,TUCSON,AZ,official_business_licenses,,,,
standard,POWER SPECIALTIES,5204005609,unknown,811114,TUCSON,AZ,official_business_licenses,,,,
standard,TUCSON CHOPPERS,5203314235,unknown,811118,TUCSON,AZ,official_business_licenses,,,,
standard,BOLINGS GARAGE INCORPORATED,5203272255,unknown,811118,TUCSON,AZ,official_business_licenses,,,,
standard,EXHAUST WORKS,5202965306,unknown,811118,TUCSON,AZ,official_business_licenses,,,,
standard,BRAKE MASTERS # 211,5208862000,unknown,811118,TUCSON,AZ,official_business_licenses,,,,
standard,HIGHWAY DIESEL SERVICES INCORPORATED,5206220419,unknown,811118,TUCSON,AZ,official_business_licenses,,,,
standard,THE SHOP,5206231242,unknown,811118,TUCSON,AZ,official_business_licenses,,,,
standard,MERRIGAN'S AZ ROADRUNNERS,5208872992,unknown,811118,TUCSON,AZ,official_business_licenses,,,,
standard,SPECIALTY AUTO ELECTRIC,5203045027,unknown,811118,TUCSON,AZ,official_business_licenses,,,,
standard,MIDWAY AUTO SERVICES,5207458589,unknown,811118,TUCSON,AZ,official_business_licenses,,,,
standard,PREMIERE COLLISION CENTER LLC,5206240739,unknown,811118,TUCSON,AZ,official_business_licenses,,,,
standard,NIPPON MOTOR SERVICE,5208818976,unknown,811118,TUCSON,AZ,official_business_licenses,,,,
standard,VALET AUTO SERVICE,5206245022,unknown,811118,TUCSON,AZ,official_business_licenses,,,,
standard,CHIRCO AUTOMOTIVE CENTER INCORPORATED,5207221985,unknown,811118,TUCSON,AZ,official_business_licenses,,,,
standard,MADDOCK MACHINERY CORP,5208829531,unknown,811118,TUCSON,AZ,official_business_licenses,,,,
standard,ZANA BROS DIESEL INC,5209717179,unknown,811118,TUCSON,AZ,official_business_licenses,,,,
standard,TUCSON AUTO TRUCK & MACHINE,5206248509,unknown,811118,TUCSON,AZ,official_business_licenses,,,,
standard,BRAKE MASTERS #106,5202944900,unknown,811118,TUCSON,AZ,official_business_licenses,,,,
standard,ARIZONA AUTO WRECKING INCORPORATED,5208890461,unknown,811118,TUCSON,AZ,official_business_licenses,,,,
standard,STEVE IIAMES GARNER AUTOMOTIVE,5208854935,unknown,811118,TUCSON,AZ,official_business_licenses,,,,
standard,ROYAL BUICK CO,5207950760,unknown,811118,TUCSON,AZ,official_business_licenses,,,,
standard,RA POWER WINDOW REPAIRS LLC,5202743078,unknown,811118,TUCSON,AZ,official_business_licenses,,,,
standard,VIGUERS AUTOMOTIVE,5207310341,unknown,811118,TUCSON,AZ,official_business_licenses,,,,
standard,SPRAY MASTER,5206226581,unknown,811118,TUCSON,AZ,official_business_licenses,,,,
standard,TRAMPS AUTO REPAIRINC,5207482158,unknown,811118,TUCSON,AZ,official_business_licenses,,,,
standard,ALL WORKS AUTOMOTIVE LLC,5208071761,unknown,811118,TUCSON,AZ,official_business_licenses,,,,
standard,BRAKE MASTERS SYSTEMS,5205120000,unknown,811118,TUCSON,AZ,official_business_licenses,,,,
standard,DESERT REFR & AUTO SERVICE INCORPORATED,5208876961,unknown,811118,TUCSON,AZ,official_business_licenses,,,,
standard,DESERT DIESEL SERVICE CENTER INC,5203490456,unknown,811118,TUCSON,AZ,official_business_licenses,,,,
standard,WILD WEST TIRES LLC,5206645850,unknown,811118,VAIL,AZ,official_business_licenses,,,,
standard,ADVANCED AUTOMOTIVE INCORPORATED,5208856590,unknown,811118,PHOENIX,AZ,official_business_licenses,,,,
standard,C&C AUTO AND DIESEL REPAIR,5203709055,unknown,811118,MARANA,AZ,official_business_licenses,,,,
standard,GALAXY AUTO REPAIR,5206249625,unknown,811118,Tucson,AZ,official_business_licenses,,,,
standard,THE SWEDISH CONNECTION,5204037850,unknown,811118,TUCSON,AZ,official_business_licenses,,,,
standard,MICRO IMPORT SERVICE INCORPORATED,5207958724,unknown,811118,TUCSON,AZ,official_business_licenses,,,,
standard,JORGE'S AUTO SHOP,5208848626,unknown,811118,TUCSON,AZ,official_business_licenses,,,,
standard,RAY SCOTT AUTO INC,5206239374,unknown,811118,TUCSON,AZ,official_business_licenses,,,,
standard,ALL RV SERVICE CENTER INCORPORATED,5206221578,unknown,811118,TUCSON,AZ,official_business_licenses,,,,
standard,Arizona Golf Cart Repair LLC,480-861-1436,unknown,811118,Mesa,AZ,official_business_licenses,,,,
standard,Arizona Motorcycle Services,480-969-6666,unknown,811118,Mesa,AZ,official_business_licenses,,,,
standard,RUDY'S AUTO CENTER,5206244038,unknown,811118,TUCSON,AZ,official_business_licenses,,,,
standard,MAXWELL WHEEL ALIGNMENT,5206240871,unknown,811118,TUCSON,AZ,official_business_licenses,,,,
standard,RUSH TRUCK CENTER TUCSON,5202058500,unknown,811118,TUCSON,AZ,official_business_licenses,,,,
standard,TUCSON TIRE CENTER INC,5202946419,unknown,811118,MESA,AZ,official_business_licenses,,,,
standard,BRAKE MASTERS #103,5207477000,unknown,811118,TUCSON,AZ,official_business_licenses,,,,
standard,DESERT SUN AUTO SERVICE INCORPORATED,5208826680,unknown,811118,TUCSON,AZ,official_business_licenses,,,,
standard,VILLA'S AUTO GARAGE,5206030668,unknown,811118,TUCSON,AZ,official_business_licenses,,,,
standard,WESTERN PERFORMANCE INCORPORATED,5203271747,unknown,811118,TUCSON,AZ,official_business_licenses,,,,
standard,TONY'S AUTOMOTIVE SERVICE,5208823645,unknown,811118,TUCSON,AZ,official_business_licenses,,,,
standard,BRAKE MASTERS #105,5207928000,unknown,811118,TUCSON,AZ,official_business_licenses,,,,
standard,AZ RV STOP,5208003954,unknown,811118,TUCSON,AZ,official_business_licenses,,,,
standard,SALDIVAR DIESEL SERVICES LLC,5204193354,unknown,811118,TUCSON,AZ,official_business_licenses,,,,
standard,FACTORY REP TRUCK & TRAILER PARTS INC,5206233663,unknown,811118,TUCSON,AZ,official_business_licenses,,,,
standard,BOB'S AUTOMATIC TRANSMISSION INC,5208829880,unknown,811118,TUCSON,AZ,official_business_licenses,,,,
standard,DAVE'S AUTO REPAIR,5207330167,unknown,811118,TUCSON,AZ,official_business_licenses,,,,
standard,EUROPEAN SERVICE & REPAIR INCORPORATED,5203211640,unknown,811118,TUCSON,AZ,official_business_licenses,,,,
standard,A&L AUTO CARE,5208898085,unknown,811118,TUCSON,AZ,official_business_licenses,,,,
standard,BRAKE MASTERS #104,5207489000,unknown,811118,TUCSON,AZ,official_business_licenses,,,,
standard,CIVIC CENTER HONDA,5206227233,unknown,811118,TUCSON,AZ,official_business_licenses,,,,
standard,PRECISION INCORPORATED,5203236280,unknown,811118,TUCSON,AZ,official_business_licenses,,,,
standard,ROADRUNNER MOBILE MECHANIC SERVICE,5204403597,unknown,811118,TUCSON,AZ,official_business_licenses,,,,
standard,DIGGINS & SONS POWER SWEEPING,5206289224,unknown,811118,TUCSON,AZ,official_business_licenses,,,,
standard,TRANSMISSION UNLIMITED INCORPORATED,5207906720,unknown,811118,TUCSON,AZ,official_business_licenses,,,,
standard,PAT'S AUTO REPAIR,5208825303,unknown,811118,TUCSON,AZ,official_business_licenses,,,,
standard,MICHAEL'S AUTO,5206245556,unknown,811118,TUCSON,AZ,official_business_licenses,,,,
standard,WOOD-OBERHOLTZER HIGH PERFORMANCE CENTER INC,5206227521,unknown,811118,TUCSON,AZ,official_business_licenses,,,,
standard,AMERICAN POINT OF SALE,5208894700,unknown,811118,TUCSON,AZ,official_business_licenses,,,,
standard,DYNAMIC EMISSION REPAIR INCORPORATED,5202942757,unknown,811118,TUCSON,AZ,official_business_licenses,,,,
standard,ARIZONA AUTOMOTIVE SALES AND REPAIR LLC,5208225034,unknown,811118,TUCSON,AZ,official_business_licenses,,,,
standard,UNCLE BOB'S GARAGE,5206246433,unknown,811118,TUCSON,AZ,official_business_licenses,,,,
standard,BARRY FRANKS MOTORS INCORPORATED,5202933517,unknown,811118,TUCSON,AZ,official_business_licenses,,,,
standard,ALBERT'S AUTO CARE,5206227270,unknown,811118,TUCSON,AZ,official_business_licenses,,,,
standard,SAMMY'S MOBILE AUTO REPAIR,5203363676,unknown,811118,TUCSON,AZ,official_business_licenses,,,,
standard,TUCSON ALTERNATOR EXCHANGE SERVICE INCORPORATED,5206227395,unknown,811118,TUCSON,AZ,official_business_licenses,,,,
standard,BAKER'S AUTO MACHINE,5207463434,unknown,811118,TUCSON,AZ,official_business_licenses,,,,
standard,FRANK'S RADIATORS & MUFFLERS SERVICE,5203049510,unknown,811118,TUCSON,AZ,official_business_licenses,,,,
standard,SCOTT FRICKS AUTOMOTIVE INCORPORATED,5207987834,unknown,811118,TUCSON,AZ,official_business_licenses,,,,
standard,BRAKE MASTERS #116,5207219000,unknown,811118,TUCSON,AZ,official_business_licenses,,,,
standard,BRAKE MASTERS #101,5203239000,unknown,811118,TUCSON,AZ,official_business_licenses,,,,
standard,COLOR DOCTOR,5204049371,unknown,811118,TUCSON,AZ,official_business_licenses,,,,
standard,INTEGRITY MATERIAL HANDLING LLC,5207800749,unknown,811118,TUCSON,AZ,official_business_licenses,,,,
standard,LEW'S AUTOMOTIVE,5208873247,unknown,811118,TUCSON,AZ,official_business_licenses,,,,
standard,SUPERIOR AUTOMOTIVE REPAIR,5207211800,unknown,811118,TUCSON,AZ,official_business_licenses,,,,
standard,VANDERPOOL'S AUTO REFINISHING LLC,5208828290,unknown,811118,TUCSON,AZ,official_business_licenses,,,,
standard,JAMIE'S MOBILE TRUCK & EQUIPMENT REPAIR,+15208864074,,811118,TUCSON,AZ,adapter:official_business_licenses,,,,
standard,CarStar East Valley Collision,4809693553,unknown,811120,Mesa,AZ,official_business_licenses,,,,
standard,DENT BUSTERS WEST,5206096417,unknown,811121,TUCSON,AZ,official_business_licenses,,,,
standard,GOLDIES PAINT AND BODY,5202842620,unknown,811121,TUCSON,AZ,official_business_licenses,,,,
standard,ALEX'S BODY SHOP LLC,5203081173,unknown,811121,TUCSON,AZ,official_business_licenses,,,,
standard,J AND R AUTO BODY LLC,5209073429,unknown,811121,TUCSON,AZ,official_business_licenses,,,,
standard,HARTS RELIABLE RESTORATION SERVICE LLC,5202452612,unknown,811121,TUCSON,AZ,official_business_licenses,,,,
standard,REDLINE CUSTOMS,5205515416,unknown,811121,TUCSON,AZ,official_business_licenses,,,,
standard,C&VS CREATIVE COLORS OF SOUTHERN ARIZONA,5208299777,unknown,811121,CASA GRANDE,AZ,official_business_licenses,,,,
standard,UNIQUE DSC DESIGNS,5204277510,unknown,811121,TUCSON,AZ,official_business_licenses,,,,
standard,WHEEL FIX IT,6025778897,unknown,811121,MESA,AZ,official_business_licenses,,,,
standard,DIAMONDBACK WRAPS AND DETAILING,5204990610,unknown,811121,TUCSON,AZ,official_business_licenses,,,,
standard,MIRANDA'S UPHOLSTERY,5202709747,unknown,811121,TUCSON,AZ,official_business_licenses,,,,
standard,DENTWORKS OF TUCSON,5206615563,unknown,811121,MARANA,AZ,official_business_licenses,,,,
standard,710 W CARMEN,5204814744,unknown,811121,TUCSON,AZ,official_business_licenses,,,,
standard,360 COLLISION CENTER,5204010282,unknown,811121,TUCSON,AZ,official_business_licenses,,,,
standard,DONE RIGHT AUTOMOTIVE LLC,5203049960,unknown,811121,TUCSON,AZ,official_business_licenses,,,,
standard,TUCSON UPHOLSTERY SEAT COVER CO,5203260414,unknown,811121,TUCSON,AZ,official_business_licenses,,,,
standard,THE NORDI GROUP,5209405199,unknown,811121,VAIL,AZ,official_business_licenses,,,,
standard,TKO AUTO RESTORATION,5202693731,unknown,811121,TUCSON,AZ,official_business_licenses,,,,
standard,Q COLLISION,5208844888,unknown,811121,TUCSON,AZ,official_business_licenses,,,,
standard,COMPLETE AUTO RESTORE,5206644356,unknown,811121,TUCSON,AZ,official_business_licenses,,,,
standard,NACC AUTO COLLISION,5208892536,unknown,811121,TUCSON,AZ,official_business_licenses,,,,
standard,AUTO BODY AND PAINT ANYTHING,5207040603,unknown,811121,TUCSON,AZ,official_business_licenses,,,,
standard,DENT-BUSTERS MOBILE LLC,5204818900,unknown,811121,TUCSON,AZ,official_business_licenses,,,,
standard,JD CLASSICS,5205002557,unknown,811121,TUCSON,AZ,official_business_licenses,,,,
standard,JB'S AUTOBODY & PAINT,5204057508,unknown,811121,TUCSON,AZ,official_business_licenses,,,,
standard,TRANSFORMERS PAINT AND BODY,5205737547,unknown,811121,TUCSON,AZ,official_business_licenses,,,,
standard,JSALES INTERIORS,5209716541,unknown,811121,TUCSON,AZ,official_business_licenses,,,,
standard,DYNAMIC AUTO COLLISION LLC,5203880361,unknown,811121,TUCSON,AZ,official_business_licenses,,,,
standard,LAW ENTERPRISES,5202897708,unknown,811121,TUCSON,AZ,official_business_licenses,,,,
standard,AC AUTO APPEARANCE,5203306805,unknown,811121,TUCSON,AZ,official_business_licenses,,,,
standard,EF PAINT & BODY,5208828963,unknown,811121,TUCSON,AZ,official_business_licenses,,,,
standard,A N J AUTOMOTIVE,5202736780,unknown,811121,TUCSON,AZ,official_business_licenses,,,,
standard,M&R AUTO BODY & REPAIR,5204408120,unknown,811121,SAHUARITA,AZ,official_business_licenses,,,,
standard,LIPS CUSTOMS PAINT AND BODY,5209093378,unknown,811121,Tucson,AZ,official_business_licenses,,,,
standard,J&J RESTORATION,5208201467,unknown,811121,TUCSON,AZ,official_business_licenses,,,,
standard,MANNYS AUTO REPAIR AND BODY WORK,5208690909,unknown,811121,TUCSON,AZ,official_business_licenses,,,,
standard,JROD AUTO & BODY,5205394423,unknown,811121,TUCSON,AZ,official_business_licenses,,,,
standard,VINTAGE METAL SERVICES,5205539563,unknown,811121,TUCSON,AZ,official_business_licenses,,,,
standard,LEATHERWORX,5209091664,unknown,811121,VAIL,AZ,official_business_licenses,,,,
standard,SAGUARO AUTOMOTIVE GROUP,5203257600,unknown,811121,TUCSON,AZ,official_business_licenses,,,,
standard,OASIS SUN CONTROL,5203102624,unknown,811121,TUCSON,AZ,official_business_licenses,,,,
standard,BLIND GUY WELDING,5205916767,unknown,811121,TUCSON,AZ,official_business_licenses,,,,
standard,M AND C AUTOBODY REPAIR,5202458561,unknown,811121,VAIL,AZ,official_business_licenses,,,,
standard,PRIME CUSTOM UPHOLSTERY,5209409685,unknown,811121,TUCSON,AZ,official_business_licenses,,,,
standard,EDEN CUSTOMS,5209077727,unknown,811121,TUCSON,AZ,official_business_licenses,,,,
standard,R&R RESTORATIONS LLC,5207776903,unknown,811121,TUCSON,AZ,official_business_licenses,,,,
standard,LIKE NEW MOBILE DENT REPAIR LLC,5208919000,unknown,811121,TUCSON,AZ,official_business_licenses,,,,
standard,KLASSI KAR LLC,5202725303,unknown,811121,TUCSON,AZ,official_business_licenses,,,,
standard,CHAMPION AUTO BODY & PAINT LLC,5202297731,unknown,811121,GILBERT,AZ,official_business_licenses,,,,
standard,MERLIMACK ROBLES,5202309291,unknown,811121,TUCSON,AZ,official_business_licenses,,,,
standard,COLLISION XPERTS TUCSON LIMITED LIABILITY COMPANY,5205260394,unknown,811121,TUCSON,AZ,official_business_licenses,,,,
standard,CHAPMAN COLLISION CENTER,5205125820,unknown,811121,TUCSON,AZ,official_business_licenses,,,,
standard,ANGEL'S DEL TORO UPHOLSTERY,5203047957,unknown,811121,TUCSON,AZ,official_business_licenses,,,,
standard,TWISTED METAL PAINT & BODY SHOP COLLISION CENTER,5204905530,unknown,811121,TUCSON,AZ,official_business_licenses,,,,
standard,J & P AUTO RESTORATIONS LLC,5209811209,unknown,811121,SAHUARITA,AZ,official_business_licenses,,,,
standard,CENTRAL COLLISION CENTER LLC,5203272292,unknown,811121,TUCSON,AZ,official_business_licenses,,,,
standard,DAVID DAMITZ AUTO UPHOLSTERY LLC,5203006134,unknown,811121,TUCSON,AZ,official_business_licenses,,,,
standard,PREMIER AUTO GLASS INC,5204448870,unknown,811122,TUCSON,AZ,official_business_licenses,,,,
standard,AMI AUTO GLASS AND TINT,5208618262,unknown,811122,TUCSON,AZ,official_business_licenses,,,,
standard,TUCSON AUTO GLASS REPAIR,5203317586,unknown,811122,TUCSON,AZ,official_business_licenses,,,,
standard,WILD WEST WINDSHIELD REPAIR,5206061549,unknown,811122,TUCSON,AZ,official_business_licenses,,,,
standard,GUARD GLASS INC,5208895650,unknown,811122,TUCSON,AZ,official_business_licenses,,,,
standard,2BROTHERS TINT,5209060231,unknown,811122,TUCSON,AZ,official_business_licenses,,,,
standard,TMG AUTO GLASS,5206339874,unknown,811122,TUCSON,AZ,official_business_licenses,,,,
standard,POLISHED AUTO GLASS,5202502496,unknown,811122,TUCSON,AZ,official_business_licenses,,,,
standard,EXOTIC TINT AND DETAIL AND SMOKE,5203081900,unknown,811122,TUCSON,AZ,official_business_licenses,,,,
standard,TINT WORLD TUCSON,5418174008,unknown,811122,TUCSON,AZ,official_business_licenses,,,,
standard,ATOMIK AUTO GLASS,5206034599,unknown,811122,TUCSON,AZ,official_business_licenses,,,,
standard,COAST 2 COAST WINDOW TINTING,5204040683,unknown,811122,TUCSON,AZ,official_business_licenses,,,,
standard,1ST TINT & GLASS,5209659618,unknown,811122,TUCSON,AZ,official_business_licenses,,,,
standard,NARCISO'S AUTO GLASS LLC,5205278017,unknown,811122,TUCSON,AZ,official_business_licenses,,,,
standard,COOLCAT WINDOW TINTING AND CUSTOMS LLC,5203908716,unknown,811122,TUCSON,AZ,official_business_licenses,,,,
standard,ARIZONA GLASS BROTHERS LLC,6026222003,unknown,811122,TUCSON,AZ,official_business_licenses,,,,
standard,VEGA AUTO GLASS,5205992361,unknown,811122,TUCSON,AZ,official_business_licenses,,,,
standard,SUPERGLASS WINDSHIELD REPAIR,5204046522,unknown,811122,TUCSON,AZ,official_business_licenses,,,,
standard,DREAMWORKS AUTO GLASS LLC,5203299222,unknown,811122,TUCSON,AZ,official_business_licenses,,,,
standard,NORTHWEST AUTO GLASS INC,5207448900,unknown,811122,TUCSON,AZ,official_business_licenses,,,,
standard,FIRST GLASS,5203642088,unknown,811122,DOUGLAS,AZ,official_business_licenses,,,,
standard,BECQUE'S AUTO GLASS LLC,5202600410,unknown,811122,TUCSON,AZ,official_business_licenses,,,,
standard,XTREME AUTO GLASS & REPAIR LLC,5202602983,unknown,811122,TUCSON,AZ,official_business_licenses,,,,
standard,TUCSON AUTO GLASS AND TINT SPECIALIST,5206497329,unknown,811122,TUCSON,AZ,official_business_licenses,,,,
standard,ELITE AUTO WINDOW TINTING,5202458690,unknown,811122,TUCSON,AZ,official_business_licenses,,,,
standard,GRAVEL PIT GLASS LLC,5204092640,unknown,811122,TUCSON,AZ,official_business_licenses,,,,
standard,PRIORITY AUTOGLASS,5203098071,unknown,811122,TUCSON,AZ,official_business_licenses,,,,
standard,RIGHT CHOICE GLASS,5202619456,unknown,811122,TUCSON,AZ,official_business_licenses,,,,
standard,GTECH GLASS & TINT INC,5204847782,unknown,811122,TUCSON,AZ,official_business_licenses,,,,
standard,R&DJ AUTO GLASS,5207844558,unknown,811122,TUCSON,AZ,official_business_licenses,,,,
standard,ATM AUTOGLASS,5203304348,unknown,811122,TUCSON,AZ,official_business_licenses,,,,
standard,TONY'S AUTO GLASS,5208892422,unknown,811122,TUCSON,AZ,official_business_licenses,,,,
standard,NU TINT,5208208493,unknown,811122,TUCSON,AZ,official_business_licenses,,,,
standard,SS WINDOW TINT,5203028933,unknown,811122,TUCSON,AZ,official_business_licenses,,,,
standard,AUTO & TRUCK GLASS AZ,5207300846,unknown,811122,TUCSON,AZ,official_business_licenses,,,,
standard,GLASS DOCTOR OF TUCSON,5202929208,unknown,811122,TUCSON,AZ,official_business_licenses,,,,
standard,A&H AUTO GLASS,5203056286,unknown,811122,TUCSON,AZ,official_business_licenses,,,,
standard,TRILOGY AUTOGLASS,5204997386,unknown,811122,TUCSON,AZ,official_business_licenses,,,,
standard,1-HOUR AUTO GLASS LLC,5208915880,unknown,811122,TUCSON,AZ,official_business_licenses,,,,
standard,"ONE TIME WINDOW TINT, DETAIL LLC",5203098242,unknown,811122,TUCSON,AZ,official_business_licenses,,,,
standard,MIRACLE GLASS OF TUCSON,5204443839,unknown,811122,TUCSON,AZ,official_business_licenses,,,,
standard,IMAGINATIVE MATERIALS & DESIGN INC,5207773031,unknown,811122,TUCSON,AZ,official_business_licenses,,,,
standard,SWIFTLY LLC,5202418490,unknown,811122,TUCSON,AZ,official_business_licenses,,,,
standard,CITY WIDE AUTO GLASS LLC,5204255252,unknown,811122,TUCSON,AZ,official_business_licenses,,,,
standard,GARRISON GLASS,5203121452,unknown,811122,VAIL,AZ,official_business_licenses,,,,
standard,A-Z POWER WINDOWS & REPAIR,5203394841,unknown,811122,TUCSON,AZ,official_business_licenses,,,,
standard,ELITE MOBILE WINDSHIELD REPAIR LLC,5207803224,unknown,811122,TUCSON,AZ,official_business_licenses,,,,
standard,GLASSTEK AUTOGLASS LLC,5203459420,unknown,811122,TUCSON,AZ,official_business_licenses,,,,
standard,FORMULA 1 AUTO GLASS LLC,5208910109,unknown,811122,TUCSON,AZ,official_business_licenses,,,,
standard,TOXIC EXOTIC CUSTOMS,5203128224,unknown,811122,TUCSON,AZ,official_business_licenses,,,,
standard,ZO'S AUTOMOTIVE REPAIR,5203315833,unknown,811122,TUCSON,AZ,official_business_licenses,,,,
standard,MECA AUTO GLASS LLC,5205282072,unknown,811122,TUCSON,AZ,official_business_licenses,,,,
standard,SHELBY AUTO GLASS LLC,5203106275,unknown,811122,TUCSON,AZ,official_business_licenses,,,,
standard,RELIABLE GLASS TUCSON,5206200011,unknown,811122,TUCSON,AZ,official_business_licenses,,,,
standard,USA TINT SOLUTIONS,5205760449,unknown,811122,TUCSON,AZ,official_business_licenses,,,,
standard,SAFETY GLASS,5202736887,unknown,811122,TUCSON,AZ,official_business_licenses,,,,
standard,SOUTHTOWN,5207898796,unknown,811122,TUCSON,AZ,official_business_licenses,,,,
standard,CLEAR VIEW GLASS AND TINT LLC,5203933930,unknown,811122,TUCSON,AZ,official_business_licenses,,,,
standard,RONDO AUTO GLASS,5206687016,unknown,811122,TUCSON,AZ,official_business_licenses,,,,
standard,TUCSON AUTO PROTECTION,5203734712,unknown,811122,TUCSON,AZ,official_business_licenses,,,,
standard,MICROCHIP WINDSHIELD REPAIR,5202967688,unknown,811122,TUCSON,AZ,official_business_licenses,,,,
standard,SUPREME AUTO GLASS AND TINT LLC,5203047174,unknown,811122,TUCSON,AZ,official_business_licenses,,,,
standard,B AND B AUTO GLASS,5203892023,unknown,811122,TUCSON,AZ,official_business_licenses,,,,
standard,VANISH AUTO GLASS LLC,5202451051,unknown,811122,TUCSON,AZ,official_business_licenses,,,,
standard,TUCSON TINTING AND AUTO GLASS,5203126061,unknown,811122,TUCSON,AZ,official_business_licenses,,,,
standard,SUMMIT AUTO GLASS,4809145277,unknown,811122,PHOENIX,AZ,official_business_licenses,,,,
standard,CCG & T,5202783512,unknown,811122,TUCSON,AZ,official_business_licenses,,,,
standard,SWEET WINDOW TINTING INC,5204900433,unknown,811122,TUCSON,AZ,official_business_licenses,,,,
standard,EXCALIBUR WINDOW TINT,5208083724,unknown,811122,TUCSON,AZ,official_business_licenses,,,,
standard,RIGHT CHOICE COLLISION CENTER OF TUCSON,5208676021,unknown,811122,TUCSON,AZ,official_business_licenses,,,,
standard,QUARTZ AUTO GLASS,5205858131,unknown,811122,TUCSON,AZ,official_business_licenses,,,,
standard,BUCKSHOT PINSTRIPING,5203314315,unknown,811122,TUCSON,AZ,official_business_licenses,,,,
standard,SAFE SHIELD AUTO GLASS,5203314576,unknown,811122,TUCSON,AZ,official_business_licenses,,,,
standard,QUICK AND RIGHT AUTO GLASS,5204040182,unknown,811122,TUCSON,AZ,official_business_licenses,,,,
standard,CRUZ AUTO GLASS,5208085883,unknown,811122,TUCSON,AZ,official_business_licenses,,,,
standard,VARSITY AUTO GLASS LLC,+15204378240,,811122,TUCSON,AZ,adapter:official_business_licenses,,,,
standard,"Made In The Shade, Inc",4809859293,unknown,811122 / 238150,Mesa,AZ,official_business_licenses,,,,
standard,GUIRADO'S AUTO,5202736334,unknown,811191,TUCSON,AZ,official_business_licenses,,,,
standard,DESERT AUTOTECH,5202037272,unknown,811191,TUCSON,AZ,official_business_licenses,,,,
standard,ARIZONA AUTO INSPECTIONS,5202372627,unknown,811191,TUCSON,AZ,official_business_licenses,,,,
standard,COLLISION APPRAISAL SERVICE,5209890591,unknown,811191,RED ROCK,AZ,official_business_licenses,,,,
standard,ARTISTIC ELEGANCE INC,5202377985,unknown,811191,TUCSON,AZ,official_business_licenses,,,,
standard,BIG LEVSTER MOBILE GARAGE/B & M MOBILE GARAGE,5208952987,unknown,811191,TUCSON,AZ,official_business_licenses,,,,
standard,BAILEYS ECO OIL LUBE SERVICES LLC,5202908153,unknown,811191,TUCSON,AZ,official_business_licenses,,,,
standard,ROWDYS GARAGE,5207227003,unknown,811191,TUCSON,AZ,official_business_licenses,,,,
standard,520 AUTO REPAIR,5203674476,unknown,811191,TUCSON,AZ,official_business_licenses,,,,
standard,Grease Monkey,(480) 668-1193,unknown,"811191, 811114, 811111, 811198",Mesa,AZ,official_business_licenses,,,,
standard,Rincon Valley Detailing,5204884637,unknown,811192,TUCSON,AZ,official_business_licenses,,,,
standard,SUPERIOR AUTO STYLE,5209773153,unknown,811192,MARANA,AZ,official_business_licenses,,,,
standard,AUTO WASH EXPRESS-VALENCIA,5202691593,unknown,811192,TUCSON,AZ,official_business_licenses,,,,
standard,BLUE AGAVE MOBILE DETAILING,5202620125,unknown,811192,MARANA,AZ,official_business_licenses,,,,
standard,SO SO CLEAN DETAIL,5203349623,unknown,811192,TUCSON,AZ,official_business_licenses,,,,
standard,BOSS CAR WASH PROS,5209551234,unknown,811192,TUCSON,AZ,official_business_licenses,,,,
standard,ALEX AUTO DETAILING RVS & TRUCKS,5209718451,unknown,811192,TUCSON,AZ,official_business_licenses,,,,
standard,WALK IN THE PARK ii,5209078130,unknown,811192,TUCSON,AZ,official_business_licenses,,,,
standard,BRIC MANAGEMENT,5202615865,unknown,811192,TUCSON,AZ,official_business_licenses,,,,
standard,DAMORES WASH,5204604997,unknown,811192,GREEN VALLEY,AZ,official_business_licenses,,,,
standard,RECON AUTO DETAILING LLC,5202624512,unknown,811192,MARANA,AZ,official_business_licenses,,,,
standard,FIESTA CARWASH,7025380852,unknown,811192,TUCSON,AZ,official_business_licenses,,,,
standard,JLP VAZQUEZ DETAIL SERVICE,5202728836,unknown,811192,TUCSON,AZ,official_business_licenses,,,,
standard,VIKING CARWASH LLC,5208822702,unknown,811192,TUCSON,AZ,official_business_licenses,,,,
standard,SUNSHINE DETAIL,5209074808,unknown,811192,TUCSON,AZ,official_business_licenses,,,,
standard,MIRACLE FINISH,5202197905,unknown,811192,TUCSON,AZ,official_business_licenses,,,,
standard,SUPER SHINE DETAIL & HAND WASH,5208087238,unknown,811192,TUCSON,AZ,official_business_licenses,,,,
standard,ARIAN'S CARWASH,5203124378,unknown,811192,TUCSON,AZ,official_business_licenses,,,,
standard,ON THE SPOT MOBILE DETAIL & CAR WASH,5202562254,unknown,811192,GREEN VALLEY,AZ,official_business_licenses,,,,
standard,TELLO DETAILING,5202717433,unknown,811192,TUCSON,AZ,official_business_licenses,,,,
standard,HUMBLE POWERWASH,5208093568,unknown,811192,TUCSON,AZ,official_business_licenses,,,,
standard,MONKEY SHINE CARWASH,5204047999,unknown,811192,TUCSON,AZ,official_business_licenses,,,,
standard,RAPID SPRAY CAR WASH,5203253250,unknown,811192,TUCSON,AZ,official_business_licenses,,,,
standard,TOMMY'S CAR WASH,5202091536,unknown,811192,TUCSON,AZ,official_business_licenses,,,,
standard,CDR AUTO DETAIL,5203066475,unknown,811192,TUCSON,AZ,official_business_licenses,,,,
standard,SPARK AUTOMOTIVE DETAILING,5205004132,unknown,811192,TUCSON,AZ,official_business_licenses,,,,
standard,TUCSON DETAILS,5204470223,unknown,811192,TUCSON,AZ,official_business_licenses,,,,
standard,BLUE WHALE CAR WASH 1ST AVE,5033130453,unknown,811192,PHOENIX,AZ,official_business_licenses,,,,
standard,ABC MOBILE DETAIL,5203892324,unknown,811192,TUCSON,AZ,official_business_licenses,,,,
standard,DESERT MOBILE AUTO DETAIL LLC,5204097154,unknown,811192,TUCSON,AZ,official_business_licenses,,,,
standard,LEMME PREMIERE DETAIL,5204848966,unknown,811192,TUCSON,AZ,official_business_licenses,,,,
standard,XTREME SHINE,5209776274,unknown,811192,TUCSON,AZ,official_business_licenses,,,,
standard,MAGIC TOUCH MOBIL WASH AND DETAIL,5209918583,unknown,811192,TUCSON,AZ,official_business_licenses,,,,
standard,DYNAMITE CAR WASH - HYPERSONIC,5204256801,unknown,811192,TUCSON,AZ,official_business_licenses,,,,
standard,AUTO STAR MOBILE DETAILING LLC,5208702209,unknown,811192,TUCSON,AZ,official_business_licenses,,,,
standard,PORTILLO'S MOBILE AUTO DETAIL,5205395553,unknown,811192,TUCSON,AZ,official_business_licenses,,,,
standard,CLASSIC DETAIL,5204658703,unknown,811192,TUCSON,AZ,official_business_licenses,,,,
standard,CLR DETAILING,5204811383,unknown,811192,TUCSON,AZ,official_business_licenses,,,,
standard,K & M AUTOMOTIVE DETAILING,5209122851,unknown,811192,TUCSON,AZ,official_business_licenses,,,,
standard,CORONADO AUTO SHINE DETAILING,5204191015,unknown,811192,TUCSON,AZ,official_business_licenses,,,,
standard,MR. BUBBLES CAR WASH,5202081139,unknown,811192,TUCSON,AZ,official_business_licenses,,,,
standard,DIEGO SANTOS,5204663937,unknown,811192,ELOY,AZ,official_business_licenses,,,,
standard,DREAMERS AUTO DETAIL,5203109468,unknown,811192,TUCSON,AZ,official_business_licenses,,,,
standard,WET N WILD CAR WASH PARK AVE,5209091416,unknown,811192,MARANA,AZ,official_business_licenses,,,,
standard,DEDICATED DETAILING,5208697448,unknown,811192,TUCSON,AZ,official_business_licenses,,,,
standard,AMANDO'S AUTO DETAIL,5205466977,unknown,811192,TUCSON,AZ,official_business_licenses,,,,
standard,VAIL MOBILE DETAILING,5205238699,unknown,811192,VAIL,AZ,official_business_licenses,,,,
standard,TUCSON CARWASH SUPPLY,5714802363,unknown,811192,TUCSON,AZ,official_business_licenses,,,,
standard,PACO'S AUTO DETAILING,6026701338,unknown,811192,GREEN VALLEY,AZ,official_business_licenses,,,,
standard,GUSTAVO CONTRERAS,5203585269,unknown,811192,TUCSON,AZ,official_business_licenses,,,,
standard,PRO DETAIL,5209098982,unknown,811192,TUCSON,AZ,official_business_licenses,,,,
standard,ULTRA TOUCH DETAILING LLC,7023764200,unknown,811192,TUCSON,AZ,official_business_licenses,,,,
standard,KNUCKLEHEAD DETAILING,5204067592,unknown,811192,TUCSON,AZ,official_business_licenses,,,,
standard,PERFECTION DETAILING,5203050458,unknown,811192,TUCSON,AZ,official_business_licenses,,,,
standard,9-5 AUTO DETAIL,5204909037,unknown,811192,TUCSON,AZ,official_business_licenses,,,,
standard,SPLASH SPA MOBILE DETAIL,5208698326,unknown,811192,TUCSON,AZ,official_business_licenses,,,,
standard,R & T SOLUTIONS LLC,5202711683,unknown,811192,TUCSON,AZ,official_business_licenses,,,,
standard,FINE LINES AUTOMOTIVE LLC,5202931946,unknown,811192,TUCSON,AZ,official_business_licenses,,,,
standard,PATAS LOCAS AUTO DETAIL,5204455339,unknown,811192,TUCSON,AZ,official_business_licenses,,,,
standard,MAGIC FROG,5205480264,unknown,811192,TUCSON,AZ,official_business_licenses,,,,
standard,THE DETAIL COLLECTIVE,5203138900,unknown,811192,TUCSON,AZ,official_business_licenses,,,,
standard,RADIANT AUTO DETAILING,5203302817,unknown,811192,TUCSON,AZ,official_business_licenses,,,,
standard,AUTO-NU MOBILE WASH & TINT,5206472620,unknown,811192,TUCSON,AZ,official_business_licenses,,,,
standard,LML TRUCK WASH,5204810729,unknown,811192,TUCSON,AZ,official_business_licenses,,,,
standard,NOBLEMAN PROPERTIES,5202051267,unknown,811192,TUCSON,AZ,official_business_licenses,,,,
standard,SPARKLE PRO MOBILE DETAILING,5202216555,unknown,811192,TUCSON,AZ,official_business_licenses,,,,
standard,ARIZONA AUTO DETAIL,5204063838,unknown,811192,TUCSON,AZ,official_business_licenses,,,,
standard,SPEEDWAY DETAIL SHOP,5209044047,unknown,811192,TUCSON,AZ,official_business_licenses,,,,
standard,ROADRUNNER MOBILE AUTO WASH LLC,5203102562,unknown,811192,TUCSON,AZ,official_business_licenses,,,,
standard,ORTIZ'S MOBILE DETAIL,5209773419,unknown,811192,VAIL,AZ,official_business_licenses,,,,
standard,ELMER MOBILE CAR DETAILING,5205569223,unknown,811192,TUCSON,AZ,official_business_licenses,,,,
standard,ALPHA TIRE AND ROAD SERVICE LLC,5208915820,unknown,811198,TUCSON,AZ,official_business_licenses,,,,
standard,WHEELS & MORE OFFROAD,5205737606,unknown,811198,TUCSON,AZ,official_business_licenses,,,,
standard,GRANADOS TIRE SHOP,5203583066,unknown,811198,TUCSON,AZ,official_business_licenses,,,,
standard,52O TIRE CO LLC,5204014073,unknown,811198,TUCSON,AZ,official_business_licenses,,,,
standard,THE LOCAL MECHANIC LLC,5207715191,unknown,811198,TUCSON,AZ,official_business_licenses,,,,
standard,CRUZ TIRE SHOP,5203722467,unknown,811198,TUCSON,AZ,official_business_licenses,,,,
standard,J-TEK AUTOMOTIVE SOLUTIONS,5205481920,unknown,811198,TUCSON,AZ,official_business_licenses,,,,
standard,WNJ ENTERPRISES INC,5202625827,unknown,811198,TUCSON,AZ,official_business_licenses,,,,
standard,DOMS DINGS AND DENTS,5205993543,unknown,811198,TUCSON,AZ,official_business_licenses,,,,
standard,D&J AUTOMOTIVE,5203313028,unknown,811198,TUCSON,AZ,official_business_licenses,,,,
standard,O & J TIRE SHOP,5204829773,unknown,811198,Tucson,AZ,official_business_licenses,,,,
standard,"JV TIRE REPAIR, LLC",5208080500,unknown,811198,TUCSON,AZ,official_business_licenses,,,,
standard,RIVAS TIRE SERVICE,5208092859,unknown,811198,TUCSON,AZ,official_business_licenses,,,,
standard,AIRZONA TIRE SERVICE,5203609052,unknown,811198,TUCSON,AZ,official_business_licenses,,,,
standard,ANTONE-WAGMAN MOBILE MAINTENANCE,5206008122,unknown,811198,TUCSON,AZ,official_business_licenses,,,,
standard,H&N MOBILE RV SERVICES,5203338330,unknown,811198,TUCSON,AZ,official_business_licenses,,,,
standard,MARTIN CUSTOMS,5208509523,unknown,811198,TUCSON,AZ,official_business_licenses,,,,
standard,ALL MAKES & MODELS AUTO REPAIR OF AZ,5203123430,unknown,811198,TUCSON,AZ,official_business_licenses,,,,
standard,BIG O TIRES,5202038031,unknown,811198,TUCSON,AZ,official_business_licenses,,,,
standard,EL TINGON TIRE SHOP #2,5208812886,unknown,811198,TUCSON,AZ,official_business_licenses,,,,
standard,FRANKS DESERT DIESEL,5207920132,unknown,811198,TUCSON,AZ,official_business_licenses,,,,
standard,MOBILE MECHANIC SOL,5203394695,unknown,811198,TUCSON,AZ,official_business_licenses,,,,
standard,LS ROADSIDE & SERVICE,5209553401,unknown,811198,TUCSON,AZ,official_business_licenses,,,,
standard,PHIL'S FLEET TIRE SERVICE INC,5208849882,unknown,811198,TUCSON,AZ,official_business_licenses,,,,
standard,AMERICAN INSPECTION AND TEST INC,4809631131,unknown,811198,CHANDLER,AZ,official_business_licenses,,,,
standard,CHICHO'S TIRE SHOP #2,5202484285,unknown,811198,TUCSON,AZ,official_business_licenses,,,,
standard,PEXX TIRES LLC,5202402122,unknown,811198,TUCSON,AZ,official_business_licenses,,,,
standard,BUDDYS AUTO DIAGNOSTIC AND A/C SERVICE,5207047800,unknown,811198,TUCSON,AZ,official_business_licenses,,,,
standard,PAUL PRECISION INSPECTION,5202894716,unknown,811198,TUCSON,AZ,official_business_licenses,,,,
standard,EL TINGON #6,5208824004,unknown,811198,TUCSON,AZ,official_business_licenses,,,,
standard,JD AUTOMOTIVE FABRICATION,9282788206,unknown,811198,TUCSON,AZ,official_business_licenses,,,,
standard,AREA 227,5205265667,unknown,811198,TUCSON,AZ,official_business_licenses,,,,
standard,GARAGE DOCTOR,5209797796,unknown,811198,TUCSON,AZ,official_business_licenses,,,,
standard,JR TIRES & MORE,5202727345,unknown,811198,TUCSON,AZ,official_business_licenses,,,,
standard,TIRE PROS & AUTO LLC,5203984518,unknown,811198,TUCSON,AZ,official_business_licenses,,,,
standard,BARCELO TIRE TEAM LLC,5205002058,unknown,811198,TUCSON,AZ,official_business_licenses,,,,
standard,COCORIT SERVICE TRUCK,5204404284,unknown,811198,TUCSON,AZ,official_business_licenses,,,,
standard,TIRE CHASERS,5203491804,unknown,811198,TUCSON,AZ,official_business_licenses,,,,
standard,Meineke Car Care Center,480-597-7011,unknown,"811198, 811114",Mesa,AZ,official_business_licenses,,,,
standard,SCOTT DENTAL SOLUTIONS,5204444554,unknown,811210,TUCSON,AZ,official_business_licenses,,,,
standard,HART TECHNOLOGY SOLUTIONS,5207627614,unknown,811210,TUCSON,AZ,official_business_licenses,,,,
standard,BACK ON TRACK EQUIPMENT SERVICES,5206329225,unknown,811210,MARANA,AZ,official_business_licenses,,,,
standard,BENJAMIN CARNAHAN LUTHIER SERVICES,5203738240,unknown,811210,TUCSON,AZ,official_business_licenses,,,,
standard,GRAND CANYON SOLAR CLEANING,5204511839,unknown,811210,TUCSON,AZ,official_business_licenses,,,,
standard,TRUETEK SOLUTIONS,5203659392,unknown,811210,TUCSON,AZ,official_business_licenses,,,,
standard,ALPINE TECH,5205742982,unknown,811211,TUCSON,AZ,official_business_licenses,,,,
standard,TWO-WAY RADIO SOUTHWEST,5207903400,unknown,811211,TUCSON,AZ,official_business_licenses,,,,
standard,MY GADGET GEAR LLC,5203273771,unknown,811211,TUCSON,AZ,official_business_licenses,,,,
standard,ARNAUD INVESTMENT LLC,5208389359,unknown,811211,TUCSON,AZ,official_business_licenses,,,,
standard,CALTRODE INC,5206589729,unknown,811211,TUCSON,AZ,official_business_licenses,,,,
standard,TELEPHONE CONNECTION THE,5208696213,unknown,811211,TUCSON,AZ,official_business_licenses,,,,
standard,STRAIGHT EDGE ELECTRONICS,6235539800,unknown,811211,TUCSON,AZ,official_business_licenses,,,,
standard,ELECTRONIX PROS,5208827155,unknown,811211,TUCSON,AZ,official_business_licenses,,,,
standard,HIFI WORKSHOP,5203268051,unknown,811211,TUCSON,AZ,official_business_licenses,,,,
standard,PERSPECTIVE IMAGE LLC,5712448962,unknown,811211,TUCSON,AZ,official_business_licenses,,,,
standard,RPM 12VOLT,8565354060,unknown,811211,TUCSON,AZ,official_business_licenses,,,,
standard,ELECTRONIC SOLUTIONS,5203330370,unknown,811211,TUCSON,AZ,official_business_licenses,,,,
standard,READY SET REPAIR,5209815840,unknown,811211,TUCSON,AZ,official_business_licenses,,,,
standard,TECH TREE COMPUTER SERVICES LLC,480-939-9750,unknown,811211,Mesa,AZ,official_business_licenses,,,,
standard,CONTROL ALT REPAIR LLC,5209758728,unknown,811211,TUCSON,AZ,official_business_licenses,,,,
standard,"Rekt Drones, LLC",4807382002,unknown,811211,Mesa,AZ,official_business_licenses,,,,
standard,NORTHEAST COMPUTER REPAIR,5208347848,unknown,811212,TUCSON,AZ,official_business_licenses,,,,
standard,CHIP & CODE LLC,5203336873,unknown,811212,TUCSON,AZ,official_business_licenses,,,,
standard,GEEKS SQUARED LLC,5202614335,unknown,811212,TUCSON,AZ,official_business_licenses,,,,
standard,CAGLETECH SERVICES,5203333396,unknown,811212,TUCSON,AZ,official_business_licenses,,,,
standard,LJJM TECH,5204713805,unknown,811212,TUCSON,AZ,official_business_licenses,,,,
standard,TUCSON TECH GUY LLC,5209559092,unknown,811212,TUCSON,AZ,official_business_licenses,,,,
standard,ADVANCED IT SOLUTIONS,(480) 668-1413,unknown,811212,Mesa,AZ,official_business_licenses,,,,
standard,CROSSWALK TECHNOLOGIES,5205489696,unknown,811212,TUCSON,AZ,official_business_licenses,,,,
standard,FELKNER ENTERPRISES,5205798602,unknown,811212,TUCSON,AZ,official_business_licenses,,,,
standard,COMPUTERZ101,5202076982,unknown,811212,TUCSON,AZ,official_business_licenses,,,,
standard,EGGBOY LC,5204815088,unknown,811212,TUCSON,AZ,official_business_licenses,,,,
standard,JR'S PC & NETWORKING SOLUTIONS,5207953465,unknown,811212,TUCSON,AZ,official_business_licenses,,,,
standard,MARTYRDOM COMPUTER SERVICES,5203700561,unknown,811212,TUCSON,AZ,official_business_licenses,,,,
standard,A+ COMPUTER TUTOR TRAINING SERVICE & REP,5207474668,unknown,811212,TUCSON,AZ,official_business_licenses,,,,
standard,DTS TUCSON,5203582205,unknown,811212,TUCSON,AZ,official_business_licenses,,,,
standard,TECHNOLOGY AND MEDICAL STORE LLC,5209550941,unknown,811212,TUCSON,AZ,official_business_licenses,,,,
standard,SCREEN SURGEONS LLC,5203059892,unknown,811212,TUCSON,AZ,official_business_licenses,,,,
standard,HLS NETWORKS LLC,5206311971,unknown,811212,TUCSON,AZ,official_business_licenses,,,,
standard,MSP COMPUTER SOLUTIONS,5202415877,unknown,811212,TUCSON,AZ,official_business_licenses,,,,
standard,CELLULAR REPAIR SOLUTIONS,5203038478,unknown,811212,TUCSON,AZ,official_business_licenses,,,,
standard,QUIK TECHS LLC,5209702269,unknown,811212,TUCSON,AZ,official_business_licenses,,,,
standard,COMPUTER SURGEONS LLC,4809819600,unknown,811212,Mesa,AZ,official_business_licenses,,,,
standard,PING PONG MEDIA AV,5205772615,unknown,811212,TUCSON,AZ,official_business_licenses,,,,
standard,TECK PROS,5204190586,unknown,811212,TUCSON,AZ,official_business_licenses,,,,
standard,DESERT SKY IT LLC,5203527557,unknown,811212,TUCSON,AZ,official_business_licenses,,,,
standard,JMS COMPUTERTEK,5203589188,unknown,811212,TUCSON,AZ,official_business_licenses,,,,
standard,PANACHE HAIR AND NAILS,5207950600,unknown,811212,TUCSON,AZ,official_business_licenses,,,,
standard,5TH LOBE SYSTEMS,5204490792,unknown,811212,TUCSON,AZ,official_business_licenses,,,,
standard,EJ'S PENS LLC,5207951519,unknown,811212,TUCSON,AZ,official_business_licenses,,,,
standard,TRUSTY TECH LLC,5202453329,unknown,811212,TUCSON,AZ,official_business_licenses,,,,
standard,KID TECHNOLOGIES,5207980960,unknown,811212,TUCSON,AZ,official_business_licenses,,,,
standard,Arizona Technology LLC,4805292120,unknown,811212,Mesa,AZ,official_business_licenses,,,,
standard,CORNERSTONE TECHNOLOGIES LLC,5203291903,unknown,811212,TUCSON,AZ,official_business_licenses,,,,
standard,ROBOT HOBBIES,5204283255,unknown,811212,TUCSON,AZ,official_business_licenses,,,,
standard,COMPRO DATA SYSTEMS LLC,5202041644,unknown,811212,TUCSON,AZ,official_business_licenses,,,,
standard,IFIX IT COMPUTER REPAIR,5202581951,unknown,811212,TUCSON,AZ,official_business_licenses,,,,
standard,TUCSON PC REPAIR,5202396841,unknown,811212,TUCSON,AZ,official_business_licenses,,,,
standard,THE PHONE REPAIR HUB LLC,5208120057,unknown,811213,TUCSON,AZ,official_business_licenses,,,,
standard,SPECTRUM COMMUNICATION SOLUTIONS,5204412211,unknown,811213,TUCSON,AZ,official_business_licenses,,,,
standard,ALL MOBILE MATTERS,4805531866,unknown,811213,TEMPE,AZ,official_business_licenses,,,,
standard,SOUTHWEST PRECISION INSTRUMENTS,5205464986,unknown,811219,TUCSON,AZ,official_business_licenses,,,,
standard,J&M CORPORATION,5206247000,unknown,811219,TUCSON,AZ,official_business_licenses,,,,
standard,DESERT BIOMEDICAL SERVICES CORP,5206644618,unknown,811219,TUCSON,AZ,official_business_licenses,,,,
standard,L&L MANUFACTURED COMPONENTS INC,5208845355,unknown,811219,TUCSON,AZ,official_business_licenses,,,,
standard,DEW SALES & DESIGN,5207448733,unknown,811219,TUCSON,AZ,official_business_licenses,,,,
standard,DESTECH,5202902859,unknown,811219,TUCSON,AZ,official_business_licenses,,,,
standard,ADVANCED PRECISION MACHINE LLC,5202908729,unknown,811219,TUCSON,AZ,official_business_licenses,,,,
standard,SWS ELECTRONICS,5206281613,unknown,811219,TUCSON,AZ,official_business_licenses,,,,
standard,PRO CELLULAR,5202988877,unknown,811219,TUCSON,AZ,official_business_licenses,,,,
standard,SUN DEVIL HOOD AND EXHAUST CLEANING INC,6029008060,unknown,811219,PHOENIX,AZ,official_business_licenses,,,,
standard,AMERICAN MEDICAL MAINTENANCE LLC,5207507573,unknown,811219,TUCSON,AZ,official_business_licenses,,,,
standard,TUCSON CALIBRATION SERVICES,5206284886,unknown,811219,TUCSON,AZ,official_business_licenses,,,,
standard,SONORAN DIGITAL SYSTEMS INC,5203206166,unknown,811219,TUCSON,AZ,official_business_licenses,,,,
standard,ALL STAR TINTING & STEREO,5202942664,unknown,811219,TUCSON,AZ,official_business_licenses,,,,
standard,QMMUNICATION TECHNOLOGIES,5203203996,unknown,811219,TUCSON,AZ,official_business_licenses,,,,
standard,MDMGLOBAL SERVICES LLC,5205766741,unknown,811219,TUCSON,AZ,official_business_licenses,,,,
standard,STOUT SECURITY SYSTEMS LLC,5204044033,unknown,811219,CORTARO,AZ,official_business_licenses,,,,
standard,STEREO PAD INCORPORATED,5203260551,unknown,811219,TUCSON,AZ,official_business_licenses,,,,
standard,DATAFORTH,5207411404,unknown,811219,TUCSON,AZ,official_business_licenses,,,,
standard,520 BACKFLOW TESTING & REPAIR,5207809748,unknown,811219,TUCSON,AZ,official_business_licenses,,,,
standard,K DEZINES,5208856275,unknown,811219,TUCSON,AZ,official_business_licenses,,,,
standard,AGM ELECTRONICS INCORPORATED,5207221000,unknown,811219,TUCSON,AZ,official_business_licenses,,,,
standard,COOLVU OF TUCSON,5204295009,unknown,81122,TUCSON,AZ,official_business_licenses,,,,
standard,BLACK HILL DRAUGHT WORKS,5204197984,unknown,81129,TUCSON,AZ,official_business_licenses,,,,
standard,CHOLLA METAL CRAFTS INCORPORATED,5208828905,unknown,811310,VAIL,AZ,official_business_licenses,,,,
standard,SIQ WELDING,5203235101,unknown,811310,TUCSON,AZ,official_business_licenses,,,,
standard,DENNIS ANTHONY MECHANICAL SERVICE,5209049303,unknown,811310,TUCSON,AZ,official_business_licenses,,,,
standard,JL MANUFACTURING,5203360592,unknown,811310,TUCSON,AZ,official_business_licenses,,,,
standard,BESTWAY ELECTRIC MOTOR SERVICE COMPANY INC,5208849141,unknown,811310,TUCSON,AZ,official_business_licenses,,,,
standard,COPPER STATE FLUID POWER,5207773867,unknown,811310,TUCSON,AZ,official_business_licenses,,,,
standard,BREWLINE SOLUTIONS,5202723638,unknown,811310,TUCSON,AZ,official_business_licenses,,,,
standard,J AND W METAL WORKS,5206032387,unknown,811310,TUCSON,AZ,official_business_licenses,,,,
standard,JOHNNY BARNES MOBILE REPAIR,5204062450,unknown,811310,TUCSON,AZ,official_business_licenses,,,,
standard,SOUTHERN ARIZONA MAINTENANCE SERVICE LLC,5203084418,unknown,811310,TUCSON,AZ,official_business_licenses,,,,
standard,GIBBS AUTOMOTIVE SERVICE,5203251431,unknown,811310,TUCSON,AZ,official_business_licenses,,,,
standard,HAPPY TRAILS,5205917320,unknown,811310,TUCSON,AZ,official_business_licenses,,,,
standard,QUALITY MECHANICAL REPAIR LLC,8659003672,unknown,811310,TUCSON,AZ,official_business_licenses,,,,
standard,GECKOS GARAGE,5208691913,unknown,811310,TUCSON,AZ,official_business_licenses,,,,
standard,ALX AUTO REPAIR LLC,5209919121,unknown,811310,TUCSON,AZ,official_business_licenses,,,,
standard,BECKSTED MACHINE INCORPORATED,5206245721,unknown,811310,TUCSON,AZ,official_business_licenses,,,,
standard,CATALINA WELDING,5208257378,unknown,811310,TUCSON,AZ,official_business_licenses,,,,
standard,TM POWER SOLUTIONS LLC,5208331256,unknown,811310,TUCSON,AZ,official_business_licenses,,,,
standard,TORSON IRONWORKS INC,5207458755,unknown,811310,TUCSON,AZ,official_business_licenses,,,,
standard,COPPER STATE LIFT LLC,5204689871,unknown,811310,TUCSON,AZ,official_business_licenses,,,,
standard,LOYALTY LIFT,5203511134,unknown,811310,TUCSON,AZ,official_business_licenses,,,,
standard,ARIZONA ELECTRIC MOTOR SERVICE,5207909711,unknown,811310,TUCSON,AZ,official_business_licenses,,,,
standard,WILLBUILT SERVICES,5202753415,unknown,811310,TUCSON,AZ,official_business_licenses,,,,
standard,NORMAN S WRIGHT CO MANUFACTURER'S REP,5207904490,unknown,811310,PHOENIX,AZ,official_business_licenses,,,,
standard,AC FIRST INC,5206032662,unknown,811310,TUCSON,AZ,official_business_licenses,,,,
standard,SOUTH ARROW EQUIPMENT MAINTENANCE,5209752037,unknown,811310,TUCSON,AZ,official_business_licenses,,,,
standard,SOUTHERN ARIZONA LIMITED,5202033432,unknown,811310,TUCSON,AZ,official_business_licenses,,,,
standard,CORONADO A/C & HEATING LLC,5202352258,unknown,811310,TUCSON,AZ,official_business_licenses,,,,
standard,TRUE QUALITY STEELWORKS,5206169376,unknown,811310,MARANA,AZ,official_business_licenses,,,,
standard,CHAVEZ WROUGHT IRON,5207477610,unknown,811310,TUCSON,AZ,official_business_licenses,,,,
standard,LEDEZMA'S MACHINE SHOP,5202728576,unknown,811310,TUCSON,AZ,official_business_licenses,,,,
standard,REST TECHS,5204905995,unknown,811310,TUCSON,AZ,official_business_licenses,,,,
standard,M & J SERVICE,5202750995,unknown,811310,TUCSON,AZ,official_business_licenses,,,,
standard,MODERN LIFT INCORPORATED,5208826380,unknown,811310,TUCSON,AZ,official_business_licenses,,,,
standard,SOLAR CARE,5206102431,unknown,811310,TUCSON,AZ,official_business_licenses,,,,
standard,PHOENIX WELDING SUPPLY,5208895544,unknown,811310,PHOENIX,AZ,official_business_licenses,,,,
standard,BALAR EQUIPMENT,6029441933,unknown,811310,PHOENIX,AZ,official_business_licenses,,,,
standard,ALLY STEEL,5205963234,unknown,811310,VAIL,AZ,official_business_licenses,,,,
standard,UTV RESTORATION & REPAIR,5202799548,unknown,811310,TUCSON,AZ,official_business_licenses,,,,
standard,DECKER HEATING & COOLING,5203210244,unknown,811410,TUCSON,AZ,official_business_licenses,,,,
standard,WESTERN TOOL INCORPORATED,5208840504,unknown,811411,TUCSON,AZ,official_business_licenses,,,,
standard,TOOLING AROUND TOWN,5204047309,unknown,811411,TUCSON,AZ,official_business_licenses,,,,
standard,H AND H SMALL ENGINE AND EQUIPMENT REPAIRS,5206240074,unknown,811411,TUCSON,AZ,official_business_licenses,,,,
standard,AZ PRO FIBERGLASS,5205190438,unknown,811411,TUCSON,AZ,official_business_licenses,,,,
standard,AMERICAN OUTDOOR POWER LLC,5206221957,unknown,811411,TUCSON,AZ,official_business_licenses,,,,
standard,COMPLIANCE MACHINE & TOOL INC,5205489293,unknown,811411,TUCSON,AZ,official_business_licenses,,,,
standard,PRECISION TOOL & CONST SUPPLY INCORPORATED,5207451100,unknown,811411,TUCSON,AZ,official_business_licenses,,,,
standard,KELSO GUNSMITHING,5206237428,unknown,811411,TUCSON,AZ,official_business_licenses,,,,
standard,CREATIVE ALUMINUM,5205449773,unknown,811411,TUCSON,AZ,official_business_licenses,,,,
standard,VINYL-QUIK,5208501594,unknown,811411,TUCSON,AZ,official_business_licenses,,,,
standard,TANQUE VERDE COMPANIES,5204035801,unknown,811411,TUCSON,AZ,official_business_licenses,,,,
standard,WESTERN DRAWN PRODUCTS,5206220261,unknown,811411,TUCSON,AZ,official_business_licenses,,,,
standard,ARIZONA ROADRUNNER SEPTIC SERVICE LLC,+15207447852,,811411,TUCSON,AZ,adapter:official_business_licenses,,,,
standard,CDMX REPAIRS,4804696081,unknown,811412,PHOENIX,AZ,official_business_licenses,,,,
standard,HAMILTON HOME,5209790494,unknown,811412,TUCSON,AZ,official_business_licenses,,,,
standard,A BETTER APPLIANCE,5207972919,unknown,811412,TUCSON,AZ,official_business_licenses,,,,
standard,COPPER STAR PRINTERS & TONERS,5207224187,unknown,811412,TUCSON,AZ,official_business_licenses,,,,
standard,D&K CLOCK SPECIALISTS,5206619537,unknown,811412,TUCSON,AZ,official_business_licenses,,,,
standard,A+ APPLIANCE REPAIR,5204610401,unknown,811412,TUCSON,AZ,official_business_licenses,,,,
standard,MOBILE COLOR TECH,5204448067,unknown,811412,TUCSON,AZ,official_business_licenses,,,,
standard,A-Z APPLIANCE PRO,5203127510,unknown,811412,TUCSON,AZ,official_business_licenses,,,,
standard,SEMPER FI APPLIANCE INSTALLATION AND DRYER VENT,5206612832,unknown,811412,TUCSON,AZ,official_business_licenses,,,,
standard,DEPENDABLE REFRIGERATION & APPL REPAIR SERV,5208887039,unknown,811412,ORO VALLEY,AZ,official_business_licenses,,,,
standard,LEAD TECHNICAL SERVICES,5204400017,unknown,811412,TUCSON,AZ,official_business_licenses,,,,
standard,AFFORDABLE APPLIANCE REPAIR OF GREATER T,5208916004,unknown,811412,TUCSON,AZ,official_business_licenses,,,,
standard,ELECTRO MECHANICAL SERVICE PROFESSIONALS,5206610030,unknown,811412,TUCSON,AZ,official_business_licenses,,,,
standard,APPLIANCE SPECIALISTS,5204819816,unknown,811412,TUCSON,AZ,official_business_licenses,,,,
standard,EDDIE'S APPLIANCES,5204068022,unknown,811412,TUCSON,AZ,official_business_licenses,,,,
standard,JV INDUSTRIAL WELDING AND REPAIR,5204401536,unknown,811412,TUCSON,AZ,official_business_licenses,,,,
standard,FRONTLINE APPLIANCES,5205199903,unknown,811412,TUCSON,AZ,official_business_licenses,,,,
standard,ALMLI APPLIANCE REPAIR,5202588419,unknown,811412,TUCSON,AZ,official_business_licenses,,,,
standard,J A C APPLIANCES,5203026325,unknown,811412,TUCSON,AZ,official_business_licenses,,,,
standard,STEVE MARTIN APPLIANCE REPAIR LLC,5203044672,unknown,811412,TUCSON,AZ,official_business_licenses,,,,
standard,TUCSON'S BEST APPLIANCE REPAIR,5205347126,unknown,811412,TUCSON,AZ,official_business_licenses,,,,
standard,AZ REEFER REPAIR LLC,5205004150,unknown,811412,TUCSON,AZ,official_business_licenses,,,,
standard,MEL'S APPLIANCE SERVICE,5204044361,unknown,811412,TUCSON,AZ,official_business_licenses,,,,
standard,ILRA APPLIANCES,5203286763,unknown,811412,TUCSON,AZ,official_business_licenses,,,,
standard,ATOM,5202502566,unknown,811412,SAHUARITA,AZ,official_business_licenses,,,,
standard,SOUTHWEST HOME REPAIR INC.,5206331540,unknown,811412,TUCSON,AZ,official_business_licenses,,,,
standard,BELTRAN'S APPLIANCE LLC,5205519592,unknown,811412,TUCSON,AZ,official_business_licenses,,,,
standard,DWEEBMEISTER ENTERPRISES LLC,5202037300,unknown,811412,TUCSON,AZ,official_business_licenses,,,,
standard,APPLIANCE REPAIR MEDICS,5202701137,unknown,811412,TUCSON,AZ,official_business_licenses,,,,
standard,7 DAYS APPLIANCE REPAIR LLC,5206392612,unknown,811412,TUCSON,AZ,official_business_licenses,,,,
standard,RON'S APPLIANCE SERVICE,5205956219,unknown,811412,TUCSON,AZ,official_business_licenses,,,,
standard,INDEPENDENT LAUNDRY COMPANY,5204881299,unknown,811412,TUCSON,AZ,official_business_licenses,,,,
standard,AFFORDABLE ONE APPLIANCE LLC,5206069040,unknown,811412,TUCSON,AZ,official_business_licenses,,,,
standard,VAN METER VI BEN STONESTREET,5204816727,unknown,811412,TUCSON,AZ,official_business_licenses,,,,
standard,VICTORY APPLIANCE REPAIR,5208863868,unknown,811412,TUCSON,AZ,official_business_licenses,,,,
standard,SERGEY NIKOGOSOV,5206681231,unknown,811412,TUCSON,AZ,official_business_licenses,,,,
standard,TIPTOP & COMPLETE OPTIONS APPLIANCE SER,5206701980,unknown,811412,TUCSON,AZ,official_business_licenses,,,,
standard,APPLIANCE DR,5203900911,unknown,811412,TUCSON,AZ,official_business_licenses,,,,
standard,AAA APPLIANCE REPAIR,5205051312,unknown,811412,TUCSON,AZ,official_business_licenses,,,,
standard,AUTHORIZED TECHNICAL SERVICE,5209031448,unknown,811412,TUCSON,AZ,official_business_licenses,,,,
standard,GBR APPLIANCE REPAIR LLC,5203050825,unknown,811412,TUCSON,AZ,official_business_licenses,,,,
standard,ADAM'S APPLIANCE REPAIR,2792199570,unknown,811412,BUCKEYE,AZ,official_business_licenses,,,,
standard,ALL BRANDS APPLIANCE SERVICE,5207440574,unknown,811412,TUCSON,AZ,official_business_licenses,,,,
standard,AZA REPAIR INC,5205423265,unknown,811412,TUCSON,AZ,official_business_licenses,,,,
standard,ARIZONA APPLIANCE REPAIR LLC,5207310111,unknown,811412,TUCSON,AZ,official_business_licenses,,,,
standard,FELLNER ICE LLC,5208820001,unknown,811412,TUCSON,AZ,official_business_licenses,,,,
standard,WALLYS APPLIANCE REPAIR SERVICES,5204256086,unknown,811412,TUCSON,AZ,official_business_licenses,,,,
standard,BIZNALIO,5204441980,unknown,811412,TUCSON,AZ,official_business_licenses,,,,
standard,CATALINA PROPERTY MANAGEMENT,5205850936,unknown,811412,TUCSON,AZ,official_business_licenses,,,,
standard,HOPE APPLIANCE REPAIR,5209810045,unknown,811412,SAHUARITA,AZ,official_business_licenses,,,,
standard,GERALD RAY MCCLEARY,5206619982,unknown,811412,TUCSON,AZ,official_business_licenses,,,,
standard,SW Water Softening,6024100429,unknown,811412-24,Mesa,AZ,official_business_licenses,,,,
standard,UPHOLSTERY AVILES,5204430718,unknown,811420,TUCSON,AZ,official_business_licenses,,,,
standard,CARPENTERS SALDANA,5208618744,unknown,811420,TUCSON,AZ,official_business_licenses,,,,
standard,DAVES CUSTOM UPHOLSTERY,5202352191,unknown,811420,TUCSON,AZ,official_business_licenses,,,,
standard,EVANS UPHOLSTERY,5204713434,unknown,811420,VAIL,AZ,official_business_licenses,,,,
standard,PANCHO'S UPHOLSTERY LLC,5206701908,unknown,811420,TUCSON,AZ,official_business_licenses,,,,
standard,SEWKING UPHOLSTERY,5204403531,unknown,811420,TUCSON,AZ,official_business_licenses,,,,
standard,RON KEIPPEL FURNITURE REPAIR,5202905504,unknown,811420,TUCSON,AZ,official_business_licenses,,,,
standard,TERESA ZAZUETA RESTORATION,5205483792,unknown,811420,TUCSON,AZ,official_business_licenses,,,,
standard,AUTO TOPS & INTERIORS,5204032136,unknown,811420,TUCSON,AZ,official_business_licenses,,,,
standard,UNIQUE UPHOLSTERY & DESIGN,5203239393,unknown,811420,TUCSON,AZ,official_business_licenses,,,,
standard,RENAISSANCE TUCSON,5202039295,unknown,811420,TUCSON,AZ,official_business_licenses,,,,
standard,TUCSON UPHOLSTERY,5207463488,unknown,811420,TUCSON,AZ,official_business_licenses,,,,
standard,LEUNEN UPHOLSTERY AND SUPPLY,5204195747,unknown,811420,TUCSON,AZ,official_business_licenses,,,,
standard,RED WAGON UPHOLSTERY,5203126893,unknown,811420,TUCSON,AZ,official_business_licenses,,,,
standard,A & D AUTO INTERIORS,5203129241,unknown,811420,TUCSON,AZ,official_business_licenses,,,,
standard,TUCSON JUNKSTERS,5208082228,unknown,811420,TUCSON,AZ,official_business_licenses,,,,
standard,LINOS UPHOLSTERY,5204450948,unknown,811420,TUCSON,AZ,official_business_licenses,,,,
standard,VIPP ENTERPRISE II LLC,5207424663,unknown,811430,TUCSON,AZ,official_business_licenses,,,,
standard,STEWART BOOT CO,5203604321,unknown,811430,TUCSON,AZ,official_business_licenses,,,,
standard,G&T CUSTOMS LLC,5208381111,unknown,811430,TUCSON,AZ,official_business_licenses,,,,
standard,EL CON COBBLER,5207952436,unknown,811430,TUCSON,AZ,official_business_licenses,,,,
standard,ANDYS PAINT AND HANDYMAN LLC,5208342883,unknown,811490,TUCSON,AZ,official_business_licenses,,,,
standard,ALTERATIONS ETC,5202960575,unknown,811490,TUCSON,AZ,official_business_licenses,,,,
standard,CONNECTING THREADS SEWING STUDIO LLC,5202069820,unknown,811490,TUCSON,AZ,official_business_licenses,,,,
standard,SHARP SERVICE SOLUTIONS LLC,5208338992,unknown,811490,VAIL,AZ,official_business_licenses,,,,
standard,PODIUM 1 MAINTENANCE,5209554255,unknown,811490,TUCSON,AZ,official_business_licenses,,,,
standard,AZ JEWELERS LLC,5202707288,unknown,811490,TUCSON,AZ,official_business_licenses,,,,
standard,DESERT WILLOW SERVICES,5202883166,unknown,811490,SAHUARITA,AZ,official_business_licenses,,,,
standard,AZ ASSET DEVELOPMENT & PROPERTY MAINTENANCE LLC,5208395127,unknown,811490,TUCSON,AZ,official_business_licenses,,,,
standard,DANIELS CLEAN LINE CONSTRUCTION LLC,5203366171,unknown,811490,TUCSON,AZ,official_business_licenses,,,,
standard,FITNESS MACHINE TECHNICIAN,5204299042,unknown,811490,TUCSON,AZ,official_business_licenses,,,,
standard,HFI SOLUTIONS,7064611789,unknown,811490,TUCSON,AZ,official_business_licenses,,,,
standard,IT'S ABOUT TIME,5053827761,unknown,811490,TUCSON,AZ,official_business_licenses,,,,
standard,V-MARK MARINE SERVICES LLC,5202409902,unknown,811490,TUCSON,AZ,official_business_licenses,,,,
standard,BOSQUE MOBILE BICYCLE REPAIR,5053972586,unknown,811490,TUCSON,AZ,official_business_licenses,,,,
standard,GILLES GUNSMITH LLC,2627450424,unknown,811490,TUCSON,AZ,official_business_licenses,,,,
standard,ELECTRIC ORGAN REPAIR,5203253549,unknown,811490,TUCSON,AZ,official_business_licenses,,,,
standard,SEWPERFECTLY LLC,5206645161,unknown,811490,TUCSON,AZ,official_business_licenses,,,,
standard,MASTER TAILOR,5208880852,unknown,811490,TUCSON,AZ,official_business_licenses,,,,
standard,THE MINUTE WATCH REPAIR,5202732338,unknown,811490,TUCSON,AZ,official_business_licenses,,,,
standard,CHAZZ HOME IMPROVEMENTS,5209790240,unknown,811490,TUCSON,AZ,official_business_licenses,,,,
standard,TOP NOTCH SERVICESS,5204710438,unknown,811490,TUCSON,AZ,official_business_licenses,,,,
standard,HHD SOLUTION,5202798419,unknown,811490,GREEN VALLEY,AZ,official_business_licenses,,,,
standard,ALLISON ALTERATIONS,5202947637,unknown,811490,TUCSON,AZ,official_business_licenses,,,,
standard,CLINE TACTICAL,5203958389,unknown,811490,TUCSON,AZ,official_business_licenses,,,,
standard,DESERT LIVING HANDYMAN,5203330847,unknown,811490,TUCSON,AZ,official_business_licenses,,,,
standard,PAUL'S BIKE SHOP,5202433293,unknown,811490,TUCSON,AZ,official_business_licenses,,,,
standard,TUCSON GUNSMITHING,5206030063,unknown,811490,TUCSON,AZ,official_business_licenses,,,,
standard,AK TAILOR & ALTERATIONS,5207453999,unknown,811490,TUCSON,AZ,official_business_licenses,,,,
standard,IC FIX,2393519193,unknown,811490,TUCSON,AZ,official_business_licenses,,,,
standard,CHIO GOWNS,5206280542,unknown,811490,TUCSON,AZ,official_business_licenses,,,,
standard,SHANTU WORLD BEADS,5209822596,unknown,811490,TUCSON,AZ,official_business_licenses,,,,
standard,CHUC HANDICRAFTS,5209797888,unknown,811490,TUCSON,AZ,official_business_licenses,,,,
standard,SEW WHAT TAILOR SHOP,5205718381,unknown,811490,TUCSON,AZ,official_business_licenses,,,,
standard,KEN DO ALL,5208095271,unknown,811490,TUCSON,AZ,official_business_licenses,,,,
standard,GEAR SHIFTERS,5209069384,unknown,811490,TUCSON,AZ,official_business_licenses,,,,
standard,PINK CLOUD ALTERATIONS,5202449824,unknown,811490,TUCSON,AZ,official_business_licenses,,,,
standard,AZ PROFESSIONAL MAINTENANCE,5204880024,unknown,811490,TUCSON,AZ,official_business_licenses,,,,
standard,REED GUITARS,5209041938,unknown,811490,TUCSON,AZ,official_business_licenses,,,,
standard,RICHARD ROBERTS,5206617215,unknown,811490,TUCSON,AZ,official_business_licenses,,,,
standard,TUCSON BICYCLE SERVICE LLC,5204449614,unknown,811490,TUCSON,AZ,official_business_licenses,,,,
standard,ROBERT A ANDERSON,5203264048,unknown,811490,TUCSON,AZ,official_business_licenses,,,,
standard,ALTERATIONS BY TAM,5208880741,unknown,811490,TUCSON,AZ,official_business_licenses,,,,
standard,ERIC'S WATCH REPAIR,4042131685,unknown,811490,TUCSON,AZ,official_business_licenses,,,,
standard,TUCSON'S HANDYMAN EXPERT,5203337557,unknown,811490,TUCSON,AZ,official_business_licenses,,,,
standard,MOTOR MAYHEM,5209048386,unknown,811490,TUCSON,AZ,official_business_licenses,,,,
standard,COPPER CREEK LANDSCAPING & CONSTRUCTION,5206129050,unknown,811490,TUCSON,AZ,official_business_licenses,,,,
standard,IVEY PERFORMANCE MARINE,5203529074,unknown,811490,TUCSON,AZ,official_business_licenses,,,,
standard,MURPHY'S GUNS,5208817074,unknown,811490,TUCSON,AZ,official_business_licenses,,,,
standard,THE LUTHIERS BENCH,5202562292,unknown,811490,TUCSON,AZ,official_business_licenses,,,,
standard,DEL PUEBLO REMODELING & FRAMING LLC,5206390562,unknown,811490,TUCSON,AZ,official_business_licenses,,,,
standard,BARUCH HOME SERVICES,5209106084,unknown,811490,TUCSON,AZ,official_business_licenses,,,,
standard,STITCH WIZ,5202986088,unknown,811490,TUCSON,AZ,official_business_licenses,,,,
standard,THE RIGHT GUY HANDYMAN SERVICES LLC,5202750419,unknown,811490,TUCSON,AZ,official_business_licenses,,,,
standard,GLORIA'S ALTERATIONS,5202937730,unknown,811490,TUCSON,AZ,official_business_licenses,,,,
standard,LAYNE'S CLOCKS,5207479947,unknown,811490,TUCSON,AZ,official_business_licenses,,,,
standard,THE MARANA HANDYMAN,5203606998,unknown,811490,TUCSON,AZ,official_business_licenses,,,,
standard,LEON REMODELING 2021,5208670577,unknown,811490,Tucson,AZ,official_business_licenses,,,,
standard,GEBHART TACTICAL,5202731774,unknown,811490,TUCSON,AZ,official_business_licenses,,,,
standard,GERI'S CUSTOM EMBROIDERY,5202924617,unknown,811490,TUCSON,AZ,official_business_licenses,,,,
standard,DESERT VETERAN HOME SERVICES,3079966654,unknown,811490,TUCSON,AZ,official_business_licenses,,,,
standard,ARIZONA CUSTOM STEEL,5209918867,unknown,811490,TUCSON,AZ,official_business_licenses,,,,
standard,INDEPENDENT MAINTENANCE LLC,5209713619,unknown,811490,TUCSON,AZ,official_business_licenses,,,,
standard,TUCSON ELITE RENOVATIONS,5202893597,unknown,811490,TUCSON,AZ,official_business_licenses,,,,
standard,PRIORITY HOMES SOLUTION,7205520486,unknown,811490,TUCSON,AZ,official_business_licenses,,,,
standard,TUCSON ESCOOTER REPAIR,5208340213,unknown,811490,TUCSON,AZ,official_business_licenses,,,,
standard,GFC SERVICES LLC,5206685119,unknown,811490,MARANA,AZ,official_business_licenses,,,,
standard,DAVID HAMORY,5202964352,unknown,811490,TUCSON,AZ,official_business_licenses,,,,
standard,BLAZEYS HOME SERVICES,5204378827,unknown,811490,TUCSON,AZ,official_business_licenses,,,,
standard,HOUSE DOCTORS OF NORTH TUCSON,5202418940,unknown,811490,TUCSON,AZ,official_business_licenses,,,,
standard,PRIDE HEATING COOLING PLUMBING & ELECTRICAL LLC,5207386448,unknown,811490,TUCSON,AZ,official_business_licenses,,,,
standard,RAGE KITTEN BICYCLES,5209715907,unknown,811490,TUCSON,AZ,official_business_licenses,,,,
standard,TUCSON SHARPS,5208910444,unknown,811490,TUCSON,AZ,official_business_licenses,,,,
standard,14 K JEWELERS,5206170398,unknown,811490,TUCSON,AZ,official_business_licenses,,,,
standard,COUNTRY WIDE RV SERVICE,5203024252,unknown,811490,SAHUARITA,AZ,official_business_licenses,,,,
standard,SICK GUNS,9548027830,unknown,811490,TUCSON,AZ,official_business_licenses,,,,
standard,SEW-NICE TAILOR SHOP,5208815408,unknown,811490,TUCSON,AZ,official_business_licenses,,,,
standard,V-TWIN COLLECTIVE,5205006754,unknown,811490,TUCSON,AZ,official_business_licenses,,,,
standard,WATCH REPAIR AT PARK MALL,5207470809,unknown,811490,TUCSON,AZ,official_business_licenses,,,,
standard,JJC HOME SERVICES LLC,5204719063,unknown,811490,TUCSON,AZ,official_business_licenses,,,,
standard,ELSA'S ALTERATIONS,5209408047,unknown,811490,TUCSON,AZ,official_business_licenses,,,,
standard,CORNERSTONE COMPLETE HOME SERVICES LLC,5202614492,unknown,811490,TUCSON,AZ,official_business_licenses,,,,
standard,COPPER STATE GLASS AND SCREEN,5209822407,unknown,811490,TUCSON,AZ,official_business_licenses,,,,
standard,DUE ENTERPRISES,5207510112,unknown,811490,TUCSON,AZ,official_business_licenses,,,,
standard,COASTERS LLC,5204776506,unknown,811490,TUCSON,AZ,official_business_licenses,,,,
standard,DONE RITE HANDYMAN SERVICES LLC,5206885377,unknown,811490,TUCSON,AZ,official_business_licenses,,,,
standard,VEGAS CONSTRUCTION AQUI MIX,5208084843,unknown,811490,TUCSON,AZ,official_business_licenses,,,,
standard,ERNEST WATCH AND CLOCK SERVICE,5204192202,unknown,811490,TUCSON,AZ,official_business_licenses,,,,
standard,SONNY'S CYCLES LLC,5205483147,unknown,811490,TUCSON,AZ,official_business_licenses,,,,
standard,TUCSON PIANO TECH LLC,5207307513,unknown,811490,TUCSON,AZ,official_business_licenses,,,,
standard,DESERT BLOOM SERVICES,5202601799,unknown,811490,TUCSON,AZ,official_business_licenses,,,,
standard,TUCSON WATCH REPAIR,2003124926,unknown,811490,TUCSON,AZ,official_business_licenses,,,,
standard,AJO TAILOR,5203707318,unknown,811490,TUCSON,AZ,official_business_licenses,,,,
standard,NMS GROUP LLC,5202309694,unknown,811490,TUCSON,AZ,official_business_licenses,,,,
standard,WOODRUFF PIANO REPAIR,5209075573,unknown,811490,TUCSON,AZ,official_business_licenses,,,,
standard,SOUTHWEST BROTHERS,5205014558,unknown,811490,TUCSON,AZ,official_business_licenses,,,,
standard,SUPER STAR CAR WASH,6235365956,unknown,81192,PHOENIX,AZ,official_business_licenses,,,,
standard,"MODERN AUTOMOTIVE REPAIR, CALIBRATION & GLASS",5209060021,unknown,81198,TUCSON,AZ,official_business_licenses,,,,
standard,Perspire Sauna Studio - Cannon Beach,(480) 923-0015,unknown,8121,Mesa,AZ,official_business_licenses,,,,
standard,BEAUTY & BEASTS SALON LLC,5202895049,unknown,812100,TUCSON,AZ,official_business_licenses,,,,
standard,LASHES BY NIKKOL,6129644936,unknown,812100,TUCSON,AZ,official_business_licenses,,,,
standard,JIMMY'S HAIR DEN,5202697064,unknown,812100,TUCSON,AZ,official_business_licenses,,,,
standard,Hello Sugar,4805006688,unknown,812100,Mesa,AZ,official_business_licenses,,,,
standard,STANDSTILL BARBERSHOP,4804337401,unknown,81211,Mesa,AZ,official_business_licenses,,,,
standard,BLESSINGS BARBERSHOP,5202842677,unknown,812111,TUCSON,AZ,official_business_licenses,,,,
standard,BLESSINGS BARBERSHOP,5202849183,unknown,812111,TUCSON,AZ,official_business_licenses,,,,
standard,C'S BARBERSHOP LLC,5202784945,unknown,812111,TUCSON,AZ,official_business_licenses,,,,
standard,TWINS BARBERSHOP,5205737176,unknown,812111,TUCSON,AZ,official_business_licenses,,,,
standard,LUXURY BLADE COMPANY,5203318176,unknown,812111,TUCSON,AZ,official_business_licenses,,,,
standard,ZAVE FADES LLC,5208379405,unknown,812111,TUCSON,AZ,official_business_licenses,,,,
standard,LUQA BARBER SHOP,5202961005,unknown,812111,TUCSON,AZ,official_business_licenses,,,,
standard,GREAT CLIPS 6314,5205749769,unknown,812111,TEMPE,AZ,official_business_licenses,,,,
standard,GREAT CLIPS #3700 MADERA VILLAGE,4807020068,unknown,812111,TEMPE,AZ,official_business_licenses,,,,
standard,BRILL'S BARBERSHOP,5204450140,unknown,812111,TUCSON,AZ,official_business_licenses,,,,
standard,'81 BARBERS,5202079371,unknown,812111,TUCSON,AZ,official_business_licenses,,,,
standard,RAMON ANGEL VALENZUELA,5203105293,unknown,812111,TUCSON,AZ,official_business_licenses,,,,
standard,ROCKY ISIAH FLORES,5203232636,unknown,812111,TUCSON,AZ,official_business_licenses,,,,
standard,CERTIFIED BARBERSHOP,5207716363,unknown,812111,TUCSON,AZ,official_business_licenses,,,,
standard,RU'S BARBER SHOP,5204888559,unknown,812111,TUCSON,AZ,official_business_licenses,,,,
standard,SPORT CLIPS AZ205,5209031111,unknown,812111,TUCSON,AZ,official_business_licenses,,,,
standard,LANDMARK BARBER STUDIO,5207894728,unknown,812111,TUCSON,AZ,official_business_licenses,,,,
standard,N&A BARBER STYLING,5206237843,unknown,812111,TUCSON,AZ,official_business_licenses,,,,
standard,CRAFTYS,9282159063,unknown,812111,CLIFTON,AZ,official_business_licenses,,,,
standard,PHIL'S DEL NORTE BARBER SHOP,5209816135,unknown,812111,TUCSON,AZ,official_business_licenses,,,,
standard,ALL CUTTS FAMILY BARBER SHOP,5203264655,unknown,812111,TUCSON,AZ,official_business_licenses,,,,
standard,S F S C BARBERSHOP,5206474174,unknown,812111,TUCSON,AZ,official_business_licenses,,,,
standard,ZONA BARBERSHOP,5203001924,unknown,812111,TUCSON,AZ,official_business_licenses,,,,
standard,STEEZI'S BARBERSHOP LLC,5206128974,unknown,812111,TUCSON,AZ,official_business_licenses,,,,
standard,BRIANA N MOLINA,5202609132,unknown,812111,TUCSON,AZ,official_business_licenses,,,,
standard,FLAVIO THE BARBER,5203450110,unknown,812111,TUCSON,AZ,official_business_licenses,,,,
standard,RAYZOR KINGS BARBER SHOP LLC,5203433320,unknown,812111,TUCSON,AZ,official_business_licenses,,,,
standard,PROJEKK,5203319006,unknown,812111,TUCSON,AZ,official_business_licenses,,,,
standard,HUMPHREY'S BARBERSHOP,5207413478,unknown,812111,TUCSON,AZ,official_business_licenses,,,,
standard,DOUBLE EDGED BARBERSHOP,5207716910,unknown,812111,TUCSON,AZ,official_business_licenses,,,,
standard,LOS BARBEROS BARBERSHOP,5206686642,unknown,812111,TUCSON,AZ,official_business_licenses,,,,
standard,BOONEY'S BARBER SHOP,5208738143,unknown,812111,TUCSON,AZ,official_business_licenses,,,,
standard,LOS AMIGOS BARBER SHOP,5204845951,unknown,812111,TUCSON,AZ,official_business_licenses,,,,
standard,UPPERCUTZ BARBERSHOP,5202892670,unknown,812111,TUCSON,AZ,official_business_licenses,,,,
standard,IN THE CUT SHAVE PARLOR & BARBER STUDIOS,5204909337,unknown,812111,TUCSON,AZ,official_business_licenses,,,,
standard,ADRIAN'S BY ANGEL BARBER SHOP,5205484386,unknown,812111,TUCSON,AZ,official_business_licenses,,,,
standard,BOULEVARD BARBERS LLC,5203250443,unknown,812111,TUCSON,AZ,official_business_licenses,,,,
standard,THE HANDSOME BARBERSHOP,5204759010,unknown,812111,TUCSON,AZ,official_business_licenses,,,,
standard,SANCTUARY BARBERSHOP LOUNGE,5204087242,unknown,812111,TUCSON,AZ,official_business_licenses,,,,
standard,EDUARDO LOPEZ,5204346096,unknown,812111,TUCSON,AZ,official_business_licenses,,,,
standard,JOSHUA SICAIROS,5204340096,unknown,812111,TUCSON,AZ,official_business_licenses,,,,
standard,CLASSIC'S BARBER SHOP,5209779492,unknown,812111,TUCSON,AZ,official_business_licenses,,,,
standard,KINGS PARLOR,5204440602,unknown,812111,TUCSON,AZ,official_business_licenses,,,,
standard,SALON L,5208270333,unknown,812111,TUCSON,AZ,official_business_licenses,,,,
standard,WOODEN SCULPT BARBERSHOP LOUNGE,5206582536,unknown,812111,TUCSON,AZ,official_business_licenses,,,,
standard,OLD PUEBLO BARBERSHOP,5208857599,unknown,812111,TUCSON,AZ,official_business_licenses,,,,
standard,FAMILY BARBER SHOP,5209812803,unknown,812111,TUCSON,AZ,official_business_licenses,,,,
standard,GENTLEMEN'S CORNER BARBER PARLOR,5202376377,unknown,812111,TUCSON,AZ,official_business_licenses,,,,
standard,ROBERT MARKLEY SALON SPA,5208207937,unknown,812111,TUCSON,AZ,official_business_licenses,,,,
standard,MINDFUL BARBERSHOP,5204721295,unknown,812111,TUCSON,AZ,official_business_licenses,,,,
standard,LINEUP'Z BARBER SHOP LLC,5206479905,unknown,812111,TUCSON,AZ,official_business_licenses,,,,
standard,DANNY'S DOWNTOWN BARBER SHOP,5203584246,unknown,812111,TUCSON,AZ,official_business_licenses,,,,
standard,LAVISH BARBERSHOP,5202656668,unknown,812111,TUCSON,AZ,official_business_licenses,,,,
standard,DIOS BARBERSHOP,5208209341,unknown,812111,TUCSON,AZ,official_business_licenses,,,,
standard,TEDDYS STUDIO,5204718536,unknown,812111,TUCSON,AZ,official_business_licenses,,,,
standard,BRAYAN THE BARBER,5204091069,unknown,812111,TUCSON,AZ,official_business_licenses,,,,
standard,GET FADED BARBER SHOP,5205486019,unknown,812111,TUCSON,AZ,official_business_licenses,,,,
standard,KUTTERS BARBERSHOP,5202418567,unknown,812111,TUCSON,AZ,official_business_licenses,,,,
standard,GENE'S BARBER SHOP LLC,5208860543,unknown,812111,TUCSON,AZ,official_business_licenses,,,,
standard,SENIORS BARBER SHOP,5202931042,unknown,812111,TUCSON,AZ,official_business_licenses,,,,
standard,AMIGOS BARBER LOUNGE,5207195496,unknown,812111,TUCSON,AZ,official_business_licenses,,,,
standard,BIG BOYS BARBERSHOP,5202688821,unknown,812111,TUCSON,AZ,official_business_licenses,,,,
standard,GENTLEMEN'S CUTZ BARBERSHOP,5208866696,unknown,812111,TUCSON,AZ,official_business_licenses,,,,
standard,JALENCUTZ LLC,5207715590,unknown,812111,TUCSON,AZ,official_business_licenses,,,,
standard,REGINA W FISCHER,5207806962,unknown,812111,TUCSON,AZ,official_business_licenses,,,,
standard,BIG MIKE'S BARBER SHOP,4802711942,unknown,812111,TUCSON,AZ,official_business_licenses,,,,
standard,NZ BARBER SHOP,5202940505,unknown,812111,TUCSON,AZ,official_business_licenses,,,,
standard,CHOPSHOP BARBERS,5207719998,unknown,812111,VAIL,AZ,official_business_licenses,,,,
standard,THE RIGHT TOUCH BARBERSHOP,5208787955,unknown,812111,TUCSON,AZ,official_business_licenses,,,,
standard,ISAAC'S BARBERSHOP,5207419810,unknown,812111,TUCSON,AZ,official_business_licenses,,,,
standard,NO LIMIT BARBERSHOP,5208082852,unknown,812111,TUCSON,AZ,official_business_licenses,,,,
standard,RAZOR'S EDGE,5202989694,unknown,812111,TUCSON,AZ,official_business_licenses,,,,
standard,A1 KUTZ BARBER SHOP LLC,5206392038,unknown,812111,TUCSON,AZ,official_business_licenses,,,,
standard,BARBER DEPARTMENT,5203287098,unknown,812111,TUCSON,AZ,official_business_licenses,,,,
standard,BARBERSHOP AT DOWNTOWN,5204448449,unknown,812111,TUCSON,AZ,official_business_licenses,,,,
standard,AMY BARBER & BEAUTY,5202459121,unknown,812111,TUCSON,AZ,official_business_licenses,,,,
standard,NUEVA IMAGEN BARBER SHOP,5208891800,unknown,812111,TUCSON,AZ,official_business_licenses,,,,
standard,3 KINGS BARBER STUDIO,5202071717,unknown,812111,TUCSON,AZ,official_business_licenses,,,,
standard,A BARBER SHOP,5207955110,unknown,812111,TUCSON,AZ,official_business_licenses,,,,
standard,4TH AVENUE BARBERSHOP,5204098248,unknown,812111,TUCSON,AZ,official_business_licenses,,,,
standard,EL CONTINENTAL BARBER SHOP,5207951981,unknown,812111,TUCSON,AZ,official_business_licenses,,,,
standard,HISTORIC EDGE BARBERSHOP LLC,5202729857,unknown,812111,TUCSON,AZ,official_business_licenses,,,,
standard,GIFTED BARBERSHOP LLC,5203043064,unknown,812111,TUCSON,AZ,official_business_licenses,,,,
standard,CHARMAYNE BLACK,5207919294,unknown,812111,TUCSON,AZ,official_business_licenses,,,,
standard,XCLUSIVE BARBERSHOP,5204270861,unknown,812111,TUCSON,AZ,official_business_licenses,,,,
standard,TOMMIE'S BARBER - BEAUTY,5208707970,unknown,812111,TUCSON,AZ,official_business_licenses,,,,
standard,RICARDO FAVILA HAIR STUDIO,5203201884,unknown,812111,TUCSON,AZ,official_business_licenses,,,,
standard,3RD GENERATION BARBER STUDIO,5205670778,unknown,812111,TUCSON,AZ,official_business_licenses,,,,
standard,ADRIAN'S BARBERSHOP ROD,5206222308,unknown,812111,TUCSON,AZ,official_business_licenses,,,,
standard,ACE OF FADES BARBERSHOP LLC,5208893435,unknown,812111,TUCSON,AZ,official_business_licenses,,,,
standard,22ND ST BARBERSHOP,5204004140,unknown,812111,TUCSON,AZ,official_business_licenses,,,,
standard,CLIP BARBER SHOP,5204619676,unknown,812111,TUCSON,AZ,official_business_licenses,,,,
standard,GIVE IT A CHANCE CUTS,5206027085,unknown,812111,TUCSON,AZ,official_business_licenses,,,,
standard,GENTLEMENS CHOICE BARBER SHOP,5208819000,unknown,812111,TUCSON,AZ,official_business_licenses,,,,
standard,PAISANOS BARBER PARLOR,5204093332,unknown,812111,TUCSON,AZ,official_business_licenses,,,,
standard,MPIRE BARBER LOUNGE,5202706117,unknown,812111,TUCSON,AZ,official_business_licenses,,,,
standard,MARTIN'S BARBER & BODEGA,5203675574,unknown,812111,TUCSON,AZ,official_business_licenses,,,,
standard,AZ KUTZ ACADEMY,5204407199,unknown,812111,TUCSON,AZ,official_business_licenses,,,,
standard,QUINNTESSENTIALS SALON LLC,5202613301,unknown,812111,TUCSON,AZ,official_business_licenses,,,,
standard,MUSTACHOS BARBERSHOP,5208613481,unknown,812111,TUCSON,AZ,official_business_licenses,,,,
standard,HEADLINERS BARBER SHOP,5208883022,unknown,812111,ORO VALLEY,AZ,official_business_licenses,,,,
standard,CHELSEA BREEANN TUDOR,5209758546,unknown,812111,TUCSON,AZ,official_business_licenses,,,,
standard,LUXE BARBER STUDIO,5209093714,unknown,812111,TUCSON,AZ,official_business_licenses,,,,
standard,JESSICA PAIGE HAIR,5203399893,unknown,812111,Tucson,AZ,official_business_licenses,,,,
standard,ROYALTY BARBERSHOP LOUNGE,5205917415,unknown,812111,TUCSON,AZ,official_business_licenses,,,,
standard,KING OF DIAMONDS BARBERSHOP,5208671585,unknown,812111,TUCSON,AZ,official_business_licenses,,,,
standard,REFLECTIONS BARBER & HAIR SALON,5204031847,unknown,812111,TUCSON,AZ,official_business_licenses,,,,
standard,BARBERSHOP XPRESS,5203132773,unknown,812111,NOGALES,AZ,official_business_licenses,,,,
standard,CURLEY'S FAMILY BARBER SHOP LLC,5204400654,unknown,812111,TUCSON,AZ,official_business_licenses,,,,
standard,ANDROS BARBER SHOP,5204618591,unknown,812111,TUCSON,AZ,official_business_licenses,,,,
standard,MESTIZO STUDIO,5203002492,unknown,812111,TUCSON,AZ,official_business_licenses,,,,
standard,BEE'S BARBER SHOP,5204493551,unknown,812111,TUCSON,AZ,official_business_licenses,,,,
standard,STRAIGHT BLADEZ N FADEZ,5204069133,unknown,812111,TUCSON,AZ,official_business_licenses,,,,
standard,AT EASE BARBER SHOP,5209900025,unknown,812111,VAIL,AZ,official_business_licenses,,,,
standard,SUNNY'S BARBER SHOP,5202402914,unknown,812111,TUCSON,AZ,official_business_licenses,,,,
standard,CHARLIE'S BARBERSHOP,5204564086,unknown,812111,MARANA,AZ,official_business_licenses,,,,
standard,CHITO'S BARBERSHOP,5203362644,unknown,812111,TUCSON,AZ,official_business_licenses,,,,
standard,R&M BARBERSHOP,5202723840,unknown,812111,TUCSON,AZ,official_business_licenses,,,,
standard,DRIP 23 BARBERSHOP,5204401994,unknown,812111,TUCSON,AZ,official_business_licenses,,,,
standard,PALMYRA BARBER SHOP,5207716103,unknown,812111,TUCSON,AZ,official_business_licenses,,,,
standard,BROCKTHEBARBER,5204259269,unknown,812111,TUCSON,AZ,official_business_licenses,,,,
standard,ELEVATED BARBERSHOP,5204204000,unknown,812111,TUCSON,AZ,official_business_licenses,,,,
standard,GOOD - VIBEZ BARBERSHOP,5206091166,unknown,812111,SAHUARITA,AZ,official_business_licenses,,,,
standard,PAPAS BARBERSHOP,5203582044,unknown,812111,TUCSON,AZ,official_business_licenses,,,,
standard,OBSIDIAN HAIR & NAILS SALON,5204658897,unknown,812111,TUCSON,AZ,official_business_licenses,,,,
standard,HI END TIGHT BARBERSHOP & SUPPLY,+15209071785,,812111,MARANA,AZ,adapter:official_business_licenses,,,,
standard,EDWARD J FERGUSON,5203493635,unknown,812112,MESA,AZ,official_business_licenses,,,,
standard,ARIA BEAUTY & CO,5202563337,unknown,812112,TUCSON,AZ,official_business_licenses,,,,
standard,KV HAIR ARTISTRY,5209906671,unknown,812112,SAHUARITA,AZ,official_business_licenses,,,,
standard,ARTIE'S BEAUTY PARLOR,5203603458,unknown,812112,TUCSON,AZ,official_business_licenses,,,,
standard,BOMBSHELL STUDIO,5204447029,unknown,812112,TUCSON,AZ,official_business_licenses,,,,
standard,CREOSOTE SALON,5206498288,unknown,812112,TUCSON,AZ,official_business_licenses,,,,
standard,IRMA FELIX ULLOA,5202950000,unknown,812112,TUCSON,AZ,official_business_licenses,,,,
standard,KARLA STUDIO STYLE,5203049262,unknown,812112,TUCSON,AZ,official_business_licenses,,,,
standard,AESTHETICS BY BRITTNEY,5207300885,unknown,812112,TUCSON,AZ,official_business_licenses,,,,
standard,LINDSEY THE ESTHI BEAUTY STUDIO,5208122769,unknown,812112,TUCSON,AZ,official_business_licenses,,,,
standard,GLOSS STUDIO,5209075286,unknown,812112,TUCSON,AZ,official_business_licenses,,,,
standard,LANA NATANOVA,5202987335,unknown,812112,TUCSON,AZ,official_business_licenses,,,,
standard,LAURIE SAUNDERS,5205514164,unknown,812112,TUCSON,AZ,official_business_licenses,,,,
standard,NEW STYLE BEAUTY SALON,5207950527,unknown,812112,TUCSON,AZ,official_business_licenses,,,,
standard,MI-LE,5202200278,unknown,812112,TUCSON,AZ,official_business_licenses,,,,
standard,DAISY DIAMONDS HAIR SALON LLC,5203703520,unknown,812112,VAIL,AZ,official_business_licenses,,,,
standard,LEO AND LO,5206033649,unknown,812112,TUCSON,AZ,official_business_licenses,,,,
standard,BALANCED BEAUTY BAR,5203692243,unknown,812112,TUCSON,AZ,official_business_licenses,,,,
standard,PROFESSIONAL HAIR CLINIC OF ARIZONA,5207953467,unknown,812112,TUCSON,AZ,official_business_licenses,,,,
standard,RAZORZ EDGE,5202357647,unknown,812112,TUCSON,AZ,official_business_licenses,,,,
standard,REBEL SALON 1,5207495522,unknown,812112,TUCSON,AZ,official_business_licenses,,,,
standard,CUT COLOR POLISH,5209543311,unknown,812112,TUCSON,AZ,official_business_licenses,,,,
standard,VG BEAUTY LOUNGE,5208503208,unknown,812112,TUCSON,AZ,official_business_licenses,,,,
standard,XPOSED SKINCARE & WAXING,5202786836,unknown,812112,TUCSON,AZ,official_business_licenses,,,,
