priority,business_name,phone,phone_type,category,city,state,source,discovery_method,website,is_sole_proprietor,found_at
standard,BBQ AND GRILL ON WHEELS,4077017908,,,,FL,socrata:orlando_business_tax,,,,
standard,FXL INC,4073103540,,,,FL,socrata:orlando_business_tax,,,,
standard,ATLANTIC & CARIBBEAN ROOF CONS,4073401168,,,,FL,socrata:orlando_business_tax,,,,
standard,CLINICAL NEUROSCIENCE SOLUTION,4079031488,,,,FL,socrata:orlando_business_tax,,,,
standard,ZEN SOAPS INC,4078438432,,,,FL,socrata:orlando_business_tax,,,,
standard,RIGOBERTO ARMAS/JASPON,4075139515,,,,FL,socrata:orlando_business_tax,,,,
standard,FARI INC,4072597950,,,,FL,socrata:orlando_business_tax,,,,
standard,"ANDERSON, RICHARD JR",4078415236,,,,FL,socrata:orlando_business_tax,,,,
standard,CAPTIAL INICIAL INC,3216626603,,,,FL,socrata:orlando_business_tax,,,,
standard,RAYMOND HAYLES,3212311315,,,,FL,socrata:orlando_business_tax,,,,
standard,LAW & ANGEL ASSOCIATES INC,3219457226,,,,FL,socrata:orlando_business_tax,,,,
standard,TROY PROFESSIONAL STAFFING & R,4078986443,,,,FL,socrata:orlando_business_tax,,,,
standard,HOLISTIC NATURAL HEALTH,4078967674,,,,FL,socrata:orlando_business_tax,,,,
standard,GLORIA ARBELAEZ,4078936349,,,,FL,socrata:orlando_business_tax,,,,
standard,KASEY CAMPOS BEE CLEAN,4078080681,,,,FL,socrata:orlando_business_tax,,,,
standard,FERNANDO BARROSO/FIVE LIONS LL,4077546311,,,,FL,socrata:orlando_business_tax,,,,
standard,EXOTIC CAR GALLERY LLC,4078516491,,,,FL,socrata:orlando_business_tax,,,,
standard,STATE ALARM INC,4073630558,,,,FL,socrata:orlando_business_tax,,,,
standard,E ROBERT INSTALLATION INC,4076664783,,,,FL,socrata:orlando_business_tax,,,,
standard,NESTOR R HERNANDEZ,4073252231,,,,FL,socrata:orlando_business_tax,,,,
standard,JIM ACKERMAN AGENT STATE FARM,4072772994,,,,FL,socrata:orlando_business_tax,,,,
standard,BEAR ROCK CAFE,4079039533,,,,FL,socrata:orlando_business_tax,,,,
standard,DANIEL P FIXSAL,2175263424,,,,FL,socrata:orlando_business_tax,,,,
standard,ADVANCED FINANCIAL SOLUTIONS I,4076973658,,,,FL,socrata:orlando_business_tax,,,,
standard,ELENA V FARRANCE AP,4079258495,,,,FL,socrata:orlando_business_tax,,,,
standard,TRINITY TAX SOLUTION LLC,4072714376,,,,FL,socrata:orlando_business_tax,,,,
standard,YO LATINO INC,4073169995,,,,FL,socrata:orlando_business_tax,,,,
standard,APASRA OWENS,3218478368,,,,FL,socrata:orlando_business_tax,,,,
standard,ELOISA SIERRA HOT DOG,3219473319,,,,FL,socrata:orlando_business_tax,,,,
standard,INCREDIBLE MOMENTS GUARANTEED,4079098844,,,,FL,socrata:orlando_business_tax,,,,
standard,BARENBOIM INC,4076872324,,,,FL,socrata:orlando_business_tax,,,,
standard,KING & QUEENS CLEANING SERVICE,3212875414,,,,FL,socrata:orlando_business_tax,,,,
standard,HERSHEYS OF VISTA LAKES,3862145770,,,,FL,socrata:orlando_business_tax,,,,
standard,LA PLUME INC,3216950182,,,,FL,socrata:orlando_business_tax,,,,
standard,VARIETY VENDING COMPANY,4078102376,,,,FL,socrata:orlando_business_tax,,,,
standard,BANKATLANTIC,9549405000,,,,FL,socrata:orlando_business_tax,,,,
standard,DEREK G HAJJAR/DH ENGINEERING,4079560444,,,,FL,socrata:orlando_business_tax,,,,
standard,SHARBELLCAR TRANSPORT LLC,4073828986,,,,FL,socrata:orlando_business_tax,,,,
standard,YVONNE WILLIAMS EATERY,7863893930,,,,FL,socrata:orlando_business_tax,,,,
standard,MYRIAM RIQUELME CALENDER CLUB,4075098164,,,,FL,socrata:orlando_business_tax,,,,
standard,JOHN P WOODS/AVID,4072480505,,,,FL,socrata:orlando_business_tax,,,,
standard,ETHAN ALLEN HOME INTERIORS,9042922855,,,,FL,socrata:orlando_business_tax,,,,
standard,J F POWELL PAINTING INC,4077664818,,,,FL,socrata:orlando_business_tax,,,,
standard,DIVERSESTAFF INC,4072488585,,,,FL,socrata:orlando_business_tax,,,,
standard,M & M KITCHEN MARVIS RAMIREZ,4074144886,,,,FL,socrata:orlando_business_tax,,,,
standard,OTIZ IMPORTS & EXPORTS LLC,4078764306,,,,FL,socrata:orlando_business_tax,,,,
standard,SMART DEAL SERVICES INC,4076411127,,,,FL,socrata:orlando_business_tax,,,,
standard,MAGNATRON INC,4075783426,,,,FL,socrata:orlando_business_tax,,,,
standard,TOMMYSANDS HENRY,4072689841,,,,FL,socrata:orlando_business_tax,,,,
standard,CHINA PAVILION OPERATING CORPO,4078761793,,,,FL,socrata:orlando_business_tax,,,,
standard,SAMJU KIM HINES,4074897549,,,,FL,socrata:orlando_business_tax,,,,
standard,DEBORAH E KANE,4075957107,,,,FL,socrata:orlando_business_tax,,,,
standard,JP A/C DUCT WORKS LLC,4075298014,,,,FL,socrata:orlando_business_tax,,,,
standard,SHEARS AT THORNTON PARK,4078493669,,,,FL,socrata:orlando_business_tax,,,,
standard,S & V MAINTENANCE SERVICES INC,3213546863,,,,FL,socrata:orlando_business_tax,,,,
standard,ARTIC BREEZE COOLING LLC,4072106556,,,,FL,socrata:orlando_business_tax,,,,
standard,JAZZY JEANZ INC,4072497714,,,,FL,socrata:orlando_business_tax,,,,
standard,LUZ E BENJUMEA,4076713160,,,,FL,socrata:orlando_business_tax,,,,
standard,STONEPATH LOGISTICS,8883735655,,,,FL,socrata:orlando_business_tax,,,,
standard,INDEPENDENT PAVERS INC,4077213678,,,,FL,socrata:orlando_business_tax,,,,
standard,MICHAEL DEHLINGER & ASSOCIATES,4078390505,,,,FL,socrata:orlando_business_tax,,,,
standard,WHITE POINT BUSINESS & SERVICE,4072300054,,,,FL,socrata:orlando_business_tax,,,,
standard,TRESCA MACHINARY INC,4073671058,,,,FL,socrata:orlando_business_tax,,,,
standard,J R KOVACS(CLOSED 04/27/04),4078961990,,,,FL,socrata:orlando_business_tax,,,,
standard,AMANDA HICKS,4072223544,,,,FL,socrata:orlando_business_tax,,,,
standard,INFINITI CONTRACTING LLC,4076876037,,,,FL,socrata:orlando_business_tax,,,,
standard,MILLENNIUM TEAMSPORTS & APPARE,4076244282,,,,FL,socrata:orlando_business_tax,,,,
standard,CITY MOTORS ENT INC,4078937166,,,,FL,socrata:orlando_business_tax,,,,
standard,LITTLE GREEN SPA,4077486422,,,,FL,socrata:orlando_business_tax,,,,
standard,ESSENTIAL CABLE LLC,3525399513,,,,FL,socrata:orlando_business_tax,,,,
standard,A VERY GOOD TREE SERVICE WILLI,3212760919,,,,FL,socrata:orlando_business_tax,,,,
standard,THE LINK LLC,4078645232,,,,FL,socrata:orlando_business_tax,,,,
standard,NEW LIFE SCREEN SERVICES LLC,4077023563,,,,FL,socrata:orlando_business_tax,,,,
standard,THE LAW OFFICES OF DESIREE SAN,4072360502,,,,FL,socrata:orlando_business_tax,,,,
standard,RIO 40 DEGREES INC,4075234056,,,,FL,socrata:orlando_business_tax,,,,
standard,M & M FLORIDA CONSTRUCTION &,4077222765,,,,FL,socrata:orlando_business_tax,,,,
standard,KENNY RIVERA,4075454757,,,,FL,socrata:orlando_business_tax,,,,
standard,STEPHEN PROUT WINDOW AND DOORS,3213021271,,,,FL,socrata:orlando_business_tax,,,,
standard,SELECT PHYSICAL THERAPY,4072945500,,,,FL,socrata:orlando_business_tax,,,,
standard,DOMINICAN POWER INC,4077297689,,,,FL,socrata:orlando_business_tax,,,,
standard,BASKETZ BY DESIGN CO,4072949403,,,,FL,socrata:orlando_business_tax,,,,
standard,ORLANDO POWER YOGA LLC,4077190101,,,,FL,socrata:orlando_business_tax,,,,
standard,MTA SERVICES LLC,3214439176,,,,FL,socrata:orlando_business_tax,,,,
standard,MINORITY CHAMBER OF COMMERCE G,4072094994,,,,FL,socrata:orlando_business_tax,,,,
standard,SHELDON WARREN,4072825048,,,,FL,socrata:orlando_business_tax,,,,
standard,THE ARTEMIS GROUP,4074154266,,,,FL,socrata:orlando_business_tax,,,,
standard,JESSIE CUTLIP ^ GORGE H CUTLIP,4074206715,,,,FL,socrata:orlando_business_tax,,,,
standard,"SMYK, LADISLAV VLADIMIR",4078989922,,,,FL,socrata:orlando_business_tax,,,,
standard,RRJJB&K LLC,4072922818,,,,FL,socrata:orlando_business_tax,,,,
standard,SUBWAY,4078978600,,,,FL,socrata:orlando_business_tax,,,,
standard,KALIBS KAFE,4074202085,,,,FL,socrata:orlando_business_tax,,,,
standard,IVONNE MONTALVO FLORIST,4074477111,,,,FL,socrata:orlando_business_tax,,,,
standard,ROSE BARWICK,4074279134,,,,FL,socrata:orlando_business_tax,,,,
standard,PAN CONTINENTAL TRADING CORPOR,4072221113,,,,FL,socrata:orlando_business_tax,,,,
standard,METRO WEST CAFE & CATERING,4075210960,,,,FL,socrata:orlando_business_tax,,,,
standard,KRISTI MAINGOT,4192213004,,,,FL,socrata:orlando_business_tax,,,,
standard,NELSON TORRES N & F CLEANING,4072071145,,,,FL,socrata:orlando_business_tax,,,,
standard,RANDY NEEDHAM,4073709800,,,,FL,socrata:orlando_business_tax,,,,
standard,INDUSTRIOUS INNOVATIONS,4078358105,,,,FL,socrata:orlando_business_tax,,,,
standard,XLR 8 LLC,4076822693,,,,FL,socrata:orlando_business_tax,,,,
standard,STUDIO GIRAULT,4078977499,,,,FL,socrata:orlando_business_tax,,,,
standard,TILE CONCEPTS,4072984111,,,,FL,socrata:orlando_business_tax,,,,
standard,VISION OFFICE CONCEPTS INC,4078228085,,,,FL,socrata:orlando_business_tax,,,,
standard,MANZO AND ASSOCIATES P A,4075142692,,,,FL,socrata:orlando_business_tax,,,,
standard,PAULA BERRYMAN TOP BRASS COLLE,4075384674,,,,FL,socrata:orlando_business_tax,,,,
standard,RALPH STONE,4078085835,,,,FL,socrata:orlando_business_tax,,,,
standard,NATURES TABLE,4043447905,,,,FL,socrata:orlando_business_tax,,,,
standard,EMINE PRATEVA,4076660456,,,,FL,socrata:orlando_business_tax,,,,
standard,MP REALTY LLC,3213566879,,,,FL,socrata:orlando_business_tax,,,,
standard,HANDS OF LOVE OUTREACH CENTER,4078700543,,,,FL,socrata:orlando_business_tax,,,,
standard,J & R GLOBAL CONSTRUCTION INC,4072977777,,,,FL,socrata:orlando_business_tax,,,,
standard,TIMOTHY P KOWALSKI/PROFESSIONA,4072451026,,,,FL,socrata:orlando_business_tax,,,,
standard,COSMOS ELECTRONICS INC,4074152176,,,,FL,socrata:orlando_business_tax,,,,
standard,LAS PALMAS GROCERY,4073812581,,,,FL,socrata:orlando_business_tax,,,,
standard,RAMONITA CRESPO,3213771784,,,,FL,socrata:orlando_business_tax,,,,
standard,SUPER SUPPERS OF FL WINTER PAR,4078986000,,,,FL,socrata:orlando_business_tax,,,,
standard,PRM TRUCKING CORP,4072814901,,,,FL,socrata:orlando_business_tax,,,,
standard,BOBBIE GRAYS RES & COMM CLEANI,3213546382,,,,FL,socrata:orlando_business_tax,,,,
standard,DIDIER LAW FIRM PA,4078953401,,,,FL,socrata:orlando_business_tax,,,,
standard,PETRATECH SOLUTIONS,4074822703,,,,FL,socrata:orlando_business_tax,,,,
standard,MARY C WALSH/ TEDDER JAMES WOR,4074815100,,,,FL,socrata:orlando_business_tax,,,,
standard,TOOL N AROUND INC,4072221038,,,,FL,socrata:orlando_business_tax,,,,
standard,HUTCH K HICKEN/LITCHFORD,4074226600,,,,FL,socrata:orlando_business_tax,,,,
standard,MICHAEL ZIEGLER,8142447225,,,,FL,socrata:orlando_business_tax,,,,
standard,KEHYON CHOI/ASSA DAY SPA,4077609216,,,,FL,socrata:orlando_business_tax,,,,
standard,WRAPUNZEL,4076163561,,,,FL,socrata:orlando_business_tax,,,,
standard,THE PROFESSIONAL TOUCH MASTERS,4077610592,,,,FL,socrata:orlando_business_tax,,,,
standard,BAY TREE SOLUTIONS INC,4074033762,,,,FL,socrata:orlando_business_tax,,,,
standard,BIG MA S BACKYARD BBQ & SOULFO,4075322505,,,,FL,socrata:orlando_business_tax,,,,
standard,P & A PRESSURE CLEANING,4076175666,,,,FL,socrata:orlando_business_tax,,,,
standard,MOROWASH INC,3212178889,,,,FL,socrata:orlando_business_tax,,,,
standard,SOUTHERN PINES LANDSCAPING LLC,4072879550,,,,FL,socrata:orlando_business_tax,,,,
standard,SHOPPING CART SOLDIERS INC,4078948426,,,,FL,socrata:orlando_business_tax,,,,
standard,ADK CARPET CLEANNING INC,4079290972,,,,FL,socrata:orlando_business_tax,,,,
standard,EMERALD CAPITAL GROUP INC,4072066533,,,,FL,socrata:orlando_business_tax,,,,
standard,WAHINE GROUP CONSULTING LLC,4077014267,,,,FL,socrata:orlando_business_tax,,,,
standard,G S MAGIC WORLD INC,7377669898,,,,FL,socrata:orlando_business_tax,,,,
standard,R & M REAL FLOORING INC,4073982244,,,,FL,socrata:orlando_business_tax,,,,
standard,HONGKONG BILLARD INC,4078989572,,,,FL,socrata:orlando_business_tax,,,,
standard,TOUCH OF FLAIR LLC,4072977262,,,,FL,socrata:orlando_business_tax,,,,
standard,GREENE & LEE PL,4076481700,,,,FL,socrata:orlando_business_tax,,,,
standard,ALLISON HANLEY/HANLEY PAIN & R,3212940094,,,,FL,socrata:orlando_business_tax,,,,
standard,CITIUS LLC,3212797704,,,,FL,socrata:orlando_business_tax,,,,
standard,BERNARD G ALLMARAS/COUNSELING,4074476119,,,,FL,socrata:orlando_business_tax,,,,
standard,GAME ROOMS BY DESIGN,3216244326,,,,FL,socrata:orlando_business_tax,,,,
standard,VIP REMODELING SERVICES LLC,3213039306,,,,FL,socrata:orlando_business_tax,,,,
standard,TRI ANGEL SERVICES LLC,3214606808,,,,FL,socrata:orlando_business_tax,,,,
standard,RAUL VILA TILE INSTALATIONS IN,3213886160,,,,FL,socrata:orlando_business_tax,,,,
standard,TRUCK PARTS CENTER ORLANDO INC,7873068838,,,,FL,socrata:orlando_business_tax,,,,
standard,ARTS IMPORT & EXPORT INC,4074185551,,,,FL,socrata:orlando_business_tax,,,,
standard,FREE FLOW COUNSELING SERVICES,4073700459,,,,FL,socrata:orlando_business_tax,,,,
standard,HAMDY ABED HUSEIN,5043299782,,,,FL,socrata:orlando_business_tax,,,,
standard,LABORATORY CORPORATION OF AMER,4077015517,,,,FL,socrata:orlando_business_tax,,,,
standard,DA DOMINICCI INTERNATIONAL INC,3213773182,,,,FL,socrata:orlando_business_tax,,,,
standard,DIMENSION FLOORING INC,4078322313,,,,FL,socrata:orlando_business_tax,,,,
standard,ANNE M MURUGASU REID/MILLS PAR,4074210482,,,,FL,socrata:orlando_business_tax,,,,
standard,MANUEL HIERRO,4077665636,,,,FL,socrata:orlando_business_tax,,,,
standard,EDS INSURANCE AGENCY OF BROWAR,9546298936,,,,FL,socrata:orlando_business_tax,,,,
standard,BRIGIDA BOUZA RETAIL,4072591760,,,,FL,socrata:orlando_business_tax,,,,
standard,JOHN F RISTICK,2154320214,,,,FL,socrata:orlando_business_tax,,,,
standard,JULEM FLORIAL,4078570744,,,,FL,socrata:orlando_business_tax,,,,
standard,ETHERIC MIST INC,4079280006,,,,FL,socrata:orlando_business_tax,,,,
standard,BRITTNEE PENNINGTON,4075781864,,,,FL,socrata:orlando_business_tax,,,,
standard,OR SPECIFIC INC,4072924133,,,,FL,socrata:orlando_business_tax,,,,
standard,PLAST D FUSERS SOUTHEAST INC,4074226660,,,,FL,socrata:orlando_business_tax,,,,
standard,NEW HORIZONS WELLNESS CENTERS,4072035587,,,,FL,socrata:orlando_business_tax,,,,
standard,"BANKSTON, CAROLYN LCSW PSYCHO",4076441798,,,,FL,socrata:orlando_business_tax,,,,
standard,JILL COOPER REAL ESTATE LLC,4076281231,,,,FL,socrata:orlando_business_tax,,,,
standard,HERITAGE GREEN LLC,4072764039,,,,FL,socrata:orlando_business_tax,,,,
standard,WESTWOOD SERVICES,4074351921,,,,FL,socrata:orlando_business_tax,,,,
standard,LUIS E CROASDAILE,4072488563,,,,FL,socrata:orlando_business_tax,,,,
standard,FCI SOUTHEAST INC,4072535701,,,,FL,socrata:orlando_business_tax,,,,
standard,ALL WRAPPED UP EVENTS INC,4078937388,,,,FL,socrata:orlando_business_tax,,,,
standard,HORIZON TILING AND MARBLE INC,3212319131,,,,FL,socrata:orlando_business_tax,,,,
standard,YOUTHFIT LEARNING CENTERS INC,4078969853,,,,FL,socrata:orlando_business_tax,,,,
standard,SIMPLY COMMUNICATIONS INC,4074780382,,,,FL,socrata:orlando_business_tax,,,,
standard,FREAKAZOID STOMPING GROUNDS,4074058128,,,,FL,socrata:orlando_business_tax,,,,
standard,JPMORGAN CHASE BANK NA,4079825825,,,,FL,socrata:orlando_business_tax,,,,
standard,PLAY IT UP,4075142676,,,,FL,socrata:orlando_business_tax,,,,
standard,BASKET TREASURES AND MORE,4073289359,,,,FL,socrata:orlando_business_tax,,,,
standard,BASSHIT STUDIO,6175104233,,,,FL,socrata:orlando_business_tax,,,,
standard,PAULINE L NGUYEN,4077806546,,,,FL,socrata:orlando_business_tax,,,,
standard,NORDSTROM INC,2063032885,,,,FL,socrata:orlando_business_tax,,,,
standard,INLAND MORTGAGE CAPITAL CORPOR,4076498800,,,,FL,socrata:orlando_business_tax,,,,
standard,MICHAEL DEVOE/DEVOE LAW FIRM,4072841620,,,,FL,socrata:orlando_business_tax,,,,
standard,REHABILITATION GROUP PA,4076498707,,,,FL,socrata:orlando_business_tax,,,,
standard,THERESA MODESTE,4079265757,,,,FL,socrata:orlando_business_tax,,,,
standard,REDBOX AUTOMATED RETAIL LLC,6307568010,,,,FL,socrata:orlando_business_tax,,,,
standard,FLORANCE CLEANERS INC,3522430917,,,,FL,socrata:orlando_business_tax,,,,
standard,LONNIE PARKER SERVICES,4074920981,,,,FL,socrata:orlando_business_tax,,,,
standard,AC TILE & STONE CORP,3216891263,,,,FL,socrata:orlando_business_tax,,,,
standard,NAILMARKS INC,4077361356,,,,FL,socrata:orlando_business_tax,,,,
standard,AMER POOL & PATIO SCREEN & REP,4072532421,,,,FL,socrata:orlando_business_tax,,,,
standard,MARYLAND FRIED CHICKEN,3219471559,,,,FL,socrata:orlando_business_tax,,,,
standard,NATASHA YOUNG CLEANING SERVICE,4074457286,,,,FL,socrata:orlando_business_tax,,,,
standard,MAI LITTLE STARZ LEARNING CENT,4075788883,,,,FL,socrata:orlando_business_tax,,,,
standard,CARPET MASTER SERVICES LLC,3212516931,,,,FL,socrata:orlando_business_tax,,,,
standard,AARON J ZMARZLINSKI/THE LAW OF,4075682161,,,,FL,socrata:orlando_business_tax,,,,
standard,CURTIS PROTECTIVE SERVICES INC,8005518368,,,,FL,socrata:orlando_business_tax,,,,
standard,CITY CAB CO,4072540557,,,,FL,socrata:orlando_business_tax,,,,
standard,BOATECH MOBILE MARINE SERVICE`,3213548686,,,,FL,socrata:orlando_business_tax,,,,
standard,HERNANDEZ MOJICO FLOORING INC,2143361452,,,,FL,socrata:orlando_business_tax,,,,
standard,AGS EXPOSITION SERVICE INC,4077399143,,,,FL,socrata:orlando_business_tax,,,,
standard,CBJ ENTERPRISES INC,3212782956,,,,FL,socrata:orlando_business_tax,,,,
standard,DEAM TEAM DIGITAL VIDEO PRODUC,4074704051,,,,FL,socrata:orlando_business_tax,,,,
standard,FOUNDATION TITLE GROUP LLC,4072944100,,,,FL,socrata:orlando_business_tax,,,,
standard,HENRY HSU,3863831138,,,,FL,socrata:orlando_business_tax,,,,
standard,QUALITY RESTORATIONS & UPHOLST,4072996809,,,,FL,socrata:orlando_business_tax,,,,
standard,JERREL C WHITE,3212462919,,,,FL,socrata:orlando_business_tax,,,,
standard,JOSE LOPEZ REMODELING INC,3216849335,,,,FL,socrata:orlando_business_tax,,,,
standard,A PLUS REALTY LLC,4073847747,,,,FL,socrata:orlando_business_tax,,,,
standard,JAYRAM INC,4078765350,,,,FL,socrata:orlando_business_tax,,,,
standard,JERRY ROJAS PRODUCTIONS,4079635189,,,,FL,socrata:orlando_business_tax,,,,
standard,LILA PIERRE LOUIS,4072278495,,,,FL,socrata:orlando_business_tax,,,,
standard,NATIONWIDE MORTGAGE CONSULTANT,4078968958,,,,FL,socrata:orlando_business_tax,,,,
standard,RLL DRYWALL LLC,3219463426,,,,FL,socrata:orlando_business_tax,,,,
standard,METAL FRAMER SERVICES INCORPOR,4074276389,,,,FL,socrata:orlando_business_tax,,,,
standard,KING OF GREASE,4077451098,,,,FL,socrata:orlando_business_tax,,,,
standard,NEW BEGINNING CONSTRUCTION INC,4078327233,,,,FL,socrata:orlando_business_tax,,,,
standard,LUIGIS,4058350002,,,,FL,socrata:orlando_business_tax,,,,
standard,GUSTAVO ITUARTE,4072762994,,,,FL,socrata:orlando_business_tax,,,,
standard,TERESA LATANZA INTERIORS,3212141607,,,,FL,socrata:orlando_business_tax,,,,
standard,THE BARRETT GROUP,4078085544,,,,FL,socrata:orlando_business_tax,,,,
standard,REPUBLIC PROPERTIES INC,4073512330,,,,FL,socrata:orlando_business_tax,,,,
standard,BELFORD INTERIORS CORPORATION,3213316865,,,,FL,socrata:orlando_business_tax,,,,
standard,ON DEMAND HURRICANE SYSTEMS,5613761992,,,,FL,socrata:orlando_business_tax,,,,
standard,CECILIA NOVAK/ NOVAK MORTGAGE,4077092342,,,,FL,socrata:orlando_business_tax,,,,
standard,AMERICAN QUICK SIGN INC,4076496424,,,,FL,socrata:orlando_business_tax,,,,
standard,CRAWFORD DESIGNS & PROMOTIONS,4077160396,,,,FL,socrata:orlando_business_tax,,,,
standard,HMT CONNECTION INC,7864234797,,,,FL,socrata:orlando_business_tax,,,,
standard,BRENDA STREETER BUSY BEES,4079635270,,,,FL,socrata:orlando_business_tax,,,,
standard,WILLIAM S MOSS/CB RICHARD ELLI,4078416789,,,,FL,socrata:orlando_business_tax,,,,
standard,JUST FOOD SERVICE TEMPS INC,4078430642,,,,FL,socrata:orlando_business_tax,,,,
standard,LOKUPILAWATTAGE AJITH PERERA,4072964185,,,,FL,socrata:orlando_business_tax,,,,
standard,PATRICIA A MONTGOMERY,4072999795,,,,FL,socrata:orlando_business_tax,,,,
standard,W P M CLOSET BY FROCY,4077292114,,,,FL,socrata:orlando_business_tax,,,,
standard,VICTOR MARIO VALDES,4079260060,,,,FL,socrata:orlando_business_tax,,,,
standard,A & K AUTOMOTIVE INC,4077702991,,,,FL,socrata:orlando_business_tax,,,,
standard,S & S HAIR CARE DISTRIBUTORS,4073257332,,,,FL,socrata:orlando_business_tax,,,,
standard,EXCHANGE LOUNGE/THE CIGAR CLUB,4072443400,,,,FL,socrata:orlando_business_tax,,,,
standard,"NYER, THOMAS V/H W LOCHNER",4074826600,,,,FL,socrata:orlando_business_tax,,,,
standard,LAURA C CASTILLO/AMAZON MASSAG,3212066703,,,,FL,socrata:orlando_business_tax,,,,
standard,PRODUCE LIVE,9044978208,,,,FL,socrata:orlando_business_tax,,,,
standard,GEORGE BURNS,3212784404,,,,FL,socrata:orlando_business_tax,,,,
standard,DAVID BUSH STUCCO,4072952617,,,,FL,socrata:orlando_business_tax,,,,
standard,RECALL TOTAL INFORMATION MANGM,4072982686,,,,FL,socrata:orlando_business_tax,,,,
standard,FRAN MANNO,8636776508,,,,FL,socrata:orlando_business_tax,,,,
standard,NAGLE ENTERPRISES INC,4074702994,,,,FL,socrata:orlando_business_tax,,,,
standard,R F G SERVICES INC,4078562952,,,,FL,socrata:orlando_business_tax,,,,
standard,WALTER CORPORATION,4072945778,,,,FL,socrata:orlando_business_tax,,,,
standard,ATTAINING BALANCE LTD CO,4077600065,,,,FL,socrata:orlando_business_tax,,,,
standard,FIRST AMERICAN REAL ESTATE CAP,4072063900,,,,FL,socrata:orlando_business_tax,,,,
standard,JMS FINANCIAL GROUP CORP,3212061550,,,,FL,socrata:orlando_business_tax,,,,
standard,ALOHA SNOW,4077292615,,,,FL,socrata:orlando_business_tax,,,,
standard,ATLANTIC HURRICANE SHUTTERS IN,4073194651,,,,FL,socrata:orlando_business_tax,,,,
standard,WILLIAM BLANTON LLC,4072075642,,,,FL,socrata:orlando_business_tax,,,,
standard,AMERICAN METAL PRODUCTS INC,4072930090,,,,FL,socrata:orlando_business_tax,,,,
standard,AMIN PRODUCTS INC,3219462985,,,,FL,socrata:orlando_business_tax,,,,
standard,BAKERY P OF ORLANDO LLC,4078491888,,,,FL,socrata:orlando_business_tax,,,,
standard,OCEAN BLUE AND ASSOCIATES INC,4079238980,,,,FL,socrata:orlando_business_tax,,,,
standard,ANTHONY GUTLEBER,4072445554,,,,FL,socrata:orlando_business_tax,,,,
standard,DEBORAH HARDY-YARBORO,4076201846,,,,FL,socrata:orlando_business_tax,,,,
standard,PRIME CUT FOODS INC,4074973280,,,,FL,socrata:orlando_business_tax,,,,
standard,DA SEW A UNDAGROUND,4072778704,,,,FL,socrata:orlando_business_tax,,,,
standard,PAUL SZUKALA,4072345851,,,,FL,socrata:orlando_business_tax,,,,
standard,INNOVATIVE ELECTRIC,4073108899,,,,FL,socrata:orlando_business_tax,,,,
standard,PRESTIGE CUSTOM CABINETS LLC,4079710053,,,,FL,socrata:orlando_business_tax,,,,
standard,GI FLOORS INC,4079201385,,,,FL,socrata:orlando_business_tax,,,,
standard,MORNING STAR MINISTRIES,4075782351,,,,FL,socrata:orlando_business_tax,,,,
standard,WIL KAR CONSTRUCTION LLC,3212510927,,,,FL,socrata:orlando_business_tax,,,,
standard,NEULIO INC,4073277317,,,,FL,socrata:orlando_business_tax,,,,
standard,ADVANCED PROPERTY SOLUTIONS IN,3212819466,,,,FL,socrata:orlando_business_tax,,,,
standard,SSE LLC,4073628251,,,,FL,socrata:orlando_business_tax,,,,
standard,PLACEMAKER CREATIVE LLC,4075151510,,,,FL,socrata:orlando_business_tax,,,,
standard,TASTEFUL DELIVERIES INC,4076491992,,,,FL,socrata:orlando_business_tax,,,,
standard,DEBRA M ASHCRAFT MD LLC/FIRM,4074810618,,,,FL,socrata:orlando_business_tax,,,,
standard,AMF REMODELING & CONSTRUCTION,4074738386,,,,FL,socrata:orlando_business_tax,,,,
standard,VALENTYNA L SCHERBEY,4078956537,,,,FL,socrata:orlando_business_tax,,,,
standard,SELLSATE RENOWNED REALTY,4072457653,,,,FL,socrata:orlando_business_tax,,,,
standard,SANCHEZ SIDING OF CENTRAL FLOR,4074552258,,,,FL,socrata:orlando_business_tax,,,,
standard,SIGN PLUS INC,4075688000,,,,FL,socrata:orlando_business_tax,,,,
standard,FRANK ROSE PHOTOGRAPHY,3217492733,,,,FL,socrata:orlando_business_tax,,,,
standard,PERFECTION HOME SERVICES INC,4078967035,,,,FL,socrata:orlando_business_tax,,,,
standard,DEVIL DOG,7277439622,,,,FL,socrata:orlando_business_tax,,,,
standard,CRAZY GRILL INC,4073544404,,,,FL,socrata:orlando_business_tax,,,,
standard,KIMBERLY CARLYLE CLARK/CARLYLE ORTHODONTICS,4074479060,,,,FL,socrata:orlando_business_tax,,,,
standard,DEAN PHOTO PRODUCTIONS,4072089491,,,,FL,socrata:orlando_business_tax,,,,
standard,LA CASA DEL MARIACHI MEXICAN G,4075785454,,,,FL,socrata:orlando_business_tax,,,,
standard,MICHAEL S O'DOWD,4074234246,,,,FL,socrata:orlando_business_tax,,,,
standard,COALITION FOR PROPERTY RIGHTS,4078412289,,,,FL,socrata:orlando_business_tax,,,,
standard,CORNERSTONE FINANCIAL STRADEGI,4076490078,,,,FL,socrata:orlando_business_tax,,,,
standard,MAINFRAME CONSTRUCTION CORP,3212763644,,,,FL,socrata:orlando_business_tax,,,,
standard,TOTAL HEALTH CHIROPRACTIC SOLU,4072080039,,,,FL,socrata:orlando_business_tax,,,,
standard,GREENLITE AUTO SALES INC,4072935648,,,,FL,socrata:orlando_business_tax,,,,
standard,EL FASHION(MENS WEAR),4075788053,,,,FL,socrata:orlando_business_tax,,,,
standard,FLORIDA HEALTHCARE ACADEMY,4072755880,,,,FL,socrata:orlando_business_tax,,,,
standard,AMADOU FALL TAUBA AFRICAN ARTS,5132274822,,,,FL,socrata:orlando_business_tax,,,,
standard,STEEL RESCREENING,3213884065,,,,FL,socrata:orlando_business_tax,,,,
standard,ALTERNATIVE HEALTHCARE RESOURC,4072103981,,,,FL,socrata:orlando_business_tax,,,,
standard,MORRIS AND KALM INC,4073834361,,,,FL,socrata:orlando_business_tax,,,,
standard,BUS-0003737,4074639135,,,,FL,socrata:orlando_business_tax,,,,
standard,BRUCE I GRIFFEY ESQ,3219394177,,,,FL,socrata:orlando_business_tax,,,,
standard,RAPID PRESTIGE SERVICE CORPOR,4072360149,,,,FL,socrata:orlando_business_tax,,,,
standard,JOANNE HAMILTON,7049043786,,,,FL,socrata:orlando_business_tax,,,,
standard,RETRIEVER PAYMENT SYSTEMS,8778965565,,,,FL,socrata:orlando_business_tax,,,,
standard,MOSAIC HAIR STUDIO,4078963241,,,,FL,socrata:orlando_business_tax,,,,
standard,ROHO CUBAN COFFEE CO LLC,4074358070,,,,FL,socrata:orlando_business_tax,,,,
standard,RAVES IMPORT & EXPORT INC,3212064911,,,,FL,socrata:orlando_business_tax,,,,
standard,R B BENNER & SON HOME SERVICES,4072545051,,,,FL,socrata:orlando_business_tax,,,,
standard,DESHIELDS TRANSPORT INC,4074026948,,,,FL,socrata:orlando_business_tax,,,,
standard,KIMBERLY BOLES DISTRIBUTIONS,4077457556,,,,FL,socrata:orlando_business_tax,,,,
standard,THOMAS REICHERT,3213039961,,,,FL,socrata:orlando_business_tax,,,,
standard,J & G HOME IMPROVEMENT INC,3212351068,,,,FL,socrata:orlando_business_tax,,,,
standard,MARK A KOLASINKI,4072659105,,,,FL,socrata:orlando_business_tax,,,,
standard,CORPORATE RESORT MARKETING LLC,4079284755,,,,FL,socrata:orlando_business_tax,,,,
standard,JOEL RODRIGUEZ,4077912879,,,,FL,socrata:orlando_business_tax,,,,
standard,CARDINS COLORFUL HAIR,4079965159,,,,FL,socrata:orlando_business_tax,,,,
standard,CHECKERS #6331,8132837112,,,,FL,socrata:orlando_business_tax,,,,
standard,LEEL OPERATIONS COMPANY,4075221135,,,,FL,socrata:orlando_business_tax,,,,
standard,ISLAND BREEZE INVESTMENT PROPE,4076414256,,,,FL,socrata:orlando_business_tax,,,,
standard,CHUPIN TILE & MARBLE INC,9543259275,,,,FL,socrata:orlando_business_tax,,,,
standard,CENTRAL PARKING SYSTEM OF FLOR,4076485601,,,,FL,socrata:orlando_business_tax,,,,
standard,ANDERY CORP,3216638601,,,,FL,socrata:orlando_business_tax,,,,
standard,BYRON K WALKER TRUCKING,4079483435,,,,FL,socrata:orlando_business_tax,,,,
standard,MICHAEL PABON CLEANING COMPANY,2155310593,,,,FL,socrata:orlando_business_tax,,,,
standard,CORTNEY D HERMANSEN,3214060528,,,,FL,socrata:orlando_business_tax,,,,
standard,SWEET TS GOURMET COOKIES INC,4079679567,,,,FL,socrata:orlando_business_tax,,,,
standard,ULTIMATE CABLE CONSTRUCTION,3212174837,,,,FL,socrata:orlando_business_tax,,,,
standard,COLOR ME BEAUTIFUL BY LASEANTA,4075742316,,,,FL,socrata:orlando_business_tax,,,,
standard,YOU KNOW PAINTING INC,4079134984,,,,FL,socrata:orlando_business_tax,,,,
standard,BARRY WHITAKER PERSONAL TOUCH,4072933032,,,,FL,socrata:orlando_business_tax,,,,
standard,REEFS AND RAINFORESTS,4074269675,,,,FL,socrata:orlando_business_tax,,,,
standard,PRIMER TIME PAINTING INC,3215588859,,,,FL,socrata:orlando_business_tax,,,,
standard,VIRTUAL HEALTH SOLUTIONS,4077580331,,,,FL,socrata:orlando_business_tax,,,,
standard,TOOBRICH CONSULTING CORP,4065225690,,,,FL,socrata:orlando_business_tax,,,,
standard,AGUSTIN CHIEF EXECUTIVE GROUP,4072103937,,,,FL,socrata:orlando_business_tax,,,,
standard,MATTRESS 1 ONE,4078989020,,,,FL,socrata:orlando_business_tax,,,,
standard,FIGMENT GRAPHIC DESIGN INC,4079638547,,,,FL,socrata:orlando_business_tax,,,,
standard,ELIZABETH M FOLGEMAN ESQUIRE,4076208588,,,,FL,socrata:orlando_business_tax,,,,
standard,WIRELESS AMERICA LLC,4077307003,,,,FL,socrata:orlando_business_tax,,,,
standard,HARLAN V BOYER,4075829693,,,,FL,socrata:orlando_business_tax,,,,
standard,FAST MONEY TRANSFER INC,4072562154,,,,FL,socrata:orlando_business_tax,,,,
standard,CLUB FANTASY 57,3212398539,,,,FL,socrata:orlando_business_tax,,,,
standard,VERONICA JONES,4074231320,,,,FL,socrata:orlando_business_tax,,,,
standard,NEW LIGHT PROPERTIES & MANAGEM,4075410715,,,,FL,socrata:orlando_business_tax,,,,
standard,MARAT M KOYFMAN DMD PA,4078419435,,,,FL,socrata:orlando_business_tax,,,,
standard,BANKERS CLUB,4072376780,,,,FL,socrata:orlando_business_tax,,,,
standard,ELLIOT A MAUSNER/HEALTH CARE,4072499460,,,,FL,socrata:orlando_business_tax,,,,
standard,YOUR EYE IN THE SKY LLC,4074541413,,,,FL,socrata:orlando_business_tax,,,,
standard,PETARDS INC,4075401252,,,,FL,socrata:orlando_business_tax,,,,
standard,ION TIU HANDYMAN,4074461680,,,,FL,socrata:orlando_business_tax,,,,
standard,DELGADO HOME SOLUTIONS INC,4074892605,,,,FL,socrata:orlando_business_tax,,,,
standard,MATRIX COMPUTER LEARNING CENTE,4075230803,,,,FL,socrata:orlando_business_tax,,,,
standard,ORLANDO MOVIE COMPANY INC,4049645914,,,,FL,socrata:orlando_business_tax,,,,
standard,STILE FLOORING CORP,3213544891,,,,FL,socrata:orlando_business_tax,,,,
standard,J L UNLIMITED SERVICES INC,4076664672,,,,FL,socrata:orlando_business_tax,,,,
standard,VICTORS INTERIOR TRIM INC,8437849110,,,,FL,socrata:orlando_business_tax,,,,
standard,FOAM SOLUTIONS INC,4077333452,,,,FL,socrata:orlando_business_tax,,,,
standard,DANIEL MOOREHEAD INC,4079219843,,,,FL,socrata:orlando_business_tax,,,,
standard,ROJAS TRANSPORTATION LLC,2016584276,,,,FL,socrata:orlando_business_tax,,,,
standard,SMART MANAGEMENT LLC,4072811721,,,,FL,socrata:orlando_business_tax,,,,
standard,AVERY PRESSURE CLEANING,4075298650,,,,FL,socrata:orlando_business_tax,,,,
standard,UNITED ELITE SERVICES INC,4077048790,,,,FL,socrata:orlando_business_tax,,,,
standard,ANNEX FINANCIAL GROUP LLC,4076162097,,,,FL,socrata:orlando_business_tax,,,,
standard,DMJM HARRIS INC,4072467209,,,,FL,socrata:orlando_business_tax,,,,
standard,DON MAYS A C REPAIR,4078592300,,,,FL,socrata:orlando_business_tax,,,,
standard,J MACKENSKY JAN PRO CLEANING,4079482441,,,,FL,socrata:orlando_business_tax,,,,
standard,WELLNESS CHRIOPRACTIC ASSOC PA,4074011339,,,,FL,socrata:orlando_business_tax,,,,
standard,VISION N DESIGN CO,4073983962,,,,FL,socrata:orlando_business_tax,,,,
standard,VASCONCELOS & LINS INC,4074276586,,,,FL,socrata:orlando_business_tax,,,,
standard,TERRYS LITTLE HAVANA,4078502324,,,,FL,socrata:orlando_business_tax,,,,
standard,CTRL FL HEALTHCARE FED CREDIT,4078265005,,,,FL,socrata:orlando_business_tax,,,,
standard,RONZELL EDWARDS BIG Z LANDSCAP,4074267848,,,,FL,socrata:orlando_business_tax,,,,
standard,LINDA TAN,4076012604,,,,FL,socrata:orlando_business_tax,,,,
standard,HERR BUSINESS CORPORATION,4074053504,,,,FL,socrata:orlando_business_tax,,,,
standard,HEIDI M ANDERSEN/MARCANDREW EX,4078987737,,,,FL,socrata:orlando_business_tax,,,,
standard,GIFTS BY JOY,4075783816,,,,FL,socrata:orlando_business_tax,,,,
standard,CENTER FOR PHYSICIANS CARE INC,4074818501,,,,FL,socrata:orlando_business_tax,,,,
standard,C L B DESIGN BUILD INC,4074930752,,,,FL,socrata:orlando_business_tax,,,,
standard,THE DRESSMAKER OF ORLANDO INC,4076482007,,,,FL,socrata:orlando_business_tax,,,,
standard,CALVIN LONG TOWING,4074277707,,,,FL,socrata:orlando_business_tax,,,,
standard,ECR INSTALLATION LLC,4074022464,,,,FL,socrata:orlando_business_tax,,,,
standard,ANDREW KEY HOMES INC,4074251003,,,,FL,socrata:orlando_business_tax,,,,
standard,NEW YORK PIZZA DEVELOPMENT LLC,4072308822,,,,FL,socrata:orlando_business_tax,,,,
standard,PCX LAWN CARE,3212971731,,,,FL,socrata:orlando_business_tax,,,,
standard,STEVEN C BLINN/STEVEN C BLINN,3212140034,,,,FL,socrata:orlando_business_tax,,,,
standard,ALAMOS INVESTMENT INTERNATIONA,4072721718,,,,FL,socrata:orlando_business_tax,,,,
standard,SUAREZ CONSTRUCTION,3212356848,,,,FL,socrata:orlando_business_tax,,,,
standard,VACATIONS INTERNATIONAL INC,4076163582,,,,FL,socrata:orlando_business_tax,,,,
standard,FARA HOT DOG,4079703290,,,,FL,socrata:orlando_business_tax,,,,
standard,GRAZE LLC,4072270008,,,,FL,socrata:orlando_business_tax,,,,
standard,PMP PAINTING INC,4072981834,,,,FL,socrata:orlando_business_tax,,,,
standard,FAST WAY USA CORP,4076193999,,,,FL,socrata:orlando_business_tax,,,,
standard,EXPRESS JEWELRY,4078761614,,,,FL,socrata:orlando_business_tax,,,,
standard,PEDIATRIC SKILL BUILDERS,4077929799,,,,FL,socrata:orlando_business_tax,,,,
standard,GONE COUNTRY,4076164981,,,,FL,socrata:orlando_business_tax,,,,
standard,MISS BLACK CENTRAL FLORIDA PAG,4075170059,,,,FL,socrata:orlando_business_tax,,,,
standard,ELSIE CHAN JEWERLY,4073631229,,,,FL,socrata:orlando_business_tax,,,,
standard,FRANKLIN GAINTAN FRAMING & CON,4074668267,,,,FL,socrata:orlando_business_tax,,,,
standard,VHV NATURAL STONE,3212996973,,,,FL,socrata:orlando_business_tax,,,,
standard,DANIELLE BAXTER LMT,4078737227,,,,FL,socrata:orlando_business_tax,,,,
standard,DEALLSTARZ ENTERTAINMENT,4073424591,,,,FL,socrata:orlando_business_tax,,,,
standard,A SECRET GARDEN FLOWERS INC,4072071255,,,,FL,socrata:orlando_business_tax,,,,
standard,RICHARD A FUCCI LLC,3219455793,,,,FL,socrata:orlando_business_tax,,,,
standard,NINE24 SPORTS LLC,4079566778,,,,FL,socrata:orlando_business_tax,,,,
standard,ORLANDO CANCER CENTER INC,3218416636,,,,FL,socrata:orlando_business_tax,,,,
standard,THE MODERN EXECUTIVE,4074547849,,,,FL,socrata:orlando_business_tax,,,,
standard,KOOL MAN ICE CREAM,4073542095,,,,FL,socrata:orlando_business_tax,,,,
standard,D GARCIA INC,4079708897,,,,FL,socrata:orlando_business_tax,,,,
standard,LAW OFFICE OF DENNISE H GRUBER,4072931410,,,,FL,socrata:orlando_business_tax,,,,
standard,ANDREW MOSES/MOSES & ROOTH P A,4073770150,,,,FL,socrata:orlando_business_tax,,,,
standard,PARADIGM INSURANCE AND RISK MA,4067586979,,,,FL,socrata:orlando_business_tax,,,,
standard,RUSSELLWARE INC,4074970122,,,,FL,socrata:orlando_business_tax,,,,
standard,DAREN WRIGHT,3212294680,,,,FL,socrata:orlando_business_tax,,,,
standard,ABNER CLERVEAUX/QUICK SALE REA,9548189241,,,,FL,socrata:orlando_business_tax,,,,
standard,GEORGE H POPE/MED SPA BOUTIQUE,4076240321,,,,FL,socrata:orlando_business_tax,,,,
standard,SKYLINE ADVISORS,4074084442,,,,FL,socrata:orlando_business_tax,,,,
standard,GARDFORD WHOLESALE INC,4079050995,,,,FL,socrata:orlando_business_tax,,,,
standard,WE MEAN CLEAN CORP,4074487121,,,,FL,socrata:orlando_business_tax,,,,
standard,GOTCHA MOBILE MEDIA,4075996800,,,,FL,socrata:orlando_business_tax,,,,
standard,ANAROX AUTO SALES & REPAIRS IN,4073513910,,,,FL,socrata:orlando_business_tax,,,,
standard,AFUNSHOP,4078919330,,,,FL,socrata:orlando_business_tax,,,,
standard,THE ROSENTHAL LAW FIRM  P A,4074881220,,,,FL,socrata:orlando_business_tax,,,,
standard,THE GLASS GALLERY LTD,3144164200,,,,FL,socrata:orlando_business_tax,,,,
standard,NAMES N ART,4078983622,,,,FL,socrata:orlando_business_tax,,,,
standard,MORRIS VISITOR PUBLICATIONS LL,4074230618,,,,FL,socrata:orlando_business_tax,,,,
standard,DAVID MACGILLIURAY,4074847600,,,,FL,socrata:orlando_business_tax,,,,
standard,BOARS HEAD DELI,3216891500,,,,FL,socrata:orlando_business_tax,,,,
standard,ROCHA STONE MASTER INC,4073839554,,,,FL,socrata:orlando_business_tax,,,,
standard,VRJ FLOORING,4075090786,,,,FL,socrata:orlando_business_tax,,,,
standard,LELAND F NICHOLS,4075927946,,,,FL,socrata:orlando_business_tax,,,,
standard,MIGUEL PLATINO,4072481903,,,,FL,socrata:orlando_business_tax,,,,
standard,TERISA RUSSELL,4074255900,,,,FL,socrata:orlando_business_tax,,,,
standard,JACQUELINE MCLAUGHLIN,4072223291,,,,FL,socrata:orlando_business_tax,,,,
standard,CFR TALENT SOLUTIONS LLC,4078416930,,,,FL,socrata:orlando_business_tax,,,,
standard,URGENT CARE AND REHABILITATION,4072922833,,,,FL,socrata:orlando_business_tax,,,,
standard,HARTFORD GROUP LIFE ASSURANCE,8608435257,,,,FL,socrata:orlando_business_tax,,,,
standard,TINA DEMITRO,4073974393,,,,FL,socrata:orlando_business_tax,,,,
standard,JEREMY BENDSON #2,2396346170,,,,FL,socrata:orlando_business_tax,,,,
standard,12.5 PRODUCTIONS INC,4078962009,,,,FL,socrata:orlando_business_tax,,,,
standard,WAUGAMAN ENTERPRISES INC,4079245652,,,,FL,socrata:orlando_business_tax,,,,
standard,CUSTOM CONNECTIONS BY JC,4074215559,,,,FL,socrata:orlando_business_tax,,,,
standard,DELANTE'S LAWN SERVICE,4077390882,,,,FL,socrata:orlando_business_tax,,,,
standard,PAULETTE HAMILTON,4074458060,,,,FL,socrata:orlando_business_tax,,,,
standard,LA BOUTIQUE,4072439992,,,,FL,socrata:orlando_business_tax,,,,
standard,CLUB SWANK LLC,4079709938,,,,FL,socrata:orlando_business_tax,,,,
standard,GROUP FOUR HOSPITALITY LLC,4078224331,,,,FL,socrata:orlando_business_tax,,,,
standard,HENRIETTA B VALENTINE INC,4078987474,,,,FL,socrata:orlando_business_tax,,,,
standard,D & R CLEANING INC,4073412775,,,,FL,socrata:orlando_business_tax,,,,
standard,SHIN JAPANESE CUISINE,4073542285,,,,FL,socrata:orlando_business_tax,,,,
standard,EVENTS & SERVICES BY GIGI,8133092418,,,,FL,socrata:orlando_business_tax,,,,
standard,SUPER STEAM/FASHION SQUARE,8434376930,,,,FL,socrata:orlando_business_tax,,,,
standard,PERRY WANKO,3217465401,,,,FL,socrata:orlando_business_tax,,,,
standard,FERNANDEZ PAINTING EXPERTS INC,4078032053,,,,FL,socrata:orlando_business_tax,,,,
standard,ALUSINE JALLOW FASHIONS,4043661266,,,,FL,socrata:orlando_business_tax,,,,
standard,B & P JEWELRY AND BEAUTY INC,4078394318,,,,FL,socrata:orlando_business_tax,,,,
standard,ROBERT L BROWN,4073340463,,,,FL,socrata:orlando_business_tax,,,,
standard,SYNDICATE EXPORTS BY MARCUS SP,4078592991,,,,FL,socrata:orlando_business_tax,,,,
standard,HAYDER GENERAL CLEANING,3212308004,,,,FL,socrata:orlando_business_tax,,,,
standard,JOHNNYS FILLIN STATION CAFE,4078960617,,,,FL,socrata:orlando_business_tax,,,,
standard,SANDYS DOGS,4079217647,,,,FL,socrata:orlando_business_tax,,,,
standard,STEPHEN A LAGANA/LAGANA,4078391724,,,,FL,socrata:orlando_business_tax,,,,
standard,ATLAS LENDING GROUP INC,4076258774,,,,FL,socrata:orlando_business_tax,,,,
standard,DA ROCHA TECHNOLOGIES INC,4074510845,,,,FL,socrata:orlando_business_tax,,,,
standard,KALPANA PATEL MD PA,4079963925,,,,FL,socrata:orlando_business_tax,,,,
standard,PERRY FIRST CLASS CABINETS,4076663252,,,,FL,socrata:orlando_business_tax,,,,
standard,DENISE COLSTON PAINTING,4077971278,,,,FL,socrata:orlando_business_tax,,,,
standard,C & C MULTIINVESTMENT CORP,4073540801,,,,FL,socrata:orlando_business_tax,,,,
standard,BAREFOOT DOCKS OF FLORIDA LLC,3214386131,,,,FL,socrata:orlando_business_tax,,,,
standard,KENNY HARRIS,4074663476,,,,FL,socrata:orlando_business_tax,,,,
standard,HEIDI PETROFF,4078167393,,,,FL,socrata:orlando_business_tax,,,,
standard,SOUL PLAY MODERN DANCE,4077667470,,,,FL,socrata:orlando_business_tax,,,,
standard,LUNA RETAIL  LLC,4072073793,,,,FL,socrata:orlando_business_tax,,,,
standard,GRANNY ANNIE DAY CARE LEARNING,4072489377,,,,FL,socrata:orlando_business_tax,,,,
standard,DOLLAR C F,4073124690,,,,FL,socrata:orlando_business_tax,,,,
standard,BETH H MARCHMAN CONSULTING,4075219110,,,,FL,socrata:orlando_business_tax,,,,
standard,COLIN GRIFFIN,4076499889,,,,FL,socrata:orlando_business_tax,,,,
standard,DRAIN FLEX INC,4073519262,,,,FL,socrata:orlando_business_tax,,,,
standard,BRIJOT IMAGING SYSTEMS INC,4076414368,,,,FL,socrata:orlando_business_tax,,,,
standard,JANET M MARTIN KLEAN 4 U,4076165643,,,,FL,socrata:orlando_business_tax,,,,
standard,CLEAR IMAGE SOLUTIONS,3219468989,,,,FL,socrata:orlando_business_tax,,,,
standard,FAMILYMEDS INC # 730,8606761222,,,,FL,socrata:orlando_business_tax,,,,
standard,DAVID FRAIL COMPUTERS,4074357674,,,,FL,socrata:orlando_business_tax,,,,
standard,FRANCISCO ROMAN DBA,3212877335,,,,FL,socrata:orlando_business_tax,,,,
standard,EDWARD D JONES & CO LP,4074262820,,,,FL,socrata:orlando_business_tax,,,,
standard,GOLDSTREAM,3212300479,,,,FL,socrata:orlando_business_tax,,,,
standard,JOSEPH THE PAINTER,3213884833,,,,FL,socrata:orlando_business_tax,,,,
standard,CARLOS JAVIER AZNAR/ EINSTEIN,3212068077,,,,FL,socrata:orlando_business_tax,,,,
standard,THE COLBERT GROUP LLC,4072922813,,,,FL,socrata:orlando_business_tax,,,,
standard,J E HOMES IMPROVEMENTS LLC,4079479444,,,,FL,socrata:orlando_business_tax,,,,
standard,S & S GLASS AND MIRROR,4077159471,,,,FL,socrata:orlando_business_tax,,,,
standard,JANUS MORTGAGES INC,4076280122,,,,FL,socrata:orlando_business_tax,,,,
standard,E M STUDIOS INC,4072981353,,,,FL,socrata:orlando_business_tax,,,,
standard,CONCIERGE SERVICES WINNIE PALM,3218439792,,,,FL,socrata:orlando_business_tax,,,,
standard,ROYAL PALMS LANDSCAPING,4076540414,,,,FL,socrata:orlando_business_tax,,,,
standard,HOI VAN DO FAMILY PRATICE PA,4072911305,,,,FL,socrata:orlando_business_tax,,,,
standard,ADOLPHE SELMOND,4079992244,,,,FL,socrata:orlando_business_tax,,,,
standard,SAMANTHA KAFFAGA,3212771121,,,,FL,socrata:orlando_business_tax,,,,
standard,GABRIEL ALEXIS,4075952769,,,,FL,socrata:orlando_business_tax,,,,
standard,JOANNE R WERNTZ MD PA,4076490101,,,,FL,socrata:orlando_business_tax,,,,
standard,PRECIOUS FINE JEWELERS LLC,4078948808,,,,FL,socrata:orlando_business_tax,,,,
standard,FLORIDA MARKET,8133963908,,,,FL,socrata:orlando_business_tax,,,,
standard,CONNIE WALKER,4078419106,,,,FL,socrata:orlando_business_tax,,,,
standard,VITAL RESOURCES GROUP LLC,4072652292,,,,FL,socrata:orlando_business_tax,,,,
standard,AMERIPARK,6783035964,,,,FL,socrata:orlando_business_tax,,,,
standard,INNOVUS INC,2142427674,,,,FL,socrata:orlando_business_tax,,,,
standard,NOVA ENTERPRISES LLC,4076414780,,,,FL,socrata:orlando_business_tax,,,,
standard,TED M STEPHAN/ SWARTZ,4072091000,,,,FL,socrata:orlando_business_tax,,,,
standard,FIRST COMMERCIAL UNDERWRITERS,4074477045,,,,FL,socrata:orlando_business_tax,,,,
standard,KENDRICK SAMUELS,4073534239,,,,FL,socrata:orlando_business_tax,,,,
standard,J MARTIN BLACK & ASSOCIATES IN,4072453629,,,,FL,socrata:orlando_business_tax,,,,
standard,INFORMED APE LLC,5704412765,,,,FL,socrata:orlando_business_tax,,,,
standard,WET PAINT CO,2073563662,,,,FL,socrata:orlando_business_tax,,,,
standard,JCW PAVERS INC,4075226862,,,,FL,socrata:orlando_business_tax,,,,
standard,KNOCKOUT DIGITAL MEDIA INC,4073621020,,,,FL,socrata:orlando_business_tax,,,,
standard,MONTICELLO LANDSCAPE AND DESIG,3212930320,,,,FL,socrata:orlando_business_tax,,,,
standard,JEWELRY BY SHANNON SCHMID,4075175110,,,,FL,socrata:orlando_business_tax,,,,
standard,ALAN R HEAP DMD PA,4075938171,,,,FL,socrata:orlando_business_tax,,,,
standard,TIMOTHY HOGUE/WALTER MOORE & A,4074888032,,,,FL,socrata:orlando_business_tax,,,,
standard,MATRIX CLEANING SOLUTIONS LLC,4074096139,,,,FL,socrata:orlando_business_tax,,,,
standard,ARTISAN TRIM & CABINETRY INC,4074619242,,,,FL,socrata:orlando_business_tax,,,,
standard,SANDRA BROWN REPORTING,4076589786,,,,FL,socrata:orlando_business_tax,,,,
standard,TONY A HOLT,4078322933,,,,FL,socrata:orlando_business_tax,,,,
standard,DARLENE H BARRIE/I DO FACES,4078969393,,,,FL,socrata:orlando_business_tax,,,,
standard,CALO CLOTHING COMPANY,4079025397,,,,FL,socrata:orlando_business_tax,,,,
standard,MEDICAL SHEETS INC,3212564573,,,,FL,socrata:orlando_business_tax,,,,
standard,SWP HOUSE,4074453707,,,,FL,socrata:orlando_business_tax,,,,
standard,JORDAN PHILMAN LAWN CARE,4075919138,,,,FL,socrata:orlando_business_tax,,,,
standard,HOUSE OF BUCKLES,4077586204,,,,FL,socrata:orlando_business_tax,,,,
standard,MERY SUESCUN,3867745081,,,,FL,socrata:orlando_business_tax,,,,
standard,GREGORY SINGLETON AND LEONARD,8434766566,,,,FL,socrata:orlando_business_tax,,,,
standard,BLACK BOX COLLECTIVE INC,4079671926,,,,FL,socrata:orlando_business_tax,,,,
standard,HOMEVEST MANAGEMENT INC,4078975400,,,,FL,socrata:orlando_business_tax,,,,
standard,LEOTA YOUNG,4076166678,,,,FL,socrata:orlando_business_tax,,,,
standard,OSC CAFE,4076494600,,,,FL,socrata:orlando_business_tax,,,,
standard,CONSUELO M VERDUGA,4072491571,,,,FL,socrata:orlando_business_tax,,,,
standard,YOUSSEF BENSAID MOROCCAN FASHI,8137322750,,,,FL,socrata:orlando_business_tax,,,,
standard,LE D DO,4076497511,,,,FL,socrata:orlando_business_tax,,,,
standard,BRIXNER POOLS MANAGEMENT LLC,4075096162,,,,FL,socrata:orlando_business_tax,,,,
standard,NSCP COMPANY,4072900188,,,,FL,socrata:orlando_business_tax,,,,
standard,ANGELS OF THE MECHANICS,4078944656,,,,FL,socrata:orlando_business_tax,,,,
standard,VAXCARE CORPORATION,4072570234,,,,FL,socrata:orlando_business_tax,,,,
standard,INSTITUTE OF TECHNOLOGY ORLAND,4072733777,,,,FL,socrata:orlando_business_tax,,,,
standard,FLORIDA WILDLIFE RESCUE INC,4075928249,,,,FL,socrata:orlando_business_tax,,,,
standard,AFFINITY INK INC,4078944366,,,,FL,socrata:orlando_business_tax,,,,
standard,SUSAN M HANA,4074174490,,,,FL,socrata:orlando_business_tax,,,,
standard,JOHN CONLON,6053106874,,,,FL,socrata:orlando_business_tax,,,,
standard,FIRST ALLIANCE CAPITAL LLC,4078970911,,,,FL,socrata:orlando_business_tax,,,,
standard,CARLOS E CRUZ,4076907518,,,,FL,socrata:orlando_business_tax,,,,
standard,COFFEE CAY,4079484897,,,,FL,socrata:orlando_business_tax,,,,
standard,PALACE SALON,4072910121,,,,FL,socrata:orlando_business_tax,,,,
standard,ORLANDO HARLEY DAVIDSON,4074230346,,,,FL,socrata:orlando_business_tax,,,,
standard,HOMETOWN OLD COUNTRY PHARMACY,3212777345,,,,FL,socrata:orlando_business_tax,,,,
standard,SIMPLY GROWING INC,4079147985,,,,FL,socrata:orlando_business_tax,,,,
standard,DAVID WAGNER,3219461690,,,,FL,socrata:orlando_business_tax,,,,
standard,FORENSIC ACCOUNTING SERIVICES,4078962936,,,,FL,socrata:orlando_business_tax,,,,
standard,"SUMNER, MARC T/ROCK",4078986999,,,,FL,socrata:orlando_business_tax,,,,
standard,MICHAELS AUTO,4078986660,,,,FL,socrata:orlando_business_tax,,,,
standard,GERALD RANDOLPH,4079240942,,,,FL,socrata:orlando_business_tax,,,,
standard,HERBS & WELLNESS INC,4073410216,,,,FL,socrata:orlando_business_tax,,,,
standard,EQUILLIANCE LLC,4074701600,,,,FL,socrata:orlando_business_tax,,,,
standard,WARDELL SALES JR,4079144485,,,,FL,socrata:orlando_business_tax,,,,
standard,CRUCIAN ELEGANCE PAINTING & J,4077664287,,,,FL,socrata:orlando_business_tax,,,,
standard,KATRINA HILTON,9043797983,,,,FL,socrata:orlando_business_tax,,,,
standard,MILLENNIA ENTERTAINMENT LLC,4072933424,,,,FL,socrata:orlando_business_tax,,,,
standard,DAVID JOHNSON,4074211966,,,,FL,socrata:orlando_business_tax,,,,
standard,ELECTRONIC TOYS AND HOBBIES IN,4073969809,,,,FL,socrata:orlando_business_tax,,,,
standard,LORETTA L LARNED,5408327894,,,,FL,socrata:orlando_business_tax,,,,
standard,AHMAD AL KAMME/ADVANCED CARDIA,4078427836,,,,FL,socrata:orlando_business_tax,,,,
standard,GAM SERVICES LLC,4079708945,,,,FL,socrata:orlando_business_tax,,,,
standard,ILEANA CHINEA & EDNA DIAZ,4074277291,,,,FL,socrata:orlando_business_tax,,,,
standard,TERESA TIPTON,4072674137,,,,FL,socrata:orlando_business_tax,,,,
standard,SYANTI DAFOE,3213315838,,,,FL,socrata:orlando_business_tax,,,,
standard,EQUUS SECURITY SERVICES,3219465093,,,,FL,socrata:orlando_business_tax,,,,
standard,RICARDO J LOPEZ/PHYSICIAN,4072451400,,,,FL,socrata:orlando_business_tax,,,,
standard,FALCONS TREEHOUSE LLC,4079099350,,,,FL,socrata:orlando_business_tax,,,,
standard,DISCOUNT GOLF BALLS,4074201523,,,,FL,socrata:orlando_business_tax,,,,
standard,PUBLIC SPEAKING TO GO PS2G LLC,4074482484,,,,FL,socrata:orlando_business_tax,,,,
standard,SHIELD OF SAINTS LLC,4078502224,,,,FL,socrata:orlando_business_tax,,,,
standard,FIFTH THIRD BANK,4074045059,,,,FL,socrata:orlando_business_tax,,,,
standard,BENJAMIN ALMEDA III,3212468492,,,,FL,socrata:orlando_business_tax,,,,
standard,KEMSON COMMUNICATIONS LLC,3214368722,,,,FL,socrata:orlando_business_tax,,,,
standard,DOWNTOWN TITLE GROUP INC,3212999015,,,,FL,socrata:orlando_business_tax,,,,
standard,JUMPING PARTY,4074357205,,,,FL,socrata:orlando_business_tax,,,,
standard,OSCAR MONZON INC,4072300330,,,,FL,socrata:orlando_business_tax,,,,
standard,MICHAEL D OSLUND/LAKE NONA,4072771779,,,,FL,socrata:orlando_business_tax,,,,
standard,PEOPLE'S FOOD & GAS CORP,4078576745,,,,FL,socrata:orlando_business_tax,,,,
standard,MID FLORIDA IMAGING SERVICES L,4078809179,,,,FL,socrata:orlando_business_tax,,,,
standard,JOHN DORSI,3218483265,,,,FL,socrata:orlando_business_tax,,,,
standard,AVALON DENTAL GROUP PA,4078983800,,,,FL,socrata:orlando_business_tax,,,,
standard,FORETHOUGHT FEDERAL SAVINGS BA,4072103993,,,,FL,socrata:orlando_business_tax,,,,
standard,WOOD DONE WRITE,3214606268,,,,FL,socrata:orlando_business_tax,,,,
standard,SERGE JEUDY MORTGAGE,4074204000,,,,FL,socrata:orlando_business_tax,,,,
standard,WTZ ENTERPRISES LLC,4076906978,,,,FL,socrata:orlando_business_tax,,,,
standard,PALENAKA INC,4079249815,,,,FL,socrata:orlando_business_tax,,,,
standard,ADA BREWTON,4074210681,,,,FL,socrata:orlando_business_tax,,,,
standard,JOSE HERNANDEZ,3212468213,,,,FL,socrata:orlando_business_tax,,,,
standard,THE SHEPELRICH LAW FIRM PA,4079572405,,,,FL,socrata:orlando_business_tax,,,,
standard,AA INSURANCE CENTER INC,4072955900,,,,FL,socrata:orlando_business_tax,,,,
standard,RJB 01 LLC,4075746400,,,,FL,socrata:orlando_business_tax,,,,
standard,PROTOCOL TRANSPORTATION INC,4078765635,,,,FL,socrata:orlando_business_tax,,,,
standard,L S CONCANNON PA,4079990071,,,,FL,socrata:orlando_business_tax,,,,
standard,SLIWA STUDIOS INC,4075921783,,,,FL,socrata:orlando_business_tax,,,,
standard,GLOBAL SUPPLIES OF ORLANDO INC,4072938551,,,,FL,socrata:orlando_business_tax,,,,
standard,SPINAL INTEGRATION LLC,4075225022,,,,FL,socrata:orlando_business_tax,,,,
standard,XTREME REALTY SERVICES LLC,4072730116,,,,FL,socrata:orlando_business_tax,,,,
standard,PRO SOUND ADVANCED SOLUTION LL,4077467794,,,,FL,socrata:orlando_business_tax,,,,
standard,BRADFORD T BISHOP,4076222477,,,,FL,socrata:orlando_business_tax,,,,
standard,FREDYS HOT DOGS,4072172316,,,,FL,socrata:orlando_business_tax,,,,
standard,JINCYS INC,4072910123,,,,FL,socrata:orlando_business_tax,,,,
standard,HORIZON CONSTRUCTION OF CENTRA,4075575244,,,,FL,socrata:orlando_business_tax,,,,
standard,OM P BHOLA,4074479865,,,,FL,socrata:orlando_business_tax,,,,
standard,Q- MANS QUALITY CANDIES,4073769776,,,,FL,socrata:orlando_business_tax,,,,
standard,ALLTOUR AMERICA TRANSPORTATION,4073842525,,,,FL,socrata:orlando_business_tax,,,,
standard,"DENSON, ROBERT PRODUCE",4072906562,,,,FL,socrata:orlando_business_tax,,,,
standard,INSTANT TAX SERVICE,4074919978,,,,FL,socrata:orlando_business_tax,,,,
standard,GREENS & GRILLE,4074978678,,,,FL,socrata:orlando_business_tax,,,,
standard,VAPT VUPT REPAIR & CLEANING IN,4072779762,,,,FL,socrata:orlando_business_tax,,,,
standard,GIFTS IN BOXES,4072757749,,,,FL,socrata:orlando_business_tax,,,,
standard,ELDER UNLIMITED LLC,3212312440,,,,FL,socrata:orlando_business_tax,,,,
standard,EXCELLENT BEAUTY SUPPLY LLC,4074871001,,,,FL,socrata:orlando_business_tax,,,,
standard,DAN MARINOS TAVERN ON THE LAKE,4078033339,,,,FL,socrata:orlando_business_tax,,,,
standard,GRANITE COUNTERS CHEAP LLC,4079260108,,,,FL,socrata:orlando_business_tax,,,,
standard,VOICELOGIX LLC,8888564491,,,,FL,socrata:orlando_business_tax,,,,
standard,DAWN CLUKEY,4073534155,,,,FL,socrata:orlando_business_tax,,,,
standard,YUNG THI GREENLEE,3212743354,,,,FL,socrata:orlando_business_tax,,,,
standard,QUALITY TRANSPORTATION OF FLOR,4075066337,,,,FL,socrata:orlando_business_tax,,,,
standard,HOT CHICKS LASHAN CONNELLY,4079477985,,,,FL,socrata:orlando_business_tax,,,,
standard,ALL FLOORS OF ORLANDO INC,4072432685,,,,FL,socrata:orlando_business_tax,,,,
standard,SHERRAN BENNETT,4075911497,,,,FL,socrata:orlando_business_tax,,,,
standard,DAVID BYNES LANDSCAPING,4072279687,,,,FL,socrata:orlando_business_tax,,,,
standard,BUREK AND SONS CONTRACTING LLC,4079238061,,,,FL,socrata:orlando_business_tax,,,,
standard,"ELIZABETH J. ANDERSON, ESQ/NOL",4078983535,,,,FL,socrata:orlando_business_tax,,,,
standard,MARINA RESTORATIONS LLC,8008461980,,,,FL,socrata:orlando_business_tax,,,,
standard,BANANA REPUBLIC OUTLET #7991,5054620036,,,,FL,socrata:orlando_business_tax,,,,
standard,FIFTH THIRD BANK OF FLORIDA,4072432214,,,,FL,socrata:orlando_business_tax,,,,
standard,JAI LI PROFESSIONAL LIMITED CO,3212818010,,,,FL,socrata:orlando_business_tax,,,,
standard,THINKABOUTIT RECORDS LLC,4075814230,,,,FL,socrata:orlando_business_tax,,,,
standard,AMIGOS EAST COLONIAL,4078960058,,,,FL,socrata:orlando_business_tax,,,,
standard,ALLTYPES HOME INSPECTIONS INC,4078576857,,,,FL,socrata:orlando_business_tax,,,,
standard,TIGHT WORK PROFESSIONAL BARBER,8666284448,,,,FL,socrata:orlando_business_tax,,,,
standard,THINGSTREASUREDCOM,4075239753,,,,FL,socrata:orlando_business_tax,,,,
standard,HAUSER SOFFIT COMPANY,3212998973,,,,FL,socrata:orlando_business_tax,,,,
standard,SUBLIPRINT USA INC,4077929016,,,,FL,socrata:orlando_business_tax,,,,
standard,METRIC FLOORS INC,4072954405,,,,FL,socrata:orlando_business_tax,,,,
standard,MAYFLOWER RESTAURANT,4078989928,,,,FL,socrata:orlando_business_tax,,,,
standard,SEVERN TRENT LABORATORIES INC,4074230014,,,,FL,socrata:orlando_business_tax,,,,
standard,AFFINITY COMPONENTS INTERNATIO,4074793383,,,,FL,socrata:orlando_business_tax,,,,
standard,RESOURCE PUBLISHING INC,4072932321,,,,FL,socrata:orlando_business_tax,,,,
standard,CHAPOY GROUP OF AMERICA CORP,4078960101,,,,FL,socrata:orlando_business_tax,,,,
standard,SHARON NEWSON SEA FOOD,3868525068,,,,FL,socrata:orlando_business_tax,,,,
standard,DANIEL DIEHL,4073753776,,,,FL,socrata:orlando_business_tax,,,,
standard,3D PAINTING,4078551487,,,,FL,socrata:orlando_business_tax,,,,
standard,GREG HARDING LLC,4073629368,,,,FL,socrata:orlando_business_tax,,,,
standard,CITADEL ENTERPRISES,4074202055,,,,FL,socrata:orlando_business_tax,,,,
standard,MANNAFRESH LLC,4074814597,,,,FL,socrata:orlando_business_tax,,,,
standard,FACESTYLE,4072097465,,,,FL,socrata:orlando_business_tax,,,,
standard,HEFLER INTERNATIONAL,4073993054,,,,FL,socrata:orlando_business_tax,,,,
standard,JUAN A COLON,3214436867,,,,FL,socrata:orlando_business_tax,,,,
standard,A D L CONSTRUCTION MANAGEMENT,4075755980,,,,FL,socrata:orlando_business_tax,,,,
standard,JOSES MARBLE & TILE INSTALLAT,4073465408,,,,FL,socrata:orlando_business_tax,,,,
standard,RAMLEE HOLDINGS LIMITED PARTNE,4075637010,,,,FL,socrata:orlando_business_tax,,,,
standard,ALTERNATIVE DIRECT LLC,4077023072,,,,FL,socrata:orlando_business_tax,,,,
standard,REDLINE WASTE SOLUTIONS INC,4074733913,,,,FL,socrata:orlando_business_tax,,,,
standard,USA OF ORLANDO CORP,4074546152,,,,FL,socrata:orlando_business_tax,,,,
standard,UNIVERSAL CONCESSIONS,4049338288,,,,FL,socrata:orlando_business_tax,,,,
standard,LANDSCAPE BY SONIA SUCCAR,4075400983,,,,FL,socrata:orlando_business_tax,,,,
standard,4 TILE LLC,4072540955,,,,FL,socrata:orlando_business_tax,,,,
standard,DIGITAL HERO LLC,4076415127,,,,FL,socrata:orlando_business_tax,,,,
standard,GREGORY LUCAS,4079631542,,,,FL,socrata:orlando_business_tax,,,,
standard,S & F USA SERVICES CORP,4074488335,,,,FL,socrata:orlando_business_tax,,,,
standard,FIRST AMERCIAN TITLE INSURANCE,4078721877,,,,FL,socrata:orlando_business_tax,,,,
standard,L H C PRESTES INC,3212024861,,,,FL,socrata:orlando_business_tax,,,,
standard,JAMES HIMES,4078325481,,,,FL,socrata:orlando_business_tax,,,,
standard,LIFE INSURANCE SETTLEMENT,4078943797,,,,FL,socrata:orlando_business_tax,,,,
standard,SK AUTOS CORP,4073759419,,,,FL,socrata:orlando_business_tax,,,,
standard,BIG FIX,4195151577,,,,FL,socrata:orlando_business_tax,,,,
standard,ARCHITECTURAL AWNING & CANOPY,4076013833,,,,FL,socrata:orlando_business_tax,,,,
standard,JAVONS ENTERPRISES LLC,4072945111,,,,FL,socrata:orlando_business_tax,,,,
standard,N & L DREAM EVENTS,4072103900,,,,FL,socrata:orlando_business_tax,,,,
standard,BANNER INTERNATIONAL LLC,4073707107,,,,FL,socrata:orlando_business_tax,,,,
standard,EDWARD D JONES & CO LP,4078977120,,,,FL,socrata:orlando_business_tax,,,,
standard,STAR HOUSE CLEANING SERVICES C,4077489971,,,,FL,socrata:orlando_business_tax,,,,
standard,LEDESMA EQUESTRIAN CENTER INC,4073103387,,,,FL,socrata:orlando_business_tax,,,,
standard,SUNTRUST BANK BANKERS CLUB III,4072376800,,,,FL,socrata:orlando_business_tax,,,,
standard,FREETOWN INC,4079638769,,,,FL,socrata:orlando_business_tax,,,,
standard,FUN PLANNERS INC,4072938515,,,,FL,socrata:orlando_business_tax,,,,
standard,AARONS MOBILE DUI IMMOBILIZATI,4076197911,,,,FL,socrata:orlando_business_tax,,,,
standard,ZYDNIA VERGARA/EDEN HAIR STUDI,4078161620,,,,FL,socrata:orlando_business_tax,,,,
standard,SCHELLER & LEE P L C/FIRM,4077921285,,,,FL,socrata:orlando_business_tax,,,,
standard,INK LINE TATTOO COMPANY INC,3213885934,,,,FL,socrata:orlando_business_tax,,,,
standard,SACKBLUE INC,4075216782,,,,FL,socrata:orlando_business_tax,,,,
standard,ORLANDO DETAILS CLEANING SERVI,3216631991,,,,FL,socrata:orlando_business_tax,,,,
standard,HAITIAN MUSEUM OF ART & CULTUR,3216627424,,,,FL,socrata:orlando_business_tax,,,,
standard,NEW BEGINNINGS FOR LIFE INC,4078104224,,,,FL,socrata:orlando_business_tax,,,,
standard,OLGAS VARIETY,4075326766,,,,FL,socrata:orlando_business_tax,,,,
standard,RELIABLE PRIVATE CARE INC,4076548423,,,,FL,socrata:orlando_business_tax,,,,
standard,RONNALD MEJIA/MOORE PETERSON &,4078941112,,,,FL,socrata:orlando_business_tax,,,,
standard,VERTEX CONSTRUCTION GROUP LLC,4072994735,,,,FL,socrata:orlando_business_tax,,,,
standard,PANATTONI DEVELOPMENT COMPANY,4074810877,,,,FL,socrata:orlando_business_tax,,,,
standard,ALL NATURAL STONE INC,4078499004,,,,FL,socrata:orlando_business_tax,,,,
standard,SHAWN ROBERTSON DRYWALL,4074253580,,,,FL,socrata:orlando_business_tax,,,,
standard,CORNERSTONE PAVING,4072991184,,,,FL,socrata:orlando_business_tax,,,,
standard,TOTAL INSURANCE GROUP LLC,4078492940,,,,FL,socrata:orlando_business_tax,,,,
standard,WEB2 CORP,4073827208,,,,FL,socrata:orlando_business_tax,,,,
standard,HELPING HANDS CLEANING AND PAI,4078029890,,,,FL,socrata:orlando_business_tax,,,,
standard,ON SITE MEDICAL SERVICES INC,4078937055,,,,FL,socrata:orlando_business_tax,,,,
standard,EASTMAN KODAK COMPANY,8478910642,,,,FL,socrata:orlando_business_tax,,,,
standard,MERCANTILE REALTY INC,4075295703,,,,FL,socrata:orlando_business_tax,,,,
standard,SANTOS MOBILE CAR WASH & DETAI,4077485296,,,,FL,socrata:orlando_business_tax,,,,
standard,A GROWING MIND LLC,4073128968,,,,FL,socrata:orlando_business_tax,,,,
standard,RATED IMAGE INC,4074703692,,,,FL,socrata:orlando_business_tax,,,,
standard,WILBERT PYRAM DETAILING,4075179713,,,,FL,socrata:orlando_business_tax,,,,
standard,SHAMROCK AIR COND & HANDYMAN S,3212177676,,,,FL,socrata:orlando_business_tax,,,,
standard,CADRIAN INC,3216248102,,,,FL,socrata:orlando_business_tax,,,,
standard,KATHRYN S PICITELLI/EGAN,4074221400,,,,FL,socrata:orlando_business_tax,,,,
standard,ALIM MUHAMMAD ALI COMPUTER SER,4078416939,,,,FL,socrata:orlando_business_tax,,,,
standard,SHOE CITY,3216893090,,,,FL,socrata:orlando_business_tax,,,,
standard,GENUINE PARTS COMPANY,4078760222,,,,FL,socrata:orlando_business_tax,,,,
standard,FOOL PROOF INSTALLATIONS INC,4072673555,,,,FL,socrata:orlando_business_tax,,,,
standard,ETERNITY DRYWALL & FRAMING INC,9048872957,,,,FL,socrata:orlando_business_tax,,,,
standard,VICTOR MICHEL,4072828474,,,,FL,socrata:orlando_business_tax,,,,
standard,STEVE WALKER PA,4079963200,,,,FL,socrata:orlando_business_tax,,,,
standard,PJS CONTRACTORS INC,4078321773,,,,FL,socrata:orlando_business_tax,,,,
standard,LEANNA JENNINGS,4074623019,,,,FL,socrata:orlando_business_tax,,,,
standard,WALLACE LIVINGSTON,3212461612,,,,FL,socrata:orlando_business_tax,,,,
standard,DEBORAH AUSEN/TRANQUIL,4078973529,,,,FL,socrata:orlando_business_tax,,,,
standard,GCM FRAMING CONSTRUCTION INC,4079259175,,,,FL,socrata:orlando_business_tax,,,,
standard,ABC SUPPLY CO INC,6083682338,,,,FL,socrata:orlando_business_tax,,,,
standard,CODE 3 TECHNOLOGY OF CENTRAL F,3212280033,,,,FL,socrata:orlando_business_tax,,,,
standard,JENNIFER LATHAM,4073825855,,,,FL,socrata:orlando_business_tax,,,,
standard,JCI FAMILY CORPORATION,4078972277,,,,FL,socrata:orlando_business_tax,,,,
standard,THE ESTATES AT PARK AVENUE,4073139090,,,,FL,socrata:orlando_business_tax,,,,
standard,A2Z CLEANING INC,4074687043,,,,FL,socrata:orlando_business_tax,,,,
standard,CHINNY N ANYANWU,4072966211,,,,FL,socrata:orlando_business_tax,,,,
standard,ENVY BY DESIGN INC,4078982553,,,,FL,socrata:orlando_business_tax,,,,
standard,VIA EXPORT CORP,4077600420,,,,FL,socrata:orlando_business_tax,,,,
standard,MORTGAGE UNITED AND ASSOCIATES,4077166845,,,,FL,socrata:orlando_business_tax,,,,
standard,JNA COMMUNICATIONS LLC,4072946193,,,,FL,socrata:orlando_business_tax,,,,
standard,GATE ENGINEERING,4074471268,,,,FL,socrata:orlando_business_tax,,,,
standard,COMFORT QUILTS INC,3212745731,,,,FL,socrata:orlando_business_tax,,,,
standard,CONSUL TECH ENGINEERING INC,4076498334,,,,FL,socrata:orlando_business_tax,,,,
standard,DAMON TUCCI PHOTOGRAPHY INC,4078357879,,,,FL,socrata:orlando_business_tax,,,,
standard,FIRST CLASS HOUSEKEEPING,4078103638,,,,FL,socrata:orlando_business_tax,,,,
standard,NICOLAS SAMUELS,4072354159,,,,FL,socrata:orlando_business_tax,,,,
standard,JJV CLEANING SERVICES LLC,4074085843,,,,FL,socrata:orlando_business_tax,,,,
standard,PINCHOS & HOT DOGS CORPORATION,4073469912,,,,FL,socrata:orlando_business_tax,,,,
standard,THE CHECK CASHING STORE,4077370866,,,,FL,socrata:orlando_business_tax,,,,
standard,XTREME REMODEL CORP,4074328915,,,,FL,socrata:orlando_business_tax,,,,
standard,CONGO RIVER GOLF & EXPLORATION,4072489181,,,,FL,socrata:orlando_business_tax,,,,
standard,FLORIDA IMAGING GRAPHIC PRODUC,4076472747,,,,FL,socrata:orlando_business_tax,,,,
standard,ZIVOT INTERNATIONAL CORPORATIO,4074251399,,,,FL,socrata:orlando_business_tax,,,,
standard,ORLANDO COMPUTER SERVICES,4072739920,,,,FL,socrata:orlando_business_tax,,,,
standard,JUSTIN SMITH MAINTENCE,3216635320,,,,FL,socrata:orlando_business_tax,,,,
standard,JAMES FREEMOUNT,3216896250,,,,FL,socrata:orlando_business_tax,,,,
standard,RAAM FLOORING INC,4073553310,,,,FL,socrata:orlando_business_tax,,,,
standard,MSR TRAVEL CALL PACK AND ENJOY,4123700444,,,,FL,socrata:orlando_business_tax,,,,
standard,RMELLI IMEX CORP,4074069333,,,,FL,socrata:orlando_business_tax,,,,
standard,TING BLOSSOMS INC,4073758475,,,,FL,socrata:orlando_business_tax,,,,
standard,SHORES BEAUTY SHOP,3212078027,,,,FL,socrata:orlando_business_tax,,,,
standard,STAR MILLINIUM SAVINGS CLUB IN,4079099222,,,,FL,socrata:orlando_business_tax,,,,
standard,LIS SENES CLEANING SERVICES CO,4075090240,,,,FL,socrata:orlando_business_tax,,,,
standard,TW AMERICA MANAGEMENT INC,3217959882,,,,FL,socrata:orlando_business_tax,,,,
standard,WILDWOOD CONSTRUCTION SERVICES,8132678160,,,,FL,socrata:orlando_business_tax,,,,
standard,LUIS E BERMUDEZ CARPET CLEANIN,4075934222,,,,FL,socrata:orlando_business_tax,,,,
standard,CATCH THE SPIRIT TUTORIAL SERV,4072934394,,,,FL,socrata:orlando_business_tax,,,,
standard,JOLI TOUTOU,4072308714,,,,FL,socrata:orlando_business_tax,,,,
standard,ALLIANCE QUALITY SERVICE INC,4073639555,,,,FL,socrata:orlando_business_tax,,,,
standard,CLAUDETTE CHERISTIN,4077584251,,,,FL,socrata:orlando_business_tax,,,,
standard,JOHNNY L ROBINSON JR,4076177316,,,,FL,socrata:orlando_business_tax,,,,
standard,SAM URICH BASKETS,4073974455,,,,FL,socrata:orlando_business_tax,,,,
standard,RELIABLE COMMERCIAL CLEANERS I,4079266191,,,,FL,socrata:orlando_business_tax,,,,
standard,GYRO SUB FEAST INC,4074871754,,,,FL,socrata:orlando_business_tax,,,,
standard,THERMALWALL STRUCTURES INC,4078269333,,,,FL,socrata:orlando_business_tax,,,,
standard,VACATION SERVICES OF AMERICA,4073517866,,,,FL,socrata:orlando_business_tax,,,,
standard,LAMBAR SERVICES INC,4076664771,,,,FL,socrata:orlando_business_tax,,,,
standard,UNIVERSAL MEDIA DISTRIBUTION,4078889595,,,,FL,socrata:orlando_business_tax,,,,
standard,CJ CLEANERS INC,4077214625,,,,FL,socrata:orlando_business_tax,,,,
standard,HEALTH SPECIALISTS OF CENTRAL,4078764728,,,,FL,socrata:orlando_business_tax,,,,
standard,JBS FLOOR COVERING INC,4075757983,,,,FL,socrata:orlando_business_tax,,,,
standard,DAMON S BELLIS IMAG N ARTS,4079228228,,,,FL,socrata:orlando_business_tax,,,,
standard,JAMES EZHAYA,9413213497,,,,FL,socrata:orlando_business_tax,,,,
standard,KENTON THOMPSON/MCGLADREY & PU,4073667696,,,,FL,socrata:orlando_business_tax,,,,
standard,AQUATIC SOLUTIONS POOL AND SPA,4079471899,,,,FL,socrata:orlando_business_tax,,,,
standard,SUNCHASE CREDIT ASSESMENT INC,4078968693,,,,FL,socrata:orlando_business_tax,,,,
standard,MOHANEE BANDOO HOME CLEANING,4074889592,,,,FL,socrata:orlando_business_tax,,,,
standard,GINA AGULLA,4079149743,,,,FL,socrata:orlando_business_tax,,,,
standard,MO BAY ART BOUTIQUE,3523944140,,,,FL,socrata:orlando_business_tax,,,,
standard,TANGS SALON,4078948458,,,,FL,socrata:orlando_business_tax,,,,
standard,JIMMIE J BROWN,4073160430,,,,FL,socrata:orlando_business_tax,,,,
standard,NAPA AUTO PARTS,4072460684,,,,FL,socrata:orlando_business_tax,,,,
standard,ANN PESAUD,4075804718,,,,FL,socrata:orlando_business_tax,,,,
standard,INNOVATIVE GOLF GROUP LLC,8665392444,,,,FL,socrata:orlando_business_tax,,,,
standard,MULVA H PEARSON MD,4073622030,,,,FL,socrata:orlando_business_tax,,,,
standard,THERESA M BAILEY,4078884666,,,,FL,socrata:orlando_business_tax,,,,
standard,CENTRAL FLORIDA TECHNOLOGY FOU,4074841617,,,,FL,socrata:orlando_business_tax,,,,
standard,FENYX CONSTRUCTION INC,3219454970,,,,FL,socrata:orlando_business_tax,,,,
standard,ASANTI INC,3212235895,,,,FL,socrata:orlando_business_tax,,,,
standard,BIBLES AUTO INTERIORS INC,3523943039,,,,FL,socrata:orlando_business_tax,,,,
standard,FABYAN BELASTEGUI,4079276671,,,,FL,socrata:orlando_business_tax,,,,
standard,TREES N TRENDS INC,2704435100,,,,FL,socrata:orlando_business_tax,,,,
standard,RAYMOND JAMES & ASSOCIATES INC,4078394998,,,,FL,socrata:orlando_business_tax,,,,
standard,WEST COUNTRY SERVICE LLC,4073122290,,,,FL,socrata:orlando_business_tax,,,,
standard,54 CONSTRUCTION CORP,3212396633,,,,FL,socrata:orlando_business_tax,,,,
standard,UNIVERSALE ONLINE,4077581505,,,,FL,socrata:orlando_business_tax,,,,
standard,TRANSPORTATION INS OF CENTRL F,4073809097,,,,FL,socrata:orlando_business_tax,,,,
standard,STRAIGHT LINE FLOORS LLC,4074326630,,,,FL,socrata:orlando_business_tax,,,,
standard,TRUVISION INC,8016761112,,,,FL,socrata:orlando_business_tax,,,,
standard,MICHAEL KORS,2014535069,,,,FL,socrata:orlando_business_tax,,,,
standard,ROBERTO ORTIZ/A CUT ABOVE,4074462109,,,,FL,socrata:orlando_business_tax,,,,
standard,BARCELOS CONSTRUCTION INC,9545433016,,,,FL,socrata:orlando_business_tax,,,,
standard,AFICIONADO ACCESSORIES,4072305177,,,,FL,socrata:orlando_business_tax,,,,
standard,RETRO CITY CYCLES LLC,4075323615,,,,FL,socrata:orlando_business_tax,,,,
standard,PEM GENERAL SERVICE INC,4074482122,,,,FL,socrata:orlando_business_tax,,,,
standard,TROPICAL HOME INSPECTIONS,4076581747,,,,FL,socrata:orlando_business_tax,,,,
standard,R A ADKINS CONTRACTING INC,4074637148,,,,FL,socrata:orlando_business_tax,,,,
standard,ENCHANTMINT UNISEX SALON,4072721446,,,,FL,socrata:orlando_business_tax,,,,
standard,QUANTUM RESTORATION,4077654433,,,,FL,socrata:orlando_business_tax,,,,
standard,NATIONAL DUE PROCESS INC,4079475497,,,,FL,socrata:orlando_business_tax,,,,
standard,BEYOND THE VEIL,4075179714,,,,FL,socrata:orlando_business_tax,,,,
standard,RAFAEL A RODRIGUEZ SERVICES,4079560701,,,,FL,socrata:orlando_business_tax,,,,
standard,LISAS CLEANING ANGELS,3212871747,,,,FL,socrata:orlando_business_tax,,,,
standard,WMR ACQUISITIONS LLC,4078168866,,,,FL,socrata:orlando_business_tax,,,,
standard,CLARKS BOSTONIAN OUTLET,6109251782,,,,FL,socrata:orlando_business_tax,,,,
standard,PNM OFFICE SUPPLIES,7878011063,,,,FL,socrata:orlando_business_tax,,,,
standard,"FIRST CLASS COACH & EQUIPMENT,",4076561175,,,,FL,socrata:orlando_business_tax,,,,
standard,LAZARAS CLEANING SERVICES,4073820658,,,,FL,socrata:orlando_business_tax,,,,
standard,GOD GIVING USED TIRES,4073888414,,,,FL,socrata:orlando_business_tax,,,,
standard,DE ALBA DRYWALL,4073515246,,,,FL,socrata:orlando_business_tax,,,,
standard,CABELLEROS BEST TILE CORP,4072997809,,,,FL,socrata:orlando_business_tax,,,,
standard,A&L WOOD FINISHING SPECIALIST,4072525947,,,,FL,socrata:orlando_business_tax,,,,
standard,REGENT CROWN GROUP LLC,4074035423,,,,FL,socrata:orlando_business_tax,,,,
standard,GRC'S SPORTS CARDS AND COMICS,4073539758,,,,FL,socrata:orlando_business_tax,,,,
standard,DAVID EDWARDS/DAVID EDWARDS,4076446220,,,,FL,socrata:orlando_business_tax,,,,
standard,EMERALD PALMS DESIGN GROUP INC,4073809067,,,,FL,socrata:orlando_business_tax,,,,
standard,GYPSY FAUX,3212772560,,,,FL,socrata:orlando_business_tax,,,,
standard,THE CHILDRENS PLACE #1750,2015582321,,,,FL,socrata:orlando_business_tax,,,,
standard,JANET S BERNARD,4073234757,,,,FL,socrata:orlando_business_tax,,,,
standard,PRIMROSE SCHOOL AT VISTA LAKES,4072515360,,,,FL,socrata:orlando_business_tax,,,,
standard,SOUTHSTAR DEVELOPMENT PARTNERS,3054761515,,,,FL,socrata:orlando_business_tax,,,,
standard,BUYANDELGER ESPADA,4077359148,,,,FL,socrata:orlando_business_tax,,,,
standard,R & J LOUNGE,8132474622,,,,FL,socrata:orlando_business_tax,,,,
standard,THE GRASS BARBER LAWN SERVICES,4076588617,,,,FL,socrata:orlando_business_tax,,,,
standard,WESTCOAST RADIOLOGY,7273411553,,,,FL,socrata:orlando_business_tax,,,,
standard,CMH HOME INSPECTION SERVICES,4077219974,,,,FL,socrata:orlando_business_tax,,,,
standard,WINGIT,3212746278,,,,FL,socrata:orlando_business_tax,,,,
standard,ERICK FRANKLIN,4078357983,,,,FL,socrata:orlando_business_tax,,,,
standard,NEW YORK PIZZA DOWNTOWN LLC,4074818680,,,,FL,socrata:orlando_business_tax,,,,
standard,CHARLES TOMLIN,4072999460,,,,FL,socrata:orlando_business_tax,,,,
standard,LA ISLA CABLE NETWORKS INC,4079524366,,,,FL,socrata:orlando_business_tax,,,,
standard,MARTIN GAYNOR INC,4072515353,,,,FL,socrata:orlando_business_tax,,,,
standard,RADICAL CONCEPTS INC,4072949179,,,,FL,socrata:orlando_business_tax,,,,
standard,UNITED SITE SERVICES OF FLORID,4072545330,,,,FL,socrata:orlando_business_tax,,,,
standard,PAUL L HARKEY,4074622397,,,,FL,socrata:orlando_business_tax,,,,
standard,FULLERS ANGLING ADVENTURES INC,3214123438,,,,FL,socrata:orlando_business_tax,,,,
standard,BOBBYS LAWN CARE &,4074234809,,,,FL,socrata:orlando_business_tax,,,,
standard,AIT WORLDWIDE LOGISTICS INC,4074380814,,,,FL,socrata:orlando_business_tax,,,,
standard,GREGORY BEST APPLIANCE REPAIR,4079143963,,,,FL,socrata:orlando_business_tax,,,,
standard,CHEP USA,4073702437,,,,FL,socrata:orlando_business_tax,,,,
standard,ALL THAT GLITTERS INC,4076253388,,,,FL,socrata:orlando_business_tax,,,,
standard,C & K CLEANING SOLUTIONS INC,4074230340,,,,FL,socrata:orlando_business_tax,,,,
standard,THE MOVIE REEL,4077379600,,,,FL,socrata:orlando_business_tax,,,,
standard,THORNTON AUTOMOTIVE INC,4072402711,,,,FL,socrata:orlando_business_tax,,,,
standard,RENITA ONLY,4072519107,,,,FL,socrata:orlando_business_tax,,,,
standard,MSB & COMPANY INC,8134173301,,,,FL,socrata:orlando_business_tax,,,,
standard,TALVIS BUTLER,4072095242,,,,FL,socrata:orlando_business_tax,,,,
standard,ALDRICK HORNE,4079967154,,,,FL,socrata:orlando_business_tax,,,,
standard,TOP LINE BRANDS LLC,4078413753,,,,FL,socrata:orlando_business_tax,,,,
standard,EASTMAR COMMONS PARTNERSHIP,4076494205,,,,FL,socrata:orlando_business_tax,,,,
standard,MATRINA COUTURE INC,4072867699,,,,FL,socrata:orlando_business_tax,,,,
standard,EOLA SKIN COMPANY LLC,4075903935,,,,FL,socrata:orlando_business_tax,,,,
standard,PATRICK CASSIDY,4079259306,,,,FL,socrata:orlando_business_tax,,,,
standard,AAA QUALITY CARE INC,4072751517,,,,FL,socrata:orlando_business_tax,,,,
standard,HEALTHCARE ADVOCATES OF FLORID,4077390453,,,,FL,socrata:orlando_business_tax,,,,
standard,YOLANDA HARMON HAND CRAFTED AC,3213324065,,,,FL,socrata:orlando_business_tax,,,,
standard,BAR B QUE SHACK,4072951968,,,,FL,socrata:orlando_business_tax,,,,
standard,AIMEES CATERING # 1,4072608128,,,,FL,socrata:orlando_business_tax,,,,
standard,JP TOURS & TRANSPORTATION LLC,4074850709,,,,FL,socrata:orlando_business_tax,,,,
standard,QUIANA KELLUM JEWLERS,4079130116,,,,FL,socrata:orlando_business_tax,,,,
standard,OUSMANE DIOP,7709879991,,,,FL,socrata:orlando_business_tax,,,,
standard,FE ALL SERVICE CORP,4072936662,,,,FL,socrata:orlando_business_tax,,,,
standard,TROPICAL PROPERTY INVESTMENT L,4077485825,,,,FL,socrata:orlando_business_tax,,,,
standard,FEATHERFOOT SPIRIT LLC,4076544195,,,,FL,socrata:orlando_business_tax,,,,
standard,CARLA ANN ALLIGOOD/BESPOKE,4073756234,,,,FL,socrata:orlando_business_tax,,,,
standard,IMAGE RATTAN FURNITURE CENTRE,3867344091,,,,FL,socrata:orlando_business_tax,,,,
standard,SHELDONS COMMUNICATIONS INC,4072323840,,,,FL,socrata:orlando_business_tax,,,,
standard,CAC MARKETING,4077708733,,,,FL,socrata:orlando_business_tax,,,,
standard,DEKOROOM LLC,4074129209,,,,FL,socrata:orlando_business_tax,,,,
standard,ADVANCED EXECUTIVE GROUP CORP,4074127050,,,,FL,socrata:orlando_business_tax,,,,
standard,HERMINIO MARTINEZ CARPET CLEAN,4074272854,,,,FL,socrata:orlando_business_tax,,,,
standard,INNOVATIVE SOLUTIONS OF FL LLC,4075177149,,,,FL,socrata:orlando_business_tax,,,,
standard,RUSTIC STEAK INC,4077679977,,,,FL,socrata:orlando_business_tax,,,,
standard,CAREY TECHNOLOGIES INC,4072772505,,,,FL,socrata:orlando_business_tax,,,,
standard,COLUMBIA SPORTSWEAR USA CORP,5099854000,,,,FL,socrata:orlando_business_tax,,,,
standard,THE SING BEAN FACTORY,4074079436,,,,FL,socrata:orlando_business_tax,,,,
standard,LITTLE EUROPE INT,4073700025,,,,FL,socrata:orlando_business_tax,,,,
standard,MIC MRV INTERNATIONAL CORPORAT,4073545449,,,,FL,socrata:orlando_business_tax,,,,
standard,DIOSTENE A MARTINS,4072306910,,,,FL,socrata:orlando_business_tax,,,,
standard,XDL SERVICES LLC,4079687006,,,,FL,socrata:orlando_business_tax,,,,
standard,CONCRETE & SOMETHING ELSE INC,4072735314,,,,FL,socrata:orlando_business_tax,,,,
standard,GLOBAL PRODUCTS LLC,9893454239,,,,FL,socrata:orlando_business_tax,,,,
standard,JENNIFER WAIT/THE SPA,4078238537,,,,FL,socrata:orlando_business_tax,,,,
standard,MIRCENZA INC,4072922654,,,,FL,socrata:orlando_business_tax,,,,
standard,G & E DRYWALL INC,4075807904,,,,FL,socrata:orlando_business_tax,,,,
standard,PRRRR UNLIMITED INC,4072830637,,,,FL,socrata:orlando_business_tax,,,,
standard,WORKMASTER AUTO REPAIR & BODY,4072530291,,,,FL,socrata:orlando_business_tax,,,,
standard,LAMISHA STALLINGS,4074039840,,,,FL,socrata:orlando_business_tax,,,,
standard,FOUR KAYS CLEANING SERVICEQ,4072939141,,,,FL,socrata:orlando_business_tax,,,,
standard,"ALVAREZ, DAMARIS/ABSOLUTELY",4078961119,,,,FL,socrata:orlando_business_tax,,,,
standard,BRASIL RIBEIRO SERVICES INC,4075179879,,,,FL,socrata:orlando_business_tax,,,,
standard,IWANSKI CONSTRUCTION INC,4079103106,,,,FL,socrata:orlando_business_tax,,,,
standard,ADVANCED CARPENTRY CONSTRUCTIO,4075905776,,,,FL,socrata:orlando_business_tax,,,,
standard,LIPNISKY MAINTENACE SERVICES,4072820128,,,,FL,socrata:orlando_business_tax,,,,
standard,ARCH INTERIORS DESIGN GROUP EA,4074271802,,,,FL,socrata:orlando_business_tax,,,,
standard,JOSE A BAEZ,4079264111,,,,FL,socrata:orlando_business_tax,,,,
standard,INTER LYNK,4072565284,,,,FL,socrata:orlando_business_tax,,,,
standard,FIVE STARS BILLING SERVICES IN,4072947272,,,,FL,socrata:orlando_business_tax,,,,
standard,TROY CORPORATION,4072305714,,,,FL,socrata:orlando_business_tax,,,,
standard,WORD ON DA STREETS,3212312148,,,,FL,socrata:orlando_business_tax,,,,
standard,GREENBERG DENTAL & ORTHODONTICS,4074825855,,,,FL,socrata:orlando_business_tax,,,,
standard,FRATELLO INTERNATIONAL LLC,4078431505,,,,FL,socrata:orlando_business_tax,,,,
standard,L J MILLENIUM,4073845932,,,,FL,socrata:orlando_business_tax,,,,
standard,GINGER BALL,4073251068,,,,FL,socrata:orlando_business_tax,,,,
standard,QUALITY CUSTOM INSTALLATION LL,4073838768,,,,FL,socrata:orlando_business_tax,,,,
standard,ALPHA INSULATION & WATER PROOF,4078559300,,,,FL,socrata:orlando_business_tax,,,,
standard,RAQUEL FIGGS,3213885793,,,,FL,socrata:orlando_business_tax,,,,
standard,LIMAS TILE SERVICES INC,3214389527,,,,FL,socrata:orlando_business_tax,,,,
standard,DIVERSITY DANCE COMPANY LLC,4079200152,,,,FL,socrata:orlando_business_tax,,,,
standard,PINCH A PENNY,3212764458,,,,FL,socrata:orlando_business_tax,,,,
standard,FORTUNE AUTO WORLD,4072467171,,,,FL,socrata:orlando_business_tax,,,,
standard,DIGITEYES CORPORATION,4074842190,,,,FL,socrata:orlando_business_tax,,,,
standard,PARK INC USA,3214606665,,,,FL,socrata:orlando_business_tax,,,,
standard,ICE CREAM EXPRESS LLC,4074168829,,,,FL,socrata:orlando_business_tax,,,,
standard,GUADALUPE GARCIA,4074435456,,,,FL,socrata:orlando_business_tax,,,,
standard,THE OAKS APARTMENTS,4078948810,,,,FL,socrata:orlando_business_tax,,,,
standard,ARNOLD WALKER JR,4072420956,,,,FL,socrata:orlando_business_tax,,,,
standard,"STINGR SOLUTIONS, LLC",4072941858,,,,FL,socrata:orlando_business_tax,,,,
standard,AIRCRAFT BANKING CENTERS INC,4078957001,,,,FL,socrata:orlando_business_tax,,,,
standard,FORT LYNE FLOORING SERVICES CO,4072761075,,,,FL,socrata:orlando_business_tax,,,,
standard,REQUEST REALTY,4073514874,,,,FL,socrata:orlando_business_tax,,,,
standard,PRIME EXPRESS,2812756851,,,,FL,socrata:orlando_business_tax,,,,
standard,VIVIAN REX,4073759489,,,,FL,socrata:orlando_business_tax,,,,
standard,PEI WEI ASIAN DINER,4075638777,,,,FL,socrata:orlando_business_tax,,,,
standard,BLUE SKY PAINT & WALLPAPER REM,4079997900,,,,FL,socrata:orlando_business_tax,,,,
standard,TIGERSLOFT,4079708674,,,,FL,socrata:orlando_business_tax,,,,
standard,HISTORIC FINANCIAL SERVICES IN,4076489002,,,,FL,socrata:orlando_business_tax,,,,
standard,WESLEY A DE SOUZA,4076589950,,,,FL,socrata:orlando_business_tax,,,,
standard,JAMES MACDONALD/PEDIATRIC SURG,4072284774,,,,FL,socrata:orlando_business_tax,,,,
standard,FLORIDA CASH TO GO INC,4073610862,,,,FL,socrata:orlando_business_tax,,,,
standard,PRECISION ADVISORS LLC,4072280820,,,,FL,socrata:orlando_business_tax,,,,
standard,KAREN WONSETLER PA,4077700846,,,,FL,socrata:orlando_business_tax,,,,
standard,SECURITAS SECURITY SERVICES US,4078433513,,,,FL,socrata:orlando_business_tax,,,,
standard,SOUTHERN FLOOR SERVICES INC,4076472214,,,,FL,socrata:orlando_business_tax,,,,
standard,THE ADVERTISING AGENCY,4076286473,,,,FL,socrata:orlando_business_tax,,,,
standard,QUIZNOS,4072920234,,,,FL,socrata:orlando_business_tax,,,,
standard,MOBILAB LLC,4077195423,,,,FL,socrata:orlando_business_tax,,,,
standard,COMMERCIAL CONSTRUCTION SPECIA,4072919000,,,,FL,socrata:orlando_business_tax,,,,
standard,LAUZON COMMUNICATION LLC,4075226122,,,,FL,socrata:orlando_business_tax,,,,
standard,TREE YPES FLOORING INC,4072732027,,,,FL,socrata:orlando_business_tax,,,,
standard,L B MANAGEMENT INC,3212341442,,,,FL,socrata:orlando_business_tax,,,,
standard,THE LOMAX GROUP LLC,4072184040,,,,FL,socrata:orlando_business_tax,,,,
standard,J WIRELESS ACCESSORIES & MORE,3216972566,,,,FL,socrata:orlando_business_tax,,,,
standard,TODD EASTERLING,4077018602,,,,FL,socrata:orlando_business_tax,,,,
standard,VISTA LAKES COMPUTER REPAIR,3216953475,,,,FL,socrata:orlando_business_tax,,,,
standard,CARIBAMERICA MORTGAGE COPORATI,4077701600,,,,FL,socrata:orlando_business_tax,,,,
standard,SEARA BRICK PAVERS & GENERAL S,3212331463,,,,FL,socrata:orlando_business_tax,,,,
standard,CHRISTOPHER R STELLY/UNITED,4073103868,,,,FL,socrata:orlando_business_tax,,,,
standard,ROLANDO M FARIAS PE,4073820829,,,,FL,socrata:orlando_business_tax,,,,
standard,H & V ELECTRONICS AND GIFTS,4079281740,,,,FL,socrata:orlando_business_tax,,,,
standard,ELITE INTERNATIONAL REALTY INC,3059406611,,,,FL,socrata:orlando_business_tax,,,,
standard,CTS INDUSTRIES,4079477056,,,,FL,socrata:orlando_business_tax,,,,
standard,SAFCO,4072439985,,,,FL,socrata:orlando_business_tax,,,,
standard,QUICK CLOSE TITLE AND ESCROW L,4076174151,,,,FL,socrata:orlando_business_tax,,,,
standard,EARL CARTER JANITORIAL & CLEAN,4073634822,,,,FL,socrata:orlando_business_tax,,,,
standard,HANIF T MAGEE,4075753547,,,,FL,socrata:orlando_business_tax,,,,
standard,WHITE & BLUE SHUTTLE TRANSPORT,4077492068,,,,FL,socrata:orlando_business_tax,,,,
standard,ZAID INVESTMENTS INC,4074841103,,,,FL,socrata:orlando_business_tax,,,,
standard,ALLAN SWABY,4075401889,,,,FL,socrata:orlando_business_tax,,,,
standard,KELVIN RUFFIN,3524241292,,,,FL,socrata:orlando_business_tax,,,,
standard,MICHAIEL PATRICK BOVENES,4074927405,,,,FL,socrata:orlando_business_tax,,,,
standard,JOHNNYS AND JANEYS FLOORING IN,4078238131,,,,FL,socrata:orlando_business_tax,,,,
standard,AMERICAN BUILDING MAINTENANCE,7139285344,,,,FL,socrata:orlando_business_tax,,,,
standard,JUMA HOT DOGS & MORE,4079687874,,,,FL,socrata:orlando_business_tax,,,,
standard,MORGAN KEEGAN & CO INC,9015244100,,,,FL,socrata:orlando_business_tax,,,,
standard,BRENDA GREENE CLEANING SERVICE,4073829043,,,,FL,socrata:orlando_business_tax,,,,
standard,TRADE SHOW DECORATORS INTERNAT,4079091104,,,,FL,socrata:orlando_business_tax,,,,
standard,FEDERAL STAFFING SOLUTIONS INC,4074321046,,,,FL,socrata:orlando_business_tax,,,,
standard,LCC AUTO BODY,4073108782,,,,FL,socrata:orlando_business_tax,,,,
standard,PAINCARE HOLDINGS INC,4073670944,,,,FL,socrata:orlando_business_tax,,,,
standard,FANTASTIC AUTO CENTER,4078438535,,,,FL,socrata:orlando_business_tax,,,,
standard,REX PARAMORE CONSTRUCTION,9544711365,,,,FL,socrata:orlando_business_tax,,,,
standard,YOEL RAFERTI REINOSO,3214600353,,,,FL,socrata:orlando_business_tax,,,,
standard,MIKES ITALIAN ICE INC,4076584453,,,,FL,socrata:orlando_business_tax,,,,
standard,ANNIE HALL,4077212857,,,,FL,socrata:orlando_business_tax,,,,
standard,TYRONE RIVERS,4076411035,,,,FL,socrata:orlando_business_tax,,,,
standard,CREATIVE FLOORS SOLUTIONS LLC,4075250509,,,,FL,socrata:orlando_business_tax,,,,
standard,JASON R PERRY ENTERPRISES INC,3219463777,,,,FL,socrata:orlando_business_tax,,,,
standard,BANK OF AMERICA NA,8004321000,,,,FL,socrata:orlando_business_tax,,,,
standard,AMERICAN EQUITY INVESTMENT LIF,5154571980,,,,FL,socrata:orlando_business_tax,,,,
standard,HALLOWEEN EXPRESS,4078548559,,,,FL,socrata:orlando_business_tax,,,,
standard,PERRY A MOORE/CVPA,4072354587,,,,FL,socrata:orlando_business_tax,,,,
standard,RESTAURANTE SALVADORENO MAYA 2,3212312457,,,,FL,socrata:orlando_business_tax,,,,
standard,ALVARO V MURIEL,4072763523,,,,FL,socrata:orlando_business_tax,,,,
standard,JUANA BAEZ,4079676220,,,,FL,socrata:orlando_business_tax,,,,
standard,CP ENTERPRISES,4077092531,,,,FL,socrata:orlando_business_tax,,,,
standard,V & KHAM ENTERPRISE INC,7023738374,,,,FL,socrata:orlando_business_tax,,,,
standard,INTERKINETICS CORPORATION,4078727400,,,,FL,socrata:orlando_business_tax,,,,
standard,GESNER BEJARANO,3212785803,,,,FL,socrata:orlando_business_tax,,,,
standard,DD GREAT FAMILY ENTERPRISES IN,4074224404,,,,FL,socrata:orlando_business_tax,,,,
standard,KRISTEEL INSTALLATIONS IN,4072525756,,,,FL,socrata:orlando_business_tax,,,,
standard,GC NETWORKS INC,4078027809,,,,FL,socrata:orlando_business_tax,,,,
standard,Z QUIP SUPPLY INC,3212747099,,,,FL,socrata:orlando_business_tax,,,,
standard,HOUSE INVESTMENT DOCTORS INC,4074486902,,,,FL,socrata:orlando_business_tax,,,,
standard,DONNA C WYATT/DONNA,4078965704,,,,FL,socrata:orlando_business_tax,,,,
standard,INTEGRI CRAFT INC,4078417043,,,,FL,socrata:orlando_business_tax,,,,
standard,CREDIT MAXIMUS INC,3212873059,,,,FL,socrata:orlando_business_tax,,,,
standard,YOGA ELEMENT,3219458429,,,,FL,socrata:orlando_business_tax,,,,
standard,BARRY M CONCOOL/ORLANDO LASER,2675664109,,,,FL,socrata:orlando_business_tax,,,,
standard,MIKE PLASKON,4073534776,,,,FL,socrata:orlando_business_tax,,,,
standard,CRM2,4073394310,,,,FL,socrata:orlando_business_tax,,,,
standard,L D ALUM & VINYL CONTR CORP,4079476565,,,,FL,socrata:orlando_business_tax,,,,
standard,A & A BRICK PAVERS INC,3213020329,,,,FL,socrata:orlando_business_tax,,,,
standard,KDS FLOORING INC,3213888489,,,,FL,socrata:orlando_business_tax,,,,
standard,LORI JANACEK RN,9034535955,,,,FL,socrata:orlando_business_tax,,,,
standard,EASY INSURANCE AGENCY INC,4074827773,,,,FL,socrata:orlando_business_tax,,,,
standard,BHARATEES,4078565687,,,,FL,socrata:orlando_business_tax,,,,
standard,A S A P COURIER SERVICES,4078520000,,,,FL,socrata:orlando_business_tax,,,,
standard,STEVE SANDERS,3214367987,,,,FL,socrata:orlando_business_tax,,,,
standard,MR FIXER UPPER INC,4076544765,,,,FL,socrata:orlando_business_tax,,,,
standard,TIFFANY WALKER'S CLEANING,4074705172,,,,FL,socrata:orlando_business_tax,,,,
standard,REMBRANDT ENTERPRISES INC,8667755600,,,,FL,socrata:orlando_business_tax,,,,
standard,HINDS TRANSPORTATION INC,4072974092,,,,FL,socrata:orlando_business_tax,,,,
standard,ARTINA JACKSON,4077214894,,,,FL,socrata:orlando_business_tax,,,,
standard,JUAN D BAEZ CABRAL,4078735055,,,,FL,socrata:orlando_business_tax,,,,
standard,VSA GENERAL SERVICES CORP,3212170295,,,,FL,socrata:orlando_business_tax,,,,
standard,JOE AUSTIN,3212315847,,,,FL,socrata:orlando_business_tax,,,,
standard,BODY RESTORE MASSAGE INC,3214386467,,,,FL,socrata:orlando_business_tax,,,,
standard,DWIGHT G HMMINGS,4075211187,,,,FL,socrata:orlando_business_tax,,,,
standard,COTTMAN TRANSMISSION,4072458555,,,,FL,socrata:orlando_business_tax,,,,
standard,EB FOCUS INC,4072912289,,,,FL,socrata:orlando_business_tax,,,,
standard,KATHARINE K SAWAL,4073135158,,,,FL,socrata:orlando_business_tax,,,,
standard,GOOD HOMES CLEANING SERVICES,4075170573,,,,FL,socrata:orlando_business_tax,,,,
standard,THE CORE LLC,4073524442,,,,FL,socrata:orlando_business_tax,,,,
standard,ADI ADVANCED DIGITAL INVENTORY,4074973939,,,,FL,socrata:orlando_business_tax,,,,
standard,DETTMANN FLOORING INC,9544486661,,,,FL,socrata:orlando_business_tax,,,,
standard,BERT CASTELL MOBILE FASHION,4076545865,,,,FL,socrata:orlando_business_tax,,,,
standard,FASTPARK & RELAX,5132410415,,,,FL,socrata:orlando_business_tax,,,,
standard,COOPER DEVELOPMENT LLC,4076284560,,,,FL,socrata:orlando_business_tax,,,,
standard,JEANNETES SERVICES,4078960065,,,,FL,socrata:orlando_business_tax,,,,
standard,ORLANDO CRAFTSMAN INC,4074212331,,,,FL,socrata:orlando_business_tax,,,,
standard,KHANS ENTERPRISE SERVICES INC,4072094602,,,,FL,socrata:orlando_business_tax,,,,
standard,STOREHOUSE FURNITURE,7704571176,,,,FL,socrata:orlando_business_tax,,,,
standard,HAN ACQUISITIONS INC,4074232644,,,,FL,socrata:orlando_business_tax,,,,
standard,DANIEL MENDEZ CASTRO,3363994214,,,,FL,socrata:orlando_business_tax,,,,
standard,ANGELOS EXPERT TREE SERVICE IN,4075400353,,,,FL,socrata:orlando_business_tax,,,,
standard,METHOD RENOVATION,4074703197,,,,FL,socrata:orlando_business_tax,,,,
standard,SIMON L WISEMAN ESQ,4079233843,,,,FL,socrata:orlando_business_tax,,,,
standard,A M SIST CONSULTING INC,4072106499,,,,FL,socrata:orlando_business_tax,,,,
standard,SUN PROTECTION FLORIDA LLC,9048249644,,,,FL,socrata:orlando_business_tax,,,,
standard,ECOCLEAN SOLUTIONS LLC,4075389883,,,,FL,socrata:orlando_business_tax,,,,
standard,ALEXANER EVANS,3023228707,,,,FL,socrata:orlando_business_tax,,,,
standard,VICHI CORPORATION,3214439050,,,,FL,socrata:orlando_business_tax,,,,
standard,HITTN SKINS LLC,4075929144,,,,FL,socrata:orlando_business_tax,,,,
standard,REYNAS CATERING INC,3219455141,,,,FL,socrata:orlando_business_tax,,,,
standard,RICKEY NICHOLAS BASKETS,4076991847,,,,FL,socrata:orlando_business_tax,,,,
standard,CARRERE TRANSPORTATION INC,4077653712,,,,FL,socrata:orlando_business_tax,,,,
standard,BRIAN D HOFFMAN,4073824785,,,,FL,socrata:orlando_business_tax,,,,
standard,HEALTHY STYLE,4074352638,,,,FL,socrata:orlando_business_tax,,,,
standard,PINTOS FAMILY INC,4078567061,,,,FL,socrata:orlando_business_tax,,,,
standard,CHG CONSULTING INCORPORATED,4072940078,,,,FL,socrata:orlando_business_tax,,,,
standard,WEBBROS CORP,4073553313,,,,FL,socrata:orlando_business_tax,,,,
standard,TRISTYNS GLOBAL ENTERPRISES LL,4074703716,,,,FL,socrata:orlando_business_tax,,,,
standard,CONTAINER GARDEN COMPANY,4075142622,,,,FL,socrata:orlando_business_tax,,,,
standard,MERCYS INTERNATIONAL COMPANY,4072752611,,,,FL,socrata:orlando_business_tax,,,,
standard,RAME FLORIDA SERVICES LLC,3219488544,,,,FL,socrata:orlando_business_tax,,,,
standard,OAKLEY,4072481520,,,,FL,socrata:orlando_business_tax,,,,
standard,MARDIS SHOE BOUTIQUE & NAIL SA,4072776459,,,,FL,socrata:orlando_business_tax,,,,
standard,DIAMOND RESORTS MANAGEMENT INC,4078021815,,,,FL,socrata:orlando_business_tax,,,,
standard,FIRST FLORIDA RESIDENTIAL MASO,3525167016,,,,FL,socrata:orlando_business_tax,,,,
standard,HAAS PARKER MANAGEMENT,4078411491,,,,FL,socrata:orlando_business_tax,,,,
standard,DAILY NEWS TOO,4078391220,,,,FL,socrata:orlando_business_tax,,,,
standard,CJ S ROADSIDE LUNCHBOX LLC,4079779322,,,,FL,socrata:orlando_business_tax,,,,
standard,YELLOW HOUSE PROPERTY MANAGEME,4077873737,,,,FL,socrata:orlando_business_tax,,,,
standard,"CLAVELL,WILLIAM E REMODELING",4073847829,,,,FL,socrata:orlando_business_tax,,,,
standard,SUPER HANDYMAN SERVICES,4079243819,,,,FL,socrata:orlando_business_tax,,,,
standard,LAI ENTERPRISE LLC,4078564892,,,,FL,socrata:orlando_business_tax,,,,
standard,TEXAS CARPET INC,2812047579,,,,FL,socrata:orlando_business_tax,,,,
standard,CHARLESWORTH ANDREW,3212771299,,,,FL,socrata:orlando_business_tax,,,,
standard,SENTINEL CAPITAL PARTNERS LLC,4074206828,,,,FL,socrata:orlando_business_tax,,,,
standard,DANIEL LLERENA/ERNST & YOUNG,4078726600,,,,FL,socrata:orlando_business_tax,,,,
standard,BRIGHT CIRCLE INC,4072519924,,,,FL,socrata:orlando_business_tax,,,,
standard,WYNN CONSULTING & DEVELOPMENT,4078956633,,,,FL,socrata:orlando_business_tax,,,,
standard,QUALITY SERVICES LLC,4078329207,,,,FL,socrata:orlando_business_tax,,,,
standard,HALLACE & ASSOCIATES INC,4078509606,,,,FL,socrata:orlando_business_tax,,,,
standard,STAR CENTER FOUNDATION INC,3214329418,,,,FL,socrata:orlando_business_tax,,,,
standard,LISA REPA/ KIRK,4078413407,,,,FL,socrata:orlando_business_tax,,,,
standard,RILEE SANDKRIS CONSTRUCTION LL,4073983573,,,,FL,socrata:orlando_business_tax,,,,
standard,L & H FLOORING SERVICES INC,3212788527,,,,FL,socrata:orlando_business_tax,,,,
standard,CJ ALLIANCE LLC,4074549905,,,,FL,socrata:orlando_business_tax,,,,
standard,T SCOTT TUFTS/TUFTS LAW FIRM P,4076945532,,,,FL,socrata:orlando_business_tax,,,,
standard,RSN INC,4072937352,,,,FL,socrata:orlando_business_tax,,,,
standard,ALCEIA O BOBB SEMPLE O S RIMS,4072360440,,,,FL,socrata:orlando_business_tax,,,,
standard,PRO FAIN PRODUCTIONS LLC,4072523246,,,,FL,socrata:orlando_business_tax,,,,
standard,MERRY MAIDS,4074477554,,,,FL,socrata:orlando_business_tax,,,,
standard,JENNIFER A FARRIS/SALON JW,3212974677,,,,FL,socrata:orlando_business_tax,,,,
standard,KUHN CONSTRUCTION LLC,4075409966,,,,FL,socrata:orlando_business_tax,,,,
standard,JINSHUN WU/ASSA DAY SPA,2019066116,,,,FL,socrata:orlando_business_tax,,,,
standard,IKON OFFICE SOLUTIONS INC,4072922552,,,,FL,socrata:orlando_business_tax,,,,
standard,GF CABINETS LLC,3212069709,,,,FL,socrata:orlando_business_tax,,,,
standard,DIRTY SOUTH ENTERTAINMENT,4078398816,,,,FL,socrata:orlando_business_tax,,,,
standard,NIDIO PINEDA,4079704053,,,,FL,socrata:orlando_business_tax,,,,
standard,E & M LANDSCAPING AND GARDENIN,4073849621,,,,FL,socrata:orlando_business_tax,,,,
standard,PELTZ HOMES INC,4077297316,,,,FL,socrata:orlando_business_tax,,,,
standard,MIRASH KRASNIQI,4072598079,,,,FL,socrata:orlando_business_tax,,,,
standard,FASHION SCENTS LLC,4078955539,,,,FL,socrata:orlando_business_tax,,,,
standard,IRON KING LLC,4072275975,,,,FL,socrata:orlando_business_tax,,,,
standard,VARIOUS LOCATIONS,4075784966,,,,FL,socrata:orlando_business_tax,,,,
standard,HAMPFIELD LANDSCAPE,4076663822,,,,FL,socrata:orlando_business_tax,,,,
standard,UGOFIT NUTRITION DISCOUNT CENT,4074810507,,,,FL,socrata:orlando_business_tax,,,,
standard,MAXINE JENKINS CLEANING SERVIC,4079024810,,,,FL,socrata:orlando_business_tax,,,,
standard,JUNE ENGINEERING CONSULTANTS I,4078396000,,,,FL,socrata:orlando_business_tax,,,,
standard,W DAVID ROGERS JR PA,4078430044,,,,FL,socrata:orlando_business_tax,,,,
standard,JPMORGAN CHASE & CO,2063774420,,,,FL,socrata:orlando_business_tax,,,,
standard,ISMAEL CARPET INC,4075576342,,,,FL,socrata:orlando_business_tax,,,,
standard,LUIS CASANAS,4072922220,,,,FL,socrata:orlando_business_tax,,,,
standard,AMERICAN NATIONAL BUSINESS CAP,4073025561,,,,FL,socrata:orlando_business_tax,,,,
standard,ALVES BRICK PAVER CORP,3212029087,,,,FL,socrata:orlando_business_tax,,,,
standard,SHASHI MANUFACTURING INC,4079995661,,,,FL,socrata:orlando_business_tax,,,,
standard,JAVIER GRAVERAN DESIGN INC,4072775749,,,,FL,socrata:orlando_business_tax,,,,
standard,HOT OFF THE GRILL LLC,4077618477,,,,FL,socrata:orlando_business_tax,,,,
standard,LIMA & SILVA FLOORING INC,3864453929,,,,FL,socrata:orlando_business_tax,,,,
standard,A PHOENIX GLASS & GLAZING INC,4078720001,,,,FL,socrata:orlando_business_tax,,,,
standard,I & T COMMUNICATIONS INC,6175905883,,,,FL,socrata:orlando_business_tax,,,,
standard,CERRONE ART GROUP,4077583539,,,,FL,socrata:orlando_business_tax,,,,
standard,7 ELEVEN INC 29789A,4072940711,,,,FL,socrata:orlando_business_tax,,,,
standard,NOLVEK INC,4079755346,,,,FL,socrata:orlando_business_tax,,,,
standard,DOUGLAS SAVAGE,4074544078,,,,FL,socrata:orlando_business_tax,,,,
standard,BREWER & NEWSOME ENTERPRISE IN,4078109111,,,,FL,socrata:orlando_business_tax,,,,
standard,LITTLE HOUSE GOURMET FOOD,4079620307,,,,FL,socrata:orlando_business_tax,,,,
standard,CROWN TROPHY,4073637497,,,,FL,socrata:orlando_business_tax,,,,
standard,TEMPUS INTERNATIONAL MARKETING,4072261000,,,,FL,socrata:orlando_business_tax,,,,
standard,TRAVELERS INSURANCE CO,2032779635,,,,FL,socrata:orlando_business_tax,,,,
standard,ADVANCE INSTITUTE LLC,4072755575,,,,FL,socrata:orlando_business_tax,,,,
standard,CABRERA HANDYMAN SERVICE INC,4079630542,,,,FL,socrata:orlando_business_tax,,,,
standard,EL PARAISO LATINO,4075689741,,,,FL,socrata:orlando_business_tax,,,,
standard,A PAWSITIVELY PURRFECT MOBILE,4078959595,,,,FL,socrata:orlando_business_tax,,,,
standard,FREDERICK JAMES INC,4072733662,,,,FL,socrata:orlando_business_tax,,,,
standard,FRAGRANCE EVERYDAY LLC,3524323566,,,,FL,socrata:orlando_business_tax,,,,
standard,TWOCAN DESIGN,4075797443,,,,FL,socrata:orlando_business_tax,,,,
standard,MICHAL KOCIAN,4073010045,,,,FL,socrata:orlando_business_tax,,,,
standard,MORBID ATHLETICS,4078028555,,,,FL,socrata:orlando_business_tax,,,,
standard,"O'CONNOR, JIMMY",4072458369,,,,FL,socrata:orlando_business_tax,,,,
standard,LLUSE GENERAL CONSTRUCTION INC,4072510544,,,,FL,socrata:orlando_business_tax,,,,
standard,ANIXTER INC,8478346269,,,,FL,socrata:orlando_business_tax,,,,
standard,SUNBRITE OUTDOOR FURNITURE INC,4072949041,,,,FL,socrata:orlando_business_tax,,,,
standard,HARLAN BROWN ROOF CONSULTANTS,5155562755,,,,FL,socrata:orlando_business_tax,,,,
standard,MOBILE SHINE AUTO DETAILING,4074822818,,,,FL,socrata:orlando_business_tax,,,,
standard,NATIVE FLORIDA CONSULTING INC,4072749673,,,,FL,socrata:orlando_business_tax,,,,
standard,AUSSIEWOOD USA LLC,9416850578,,,,FL,socrata:orlando_business_tax,,,,
standard,CORNELIA WINCHESTER RELIABLE,4072534911,,,,FL,socrata:orlando_business_tax,,,,
standard,MARIE YOLENE LESPINASSE,4078700250,,,,FL,socrata:orlando_business_tax,,,,
standard,ALLIANCE JUDGMENT RECOVERY SER,4077451449,,,,FL,socrata:orlando_business_tax,,,,
standard,SCI ATTRACTIONS,3212516132,,,,FL,socrata:orlando_business_tax,,,,
standard,"BELL, MAUREEN A(TRN 2464-9 09/",9043228942,,,,FL,socrata:orlando_business_tax,,,,
standard,SOLARIS TOURS USA,4073441142,,,,FL,socrata:orlando_business_tax,,,,
standard,GRANVILLE HARVEY SR,8504823271,,,,FL,socrata:orlando_business_tax,,,,
standard,AGRIS IMAKS CORPORATION,4073194038,,,,FL,socrata:orlando_business_tax,,,,
standard,LIFE CHOICES COUNSELING SERVIC,4073807064,,,,FL,socrata:orlando_business_tax,,,,
standard,HORIZONS REWARDS,4074722605,,,,FL,socrata:orlando_business_tax,,,,
standard,DECA CLEANING CONCEPTS LLC,3212870972,,,,FL,socrata:orlando_business_tax,,,,
standard,MAMADOU SECK,7042583016,,,,FL,socrata:orlando_business_tax,,,,
standard,ERIC L BOLVES/THE LAW OFFICES,6179646980,,,,FL,socrata:orlando_business_tax,,,,
standard,NETSPORTSGEAR LLC,4077611320,,,,FL,socrata:orlando_business_tax,,,,
standard,CASSIE TURNER/ CHESSMAN MORTGA,4079653008,,,,FL,socrata:orlando_business_tax,,,,
standard,WASHINGTON CONSTRUCTION LLC,4073458640,,,,FL,socrata:orlando_business_tax,,,,
standard,M&M BUSINESS CONSULTANTS &TRAD,4073516111,,,,FL,socrata:orlando_business_tax,,,,
standard,ACCOUNTING & TAX STRATEGIES IN,4075742108,,,,FL,socrata:orlando_business_tax,,,,
standard,CHASE INSURANCE LIFE COMPANY,8479307917,,,,FL,socrata:orlando_business_tax,,,,
standard,G2 SECURE STAFF LLC,4074533976,,,,FL,socrata:orlando_business_tax,,,,
standard,GRG STRUCTURES GROUP INC,4078592159,,,,FL,socrata:orlando_business_tax,,,,
standard,PROSPER LAW GROUP PA,4072978396,,,,FL,socrata:orlando_business_tax,,,,
standard,FRATERNITY CAB COMPANY,4079999779,,,,FL,socrata:orlando_business_tax,,,,
standard,BOOKS A MILLION #733(TRNS TO 2,2059480777,,,,FL,socrata:orlando_business_tax,,,,
standard,FLORIDA GLASS,4074622233,,,,FL,socrata:orlando_business_tax,,,,
standard,NASCIMENTO PAINTING INC,4072986928,,,,FL,socrata:orlando_business_tax,,,,
standard,GRACE MEDICAL TRANSPORTATION LLC,4077391990,,,,FL,socrata:orlando_business_tax,,,,
standard,TACARI EVENTS INC,4072906531,,,,FL,socrata:orlando_business_tax,,,,
standard,KATES KITCHEN LLC,4074939100,,,,FL,socrata:orlando_business_tax,,,,
standard,COASTA LEVENTS AND CATERING IN,8638997858,,,,FL,socrata:orlando_business_tax,,,,
standard,ANNA MEDINAS CLEANING,4072833172,,,,FL,socrata:orlando_business_tax,,,,
standard,ADRIAN RIVERA,3216621429,,,,FL,socrata:orlando_business_tax,,,,
standard,CARIBBEAN BAIL BOND,4078968221,,,,FL,socrata:orlando_business_tax,,,,
standard,DS STYLE LLC,4079701279,,,,FL,socrata:orlando_business_tax,,,,
standard,BICOASTAL TALENT INC,4078394313,,,,FL,socrata:orlando_business_tax,,,,
standard,UNITED MECHANICAL SERVICES INC,3212997791,,,,FL,socrata:orlando_business_tax,,,,
standard,MIGUEL MELENDREZ,4072736151,,,,FL,socrata:orlando_business_tax,,,,
standard,RAZ BARBER SHOP AND HAIR SALON,4072936653,,,,FL,socrata:orlando_business_tax,,,,
standard,MARY M RAVNDAL,4073406464,,,,FL,socrata:orlando_business_tax,,,,
standard,LEGACY MED SEARCH,4074484499,,,,FL,socrata:orlando_business_tax,,,,
standard,ROJAS CLEANING AND SERVICES IN,3213033993,,,,FL,socrata:orlando_business_tax,,,,
standard,TIMESHARE REFERRAL NETWORK LLC,3212930060,,,,FL,socrata:orlando_business_tax,,,,
standard,ADRIANA DIAZ,4072829114,,,,FL,socrata:orlando_business_tax,,,,
standard,CENTURY 21 RICHARDS REALTY,9549758882,,,,FL,socrata:orlando_business_tax,,,,
standard,MIMOSE JOSEPH,4078790580,,,,FL,socrata:orlando_business_tax,,,,
standard,ALL STAFFING,4072545021,,,,FL,socrata:orlando_business_tax,,,,
standard,INTERIORS UNLIMITED INC,3177764434,,,,FL,socrata:orlando_business_tax,,,,
standard,BREWERS CONCEPTS & ART DESIGNS,4078972276,,,,FL,socrata:orlando_business_tax,,,,
standard,DESIGN WEST ASSOCIATION,4078959028,,,,FL,socrata:orlando_business_tax,,,,
standard,RICKKEM BEAUTY SUPPLY LLC,4073254849,,,,FL,socrata:orlando_business_tax,,,,
standard,MILNE DONALD MD/ MILLENIA,3017926515,,,,FL,socrata:orlando_business_tax,,,,
standard,MILLS AVE 24 HOUR COIN LAUNDRY,4073769238,,,,FL,socrata:orlando_business_tax,,,,
standard,PHYLLIS DEVOSE,4072303744,,,,FL,socrata:orlando_business_tax,,,,
standard,PEDRO GERMANO & LYNN BRISTOL,3212771395,,,,FL,socrata:orlando_business_tax,,,,
standard,RANDY KHOLLMAN,8125996008,,,,FL,socrata:orlando_business_tax,,,,
standard,CARRS BARBERS CLUB THORNTON PA,4074289300,,,,FL,socrata:orlando_business_tax,,,,
standard,JOYNER CABLE TELECOMMUNICATION,4073249434,,,,FL,socrata:orlando_business_tax,,,,
standard,HAMADY SAMBA,5139651117,,,,FL,socrata:orlando_business_tax,,,,
standard,LEE FORREST DESIGN LLC,4078433213,,,,FL,socrata:orlando_business_tax,,,,
standard,THE KUY INC,4072990109,,,,FL,socrata:orlando_business_tax,,,,
standard,MICROSERVERNET INC,4077616479,,,,FL,socrata:orlando_business_tax,,,,
standard,PINE HILLS MEDICAL CENTER,4075069234,,,,FL,socrata:orlando_business_tax,,,,
standard,MW INSTALLATIONS INC,4078490707,,,,FL,socrata:orlando_business_tax,,,,
standard,PRESSURE GROUTING OF FLORIDA I,4078947562,,,,FL,socrata:orlando_business_tax,,,,
standard,OCTAVIAN C MARTINCREATIVE STRE,4077371893,,,,FL,socrata:orlando_business_tax,,,,
standard,SUPERIOR PLASTERING INC,4072879478,,,,FL,socrata:orlando_business_tax,,,,
standard,ULTRA GRAPHICS PLUS LLC,3212516766,,,,FL,socrata:orlando_business_tax,,,,
standard,CENTRAL FLA SERVICES,4072014483,,,,FL,socrata:orlando_business_tax,,,,
standard,AGFC CAPITAL MANAGEMENT INC,4077650450,,,,FL,socrata:orlando_business_tax,,,,
standard,LEBRONS CLEANING CONTRACTING,4075723317,,,,FL,socrata:orlando_business_tax,,,,
standard,RED TOP PRODUCTIONS CORPORATIO,3212025855,,,,FL,socrata:orlando_business_tax,,,,
standard,EVOLUTION MORTGAGE,4073019574,,,,FL,socrata:orlando_business_tax,,,,
standard,"DAMIEN ORATO/RUMBERGER, KIRK & CALDWELL PROFESSIONAL ASSOCIATION",4078727300,,,,FL,socrata:orlando_business_tax,,,,
standard,COLEYS PAINTING & FINISHING,4078089196,,,,FL,socrata:orlando_business_tax,,,,
standard,M & M INCORPORATED OF CENTRAL,4072909461,,,,FL,socrata:orlando_business_tax,,,,
standard,RONALD A COLE CPA LLC,4073514730,,,,FL,socrata:orlando_business_tax,,,,
standard,ERIC ZIKO,4079632129,,,,FL,socrata:orlando_business_tax,,,,
standard,A A ADVANCE AUTO LOCKSMITH INC,4072600261,,,,FL,socrata:orlando_business_tax,,,,
standard,MANTRA NIGHT CLUB,4072445995,,,,FL,socrata:orlando_business_tax,,,,
standard,LISA KEHAYIAS,3057880464,,,,FL,socrata:orlando_business_tax,,,,
standard,RDP CONSULTING CORPORATION,4074704085,,,,FL,socrata:orlando_business_tax,,,,
standard,J BAUMAN SALON INC,4078989044,,,,FL,socrata:orlando_business_tax,,,,
standard,MODEL HOME DESIGNS,4076503731,,,,FL,socrata:orlando_business_tax,,,,
standard,DONLEE PRESSURE WASHING LLC,4072814374,,,,FL,socrata:orlando_business_tax,,,,
standard,NORAS SUGAR SHACK,4074475885,,,,FL,socrata:orlando_business_tax,,,,
standard,MARRENS DELI,4077047936,,,,FL,socrata:orlando_business_tax,,,,
standard,COMPONENTS SYSTEMS INSPECTION,4076255514,,,,FL,socrata:orlando_business_tax,,,,
standard,LOE JOES FOOD ON THE GO,4079245591,,,,FL,socrata:orlando_business_tax,,,,
standard,SIVAD TITLE SERVICES INCORPORA,4076166961,,,,FL,socrata:orlando_business_tax,,,,
standard,CELLUCRETE CORP,4079264056,,,,FL,socrata:orlando_business_tax,,,,
standard,ROBERTO ZAYAS,3212352653,,,,FL,socrata:orlando_business_tax,,,,
standard,FERRAND INC,3214076797,,,,FL,socrata:orlando_business_tax,,,,
standard,HEATHER STANHOPE,4077400444,,,,FL,socrata:orlando_business_tax,,,,
standard,DIONNE CARMICHAEL,4073258907,,,,FL,socrata:orlando_business_tax,,,,
standard,HUA CUI/GREEN T,4073125705,,,,FL,socrata:orlando_business_tax,,,,
standard,BENISMAU HASSAN SHOES,4076284864,,,,FL,socrata:orlando_business_tax,,,,
standard,IMPERIAL HOUSE CLEANING,4079700524,,,,FL,socrata:orlando_business_tax,,,,
standard,ROJAS NEW CONSTRUCTION AND SER,4072089449,,,,FL,socrata:orlando_business_tax,,,,
standard,CONVENIENCE ATMS INC,4078722387,,,,FL,socrata:orlando_business_tax,,,,
standard,SANDUNGUEANDO CABLE INC,4078468233,,,,FL,socrata:orlando_business_tax,,,,
standard,GATOR PAVERS INC,4073997283,,,,FL,socrata:orlando_business_tax,,,,
standard,VARIETY PRINTING AND SALES INC,4078442667,,,,FL,socrata:orlando_business_tax,,,,
standard,JERRY ULIBARRI,4077606462,,,,FL,socrata:orlando_business_tax,,,,
standard,E JUDY WALDVOGEL,3522418125,,,,FL,socrata:orlando_business_tax,,,,
standard,ROBERTO VAZQUEZ,4076451422,,,,FL,socrata:orlando_business_tax,,,,
standard,ROSA CAUDILLO,4079524855,,,,FL,socrata:orlando_business_tax,,,,
standard,AL'S CARPET CLEANING,4075097722,,,,FL,socrata:orlando_business_tax,,,,
standard,RK COLLABORATIVE INC,4075922219,,,,FL,socrata:orlando_business_tax,,,,
standard,THE BASKET CASE BY LEANN MCGUI,4076480034,,,,FL,socrata:orlando_business_tax,,,,
standard,MARIE  FRANCOIS,4072350507,,,,FL,socrata:orlando_business_tax,,,,
standard,CRL AUTO SALES AND REPAIR INC,4072097728,,,,FL,socrata:orlando_business_tax,,,,
standard,WEST INDIAN CONSTRUCTION CORP,4074487893,,,,FL,socrata:orlando_business_tax,,,,
standard,SUPERIOR TOWING OF ORLANDO INC,4077572740,,,,FL,socrata:orlando_business_tax,,,,
standard,EUROPEAN DESIGN INTERIORS LLC,4079473511,,,,FL,socrata:orlando_business_tax,,,,
standard,NTS INDUSTRIES INC,3178476675,,,,FL,socrata:orlando_business_tax,,,,
standard,PERFORMANCE SKI AND SURF OF ORLANDO INC,4078597544,,,,FL,socrata:orlando_business_tax,,,,
standard,BOBBY PETERSONS VIDEO PRODUCTI,4077217536,,,,FL,socrata:orlando_business_tax,,,,
standard,SUPER KIDS ACADEMY,4072946102,,,,FL,socrata:orlando_business_tax,,,,
standard,NEWMAN PLASTIC SURGERY,4074819505,,,,FL,socrata:orlando_business_tax,,,,
standard,J&P TILE SERVICES CORP,4072736666,,,,FL,socrata:orlando_business_tax,,,,
standard,SIR SATELLITE INC,3213636494,,,,FL,socrata:orlando_business_tax,,,,
standard,MC LABOR EXPRESS CORP,4076017760,,,,FL,socrata:orlando_business_tax,,,,
standard,GIL SERVICES INC,4072278024,,,,FL,socrata:orlando_business_tax,,,,
standard,SONG PHUONG VIDEO,4078969848,,,,FL,socrata:orlando_business_tax,,,,
standard,ZAVIJO CABLE SERVICES INC,4072325002,,,,FL,socrata:orlando_business_tax,,,,
standard,STEPHEN P MATZUK/THE MATZUK L,4072947400,,,,FL,socrata:orlando_business_tax,,,,
standard,OSH TAL ENTERPRISES INC,4072599592,,,,FL,socrata:orlando_business_tax,,,,
standard,ALBERT FISHER,4075392141,,,,FL,socrata:orlando_business_tax,,,,
standard,HOMEZING LLC,4079351328,,,,FL,socrata:orlando_business_tax,,,,
standard,WINMARK H REECE,4072856070,,,,FL,socrata:orlando_business_tax,,,,
standard,MONIQUES CLEANING SERVICE,4077663645,,,,FL,socrata:orlando_business_tax,,,,
standard,THREE POINT BOWLING CENTER,4072731350,,,,FL,socrata:orlando_business_tax,,,,
standard,LINDY  B HOOD/ARTUROS HAIR CEN,4073254765,,,,FL,socrata:orlando_business_tax,,,,
standard,RANDY MAGER MAINTENANCE HOME R,3213540768,,,,FL,socrata:orlando_business_tax,,,,
standard,MITZI L ARCHER,4079999955,,,,FL,socrata:orlando_business_tax,,,,
standard,LOGISTICS MANAGEMENT RESOURCES,8045416193,,,,FL,socrata:orlando_business_tax,,,,
standard,"GAITOR, JR ABRAHAM",4072967967,,,,FL,socrata:orlando_business_tax,,,,
standard,WINDOW TECH INC,4072479764,,,,FL,socrata:orlando_business_tax,,,,
standard,STEVE E JOHNSON THE RENTAL SER,4072103489,,,,FL,socrata:orlando_business_tax,,,,
standard,AMMO PAINTING STUCCO & MURALS,4072422197,,,,FL,socrata:orlando_business_tax,,,,
standard,YVONNE PIERRE,4078890713,,,,FL,socrata:orlando_business_tax,,,,
standard,BRENT M RAINEY/WEST GREEN & AS,4078761764,,,,FL,socrata:orlando_business_tax,,,,
standard,ELLEN MARCHIONDA LMHC,4076482659,,,,FL,socrata:orlando_business_tax,,,,
standard,"PHAM, HUNG QUOC",4075413192,,,,FL,socrata:orlando_business_tax,,,,
standard,ROBERT W MORRISON PA,4078955874,,,,FL,socrata:orlando_business_tax,,,,
standard,NATIPJ,4073807361,,,,FL,socrata:orlando_business_tax,,,,
standard,METRO MOTOR OF CENTRAL FLORIDA,4072268064,,,,FL,socrata:orlando_business_tax,,,,
standard,DINO CALO AGO,4074213143,,,,FL,socrata:orlando_business_tax,,,,
standard,DELANEY FLORIST,4074810397,,,,FL,socrata:orlando_business_tax,,,,
standard,JUST HATZ,4076175333,,,,FL,socrata:orlando_business_tax,,,,
standard,MCC MECHANICAL LLC,4076495557,,,,FL,socrata:orlando_business_tax,,,,
standard,AZ GARAGE DOOR SERVICES LLC,4073620919,,,,FL,socrata:orlando_business_tax,,,,
standard,EDUARDO SOLORZANO,9415265218,,,,FL,socrata:orlando_business_tax,,,,
standard,AMERIGROUP MORTGAGE COMPANY LL,4073595795,,,,FL,socrata:orlando_business_tax,,,,
standard,DAVID W SACKMAN III/PYLE,4078958001,,,,FL,socrata:orlando_business_tax,,,,
standard,STEAM CLEAN QUEENS LLC,3213777004,,,,FL,socrata:orlando_business_tax,,,,
standard,MIGUEL ADAMES CONTRACTING,4074039373,,,,FL,socrata:orlando_business_tax,,,,
standard,TJ HAIR STATION INCORPORATED,4078958051,,,,FL,socrata:orlando_business_tax,,,,
standard,JUAN FRED,4074485643,,,,FL,socrata:orlando_business_tax,,,,
standard,MO MUZIK ENTERTAINMENT INC,4075233555,,,,FL,socrata:orlando_business_tax,,,,
standard,GILBERTS BARBCUE/GOURMET FISH,5619652347,,,,FL,socrata:orlando_business_tax,,,,
standard,RED S WALLCOVERING LLC,4076945486,,,,FL,socrata:orlando_business_tax,,,,
standard,IE ENTERTAINMENT INC,4074164408,,,,FL,socrata:orlando_business_tax,,,,
standard,JBT PROPERTIES LLC,4075226164,,,,FL,socrata:orlando_business_tax,,,,
standard,WATER TO GO,4075211944,,,,FL,socrata:orlando_business_tax,,,,
standard,ZAP INTERNATIONAL CLEANING SER,4074231191,,,,FL,socrata:orlando_business_tax,,,,
standard,ROLLING RAINBOW,4076797513,,,,FL,socrata:orlando_business_tax,,,,
standard,ULTIMATE SOLUTIONS DRYWALL INC,3212295524,,,,FL,socrata:orlando_business_tax,,,,
standard,OLDE VERANDAH REAL ESTATE CO I,4072106600,,,,FL,socrata:orlando_business_tax,,,,
standard,DOUGLAS F CASE TILE,4077666014,,,,FL,socrata:orlando_business_tax,,,,
standard,M & E HOME IMPROVEMENT & WELDI,4074013273,,,,FL,socrata:orlando_business_tax,,,,
standard,CLEAN A PART LLC,3219465246,,,,FL,socrata:orlando_business_tax,,,,
standard,INK INK LLC,3213778790,,,,FL,socrata:orlando_business_tax,,,,
standard,ERIC KINCADE PHOTO,3219470430,,,,FL,socrata:orlando_business_tax,,,,
standard,EBONY MORRIS,4072834923,,,,FL,socrata:orlando_business_tax,,,,
standard,DAVID HUNTER/HUNTER COMMERICAL,4074382134,,,,FL,socrata:orlando_business_tax,,,,
standard,DOLLAR CITY,4072935488,,,,FL,socrata:orlando_business_tax,,,,
standard,LIFE EXUBERANT,4072828999,,,,FL,socrata:orlando_business_tax,,,,
standard,SONIA MERCEDES,3214380281,,,,FL,socrata:orlando_business_tax,,,,
standard,ASIAN GALLERY LLC,4072670978,,,,FL,socrata:orlando_business_tax,,,,
standard,HUGO REPAIRS INC,4029910739,,,,FL,socrata:orlando_business_tax,,,,
standard,EVERGLADES UNIVERSITY,4072770311,,,,FL,socrata:orlando_business_tax,,,,
standard,KENSCOFF USED AUTO SALES LLC,4076921127,,,,FL,socrata:orlando_business_tax,,,,
standard,F&F SERVICES LLC,4074702321,,,,FL,socrata:orlando_business_tax,,,,
standard,SPA SENSATIONS INC,3867173727,,,,FL,socrata:orlando_business_tax,,,,
standard,MARY LYLES LAWNCARE,4078496160,,,,FL,socrata:orlando_business_tax,,,,
standard,LARA HITCHCOCK,4075783303,,,,FL,socrata:orlando_business_tax,,,,
standard,LIGHTHOUSE GOLF GROUP LLC,4072423348,,,,FL,socrata:orlando_business_tax,,,,
standard,PAVILION PROPERTIES & MANAGEME,4074701350,,,,FL,socrata:orlando_business_tax,,,,
standard,AMERICAN EAGLE HOME INSPECTION,4077210072,,,,FL,socrata:orlando_business_tax,,,,
standard,GNS PERFECT LIMOUSINE,4078560163,,,,FL,socrata:orlando_business_tax,,,,
standard,6 AM CONSTRUCTION LLC,4072077138,,,,FL,socrata:orlando_business_tax,,,,
standard,HEALTH & GLOBAL ENTERPRISES IN,4076410214,,,,FL,socrata:orlando_business_tax,,,,
standard,VIP CLEANING SERVICES,4072883625,,,,FL,socrata:orlando_business_tax,,,,
standard,CONSTANCE OWENS,4078512555,,,,FL,socrata:orlando_business_tax,,,,
standard,KAY JEWELERS # 2908,3306685335,,,,FL,socrata:orlando_business_tax,,,,
standard,COMMUNITY OUTREACH PRODUCTIONS,4072540840,,,,FL,socrata:orlando_business_tax,,,,
standard,"DIVA DECOR & MORE, LLC",4074930766,,,,FL,socrata:orlando_business_tax,,,,
standard,FLOWERS BY SABRINA VEGA,4079143210,,,,FL,socrata:orlando_business_tax,,,,
standard,LISA MITCHELL,4072581286,,,,FL,socrata:orlando_business_tax,,,,
standard,NANCY WESTRICK,4076584711,,,,FL,socrata:orlando_business_tax,,,,
standard,TIYONE L SEASE,3213310597,,,,FL,socrata:orlando_business_tax,,,,
standard,LLOYD CONNER PAINT & PRESSURE,4079834880,,,,FL,socrata:orlando_business_tax,,,,
standard,QUIZNOS SUB #7498,4072489702,,,,FL,socrata:orlando_business_tax,,,,
standard,MALIKA MOUJIB,4078038117,,,,FL,socrata:orlando_business_tax,,,,
standard,T & T ART TILE,4078976205,,,,FL,socrata:orlando_business_tax,,,,
standard,LIBRA DESIGN GROUP INC,4076491828,,,,FL,socrata:orlando_business_tax,,,,
standard,BUILDING IDENTITY GROUP INC,4074917903,,,,FL,socrata:orlando_business_tax,,,,
standard,CENTRAL INTERIOR INC,3216951974,,,,FL,socrata:orlando_business_tax,,,,
standard,MINICS LLC,4074150973,,,,FL,socrata:orlando_business_tax,,,,
standard,BRYAN E ROGERS/HOLIDAY REALTY,3212785486,,,,FL,socrata:orlando_business_tax,,,,
standard,FLORIDA PROWASH,4076251592,,,,FL,socrata:orlando_business_tax,,,,
standard,GABRIEL CHAVERRI/JACOBS ENG,4077585704,,,,FL,socrata:orlando_business_tax,,,,
standard,OBJECTIVE CONSULT CORP,4078831534,,,,FL,socrata:orlando_business_tax,,,,
standard,LEVERTIS LUMPKIN BLESSED JEWEL,4074488493,,,,FL,socrata:orlando_business_tax,,,,
standard,BCC WIRELESS INC,4073178228,,,,FL,socrata:orlando_business_tax,,,,
standard,ARCHITECTURAL CONCEPTS OF ORLA,4078220002,,,,FL,socrata:orlando_business_tax,,,,
standard,LIONHEART INDUSTRIES INC,4075794570,,,,FL,socrata:orlando_business_tax,,,,
standard,ZANSTONE LLC,3212063255,,,,FL,socrata:orlando_business_tax,,,,
standard,LLOYD HESTER SAN LORD MARKET,6785987729,,,,FL,socrata:orlando_business_tax,,,,
standard,AEROPOSTALE,9738261031,,,,FL,socrata:orlando_business_tax,,,,
standard,JOHN POWERS INC,3213636963,,,,FL,socrata:orlando_business_tax,,,,
standard,EXCEL CONSTRUCTION & DEVELOPER,4074558242,,,,FL,socrata:orlando_business_tax,,,,
standard,ROGELIO BRINGAS,4073839088,,,,FL,socrata:orlando_business_tax,,,,
standard,L P CLEANERS INC,4072727879,,,,FL,socrata:orlando_business_tax,,,,
standard,CENTRAL NAIL BEAUTY SUPPLY INC,3522502266,,,,FL,socrata:orlando_business_tax,,,,
standard,"CHEN, DENNIS",4072965285,,,,FL,socrata:orlando_business_tax,,,,
standard,CHARLIE SIPLIN LANDSCAPE,4074668298,,,,FL,socrata:orlando_business_tax,,,,
standard,"INSTANT SOLUTION, LLC",4077582101,,,,FL,socrata:orlando_business_tax,,,,
standard,KDM TREATS,4073484372,,,,FL,socrata:orlando_business_tax,,,,
standard,JORGE L RANO,4077162133,,,,FL,socrata:orlando_business_tax,,,,
standard,EDWIN R BARFIELD LLC,4072220442,,,,FL,socrata:orlando_business_tax,,,,
standard,MIKE J NICHOLAS,4077874446,,,,FL,socrata:orlando_business_tax,,,,
standard,FASHION ISLAND ENTERPRISES LLC,4077668756,,,,FL,socrata:orlando_business_tax,,,,
standard,ALL INONE HOME SOLUTIONS INC,4074895850,,,,FL,socrata:orlando_business_tax,,,,
standard,PERMIT ME,4072225289,,,,FL,socrata:orlando_business_tax,,,,
standard,MATTHEW DEAN LLC,4079267803,,,,FL,socrata:orlando_business_tax,,,,
standard,EL MUNDO SIN FRONTERAS,4079312039,,,,FL,socrata:orlando_business_tax,,,,
standard,MARTIN STONES INC,3216622733,,,,FL,socrata:orlando_business_tax,,,,
standard,WORLD STAR TRANSPORTATION CROU,4072978297,,,,FL,socrata:orlando_business_tax,,,,
standard,ATLANTIC MICROSCOPE CO,8887726738,,,,FL,socrata:orlando_business_tax,,,,
standard,LA CORSETIRE,4073589437,,,,FL,socrata:orlando_business_tax,,,,
standard,AAA ALL AROUND ENTERPRISES INC,4072528911,,,,FL,socrata:orlando_business_tax,,,,
standard,AVON BEAUTY CENTER,3862399444,,,,FL,socrata:orlando_business_tax,,,,
standard,REPLAYS GAMEWARE CDS DVDS,2053660680,,,,FL,socrata:orlando_business_tax,,,,
standard,WILFREDO OLMEDA LAWN SERVICE,4072811620,,,,FL,socrata:orlando_business_tax,,,,
standard,DEAN DAVIS,7067762878,,,,FL,socrata:orlando_business_tax,,,,
standard,MJ MAHONEY,8502581747,,,,FL,socrata:orlando_business_tax,,,,
standard,SOUTH SERVICE GROUP INC,4073454786,,,,FL,socrata:orlando_business_tax,,,,
standard,ANDREW J ILIFFE,3212292813,,,,FL,socrata:orlando_business_tax,,,,
standard,BILLY HOGAN,3213316436,,,,FL,socrata:orlando_business_tax,,,,
standard,EWC MARKETPLACE,4078341709,,,,FL,socrata:orlando_business_tax,,,,
standard,SNEAKER STOP INC,4072488990,,,,FL,socrata:orlando_business_tax,,,,
standard,JACQUELINE CANESSA FINE YARNS,4078351776,,,,FL,socrata:orlando_business_tax,,,,
standard,ASHLEY PROPERTY GROUP INC,3212930030,,,,FL,socrata:orlando_business_tax,,,,
standard,AIR CC INC,4072098562,,,,FL,socrata:orlando_business_tax,,,,
standard,CREATIVE MULTISERVICES,3213548733,,,,FL,socrata:orlando_business_tax,,,,
standard,MASSEY SERVICES INC,4076452500,,,,FL,socrata:orlando_business_tax,,,,
standard,FLORIDA WAFFLE SHOP INC,4079960204,,,,FL,socrata:orlando_business_tax,,,,
standard,KEEPING IT REAL,4076484465,,,,FL,socrata:orlando_business_tax,,,,
standard,JORDAN WOODCRAFT STUDIO LLC,3863348282,,,,FL,socrata:orlando_business_tax,,,,
standard,DESIGN MY BOOTH INC,4077393865,,,,FL,socrata:orlando_business_tax,,,,
standard,A & L JANITORIAL SERVICES,4078103339,,,,FL,socrata:orlando_business_tax,,,,
standard,PE GROUP LLC,4078944445,,,,FL,socrata:orlando_business_tax,,,,
standard,GRG STRUCTURES GROUP INC,4078585444,,,,FL,socrata:orlando_business_tax,,,,
standard,WEISBERG AND BARTOLOMEO PA,4078359211,,,,FL,socrata:orlando_business_tax,,,,
standard,SANDRA J HUTNICK,4072926778,,,,FL,socrata:orlando_business_tax,,,,
standard,INSURANCE AMBASSADORS INC,4076089594,,,,FL,socrata:orlando_business_tax,,,,
standard,HIGH RISE PAINTING LLC,4074464540,,,,FL,socrata:orlando_business_tax,,,,
standard,DOLLAR FLOORS INC,4076583030,,,,FL,socrata:orlando_business_tax,,,,
standard,MCT MORTGAGES CORP,4074810022,,,,FL,socrata:orlando_business_tax,,,,
standard,IMCS TECHONOLIGES INC,4078105967,,,,FL,socrata:orlando_business_tax,,,,
standard,H I T S MINISTRY,4077390390,,,,FL,socrata:orlando_business_tax,,,,
standard,HAROLD CLEVELAND,4072308159,,,,FL,socrata:orlando_business_tax,,,,
standard,PRO SKIN SOLUTIONS INC,4079969797,,,,FL,socrata:orlando_business_tax,,,,
standard,FLORIDA OPTICAL LLC,4072072232,,,,FL,socrata:orlando_business_tax,,,,
standard,JAMES SAVKO,4079298000,,,,FL,socrata:orlando_business_tax,,,,
standard,TROPICAL JUICE,4078564052,,,,FL,socrata:orlando_business_tax,,,,
standard,TAMI L DIEBEL/ESTES INGRAM FOE,4078491122,,,,FL,socrata:orlando_business_tax,,,,
standard,KEMPER INDEPENDENCE INS CO,9042455600,,,,FL,socrata:orlando_business_tax,,,,
standard,CEIMN CORPORATION,4073591714,,,,FL,socrata:orlando_business_tax,,,,
standard,FMA SERVICING INC,4074723376,,,,FL,socrata:orlando_business_tax,,,,
standard,ROBERT E SMITH/CONDO CONNECTIO,4078989058,,,,FL,socrata:orlando_business_tax,,,,
standard,VS CLEANING INC,3212468182,,,,FL,socrata:orlando_business_tax,,,,
standard,RETAIL BY ALICIA ROMERO,4072510216,,,,FL,socrata:orlando_business_tax,,,,
standard,ANGELA WALKER/ BODYSCAPE,4078933933,,,,FL,socrata:orlando_business_tax,,,,
standard,MARGARET E FLYNN,4074893217,,,,FL,socrata:orlando_business_tax,,,,
standard,ORLANDO KING OF CLEAN,4078127454,,,,FL,socrata:orlando_business_tax,,,,
standard,TUTOR ZONE LLC,4078945006,,,,FL,socrata:orlando_business_tax,,,,
standard,M & M CONCRETE CONSTRUCTION,4074703312,,,,FL,socrata:orlando_business_tax,,,,
standard,ALL ABOUT FLOORS ET INC,4077024739,,,,FL,socrata:orlando_business_tax,,,,
standard,ORANGE COUNTY PT CRUISES,4072451010,,,,FL,socrata:orlando_business_tax,,,,
standard,CAPOEIRA BRAZILIAN PELOURINHO,4072263125,,,,FL,socrata:orlando_business_tax,,,,
standard,JEFF ALLGEO'S TREE SERV ICE,3213031659,,,,FL,socrata:orlando_business_tax,,,,
standard,CTC ENTERPRISE OF ORLANDO INC,4079533511,,,,FL,socrata:orlando_business_tax,,,,
standard,SOUTHEAST ORLANDO REALTY LLC,4077730888,,,,FL,socrata:orlando_business_tax,,,,
standard,EARTHY HABITAT,4074051505,,,,FL,socrata:orlando_business_tax,,,,
standard,ANA RAMOS & FRANCIS VASQUEZ,4073843153,,,,FL,socrata:orlando_business_tax,,,,
standard,CENTRAL SERVICE DEPOT INC,4072472055,,,,FL,socrata:orlando_business_tax,,,,
standard,IWRAPZ,4073014727,,,,FL,socrata:orlando_business_tax,,,,
standard,ART EDGE INC,4072521226,,,,FL,socrata:orlando_business_tax,,,,
standard,MASSAGE BY HEATHER,9545475500,,,,FL,socrata:orlando_business_tax,,,,
standard,SUMMIT TOUR & TRAVEL INC,4072906777,,,,FL,socrata:orlando_business_tax,,,,
standard,INNOVATIVE BUSINESS SOLUTIONS,4072103893,,,,FL,socrata:orlando_business_tax,,,,
standard,DEAN WATSON BBQ SHACK,4075809568,,,,FL,socrata:orlando_business_tax,,,,
standard,SPECS POOLS,4073450184,,,,FL,socrata:orlando_business_tax,,,,
standard,CHELSEY WARREN,4072949394,,,,FL,socrata:orlando_business_tax,,,,
standard,PERFECT IMAGE FLEET DETAILING,4072936391,,,,FL,socrata:orlando_business_tax,,,,
standard,PEOPLES TRUST MORTGAGE LLC,4075238115,,,,FL,socrata:orlando_business_tax,,,,
standard,ANTHONY L GREGORY/GRAHAM,4076443867,,,,FL,socrata:orlando_business_tax,,,,
standard,THE GOURMET TUSCANY PIZZA HOUS,4074888068,,,,FL,socrata:orlando_business_tax,,,,
standard,"LEATHER IMPRESSIONS, INC",4073631650,,,,FL,socrata:orlando_business_tax,,,,
standard,GROUND POUNDER GEAR INC,8662042986,,,,FL,socrata:orlando_business_tax,,,,
standard,CARIBBEAN SUN RESTAURANT LLC,4074451101,,,,FL,socrata:orlando_business_tax,,,,
standard,MICHAEL FENLON SPRINKLER SERV,4074257978,,,,FL,socrata:orlando_business_tax,,,,
standard,KATHY BURGESS,4073424278,,,,FL,socrata:orlando_business_tax,,,,
standard,ALEKSANDERS PAINTING INC,4073069425,,,,FL,socrata:orlando_business_tax,,,,
standard,CONEHEAD LAWN CARE SERVICES,3214602747,,,,FL,socrata:orlando_business_tax,,,,
standard,NAI WEN YU/STEVE,4077294940,,,,FL,socrata:orlando_business_tax,,,,
standard,RAPID CLEANING SERVICES,4072077055,,,,FL,socrata:orlando_business_tax,,,,
standard,PUBLIC STORAGE INC,4072737771,,,,FL,socrata:orlando_business_tax,,,,
standard,CAROL STEWART,4074231322,,,,FL,socrata:orlando_business_tax,,,,
standard,SYSTEMS PAINTERS & DRYWALL II,9799923181,,,,FL,socrata:orlando_business_tax,,,,
standard,B & T INSTALLATION LLC,4078981225,,,,FL,socrata:orlando_business_tax,,,,
standard,TRIUMPH ENTERTAINMENT HOLDING,4076942891,,,,FL,socrata:orlando_business_tax,,,,
standard,VICTRINA MULLINGS CRABILICIOUS,3213567529,,,,FL,socrata:orlando_business_tax,,,,
standard,DARWIN SIMON,4073168611,,,,FL,socrata:orlando_business_tax,,,,
standard,THE PINK CAT BAKE SHOP,4078765901,,,,FL,socrata:orlando_business_tax,,,,
standard,BREAK AWAY PRODUCTIONS INC,4072243930,,,,FL,socrata:orlando_business_tax,,,,
standard,NIDAS ALTERATION BRIDAL & CO,4073237536,,,,FL,socrata:orlando_business_tax,,,,
standard,ALL METAL FABRICATING,4075212153,,,,FL,socrata:orlando_business_tax,,,,
standard,EXCELCIORS TRANSLATING SERVICE,4074276508,,,,FL,socrata:orlando_business_tax,,,,
standard,4N ACCENT,4078515598,,,,FL,socrata:orlando_business_tax,,,,
standard,WILLIAM M PARHAM/NATIONAL DEV,4078971234,,,,FL,socrata:orlando_business_tax,,,,
standard,CARLSWARD TRANSPORTATION SERVI,4076792360,,,,FL,socrata:orlando_business_tax,,,,
standard,TITAN MOTOR SPORTS INC,4072778423,,,,FL,socrata:orlando_business_tax,,,,
standard,ANNE MCNAMARA/MANDARA SPA AT,4072916263,,,,FL,socrata:orlando_business_tax,,,,
standard,NOLAND LOWELL INTERIORS,4074968313,,,,FL,socrata:orlando_business_tax,,,,
standard,PAUL AGOSTO,4072190295,,,,FL,socrata:orlando_business_tax,,,,
standard,ROBERT DONENFELD,4073992247,,,,FL,socrata:orlando_business_tax,,,,
standard,COAST TITLE OF VOLUSIA COUNTY,4078946504,,,,FL,socrata:orlando_business_tax,,,,
standard,HERNAN AGUILAR PLASTERING INC,4075238000,,,,FL,socrata:orlando_business_tax,,,,
standard,BUILDING A COMMUNITY CONNECTIO,4078228519,,,,FL,socrata:orlando_business_tax,,,,
standard,DESIGNZILLAS,8132055259,,,,FL,socrata:orlando_business_tax,,,,
standard,UPTOWN BOUTIQUE INC,4075687362,,,,FL,socrata:orlando_business_tax,,,,
standard,A & H INSURANCE LLC,4073980710,,,,FL,socrata:orlando_business_tax,,,,
standard,INTEGRITY MORTGAGES AND FUNDIN,4078433113,,,,FL,socrata:orlando_business_tax,,,,
standard,HAVE FAITH HAIR & NAILS,4075225535,,,,FL,socrata:orlando_business_tax,,,,
standard,EMERGENCY RESPONSE UNIT LLC,4077047694,,,,FL,socrata:orlando_business_tax,,,,
standard,CERTS INC,4074965502,,,,FL,socrata:orlando_business_tax,,,,
standard,FRANK J BANKOWITZ P A/FIRM,4074281514,,,,FL,socrata:orlando_business_tax,,,,
standard,WEIR & WILLIAMS TRUCKING INC,4076976754,,,,FL,socrata:orlando_business_tax,,,,
standard,DIMENSION STORM SHUTTERS CORP,4075090427,,,,FL,socrata:orlando_business_tax,,,,
standard,WILLIE POSTELL MADE FOR YOUR F,4075217607,,,,FL,socrata:orlando_business_tax,,,,
standard,KEITH DURDIN LAWN SERVICE,3214284693,,,,FL,socrata:orlando_business_tax,,,,
standard,BUSINESSWORKS INC,4076605757,,,,FL,socrata:orlando_business_tax,,,,
standard,J C MULTILEVEL SOLUTIONS INC,3219457494,,,,FL,socrata:orlando_business_tax,,,,
standard,DALE HARRISON STUDIO,4078988202,,,,FL,socrata:orlando_business_tax,,,,
standard,DARLENE ZACKERY,4076198511,,,,FL,socrata:orlando_business_tax,,,,
standard,VIJAY K LUTHRA/PROPERTY INVEST,4076499888,,,,FL,socrata:orlando_business_tax,,,,
standard,PAIN AND INJURY TREATMENT INC,4078960400,,,,FL,socrata:orlando_business_tax,,,,
standard,HAPPY FRIDAY EVE INC,4072492996,,,,FL,socrata:orlando_business_tax,,,,
standard,TOP SHELF TRANSPORTATION,4074854126,,,,FL,socrata:orlando_business_tax,,,,
standard,DAVID T FERNANDEZ,4073419386,,,,FL,socrata:orlando_business_tax,,,,
standard,RIO PAVERS INC,3213886757,,,,FL,socrata:orlando_business_tax,,,,
standard,LEE WESLEY PANDA,4074289559,,,,FL,socrata:orlando_business_tax,,,,
standard,FIRST CLASS SPECIAL EVENTS INC,4072731304,,,,FL,socrata:orlando_business_tax,,,,
standard,ALL JAPANESE ENGINES OF ORLAND,4078989118,,,,FL,socrata:orlando_business_tax,,,,
standard,JEAN A CIDEL/JTC BUILDERS OF F,4072779757,,,,FL,socrata:orlando_business_tax,,,,
standard,INNOVATIVE RESTORATION SERVICE,4078594908,,,,FL,socrata:orlando_business_tax,,,,
standard,VICTORY FRAMING INC,3212766416,,,,FL,socrata:orlando_business_tax,,,,
standard,DIAMOND AUTOMOTIVE DETAILING,9543256948,,,,FL,socrata:orlando_business_tax,,,,
standard,FAIRWINDS CREDIT UNION,4075139935,,,,FL,socrata:orlando_business_tax,,,,
standard,SOFT TOUCH MOBILE DETAILING LL,4074665946,,,,FL,socrata:orlando_business_tax,,,,
standard,FATTORIA L OTTAVO IMPORTS INC,4073596525,,,,FL,socrata:orlando_business_tax,,,,
standard,BLOWN AWAY ROOFING INC,4073848412,,,,FL,socrata:orlando_business_tax,,,,
standard,J & A CLEANING CONCEPTS,3219486423,,,,FL,socrata:orlando_business_tax,,,,
standard,SUSAN PHELPS/EQUILIBRIUM,4073535533,,,,FL,socrata:orlando_business_tax,,,,
standard,ZINE TRANSPORTATION LLC,4075201176,,,,FL,socrata:orlando_business_tax,,,,
standard,ORANGE COUNTY COMMERCIAL CLEAN,4072358420,,,,FL,socrata:orlando_business_tax,,,,
standard,MEDI EXPERT INC,4072776826,,,,FL,socrata:orlando_business_tax,,,,
standard,SISTERS SOUL FOOD & DINER INC,4078435455,,,,FL,socrata:orlando_business_tax,,,,
standard,PREMIER MORTGAGE CAPITAL INC,7038685646,,,,FL,socrata:orlando_business_tax,,,,
standard,ABDELKADER YAZIDI,4077707652,,,,FL,socrata:orlando_business_tax,,,,
standard,TRIEU NGOC NGO,7272595936,,,,FL,socrata:orlando_business_tax,,,,
standard,SCOTT P WILLIAM/THE,4072360023,,,,FL,socrata:orlando_business_tax,,,,
standard,SAIGON NEWS COMMUNICATIONS INC,4076125828,,,,FL,socrata:orlando_business_tax,,,,
standard,MORIYAH MCGHEE,4074935389,,,,FL,socrata:orlando_business_tax,,,,
standard,TROPIC SUPPLY INC,4072193255,,,,FL,socrata:orlando_business_tax,,,,
standard,JS GLOBAL INVESTMENT GROUP LLC,4074976999,,,,FL,socrata:orlando_business_tax,,,,
standard,EVOLUTION COMMERCE INC,7038566122,,,,FL,socrata:orlando_business_tax,,,,
standard,THORELL ASSOCIATES LLC,4073621724,,,,FL,socrata:orlando_business_tax,,,,
standard,ITS A SMALL WORLD LEARNING CEN,4073823206,,,,FL,socrata:orlando_business_tax,,,,
standard,ELLENA HARRIS CLEANING SERVICE,4072347855,,,,FL,socrata:orlando_business_tax,,,,
standard,SKY KING UNLIMITED INC,7723702797,,,,FL,socrata:orlando_business_tax,,,,
standard,FRETTERD ALLEN,4078033418,,,,FL,socrata:orlando_business_tax,,,,
standard,CCS COMMERCIAL CONSTRUCTION,7574608060,,,,FL,socrata:orlando_business_tax,,,,
standard,RONALD MCDONALD HOUSE,4075811289,,,,FL,socrata:orlando_business_tax,,,,
standard,ARNALDO CHAMORRO,4072227161,,,,FL,socrata:orlando_business_tax,,,,
standard,FRANCISCO RODRIGUEZ,3213315322,,,,FL,socrata:orlando_business_tax,,,,
standard,GREG HANSON WELDING & FABRICAT,4072476334,,,,FL,socrata:orlando_business_tax,,,,
standard,CHRISTOPHER T HILL/HILL RUGH KELLER & MAIN PL,4079267460,,,,FL,socrata:orlando_business_tax,,,,
standard,KIM NGUYEN,4072076883,,,,FL,socrata:orlando_business_tax,,,,
standard,ALL FOR FLOORS INC,4078957480,,,,FL,socrata:orlando_business_tax,,,,
standard,SARAH RUMPF/STOVASH CASE & TIN,4076014905,,,,FL,socrata:orlando_business_tax,,,,
standard,KAY WIEGAND INC OF FLORIDA,4075754492,,,,FL,socrata:orlando_business_tax,,,,
standard,C & W KITCHEN INC,4072990140,,,,FL,socrata:orlando_business_tax,,,,
standard,LUCKY STAR TRANSPORTATION INC,4077656080,,,,FL,socrata:orlando_business_tax,,,,
standard,KAREN M PARRISH INC,4078327393,,,,FL,socrata:orlando_business_tax,,,,
standard,EPIC GROUP PUBLIC ADJUSTERS,7862292210,,,,FL,socrata:orlando_business_tax,,,,
standard,STAR TRAVEL TOUR & SERVICES IN,4073631092,,,,FL,socrata:orlando_business_tax,,,,
standard,EXCEL WIRELESS SOLUTIONS LLC,4072758710,,,,FL,socrata:orlando_business_tax,,,,
standard,MOBILE PRO RECORDING AND SOUND,4076947738,,,,FL,socrata:orlando_business_tax,,,,
standard,MILLENIUM FENCING INC,4077486810,,,,FL,socrata:orlando_business_tax,,,,
standard,WATERWORKS SERVICES,4075922122,,,,FL,socrata:orlando_business_tax,,,,
standard,MASTEC NORTH AMERICA INC,4072448926,,,,FL,socrata:orlando_business_tax,,,,
standard,TIA CONSULTING LLC,4079258852,,,,FL,socrata:orlando_business_tax,,,,
standard,THE POWELL GROUP LLC,4077706868,,,,FL,socrata:orlando_business_tax,,,,
standard,TITLECONCEPTS II LLC,4078491555,,,,FL,socrata:orlando_business_tax,,,,
standard,OLD WINTER GARDEN CHIROPRACTIC,4072098055,,,,FL,socrata:orlando_business_tax,,,,
standard,ERIC SULLIVAN HOME INSPECTION,4077025006,,,,FL,socrata:orlando_business_tax,,,,
standard,DESKS AND MORE LLC,4072956791,,,,FL,socrata:orlando_business_tax,,,,
standard,BLOCKBUSTER VIDEO,4072994022,,,,FL,socrata:orlando_business_tax,,,,
standard,EXCUTIVE AUTO SALES,4078641349,,,,FL,socrata:orlando_business_tax,,,,
standard,JOHN SKROBUTON/THE SKROBUTON C,6308858549,,,,FL,socrata:orlando_business_tax,,,,
standard,PREMIUM INVESTMENTS,4077333030,,,,FL,socrata:orlando_business_tax,,,,
standard,AMERICAN PROCESSING NETWORK,4075323284,,,,FL,socrata:orlando_business_tax,,,,
standard,CLARK STEWART INC,3212393026,,,,FL,socrata:orlando_business_tax,,,,
standard,VANDIQUE CARNEIRO PAINTING INC,4072094643,,,,FL,socrata:orlando_business_tax,,,,
standard,EAST COAST FINANCIAL OF CENTRA,4072956559,,,,FL,socrata:orlando_business_tax,,,,
standard,DESIGN ON A DIME CONSIGNMENT,4074475944,,,,FL,socrata:orlando_business_tax,,,,
standard,ASI,4078433088,,,,FL,socrata:orlando_business_tax,,,,
standard,KEEGAN JABLONSKIS PERMITTING,3523028111,,,,FL,socrata:orlando_business_tax,,,,
standard,JUDITH A MENDEZ,4072323838,,,,FL,socrata:orlando_business_tax,,,,
standard,ALENICO CABINETS INC,4072307560,,,,FL,socrata:orlando_business_tax,,,,
standard,A SIMPLE ORDER,4072471495,,,,FL,socrata:orlando_business_tax,,,,
standard,WILDSIDE,4078621153,,,,FL,socrata:orlando_business_tax,,,,
standard,JOHN P TIER,4078945269,,,,FL,socrata:orlando_business_tax,,,,
standard,FLORIDA N LIGHTING,3867757272,,,,FL,socrata:orlando_business_tax,,,,
standard,AUSTIN MEDICAL LEGAL CONSULTIN,4076498141,,,,FL,socrata:orlando_business_tax,,,,
standard,CHONG K YOM,5712338839,,,,FL,socrata:orlando_business_tax,,,,
standard,CMS ACCOUNTING,4072732791,,,,FL,socrata:orlando_business_tax,,,,
standard,LAKE HIGHLAND PREPARATORY SCHO,4072061900,,,,FL,socrata:orlando_business_tax,,,,
standard,ALL ABOUT MUSIC LLC,3212971708,,,,FL,socrata:orlando_business_tax,,,,
standard,BOTTO UNLIMITED CORP,3212027380,,,,FL,socrata:orlando_business_tax,,,,
standard,SPOT ON CLEANING,4073069151,,,,FL,socrata:orlando_business_tax,,,,
standard,D & H PROFESSIONAL AUTOBODY,4072983296,,,,FL,socrata:orlando_business_tax,,,,
standard,JOSE L FLEMING/FIVE STAR REALT,4077585353,,,,FL,socrata:orlando_business_tax,,,,
standard,G & R WOOD FLOORS INC,4072517735,,,,FL,socrata:orlando_business_tax,,,,
standard,LENON EASTERS,4078548615,,,,FL,socrata:orlando_business_tax,,,,
standard,MAGIC QUICK CLEANING INC,4074732661,,,,FL,socrata:orlando_business_tax,,,,
standard,UBERCONTROL,3212518351,,,,FL,socrata:orlando_business_tax,,,,
standard,KEVIN SNOW,7862860791,,,,FL,socrata:orlando_business_tax,,,,
standard,DION CARBY,4072999594,,,,FL,socrata:orlando_business_tax,,,,
standard,NIVA FILUS,4076924837,,,,FL,socrata:orlando_business_tax,,,,
standard,ORLANDOS FINEST AUTO DETAILING,4072763383,,,,FL,socrata:orlando_business_tax,,,,
standard,ATHENA BARCO PA,9412766215,,,,FL,socrata:orlando_business_tax,,,,
standard,CORNERSTONE CARPENTRY LLC,3212993243,,,,FL,socrata:orlando_business_tax,,,,
standard,SCHIAVO CORPORATION,3212992351,,,,FL,socrata:orlando_business_tax,,,,
standard,LIVING LARGE TRANSPORT INC,3528746467,,,,FL,socrata:orlando_business_tax,,,,
standard,DNR FUTURE ENTERPRISE INC,4076160365,,,,FL,socrata:orlando_business_tax,,,,
standard,RAW PRODUCTIONS INC,4073521777,,,,FL,socrata:orlando_business_tax,,,,
standard,JAMES A HARRIS,4077096967,,,,FL,socrata:orlando_business_tax,,,,
standard,SERPENTINE ENTERPRISES INC,4076587906,,,,FL,socrata:orlando_business_tax,,,,
standard,JONATHAN MARTINEZ,4076203074,,,,FL,socrata:orlando_business_tax,,,,
standard,NATURAL THERAPY INC,4078088250,,,,FL,socrata:orlando_business_tax,,,,
standard,HAITI CARGO LINES,4078897228,,,,FL,socrata:orlando_business_tax,,,,
standard,ALTERNATIVE DISPUTE RESOLUTION,4075385509,,,,FL,socrata:orlando_business_tax,,,,
standard,ITS JUST LUNCH,4078358888,,,,FL,socrata:orlando_business_tax,,,,
standard,WOLFEE BROTHERS FACE ART & FX,8779653339,,,,FL,socrata:orlando_business_tax,,,,
standard,MARCIN HOMES INC,4072825489,,,,FL,socrata:orlando_business_tax,,,,
standard,OGAMI JAPANESE STEAKHOUSE CORP,4072537996,,,,FL,socrata:orlando_business_tax,,,,
standard,IVOR MANUEL HENRIQUEZ,4073630880,,,,FL,socrata:orlando_business_tax,,,,
standard,ADCOM WORLDWIDE,4078591801,,,,FL,socrata:orlando_business_tax,,,,
standard,GROUPWARE INTERNATIONAL INC,3526362912,,,,FL,socrata:orlando_business_tax,,,,
standard,THE HAPPY HOUSE MAIDS LLC,4072773434,,,,FL,socrata:orlando_business_tax,,,,
standard,SUN PAVING,4077911857,,,,FL,socrata:orlando_business_tax,,,,
standard,JAMES L FAULK DBA MARS CATERIN,4072958334,,,,FL,socrata:orlando_business_tax,,,,
standard,JORGE MUNIZ HANDYMAN SERVICES,4074438938,,,,FL,socrata:orlando_business_tax,,,,
standard,3 DAY CLOSETS INC,4074474965,,,,FL,socrata:orlando_business_tax,,,,
standard,HOMEBUYERS ASSISTANCE PROGRAM,4074617543,,,,FL,socrata:orlando_business_tax,,,,
standard,CECILY WIGGINS,4077654442,,,,FL,socrata:orlando_business_tax,,,,
standard,SANGEETA PATI/SAJUNE MEDICAL,4075227202,,,,FL,socrata:orlando_business_tax,,,,
standard,PC TECHNOLOGY COMPUTER REPAIR,5079965976,,,,FL,socrata:orlando_business_tax,,,,
standard,GINGER BAY LLC,4079995116,,,,FL,socrata:orlando_business_tax,,,,
standard,BEST LOGISTICS INC,6627810597,,,,FL,socrata:orlando_business_tax,,,,
standard,SAFER COMPLIANCE INDUSTRIES LL,4078750587,,,,FL,socrata:orlando_business_tax,,,,
standard,MICHAEL KORS,4072262740,,,,FL,socrata:orlando_business_tax,,,,
standard,BUCKLE WORLD,3212769770,,,,FL,socrata:orlando_business_tax,,,,
standard,SANDRA FOSTER,4072971329,,,,FL,socrata:orlando_business_tax,,,,
standard,NADER MAALI,4074027086,,,,FL,socrata:orlando_business_tax,,,,
standard,GEORGE T LIN/WOLVERINE,4078722244,,,,FL,socrata:orlando_business_tax,,,,
standard,ARTEMIS ENTERTAINMENT GROUP IN,4073522500,,,,FL,socrata:orlando_business_tax,,,,
standard,FLORIDA INTERNATIONAL PROFESSI,4076715550,,,,FL,socrata:orlando_business_tax,,,,
standard,DOREEN MORGAN FAITHFUL BOOKSHO,4075227333,,,,FL,socrata:orlando_business_tax,,,,
standard,RAFAEL FIGUEROA,4072839738,,,,FL,socrata:orlando_business_tax,,,,
standard,VIZELLI FLOORING INC,3218486154,,,,FL,socrata:orlando_business_tax,,,,
standard,GERSON GRANITE INC,4073078393,,,,FL,socrata:orlando_business_tax,,,,
standard,BERNARD KING,4072471506,,,,FL,socrata:orlando_business_tax,,,,
standard,TAMMY ZBINDEN,2514903639,,,,FL,socrata:orlando_business_tax,,,,
standard,S T V FRAMING LLC,4077294526,,,,FL,socrata:orlando_business_tax,,,,
standard,MICHIGAN COMMUNICATIONS,4074529081,,,,FL,socrata:orlando_business_tax,,,,
standard,AIMEE E COLLINS/HENDRY,4073519366,,,,FL,socrata:orlando_business_tax,,,,
standard,STEVES DOGS,4077025972,,,,FL,socrata:orlando_business_tax,,,,
standard,CABLE WORKS SERVICES LLC,4073847651,,,,FL,socrata:orlando_business_tax,,,,
standard,MAGIES PERFUMERY INC,4072770195,,,,FL,socrata:orlando_business_tax,,,,
standard,P&L STEEL ERECTORS INC,4073983903,,,,FL,socrata:orlando_business_tax,,,,
standard,CINDY'S IRON HORSE CHINESE CAR,4076978989,,,,FL,socrata:orlando_business_tax,,,,
standard,THE HOTEL DESIGN GROUP INC,4078390105,,,,FL,socrata:orlando_business_tax,,,,
standard,FIXATIONS INC,4073703498,,,,FL,socrata:orlando_business_tax,,,,
standard,JUDITH N GIMENEZ,4073829871,,,,FL,socrata:orlando_business_tax,,,,
standard,CLASSIC SOUTHERN REALTY LLC,4072640012,,,,FL,socrata:orlando_business_tax,,,,
standard,MARIE CAROLLE ALEXANDRE,4072916680,,,,FL,socrata:orlando_business_tax,,,,
standard,MVM GREAT CHOICE CONSTRUCTION,4074487122,,,,FL,socrata:orlando_business_tax,,,,
standard,LA COMBI GROUP LLC,4078647026,,,,FL,socrata:orlando_business_tax,,,,
standard,ELIE KHOURI/REJUVENATE MEDICAL,4078766144,,,,FL,socrata:orlando_business_tax,,,,
standard,RENAISSANCE REALTY GROUP LLC,4076440696,,,,FL,socrata:orlando_business_tax,,,,
standard,B & O CONSTRUCTION INC,3216897038,,,,FL,socrata:orlando_business_tax,,,,
standard,NEXT LEVEL AUTO,4078414033,,,,FL,socrata:orlando_business_tax,,,,
standard,UNITED SOLUTIONS COMPANY,4073810336,,,,FL,socrata:orlando_business_tax,,,,
standard,SHERELL WALKER,4078607433,,,,FL,socrata:orlando_business_tax,,,,
standard,1 UP  FLORIDA,4078853558,,,,FL,socrata:orlando_business_tax,,,,
standard,SAMANI CARPET INSTALLATION INC,4073944060,,,,FL,socrata:orlando_business_tax,,,,
standard,SELINA T KING,4074272075,,,,FL,socrata:orlando_business_tax,,,,
standard,KEVIN PRIESTER,4072671357,,,,FL,socrata:orlando_business_tax,,,,
standard,CONVENTION CARPET SERVICES INC,4078164138,,,,FL,socrata:orlando_business_tax,,,,
standard,QUEEN B PRODUCTIONS,4077486554,,,,FL,socrata:orlando_business_tax,,,,
standard,COMPLIANCE CONSULTING & BUSINE,4077542904,,,,FL,socrata:orlando_business_tax,,,,
standard,JEWEL BYRD SUPPLIES & LAWN SER,4074084022,,,,FL,socrata:orlando_business_tax,,,,
standard,CARMEN C RIOS,4079297625,,,,FL,socrata:orlando_business_tax,,,,
standard,BON WORTH,4073543111,,,,FL,socrata:orlando_business_tax,,,,
standard,UNIQUE DETAILZ ON WHEELZ LLC,4076660712,,,,FL,socrata:orlando_business_tax,,,,
standard,MURRAH ORTHOPAEDICS OF CENTRAL,4074237771,,,,FL,socrata:orlando_business_tax,,,,
standard,LEGUSVG SERVICE LLC,4074362985,,,,FL,socrata:orlando_business_tax,,,,
standard,ABM CONSTRUCTION LLC,3216633040,,,,FL,socrata:orlando_business_tax,,,,
standard,FRITZ COMMUNICATIONS LLC,3216628191,,,,FL,socrata:orlando_business_tax,,,,
standard,MARCIA ELLIS,4072940277,,,,FL,socrata:orlando_business_tax,,,,
standard,CAR CLINIX,4075992277,,,,FL,socrata:orlando_business_tax,,,,
standard,LE TAX CENTER INC,7868738912,,,,FL,socrata:orlando_business_tax,,,,
standard,ONE NATION GRAPHICS,4072774139,,,,FL,socrata:orlando_business_tax,,,,
standard,HATTIE & KURT BREEDLOVE,4076252880,,,,FL,socrata:orlando_business_tax,,,,
standard,HIGHLAND REALTY LLC,4074267044,,,,FL,socrata:orlando_business_tax,,,,
standard,ALBERT SANTIAGO,4078793612,,,,FL,socrata:orlando_business_tax,,,,
standard,BOTANIQ FLORAL STUDIO,8503683325,,,,FL,socrata:orlando_business_tax,,,,
standard,THE BLUE ROOM,4072524466,,,,FL,socrata:orlando_business_tax,,,,
standard,VANGUARD CLEANING SYSTEMS,5086159340,,,,FL,socrata:orlando_business_tax,,,,
standard,DENNISE HERNANDEZ GUBER,4072588070,,,,FL,socrata:orlando_business_tax,,,,
standard,ABNER SERVICES CORPORATIN,3212975163,,,,FL,socrata:orlando_business_tax,,,,
standard,KEITH ALLEN LOTT,4074619866,,,,FL,socrata:orlando_business_tax,,,,
standard,DTO DEVELOPMENT LLC,4076481919,,,,FL,socrata:orlando_business_tax,,,,
standard,HOME INVESTMENT GROUP LLC,4076480455,,,,FL,socrata:orlando_business_tax,,,,
standard,TUSCANY DESIGN STUDIO INC,4078540658,,,,FL,socrata:orlando_business_tax,,,,
standard,TIMOTHY TARVER,4074019135,,,,FL,socrata:orlando_business_tax,,,,
standard,PIZZAZZ THEATRICAL,4072819333,,,,FL,socrata:orlando_business_tax,,,,
standard,ORLANDO INK TATTOOZ CO,4074320676,,,,FL,socrata:orlando_business_tax,,,,
standard,DVS PROFESSIONAL SECURITY SERV,4072909306,,,,FL,socrata:orlando_business_tax,,,,
standard,BETH RUBIN,4074976391,,,,FL,socrata:orlando_business_tax,,,,
standard,K & T INSTALLATIONS LLC,4073812068,,,,FL,socrata:orlando_business_tax,,,,
standard,TAINOS BAKERY AND DELI,7875491161,,,,FL,socrata:orlando_business_tax,,,,
standard,TRAIL SAW & MOWER SERVICE INC,4072931861,,,,FL,socrata:orlando_business_tax,,,,
standard,NATHANIEL M SHAZIER JR,4072358425,,,,FL,socrata:orlando_business_tax,,,,
standard,CBR CLEANING SERVICE,4072932505,,,,FL,socrata:orlando_business_tax,,,,
standard,PHILIP LOGRANDE,3053932361,,,,FL,socrata:orlando_business_tax,,,,
standard,SPEEDY COMPUTER REPAIR,4076164486,,,,FL,socrata:orlando_business_tax,,,,
standard,NATURAL HEALTH ALTERNATIVES LL,3212518282,,,,FL,socrata:orlando_business_tax,,,,
standard,ROBERTO CRUZ,4076962618,,,,FL,socrata:orlando_business_tax,,,,
standard,HARRYS HAUL INC,4073324351,,,,FL,socrata:orlando_business_tax,,,,
standard,CAMARA AMERICANA DE COMERCIO I,4073526161,,,,FL,socrata:orlando_business_tax,,,,
standard,PARK N SELL IT,4076166318,,,,FL,socrata:orlando_business_tax,,,,
standard,AC DIRECT INC,4078750110,,,,FL,socrata:orlando_business_tax,,,,
standard,JAMES MCGOWAN,4077330032,,,,FL,socrata:orlando_business_tax,,,,
standard,LUIS A CASANAS/THE LENDING,4079488157,,,,FL,socrata:orlando_business_tax,,,,
standard,MILL CREEK APARTMENTS,4079969100,,,,FL,socrata:orlando_business_tax,,,,
standard,LOVERS WORLD HEALTH LLC,4075747652,,,,FL,socrata:orlando_business_tax,,,,
standard,THE LITTLE PRINCESS BOUTIQUE,4075951860,,,,FL,socrata:orlando_business_tax,,,,
standard,MY ART STUDIO LLC,4073101492,,,,FL,socrata:orlando_business_tax,,,,
standard,SHANNON L MEYERS,4072935758,,,,FL,socrata:orlando_business_tax,,,,
standard,MIGUEL CENTRAL FLORIDA PAINTIN,3216639338,,,,FL,socrata:orlando_business_tax,,,,
standard,GUATE MARBLE@TILES INC,4079963966,,,,FL,socrata:orlando_business_tax,,,,
standard,INDULGE,4079269135,,,,FL,socrata:orlando_business_tax,,,,
standard,TUCKER TRADING LLC,4073412732,,,,FL,socrata:orlando_business_tax,,,,
standard,VISION IV ARCHITECTURE LLC,4074269022,,,,FL,socrata:orlando_business_tax,,,,
standard,CENTRAL PARK A METROWEST,4072994125,,,,FL,socrata:orlando_business_tax,,,,
standard,JOE SAVAGE HOME IMPROVEMNTS,4074486641,,,,FL,socrata:orlando_business_tax,,,,
standard,SCOTT & GARY KAVANAUGH,4079285476,,,,FL,socrata:orlando_business_tax,,,,
standard,GRIFFIN TECHNOLOGY DESIGN INC,4073529876,,,,FL,socrata:orlando_business_tax,,,,
standard,PAVEL SERVICES INC,4073414345,,,,FL,socrata:orlando_business_tax,,,,
standard,ANSWERSPACE LLC,4078964077,,,,FL,socrata:orlando_business_tax,,,,
standard,METAMORPHOSIS BY YVONNE,4079828526,,,,FL,socrata:orlando_business_tax,,,,
standard,CHARTER INTERNATIONAL GROUP IN,4077913338,,,,FL,socrata:orlando_business_tax,,,,
standard,THUONG MAI MAGAZINE,4078765120,,,,FL,socrata:orlando_business_tax,,,,
standard,DESIGNS BY CARITA,4076208051,,,,FL,socrata:orlando_business_tax,,,,
standard,LE TEA D'ANTANO CINE-TEATRO,4073620064,,,,FL,socrata:orlando_business_tax,,,,
standard,THREE SQUARE BUSINESS SOLUTION,3212066718,,,,FL,socrata:orlando_business_tax,,,,
standard,PDA INC,4075808264,,,,FL,socrata:orlando_business_tax,,,,
standard,FASHION LINE LLC,4074312720,,,,FL,socrata:orlando_business_tax,,,,
standard,SECURITY HARDWARE INSTALLERS I,4077650918,,,,FL,socrata:orlando_business_tax,,,,
standard,AMERI DOGS,4079678575,,,,FL,socrata:orlando_business_tax,,,,
standard,JARMATT CONSTRUCTION CORP,4073091893,,,,FL,socrata:orlando_business_tax,,,,
standard,AKSHAY INVESTMENTS LLC,4072440200,,,,FL,socrata:orlando_business_tax,,,,
standard,VICTORIA CINTRON,4072678384,,,,FL,socrata:orlando_business_tax,,,,
standard,N K CLEANING SERVICE,4076416145,,,,FL,socrata:orlando_business_tax,,,,
standard,FLEX STUDIO INC,3212780305,,,,FL,socrata:orlando_business_tax,,,,
standard,SHEILA HERRON,4072281778,,,,FL,socrata:orlando_business_tax,,,,
standard,C & R CONSULTING INC,7024293490,,,,FL,socrata:orlando_business_tax,,,,
standard,REGENT INTERIORS OF CENTRAL FL,4073889458,,,,FL,socrata:orlando_business_tax,,,,
standard,JACKIE LUCKETT,3212397406,,,,FL,socrata:orlando_business_tax,,,,
standard,ERMITH LAZARRE,4078558112,,,,FL,socrata:orlando_business_tax,,,,
standard,J Q BRICK PAVERS INC,3212397253,,,,FL,socrata:orlando_business_tax,,,,
standard,CHERYL ANDERSON/MARCUS,7707018383,,,,FL,socrata:orlando_business_tax,,,,
standard,MARIA M RAMOS,3216953955,,,,FL,socrata:orlando_business_tax,,,,
standard,WIRELESS UNLIMITED OF ORLANDO,4072492765,,,,FL,socrata:orlando_business_tax,,,,
standard,PLEASURABLE PAIN,4079255907,,,,FL,socrata:orlando_business_tax,,,,
standard,CIGARS TO GO LLC,7069452309,,,,FL,socrata:orlando_business_tax,,,,
standard,PALM GARDENS DENTAL LLC,4073513728,,,,FL,socrata:orlando_business_tax,,,,
standard,J & L LANDSCAPE CURBS BY DESIG,4078081831,,,,FL,socrata:orlando_business_tax,,,,
standard,NADIRSHAH R LADAK,4076252286,,,,FL,socrata:orlando_business_tax,,,,
standard,CARLOS ORRIA,4077363703,,,,FL,socrata:orlando_business_tax,,,,
standard,WORLD FOR YOU DISTRIBUTORS INC,4074530300,,,,FL,socrata:orlando_business_tax,,,,
standard,CINO INTERNATIONAL INC,4073543318,,,,FL,socrata:orlando_business_tax,,,,
standard,SCOREBOARD GRILL LLC,4078411118,,,,FL,socrata:orlando_business_tax,,,,
standard,DOMINOS PIZZA,7036359400,,,,FL,socrata:orlando_business_tax,,,,
standard,PHO VINH,4073654959,,,,FL,socrata:orlando_business_tax,,,,
standard,NICHOLAS APPAREL LLC,4075755369,,,,FL,socrata:orlando_business_tax,,,,
standard,CARRS THE TRADITIONAL BARBER I,4073540799,,,,FL,socrata:orlando_business_tax,,,,
standard,MANUEL G ALATORRE,4072212819,,,,FL,socrata:orlando_business_tax,,,,
standard,RCI FINANCIAL MANAGEMENT LLC,4076705249,,,,FL,socrata:orlando_business_tax,,,,
standard,EMIFLOR CORPORATION,4073511601,,,,FL,socrata:orlando_business_tax,,,,
standard,HARDIGG CASE CENTER,4136652163,,,,FL,socrata:orlando_business_tax,,,,
standard,FINE AND CASUAL NEW ERA FASHIO,4072833564,,,,FL,socrata:orlando_business_tax,,,,
standard,DISCOUNTS US DRUGS INC,4076586002,,,,FL,socrata:orlando_business_tax,,,,
standard,GREGS WESTERN WEAR INC,4079030317,,,,FL,socrata:orlando_business_tax,,,,
standard,SPORTS MEDICINE INSTITUTE/FIRM,4074435091,,,,FL,socrata:orlando_business_tax,,,,
standard,ZERICKA PAYNE,4079283381,,,,FL,socrata:orlando_business_tax,,,,
standard,HOME SPACE,4076482694,,,,FL,socrata:orlando_business_tax,,,,
standard,JOSE A PAGAN,4076250638,,,,FL,socrata:orlando_business_tax,,,,
standard,MAGIC NAILS & DAY SPA,4073830098,,,,FL,socrata:orlando_business_tax,,,,
standard,SHIPPINGLOGIX LLC,3212068409,,,,FL,socrata:orlando_business_tax,,,,
standard,NAHASHON KAMAU,4048222021,,,,FL,socrata:orlando_business_tax,,,,
standard,DOLCE VITA SALON INC,4076501811,,,,FL,socrata:orlando_business_tax,,,,
standard,AIRLINE TRANSPORT PROFESSIONAL,9042733018,,,,FL,socrata:orlando_business_tax,,,,
standard,CARLOS L SANTIAGO JR/ MUZAK LL,8003313340,,,,FL,socrata:orlando_business_tax,,,,
standard,VIOP CORP,8886918647,,,,FL,socrata:orlando_business_tax,,,,
standard,JARCO HARRISON MOBILE AUTO,4072182216,,,,FL,socrata:orlando_business_tax,,,,
standard,DESIGNS BY CORNELIA LLC,4074921943,,,,FL,socrata:orlando_business_tax,,,,
standard,TOTAL COMMUNICATIONS PLUS INC,3213326066,,,,FL,socrata:orlando_business_tax,,,,
standard,BOUNTYK CLEANINGSERVICES,4074267916,,,,FL,socrata:orlando_business_tax,,,,
standard,UNITED GROUP AGENCY INC,4074157644,,,,FL,socrata:orlando_business_tax,,,,
standard,WORLDWIDE STONE DEALER INC,4079031991,,,,FL,socrata:orlando_business_tax,,,,
standard,SUGAR BAKER,4072287522,,,,FL,socrata:orlando_business_tax,,,,
standard,SUNSHINE TOOLS,4077929228,,,,FL,socrata:orlando_business_tax,,,,
standard,HAAS PARKER MANAGEMENT LLC,4078411490,,,,FL,socrata:orlando_business_tax,,,,
standard,CORPORATE SOLUTIONS LLC,3212314049,,,,FL,socrata:orlando_business_tax,,,,
standard,RENTALS BY LORENZO KNIGHT,4079245895,,,,FL,socrata:orlando_business_tax,,,,
standard,INGRAM VENTURES LLC,4078567167,,,,FL,socrata:orlando_business_tax,,,,
standard,SEAR APPLIANCE OUTLET,4073511417,,,,FL,socrata:orlando_business_tax,,,,
standard,LAUREN ANDREW,4078970966,,,,FL,socrata:orlando_business_tax,,,,
standard,APOLOS MOBIL CAR WASH INC,3212175324,,,,FL,socrata:orlando_business_tax,,,,
standard,ROGY VERGHESE/LENDING WAREHOUS,4079243212,,,,FL,socrata:orlando_business_tax,,,,
standard,LONG TERM CARE INSURANCE SERVI,4072908414,,,,FL,socrata:orlando_business_tax,,,,
standard,FREEWAY FOOD SERVICE LLC,4074812222,,,,FL,socrata:orlando_business_tax,,,,
standard,PALACIO CONSTRUCTION INC,4077709944,,,,FL,socrata:orlando_business_tax,,,,
standard,TIMOTHY HALL MOWING SERVICES,4073751107,,,,FL,socrata:orlando_business_tax,,,,
standard,FAUX FOX,2397849437,,,,FL,socrata:orlando_business_tax,,,,
standard,YONKER YANG WANG/MEDICAL CENTE,4078954833,,,,FL,socrata:orlando_business_tax,,,,
standard,SEVEN INTERACTIVE GROUP INC,4073099499,,,,FL,socrata:orlando_business_tax,,,,
standard,GOLDING TOWING SERVICE,4075162497,,,,FL,socrata:orlando_business_tax,,,,
standard,ZONE SPECIALTIES BY NELSON RAM,7872498272,,,,FL,socrata:orlando_business_tax,,,,
standard,INNOVATIVE LABS OF FLORIDA,4072574996,,,,FL,socrata:orlando_business_tax,,,,
standard,MATSON MT CORP,4075324637,,,,FL,socrata:orlando_business_tax,,,,
standard,JD PROFESSIONAL DETAILING INC,4073461243,,,,FL,socrata:orlando_business_tax,,,,
standard,BOGNOTTI INDUSTRIES LLC,8667045945,,,,FL,socrata:orlando_business_tax,,,,
standard,DON R DUER,4077660332,,,,FL,socrata:orlando_business_tax,,,,
standard,CHEFS TABLE CATERING LLC,4079635212,,,,FL,socrata:orlando_business_tax,,,,
standard,JESSICA GARRETT,4072376377,,,,FL,socrata:orlando_business_tax,,,,
standard,SWIMSUITS JUST FOR US LLC,4078224497,,,,FL,socrata:orlando_business_tax,,,,
standard,PAK IT UP BONDING LLC,4075578464,,,,FL,socrata:orlando_business_tax,,,,
standard,DUNKIN DONUTS,4072405902,,,,FL,socrata:orlando_business_tax,,,,
standard,KAMILOS LLC,4072514495,,,,FL,socrata:orlando_business_tax,,,,
standard,UNIQUE TOUCH CLEANING CONCEPTS,2019231118,,,,FL,socrata:orlando_business_tax,,,,
standard,FITZGIBBON ALEXANDER INC,4076501775,,,,FL,socrata:orlando_business_tax,,,,
standard,EXTERIOR BUILDING SUPPLY INC,4074230533,,,,FL,socrata:orlando_business_tax,,,,
standard,HAMMER HARDESTY INC,2072339366,,,,FL,socrata:orlando_business_tax,,,,
standard,MITCH COLLINS PE INC,4073621800,,,,FL,socrata:orlando_business_tax,,,,
standard,MORET SERVICES INC,4077222436,,,,FL,socrata:orlando_business_tax,,,,
standard,DOWNTOWN GRAPHICS CO,4073762174,,,,FL,socrata:orlando_business_tax,,,,
standard,1ST PREMIER REALTY LLC,4075747989,,,,FL,socrata:orlando_business_tax,,,,
standard,MAGIC TEMPORARY SOLUTIONS INC,4075096165,,,,FL,socrata:orlando_business_tax,,,,
standard,EQUITY MEDIA GROUP INC,4072537966,,,,FL,socrata:orlando_business_tax,,,,
standard,BOOCOO DESIGNS INC,4078541995,,,,FL,socrata:orlando_business_tax,,,,
standard,PRECISION AND STYLE EYEWEAR,4076254223,,,,FL,socrata:orlando_business_tax,,,,
standard,AMERICA CLEANING SERVICES LLC,4072440050,,,,FL,socrata:orlando_business_tax,,,,
standard,KEONA BREWER,4078444035,,,,FL,socrata:orlando_business_tax,,,,
standard,SOVEREIGN RELOCATION SERVICES,4076194862,,,,FL,socrata:orlando_business_tax,,,,
standard,TALKINGTON FLETCHER ATTORNEY A,4074269020,,,,FL,socrata:orlando_business_tax,,,,
standard,J A P O C INDUSTRIES INC,4078566867,,,,FL,socrata:orlando_business_tax,,,,
standard,ACCENT TOUCH PAINTING INC,4073128323,,,,FL,socrata:orlando_business_tax,,,,
standard,CENTRAL FLORIDA GLASS LLC,4072962603,,,,FL,socrata:orlando_business_tax,,,,
standard,MAHAMADOU TUNKARA,4048860720,,,,FL,socrata:orlando_business_tax,,,,
standard,JUANA LOPEZ,4072928854,,,,FL,socrata:orlando_business_tax,,,,
standard,CMS QUALITY CONSTRUCTION,4078260225,,,,FL,socrata:orlando_business_tax,,,,
standard,BENJAMIN T CAIN,3215914169,,,,FL,socrata:orlando_business_tax,,,,
standard,STUDIO OF DISCIPLINE HAIR SALO,4073160084,,,,FL,socrata:orlando_business_tax,,,,
standard,WINDERMERE CONCRETE PHASE II,4079295393,,,,FL,socrata:orlando_business_tax,,,,
standard,VALERIE SARKISIAN,4078976001,,,,FL,socrata:orlando_business_tax,,,,
standard,CULTURE KING ORLANDO INC,4079243667,,,,FL,socrata:orlando_business_tax,,,,
standard,D INSIDER INVESTIGATIONS LLC,3212028364,,,,FL,socrata:orlando_business_tax,,,,
standard,MCGRADY INSURANCE INC,4072991510,,,,FL,socrata:orlando_business_tax,,,,
standard,CYNTHIA PORTER,4073767407,,,,FL,socrata:orlando_business_tax,,,,
standard,SAH NEVAEH,4076443868,,,,FL,socrata:orlando_business_tax,,,,
standard,AMERICAN AUTO UPHOLSTERY,4079265745,,,,FL,socrata:orlando_business_tax,,,,
standard,NAJIB KIRMANI,4074743627,,,,FL,socrata:orlando_business_tax,,,,
standard,AMERICAS CONTRACTORS LLC,3215210908,,,,FL,socrata:orlando_business_tax,,,,
standard,US AFRICA FREIGHT INC,4077184315,,,,FL,socrata:orlando_business_tax,,,,
standard,ALLARIS EXPORT CORP,3212857106,,,,FL,socrata:orlando_business_tax,,,,
standard,LIL SCOOPS,3214438053,,,,FL,socrata:orlando_business_tax,,,,
standard,MICHAEL W HENNEN/SHUTTS &BOWEN,4079714491,,,,FL,socrata:orlando_business_tax,,,,
standard,JEB HANDYMAN SERVICES LLC,4072350211,,,,FL,socrata:orlando_business_tax,,,,
standard,KOBE JAP STEAK HOUSE(CLS 04/09,4078956868,,,,FL,socrata:orlando_business_tax,,,,
standard,CARUSOS SWEET PERFECTIONS,4078605303,,,,FL,socrata:orlando_business_tax,,,,
standard,ROMANTIC CHAMBERS INC,3212461099,,,,FL,socrata:orlando_business_tax,,,,
standard,CARDIO DRYWALL LLC,3212020403,,,,FL,socrata:orlando_business_tax,,,,
standard,TROY BULLINGTON CONSTRUCTION,4077222565,,,,FL,socrata:orlando_business_tax,,,,
standard,PEDRO CLAUDIO,4072984563,,,,FL,socrata:orlando_business_tax,,,,
standard,R R R 27 INC,8574191008,,,,FL,socrata:orlando_business_tax,,,,
standard,RENAISSANCE MORTGAGE GROUP,4073829998,,,,FL,socrata:orlando_business_tax,,,,
standard,BOOL INC,4079488381,,,,FL,socrata:orlando_business_tax,,,,
standard,A GALY LAWN CARE INC,4078946988,,,,FL,socrata:orlando_business_tax,,,,
standard,UNIQUE DESIGNS PROFESSIONAL SE,4074631813,,,,FL,socrata:orlando_business_tax,,,,
standard,DAVIS & TRUITT PA,4079771611,,,,FL,socrata:orlando_business_tax,,,,
standard,LAW OFFICE OF WANDA T GREENE P,4074928819,,,,FL,socrata:orlando_business_tax,,,,
standard,BM CONSULTING LLC,4077017052,,,,FL,socrata:orlando_business_tax,,,,
standard,GREAT CLIPS,4076205944,,,,FL,socrata:orlando_business_tax,,,,
standard,GEPSA INC,4076926944,,,,FL,socrata:orlando_business_tax,,,,
standard,LUCAS CLEANING SERVICES OF FLO,3212970381,,,,FL,socrata:orlando_business_tax,,,,
standard,ELAINE GLANDON/ PRUDENTIAL FL,4074065300,,,,FL,socrata:orlando_business_tax,,,,
standard,ALL PURPOSE CONSTRUCTION LLC,4072676989,,,,FL,socrata:orlando_business_tax,,,,
standard,JACKSON CLEMENTS  LLP,4073639020,,,,FL,socrata:orlando_business_tax,,,,
standard,CREDIT BUILDERS OF AMERICA INC,4078442053,,,,FL,socrata:orlando_business_tax,,,,
standard,IMPERIAL JEWELERS & PAWN BROKE,4072756102,,,,FL,socrata:orlando_business_tax,,,,
standard,RELIABLE INSPECTIONS INC,4079632171,,,,FL,socrata:orlando_business_tax,,,,
standard,H W LOCHNER INC,4073950089,,,,FL,socrata:orlando_business_tax,,,,
standard,CUBAN AMERICAN NATIONAL COUNCI,4072824185,,,,FL,socrata:orlando_business_tax,,,,
standard,FAMILY HANDS TOTAL GROUND MAIN,3863348833,,,,FL,socrata:orlando_business_tax,,,,
standard,CRISANDY CLEANING SERVICES,3212173664,,,,FL,socrata:orlando_business_tax,,,,
standard,GEORGE E THOMAS/TURNER,4046813214,,,,FL,socrata:orlando_business_tax,,,,
standard,G & JC FLOORING CORP,4076947960,,,,FL,socrata:orlando_business_tax,,,,
standard,DESLY HAIR REPLACEMENT RETAIL,4075812543,,,,FL,socrata:orlando_business_tax,,,,
standard,TOOJAYS ORIGINAL GOURMET DELI,5616599011,,,,FL,socrata:orlando_business_tax,,,,
standard,T 4 TWO ACCESSORIES,4077614001,,,,FL,socrata:orlando_business_tax,,,,
standard,BUILD A NAME INC,4072772364,,,,FL,socrata:orlando_business_tax,,,,
standard,LUCAS CARPET CLEANING,4075296992,,,,FL,socrata:orlando_business_tax,,,,
standard,J & J WIN DOOR INC,3216957384,,,,FL,socrata:orlando_business_tax,,,,
standard,TAVENNER CAPITAL CONSULTING,3057966823,,,,FL,socrata:orlando_business_tax,,,,
standard,AQMI STRATEGY CORPORATION,4074269191,,,,FL,socrata:orlando_business_tax,,,,
standard,ORLANDO VOLLEY SHOP,4072260788,,,,FL,socrata:orlando_business_tax,,,,
standard,OUTPOST GRILL,3865325607,,,,FL,socrata:orlando_business_tax,,,,
standard,LEE PETERS,4078964010,,,,FL,socrata:orlando_business_tax,,,,
standard,TURA MARSDEN,4078435256,,,,FL,socrata:orlando_business_tax,,,,
standard,SHANE CONNER,3213032842,,,,FL,socrata:orlando_business_tax,,,,
standard,INTEGRATED ORGANIZATION MANAGE,4072530002,,,,FL,socrata:orlando_business_tax,,,,
standard,JACK COON CARPENTRY INC,4077912666,,,,FL,socrata:orlando_business_tax,,,,
standard,PARK AVENUE AT METROWEST LTD,4073137600,,,,FL,socrata:orlando_business_tax,,,,
standard,JOHNSON FOUR STAR,4072930894,,,,FL,socrata:orlando_business_tax,,,,
standard,SMART WAREHOUSING LLC,9138883222,,,,FL,socrata:orlando_business_tax,,,,
standard,W L L ENTERPRISES INC,4072440666,,,,FL,socrata:orlando_business_tax,,,,
standard,PRECISION INTERIORS LLC,4072985192,,,,FL,socrata:orlando_business_tax,,,,
standard,"WILLIAMS, PREMELLOUSE/HEALTHSO",4073523508,,,,FL,socrata:orlando_business_tax,,,,
standard,KWASI TONEY,4077168520,,,,FL,socrata:orlando_business_tax,,,,
standard,PAULS PRECISION PARTS INC,4078084499,,,,FL,socrata:orlando_business_tax,,,,
standard,CARLOS ARIZA PAINTING,3213313756,,,,FL,socrata:orlando_business_tax,,,,
standard,CEMI IMPORT ENTERPRISE LLC,4077615640,,,,FL,socrata:orlando_business_tax,,,,
standard,ATLANTIC THAI RESTAURANT INC,4074516473,,,,FL,socrata:orlando_business_tax,,,,
standard,J P WHITE,4073509113,,,,FL,socrata:orlando_business_tax,,,,
standard,ALEXANDERS KITCHEN,4079709839,,,,FL,socrata:orlando_business_tax,,,,
standard,US DESIGN & CONSTRUCTION EAST,9726132874,,,,FL,socrata:orlando_business_tax,,,,
standard,JOCASREY SERVICE CORPORATION,3212879503,,,,FL,socrata:orlando_business_tax,,,,
standard,LEE WHITE,5044911834,,,,FL,socrata:orlando_business_tax,,,,
standard,LORI SMITH LCSW LLC,4072938868,,,,FL,socrata:orlando_business_tax,,,,
standard,LARRY RUMPH,4072950125,,,,FL,socrata:orlando_business_tax,,,,
standard,AMERICAN WORK FORCE,4078882134,,,,FL,socrata:orlando_business_tax,,,,
standard,DAZSER ORL CORPORATION,4078161477,,,,FL,socrata:orlando_business_tax,,,,
standard,GOOD MORNING AMERICA BAKERY LL,4076484898,,,,FL,socrata:orlando_business_tax,,,,
standard,VIOLETTE HOUSE OF BEAUTY,4074453235,,,,FL,socrata:orlando_business_tax,,,,
standard,AZUL CLEANING SERVICES LLC,4076900669,,,,FL,socrata:orlando_business_tax,,,,
standard,EXTREME ATHLETES LLC,4072271485,,,,FL,socrata:orlando_business_tax,,,,
standard,KODIAK CERTIFIED SERVICES LLC,4077603600,,,,FL,socrata:orlando_business_tax,,,,
standard,ANNETTE MURCIA/LA TERRAZA REAL,4077294611,,,,FL,socrata:orlando_business_tax,,,,
standard,SIMPLY AGADIR,3219485486,,,,FL,socrata:orlando_business_tax,,,,
standard,SPEEDY BURGER,4078491616,,,,FL,socrata:orlando_business_tax,,,,
standard,IDGEYS ITALIAN ICE CORP,4078141950,,,,FL,socrata:orlando_business_tax,,,,
standard,MAURICIO LONDONO LANDSCAPING S,3212746014,,,,FL,socrata:orlando_business_tax,,,,
standard,EL MANGU,4073991277,,,,FL,socrata:orlando_business_tax,,,,
standard,BELO PRINTING INC,4077394604,,,,FL,socrata:orlando_business_tax,,,,
standard,TIREFLYS,4079962020,,,,FL,socrata:orlando_business_tax,,,,
standard,ORLANDO PACKAGING & SHIPPING,4078949750,,,,FL,socrata:orlando_business_tax,,,,
standard,GOLDBERG RUBIN AND STEIN LLC,4072268686,,,,FL,socrata:orlando_business_tax,,,,
standard,CARLOS A RIVERA,3212283492,,,,FL,socrata:orlando_business_tax,,,,
standard,IMMACULATE REFLECTIONS MOBILE,3214398072,,,,FL,socrata:orlando_business_tax,,,,
standard,CONNECTIONS 434,4074267778,,,,FL,socrata:orlando_business_tax,,,,
standard,LMGA ENTERTAINMENT,4078109867,,,,FL,socrata:orlando_business_tax,,,,
standard,SOSA STONE LLC,4074232297,,,,FL,socrata:orlando_business_tax,,,,
standard,AFFORDABLE LEAK DETECTION,4078961943,,,,FL,socrata:orlando_business_tax,,,,
standard,SARAHS LADIES FASHION,4076499145,,,,FL,socrata:orlando_business_tax,,,,
standard,FREDDIE SIMS,3522611431,,,,FL,socrata:orlando_business_tax,,,,
standard,EXTREME PARTY WAREHOUSE,4078228581,,,,FL,socrata:orlando_business_tax,,,,
standard,REAGLE BEAGLES ETC INC,4072672813,,,,FL,socrata:orlando_business_tax,,,,
standard,MC MICHAEL SNOW,4078968596,,,,FL,socrata:orlando_business_tax,,,,
standard,MILLENIUM SECURITY AND TOWING,3213031943,,,,FL,socrata:orlando_business_tax,,,,
standard,UNITED NATIONAL MAINTENANCE IN,3129228558,,,,FL,socrata:orlando_business_tax,,,,
standard,AMAZING DETAILING,7875867813,,,,FL,socrata:orlando_business_tax,,,,
standard,EDISON CARDONA,3212780061,,,,FL,socrata:orlando_business_tax,,,,
standard,JBA  HANDYMAN SERVICES INC,3214384326,,,,FL,socrata:orlando_business_tax,,,,
standard,LOULOU AUTO BODY & REPAIR,4074475545,,,,FL,socrata:orlando_business_tax,,,,
standard,GATHERGATE LLC,3523961269,,,,FL,socrata:orlando_business_tax,,,,
standard,SUPER CLEAN AUTO SERVICES,4072271151,,,,FL,socrata:orlando_business_tax,,,,
standard,OUTLAW CONNECTIONS INC,4072977788,,,,FL,socrata:orlando_business_tax,,,,
standard,JENNIFER PARRIS HUX,3216244410,,,,FL,socrata:orlando_business_tax,,,,
standard,CHRISTOPHER CONSTRUCTION INC,4075227016,,,,FL,socrata:orlando_business_tax,,,,
standard,TRUE CALLING COMPLETE LAWN CAR,4073930818,,,,FL,socrata:orlando_business_tax,,,,
standard,JONATHAN E SHEHAN/METRO,4072373331,,,,FL,socrata:orlando_business_tax,,,,
standard,LINH THE NGUYEN,3219453511,,,,FL,socrata:orlando_business_tax,,,,
standard,GLOBAL MARKETING VIP LLC,4072676751,,,,FL,socrata:orlando_business_tax,,,,
standard,YASHWANTIE RAMSARRAN,2404627721,,,,FL,socrata:orlando_business_tax,,,,
standard,TUBMASTER LC,4078982881,,,,FL,socrata:orlando_business_tax,,,,
standard,AFTER DARK GIFTS,4073824757,,,,FL,socrata:orlando_business_tax,,,,
standard,ATT MOBILE COMMUNICATIONS,3024892400,,,,FL,socrata:orlando_business_tax,,,,
standard,ACFN OF CENTRAL FLORIDA INC,4078597017,,,,FL,socrata:orlando_business_tax,,,,
standard,TUNKARA KONDA,4078860720,,,,FL,socrata:orlando_business_tax,,,,
standard,ADRIANA DELGADO ROCESO,4077976436,,,,FL,socrata:orlando_business_tax,,,,
standard,JASMINE HARRINGTON,4079533418,,,,FL,socrata:orlando_business_tax,,,,
standard,ALIAR CONSTRUCTION CORP/AURA L,4074824506,,,,FL,socrata:orlando_business_tax,,,,
standard,FUN EVENTS COMPANY,4073510425,,,,FL,socrata:orlando_business_tax,,,,
standard,OBRA MISIONERA LLAMADA DE MEDI,4079700388,,,,FL,socrata:orlando_business_tax,,,,
standard,OXY CORP,4075381173,,,,FL,socrata:orlando_business_tax,,,,
standard,FLOYD LONGWELL,4072462209,,,,FL,socrata:orlando_business_tax,,,,
standard,BLJ CLEANING SERVICES INC,3212876031,,,,FL,socrata:orlando_business_tax,,,,
standard,GL AUTO REPAIR,3056296660,,,,FL,socrata:orlando_business_tax,,,,
standard,BRI GIO CLEANING SERVICES,4072919738,,,,FL,socrata:orlando_business_tax,,,,
standard,GIBSON GROUP HOLDINGS PLLC,4075756755,,,,FL,socrata:orlando_business_tax,,,,
standard,SANDRA CLAURE,4078964517,,,,FL,socrata:orlando_business_tax,,,,
standard,BOUNCERS INC PARTY SERVICES,4077011245,,,,FL,socrata:orlando_business_tax,,,,
standard,GREEN PASTURES LANDSCAPING &,4078033174,,,,FL,socrata:orlando_business_tax,,,,
standard,DUSTIN CROWE LLC,4078968307,,,,FL,socrata:orlando_business_tax,,,,
standard,TRE MAGAZINE INC,4078945111,,,,FL,socrata:orlando_business_tax,,,,
standard,JENNIFER L CONLEY/ RENOVATIO,4078351911,,,,FL,socrata:orlando_business_tax,,,,
standard,KATHLEEN LUSARDI,4074638233,,,,FL,socrata:orlando_business_tax,,,,
standard,EVERLENE JACKSON,4072677050,,,,FL,socrata:orlando_business_tax,,,,
standard,SAGE MORTGAGE SERVICES INC,4074271408,,,,FL,socrata:orlando_business_tax,,,,
standard,DERVON HAMPTON DESIGNER OF INT,4074635124,,,,FL,socrata:orlando_business_tax,,,,
standard,PRODIGY REAL ESTATE,4074267115,,,,FL,socrata:orlando_business_tax,,,,
standard,PROMOBIZ NETWORK,4075228569,,,,FL,socrata:orlando_business_tax,,,,
standard,ANASTASIA CRUMB GUY,4077253425,,,,FL,socrata:orlando_business_tax,,,,
standard,VICTORIA CONTI,4073841474,,,,FL,socrata:orlando_business_tax,,,,
standard,SAMUAEL A SKELTON,4074462001,,,,FL,socrata:orlando_business_tax,,,,
standard,MIKITA BROWN,4079992684,,,,FL,socrata:orlando_business_tax,,,,
standard,MARCELINO VAZQUEZ,4072262625,,,,FL,socrata:orlando_business_tax,,,,
standard,JAMES R RUTLEDGE,4073837918,,,,FL,socrata:orlando_business_tax,,,,
standard,HOPE EVERLASTING LAWN PROFESSI,4078228778,,,,FL,socrata:orlando_business_tax,,,,
standard,ASHLEY CONSTRUCTION INC,3216954791,,,,FL,socrata:orlando_business_tax,,,,
standard,CHARLES KLENOTIZ,4077975974,,,,FL,socrata:orlando_business_tax,,,,
standard,DIMITRY M PALCESKI/ REFLECTION,4078958818,,,,FL,socrata:orlando_business_tax,,,,
standard,ENERGETIX,3212178913,,,,FL,socrata:orlando_business_tax,,,,
standard,JB USA TILE SERVICES INC,5612395918,,,,FL,socrata:orlando_business_tax,,,,
standard,"M & F TILE & CERAMIC, INC",4073820279,,,,FL,socrata:orlando_business_tax,,,,
standard,QUICK MORTGAGE PROCESSING,3213548885,,,,FL,socrata:orlando_business_tax,,,,
standard,HARRIET DUNCAN,4077747567,,,,FL,socrata:orlando_business_tax,,,,
standard,SIMONE MARQUES DOS REIS,3212973323,,,,FL,socrata:orlando_business_tax,,,,
standard,ORLANDO CANCEL,4078957007,,,,FL,socrata:orlando_business_tax,,,,
standard,BRO COMMUNICATIONS,4077487007,,,,FL,socrata:orlando_business_tax,,,,
standard,JORGE A GARCIA/ADVENTHEALTH MEDICAL GROUP PEDIA,4073032001,,,,FL,socrata:orlando_business_tax,,,,
standard,CINTAS DOCUMENT MANAGEMENT LLC,4072982666,,,,FL,socrata:orlando_business_tax,,,,
standard,RAHIM ISMAIL,4073331351,,,,FL,socrata:orlando_business_tax,,,,
standard,UNIVERSIDAD INTERAMERICANA DE,7877636425,,,,FL,socrata:orlando_business_tax,,,,
standard,FARES MALIVERT REPAIRS,3216956150,,,,FL,socrata:orlando_business_tax,,,,
standard,EXTREME O2,4074325735,,,,FL,socrata:orlando_business_tax,,,,
standard,QUINNS TILE WITH STYLE LLC,3213771834,,,,FL,socrata:orlando_business_tax,,,,
standard,GLAMOUR GIFTQUE LLC,4077165806,,,,FL,socrata:orlando_business_tax,,,,
standard,FELO TRIM INC,4075756425,,,,FL,socrata:orlando_business_tax,,,,
standard,JOSE PASOS,4072325600,,,,FL,socrata:orlando_business_tax,,,,
standard,AUTO DETAILING & MORE LLC,4073991264,,,,FL,socrata:orlando_business_tax,,,,
standard,STRAIT & ASSOCIATES LLC,4076179917,,,,FL,socrata:orlando_business_tax,,,,
standard,ADONAI INDUSTRIES INC,3054392266,,,,FL,socrata:orlando_business_tax,,,,
standard,NICOLLES TILE INC,8636519299,,,,FL,socrata:orlando_business_tax,,,,
standard,FULL SEPCTRUM CONSULTING INC,4078986223,,,,FL,socrata:orlando_business_tax,,,,
standard,LARUA J PAINTER,4074212165,,,,FL,socrata:orlando_business_tax,,,,
standard,GRAND THEME HOTELS LTD,4079969999,,,,FL,socrata:orlando_business_tax,,,,
standard,WHITE SPUNNER CONSTRUCTION INC,2514715789,,,,FL,socrata:orlando_business_tax,,,,
standard,EDWARD A SELVAGGIO,4078989039,,,,FL,socrata:orlando_business_tax,,,,
standard,MICHAEL D MAURER/CHARLES M GRE,4074898268,,,,FL,socrata:orlando_business_tax,,,,
standard,DELIGHT NAILS & SPA,4073138820,,,,FL,socrata:orlando_business_tax,,,,
standard,Z Q A D,4077669617,,,,FL,socrata:orlando_business_tax,,,,
standard,TERRY PRINCE,3214362342,,,,FL,socrata:orlando_business_tax,,,,
standard,FIFIS PATISSERIE,4074812250,,,,FL,socrata:orlando_business_tax,,,,
standard,STEVES STUFF,4078933746,,,,FL,socrata:orlando_business_tax,,,,
standard,BIANCA B BOTELHO,3212998580,,,,FL,socrata:orlando_business_tax,,,,
standard,FRANCIS MOYA,4072955881,,,,FL,socrata:orlando_business_tax,,,,
standard,STETSON CAPITAL LLC,4078721533,,,,FL,socrata:orlando_business_tax,,,,
standard,RENANDE DESRAVINES,4076195688,,,,FL,socrata:orlando_business_tax,,,,
standard,MARYURI LARA VEGA,4073841173,,,,FL,socrata:orlando_business_tax,,,,
standard,CITIZENS TITLE ONLINE INC,4072920229,,,,FL,socrata:orlando_business_tax,,,,
standard,CARIBEX WORLDWIDE,4074388220,,,,FL,socrata:orlando_business_tax,,,,
standard,I T BUSINESS SOLUTIONS,4075575529,,,,FL,socrata:orlando_business_tax,,,,
standard,ADAS,4077164571,,,,FL,socrata:orlando_business_tax,,,,
standard,AMERICANBRAZ IMPORT & EXPORT C,4073909209,,,,FL,socrata:orlando_business_tax,,,,
standard,TOMMY LEE,3219487222,,,,FL,socrata:orlando_business_tax,,,,
standard,RELIABLE INTERPRETERS & TRANSL,4078223878,,,,FL,socrata:orlando_business_tax,,,,
standard,DAYAKIARA LLC,4073505282,,,,FL,socrata:orlando_business_tax,,,,
standard,SECURE TITLE LLC,4073670767,,,,FL,socrata:orlando_business_tax,,,,
standard,MOBILITY TITLE LLC,3214132232,,,,FL,socrata:orlando_business_tax,,,,
standard,A1A PROFESSIONAL CLEANING SERV,8662124244,,,,FL,socrata:orlando_business_tax,,,,
standard,TERAMEDIA CORPORATION,4074201108,,,,FL,socrata:orlando_business_tax,,,,
standard,BRUNILDA VIRELLA,9417765611,,,,FL,socrata:orlando_business_tax,,,,
standard,COVENANT REALTY GROUP INC,3212068928,,,,FL,socrata:orlando_business_tax,,,,
standard,QUICKIE HOT DOG,4073805093,,,,FL,socrata:orlando_business_tax,,,,
standard,JERRYS GENERAL STORE LLC,4072491551,,,,FL,socrata:orlando_business_tax,,,,
standard,WISE GUY INVESTMENTS,3212285787,,,,FL,socrata:orlando_business_tax,,,,
standard,DAYAIMA MELENDREZ,4075066050,,,,FL,socrata:orlando_business_tax,,,,
standard,BLACKHISTORYTOURS.COM INC,3055483262,,,,FL,socrata:orlando_business_tax,,,,
standard,FILMORE REAL ESTATE SERVICES I,4072103966,,,,FL,socrata:orlando_business_tax,,,,
standard,ALR CABLE INC,4074538363,,,,FL,socrata:orlando_business_tax,,,,
standard,RESTORATION COUNSELING,3216890346,,,,FL,socrata:orlando_business_tax,,,,
standard,ADVANCED INTEGRATED CONTROLS,4075571225,,,,FL,socrata:orlando_business_tax,,,,
standard,APPLE SPICE ORLANDO NO 001 LLC,4072985838,,,,FL,socrata:orlando_business_tax,,,,
standard,GATEHOUSE MANAGEMENT INC,4072967119,,,,FL,socrata:orlando_business_tax,,,,
standard,DIANE CULLINAN PA,4079992239,,,,FL,socrata:orlando_business_tax,,,,
standard,STEVE DAVIS/DAVIS GROUP P A,4074347900,,,,FL,socrata:orlando_business_tax,,,,
standard,SOURCE COMM COMPANY INC,7868770577,,,,FL,socrata:orlando_business_tax,,,,
standard,CLIVE SAMUELS,4073067807,,,,FL,socrata:orlando_business_tax,,,,
standard,JAIRSHINO SAVAIN AFTADARK PROM,7576447708,,,,FL,socrata:orlando_business_tax,,,,
standard,OLIMPIA BUSINESS CORP,4076926804,,,,FL,socrata:orlando_business_tax,,,,
standard,TAL BEAUTY INC,4073540673,,,,FL,socrata:orlando_business_tax,,,,
standard,WAF CONSTRUCTION INC,4074547029,,,,FL,socrata:orlando_business_tax,,,,
standard,FERGUSON FIRE & FABRICATION IN,8132491184,,,,FL,socrata:orlando_business_tax,,,,
standard,REVOLUTIONARY EXPRESSIONS LLC,3056199993,,,,FL,socrata:orlando_business_tax,,,,
standard,ROBERT HOWARD,4077013010,,,,FL,socrata:orlando_business_tax,,,,
standard,MARTIN JUPP,4079027711,,,,FL,socrata:orlando_business_tax,,,,
standard,FINANCIAL SERVICES OF ORANGE,4079755364,,,,FL,socrata:orlando_business_tax,,,,
standard,ANAND DWARKANAUTH,4078563742,,,,FL,socrata:orlando_business_tax,,,,
standard,M&S CORPORATION & ASSOCIATION,4073400176,,,,FL,socrata:orlando_business_tax,,,,
standard,LOS AMIGOS GROCERY STORE INC,4079485653,,,,FL,socrata:orlando_business_tax,,,,
standard,CHRISTOPHER D GRILL/SUPERIOR,4078333723,,,,FL,socrata:orlando_business_tax,,,,
standard,VVO LLC,4077167447,,,,FL,socrata:orlando_business_tax,,,,
standard,JEVEAUX & SANTOS WOOD TILE INC,4078889936,,,,FL,socrata:orlando_business_tax,,,,
standard,CALICHES AUTO REPAIR SHOP,4072360008,,,,FL,socrata:orlando_business_tax,,,,
standard,DANIEL WALLACE MAJOR RECORDS,4072596567,,,,FL,socrata:orlando_business_tax,,,,
standard,TRACY HULL PHOTOGRAPHY,4072277837,,,,FL,socrata:orlando_business_tax,,,,
standard,INTERNATIONAL LIGHTS & STONE L,4077333341,,,,FL,socrata:orlando_business_tax,,,,
standard,RHINO DEMOLITION & ENVIRONMENT,4078417095,,,,FL,socrata:orlando_business_tax,,,,
standard,SHAMAX DISCOUNT CENTER,3523851074,,,,FL,socrata:orlando_business_tax,,,,
standard,GRAND CABLE INC,4078982487,,,,FL,socrata:orlando_business_tax,,,,
standard,BROWNE INVESTIGATIONS & SECURI,4072811771,,,,FL,socrata:orlando_business_tax,,,,
standard,WILLIS THE COOK,9043183574,,,,FL,socrata:orlando_business_tax,,,,
standard,JANI KING,4075237794,,,,FL,socrata:orlando_business_tax,,,,
standard,GOLDEN BOYS OF ORLANDO INCORPO,4072824137,,,,FL,socrata:orlando_business_tax,,,,
standard,HASSAN BABA,3216629538,,,,FL,socrata:orlando_business_tax,,,,
standard,CRISLER GLASS & FENCE INC,4073984505,,,,FL,socrata:orlando_business_tax,,,,
standard,MAGICAL CONCIERGE LLC,4072562578,,,,FL,socrata:orlando_business_tax,,,,
standard,ALMO TECHNICAL SERVICES LLC,4075063574,,,,FL,socrata:orlando_business_tax,,,,
standard,TVJ DRYWALL INC,4074704903,,,,FL,socrata:orlando_business_tax,,,,
standard,VISTA MAR TRAVEL & SERVICES IN,4078959249,,,,FL,socrata:orlando_business_tax,,,,
standard,DORIS WILLIAMS BODY OILS ESSEN,4078410698,,,,FL,socrata:orlando_business_tax,,,,
standard,Q & S TRENCHING INC,3216629945,,,,FL,socrata:orlando_business_tax,,,,
standard,ALL ABOUT AUTOMOBILES INC,4073837110,,,,FL,socrata:orlando_business_tax,,,,
standard,BLUE STAR DISTRIBUTORS CORP,4076482137,,,,FL,socrata:orlando_business_tax,,,,
standard,THE JESTER THEATER COMPANY,4079285860,,,,FL,socrata:orlando_business_tax,,,,
standard,MWI VETERINARY SUPPLY CO,4074382350,,,,FL,socrata:orlando_business_tax,,,,
standard,DUST UP SHUT,4074055255,,,,FL,socrata:orlando_business_tax,,,,
standard,LOSCILHA INC,4076872315,,,,FL,socrata:orlando_business_tax,,,,
standard,DIANNA SHADE,3213881617,,,,FL,socrata:orlando_business_tax,,,,
standard,JEAN JULMIS,4076161872,,,,FL,socrata:orlando_business_tax,,,,
standard,FAST ACTION TITLE INC,4074206444,,,,FL,socrata:orlando_business_tax,,,,
standard,WINDEL SKINNER,4072950515,,,,FL,socrata:orlando_business_tax,,,,
standard,SUN VACATIONS LLC,7866633940,,,,FL,socrata:orlando_business_tax,,,,
standard,BEST CABLE COMMUNICATION LLC,4074665152,,,,FL,socrata:orlando_business_tax,,,,
standard,T & D CLEANING SERVICES,4075229774,,,,FL,socrata:orlando_business_tax,,,,
standard,CUMAWI CATERING INC,4073194989,,,,FL,socrata:orlando_business_tax,,,,
standard,MARNERY CLEANING SERVICES,3216952229,,,,FL,socrata:orlando_business_tax,,,,
standard,MILLENIA GALLERY,4074255379,,,,FL,socrata:orlando_business_tax,,,,
standard,BARBARA REED,4072080881,,,,FL,socrata:orlando_business_tax,,,,
standard,A & J FAMILY GIFTS INC,4073134200,,,,FL,socrata:orlando_business_tax,,,,
standard,MATTHEW J HAFTEL/BELL LEEPER,4074881881,,,,FL,socrata:orlando_business_tax,,,,
standard,RIVERFRONT EQUITIES INC,4077748484,,,,FL,socrata:orlando_business_tax,,,,
standard,PLAZA MANAGEMENT LLC,4078725799,,,,FL,socrata:orlando_business_tax,,,,
standard,COMMONWEALTH DIVERSIFIED SERVI,4078490047,,,,FL,socrata:orlando_business_tax,,,,
standard,SUNSTYLE TRANSTRAVEL INC,4075171601,,,,FL,socrata:orlando_business_tax,,,,
standard,SASHA KLEIN/BROAD,4074259222,,,,FL,socrata:orlando_business_tax,,,,
standard,ALL DIMENSIONS INC,4079441155,,,,FL,socrata:orlando_business_tax,,,,
standard,BARRY ORLANDO PARTNERS LP,7705415200,,,,FL,socrata:orlando_business_tax,,,,
standard,ACE MORTGAGE LENDING CORP,4077370070,,,,FL,socrata:orlando_business_tax,,,,
standard,MICHAEL LYLES,4075803845,,,,FL,socrata:orlando_business_tax,,,,
standard,ABDOUL FOFANA CLOTHING & HANDB,4079665197,,,,FL,socrata:orlando_business_tax,,,,
standard,S & J MASONRY INC,3216894882,,,,FL,socrata:orlando_business_tax,,,,
standard,ARTISTIC ESSENTIALS,4075876389,,,,FL,socrata:orlando_business_tax,,,,
standard,GLOBAL BUSINESS CENTER INC,4074487582,,,,FL,socrata:orlando_business_tax,,,,
standard,COURIER SERVICE,4073702647,,,,FL,socrata:orlando_business_tax,,,,
standard,JACQUELINE GREENE FRANCIS,4075325995,,,,FL,socrata:orlando_business_tax,,,,
standard,HASSEN AFOUD,4079275450,,,,FL,socrata:orlando_business_tax,,,,
standard,FASHION HUT,4078966602,,,,FL,socrata:orlando_business_tax,,,,
standard,MARTHA L ALZATE,3216950052,,,,FL,socrata:orlando_business_tax,,,,
standard,DELIGHTFULLY YOURS,3213569288,,,,FL,socrata:orlando_business_tax,,,,
standard,ALEJANDRO LOPEZ,4078597593,,,,FL,socrata:orlando_business_tax,,,,
standard,AG RESOURCE GROUP LLC,4072759773,,,,FL,socrata:orlando_business_tax,,,,
standard,RODNEYS  LLC,4079482663,,,,FL,socrata:orlando_business_tax,,,,
standard,TARRES BOOTHE,4075789897,,,,FL,socrata:orlando_business_tax,,,,
standard,PREMIER FIRE SERVICES INC,2056204704,,,,FL,socrata:orlando_business_tax,,,,
standard,AFRICAN BRADING CENTER INC,4078954453,,,,FL,socrata:orlando_business_tax,,,,
standard,BIG PETES INDUSTRIAL SERVICE,4078394610,,,,FL,socrata:orlando_business_tax,,,,
standard,SUNSHINE CLEANING,4073845636,,,,FL,socrata:orlando_business_tax,,,,
standard,LOCATERS INTERNATIONAL INC,3867605000,,,,FL,socrata:orlando_business_tax,,,,
standard,ADVANCE AUTO PARTS #9457,4072917110,,,,FL,socrata:orlando_business_tax,,,,
standard,A & N MANAGEMENT INC,4072933327,,,,FL,socrata:orlando_business_tax,,,,
standard,ATWI CORP,4076947658,,,,FL,socrata:orlando_business_tax,,,,
standard,TODAYS INSURANCE SOLUTIONS PA,4079821200,,,,FL,socrata:orlando_business_tax,,,,
standard,BIG RED EVENTS INC,4072977729,,,,FL,socrata:orlando_business_tax,,,,
standard,FERNCREEK ACADEMY INC(CLS 04/0,4072225840,,,,FL,socrata:orlando_business_tax,,,,
standard,MEP HOME IMPROVEMENTS CORPORAT,4073134867,,,,FL,socrata:orlando_business_tax,,,,
standard,JOSE ABREU,4079461514,,,,FL,socrata:orlando_business_tax,,,,
standard,AMYS HALLMARK # 320,8165456980,,,,FL,socrata:orlando_business_tax,,,,
standard,ONE STOP HOME INSPECTIONS SERV,3212293607,,,,FL,socrata:orlando_business_tax,,,,
standard,STEPHEN C L CHONG P A/FIRM,4072993542,,,,FL,socrata:orlando_business_tax,,,,
standard,JOSHUA TOOLEY,9046144685,,,,FL,socrata:orlando_business_tax,,,,
standard,K & G GENERAL CLEANING,4076588567,,,,FL,socrata:orlando_business_tax,,,,
standard,MOHSINE WARID,4076973637,,,,FL,socrata:orlando_business_tax,,,,
standard,MICHAEL GREEN,4074222710,,,,FL,socrata:orlando_business_tax,,,,
standard,WHITES ACCOUNTING & TAX SERVIC,3212295624,,,,FL,socrata:orlando_business_tax,,,,
standard,ANGEL BRICENO,4074591428,,,,FL,socrata:orlando_business_tax,,,,
standard,JOHN T TRAN,3212995748,,,,FL,socrata:orlando_business_tax,,,,
standard,NORMAN SENN III,4072771020,,,,FL,socrata:orlando_business_tax,,,,
standard,PASTINOS,4076160273,,,,FL,socrata:orlando_business_tax,,,,
standard,AAA TITLE SERVICES,4072452887,,,,FL,socrata:orlando_business_tax,,,,
standard,SCOTT J PATTERSON/PATTERSON,4078431404,,,,FL,socrata:orlando_business_tax,,,,
standard,IMAGE WORKSHOP INC,4078958434,,,,FL,socrata:orlando_business_tax,,,,
standard,HEATHER MERRICK,4075299490,,,,FL,socrata:orlando_business_tax,,,,
standard,BEATTIE FAMILY ORTHODONTICS,4078982901,,,,FL,socrata:orlando_business_tax,,,,
standard,PHYLLIS JONES,3216958163,,,,FL,socrata:orlando_business_tax,,,,
standard,CONTAGIOUS CANDY STIX N PICS,8634209831,,,,FL,socrata:orlando_business_tax,,,,
standard,CENTRAL SECURITY INC,4078987044,,,,FL,socrata:orlando_business_tax,,,,
standard,THE BIG 810 A M/WEUS,4076488810,,,,FL,socrata:orlando_business_tax,,,,
standard,MR PERFECT INSPECTIONS INC,3219457954,,,,FL,socrata:orlando_business_tax,,,,
standard,STC PLANS CORPORATION,4078958024,,,,FL,socrata:orlando_business_tax,,,,
standard,MICHAEL MEADE,4073019928,,,,FL,socrata:orlando_business_tax,,,,
standard,R ROSARIO MEDINA MD LLC,4073829703,,,,FL,socrata:orlando_business_tax,,,,
standard,JORGE L ORTIZ RIUS,3212399255,,,,FL,socrata:orlando_business_tax,,,,
standard,A SECRET GARDEN FLORAL AND GIF,4072071235,,,,FL,socrata:orlando_business_tax,,,,
standard,PREFERRED HOME MORTGAGE COMPAN,4074388284,,,,FL,socrata:orlando_business_tax,,,,
standard,GLOBAL HOPE NETWORK INTERNATIO,4072073256,,,,FL,socrata:orlando_business_tax,,,,
standard,JOHN CORONAS CREATIONS,3212312507,,,,FL,socrata:orlando_business_tax,,,,
standard,GROUP 5 GRAPHICS,4076481530,,,,FL,socrata:orlando_business_tax,,,,
standard,ALOHAS HAWAIIAN SHAVED ICE,4073404452,,,,FL,socrata:orlando_business_tax,,,,
standard,DIDINE CARIBBEAN RESTAURANT,4078125400,,,,FL,socrata:orlando_business_tax,,,,
standard,ATHLETIC ACTION,4079248043,,,,FL,socrata:orlando_business_tax,,,,
standard,SIMONE BOHLMAN,4074053956,,,,FL,socrata:orlando_business_tax,,,,
standard,JOHN SWANK,8004803660,,,,FL,socrata:orlando_business_tax,,,,
standard,NU-LOOK HAIR DESIGN,4072404766,,,,FL,socrata:orlando_business_tax,,,,
standard,ANASTASIA E FARMAKIS D O PLL,4078986358,,,,FL,socrata:orlando_business_tax,,,,
standard,WINGS -N- THINGS,4075172900,,,,FL,socrata:orlando_business_tax,,,,
standard,MARCELLUS ADAMS,4074269089,,,,FL,socrata:orlando_business_tax,,,,
standard,DECORATIVE NAILS & SPA,4078128011,,,,FL,socrata:orlando_business_tax,,,,
standard,BROOKS BROTHERS,8602534673,,,,FL,socrata:orlando_business_tax,,,,
standard,STACEY WILLIAMS,4075565095,,,,FL,socrata:orlando_business_tax,,,,
standard,CUSTOM GLASS BY LAW,4075755591,,,,FL,socrata:orlando_business_tax,,,,
standard,COLLISION CENTER OF ORLANDO,4075215882,,,,FL,socrata:orlando_business_tax,,,,
standard,MERICO,4072860571,,,,FL,socrata:orlando_business_tax,,,,
standard,COLD STONE CREAMERY,4077745300,,,,FL,socrata:orlando_business_tax,,,,
standard,CSSC INC,4077582633,,,,FL,socrata:orlando_business_tax,,,,
standard,ASI MODULEX,9195442223,,,,FL,socrata:orlando_business_tax,,,,
standard,DRE'S & J'SMOBILE DETAILING,4074823054,,,,FL,socrata:orlando_business_tax,,,,
standard,MS PAINTING OF CENTRAL FLORIDA,4075097873,,,,FL,socrata:orlando_business_tax,,,,
standard,MILLENNIUM CONSULTING INC,4078976577,,,,FL,socrata:orlando_business_tax,,,,
standard,RAHEAN EDMONDS,4079294365,,,,FL,socrata:orlando_business_tax,,,,
standard,PEARSON LIGHTING,4072401568,,,,FL,socrata:orlando_business_tax,,,,
standard,CREATION & STYLE OF ORLANDO CE,3213886429,,,,FL,socrata:orlando_business_tax,,,,
standard,GCHP PAINTING INC,4074681430,,,,FL,socrata:orlando_business_tax,,,,
standard,WILLIAM T ATKINS/ ATKINS,4073807500,,,,FL,socrata:orlando_business_tax,,,,
standard,QUEST INC,4072184370,,,,FL,socrata:orlando_business_tax,,,,
standard,JACKS UNIQUE DRIVING SCHOOL IN,4074680073,,,,FL,socrata:orlando_business_tax,,,,
standard,GOLDEN TEAM MORTGAGE LLC,4075396016,,,,FL,socrata:orlando_business_tax,,,,
standard,CLIFFORD P CLARK/ ORLANDO AEST,4077702002,,,,FL,socrata:orlando_business_tax,,,,
standard,AYURBEAUTY WELLNESS CENTER,4076179016,,,,FL,socrata:orlando_business_tax,,,,
standard,TOP TO BOTTOM HOUSE CLEANING,4078435682,,,,FL,socrata:orlando_business_tax,,,,
standard,THE BEST REAL CLEANING CORP,4078946528,,,,FL,socrata:orlando_business_tax,,,,
standard,JOSE LEONIDAS CANTILLANO,4078323436,,,,FL,socrata:orlando_business_tax,,,,
standard,U NAME IT SIGN LLC,4077601013,,,,FL,socrata:orlando_business_tax,,,,
standard,WILLIAM KNAPP INC,3219613794,,,,FL,socrata:orlando_business_tax,,,,
standard,FRYAR SECURITY INC,4074538200,,,,FL,socrata:orlando_business_tax,,,,
standard,OSVALDO RUWE DETAILING SERVICE,4076413671,,,,FL,socrata:orlando_business_tax,,,,
standard,BEARI BEST PAINT COMPANY INC,4078575929,,,,FL,socrata:orlando_business_tax,,,,
standard,TITAN CONSTRUCTION & DESIGN LL,6149469696,,,,FL,socrata:orlando_business_tax,,,,
standard,BUTTERFLY DANZERS INC,3212351464,,,,FL,socrata:orlando_business_tax,,,,
standard,KANE LAW FIRM PA,4076291868,,,,FL,socrata:orlando_business_tax,,,,
standard,COFFEE BREAK LLC,4074748293,,,,FL,socrata:orlando_business_tax,,,,
standard,NYDIA TORRES,4075756157,,,,FL,socrata:orlando_business_tax,,,,
standard,CURTIS CARMICHAEL,4078495402,,,,FL,socrata:orlando_business_tax,,,,
standard,CAPITOL DECKING & COATING INC,4075802078,,,,FL,socrata:orlando_business_tax,,,,
standard,WILLIE WILSON,3214603837,,,,FL,socrata:orlando_business_tax,,,,
standard,MICHAEL UDOWYCHENKO,4078491776,,,,FL,socrata:orlando_business_tax,,,,
standard,BELLE GIRL INC,3212359399,,,,FL,socrata:orlando_business_tax,,,,
standard,ROBERTO DIAZ TILE SETTER INC,4072478621,,,,FL,socrata:orlando_business_tax,,,,
standard,TERRI HART,4072730917,,,,FL,socrata:orlando_business_tax,,,,
standard,LAKE NONA CLEANERS CORP,4073814674,,,,FL,socrata:orlando_business_tax,,,,
standard,SPECIAL RESIDENTIAL SERVICE,4078882353,,,,FL,socrata:orlando_business_tax,,,,
standard,METAL INNOVATION GROUP INC,4073756839,,,,FL,socrata:orlando_business_tax,,,,
standard,BRAZILIAN WAY FISH & STEAK,4073836739,,,,FL,socrata:orlando_business_tax,,,,
standard,B & S DAILY MARKET,3213549715,,,,FL,socrata:orlando_business_tax,,,,
standard,EXPERT BUSINESS SOLUTIONS LLC,4072280721,,,,FL,socrata:orlando_business_tax,,,,
standard,LYN E LONGSWORTH,4074434278,,,,FL,socrata:orlando_business_tax,,,,
standard,ORLANDO CASKETS LLC,4079478603,,,,FL,socrata:orlando_business_tax,,,,
standard,UNCLE WIRELESS LLC,4078936288,,,,FL,socrata:orlando_business_tax,,,,
standard,PERSONAL PEOPLE PROVIDERS,4072999662,,,,FL,socrata:orlando_business_tax,,,,
standard,FELIX INSUASTI,4078411446,,,,FL,socrata:orlando_business_tax,,,,
standard,"VILLEGAS, MIRYAM/SILKY SKIN EU",4075686990,,,,FL,socrata:orlando_business_tax,,,,
standard,EVENTS BY LAYLAH,3216623711,,,,FL,socrata:orlando_business_tax,,,,
standard,SENIOR ADVISORY CENTER,4073403990,,,,FL,socrata:orlando_business_tax,,,,
standard,VIABLE SOLUTIONS INC,4072499600,,,,FL,socrata:orlando_business_tax,,,,
standard,CRISTINA P GARCIA/FAMILY,4078435243,,,,FL,socrata:orlando_business_tax,,,,
standard,JOHN A PSOMAS STATE FARM,4072772997,,,,FL,socrata:orlando_business_tax,,,,
standard,CLEANPAK PRODUCTS,4078952429,,,,FL,socrata:orlando_business_tax,,,,
standard,THE FIVE ELEMENTS LLC,4072829356,,,,FL,socrata:orlando_business_tax,,,,
standard,SPRING VALLEY KENNELS,4075327733,,,,FL,socrata:orlando_business_tax,,,,
standard,"TOEMA, HASSAN PRODUCE",4072918106,,,,FL,socrata:orlando_business_tax,,,,
standard,ALL FAMILY TRANSPORTATION(CLOS,4074456310,,,,FL,socrata:orlando_business_tax,,,,
standard,JORGE MUSSI,4078572520,,,,FL,socrata:orlando_business_tax,,,,
standard,INSIGHT GROUP LLC,4074224056,,,,FL,socrata:orlando_business_tax,,,,
standard,DOUGLAS MOZISEX,4078987901,,,,FL,socrata:orlando_business_tax,,,,
standard,SEAN KRAPER/ONEWORLD FINANACIA,3212818390,,,,FL,socrata:orlando_business_tax,,,,
standard,SPANKY STEAK & DOGS,4076663040,,,,FL,socrata:orlando_business_tax,,,,
standard,GENERAL FLOR MAINTENANCE,4073510443,,,,FL,socrata:orlando_business_tax,,,,
standard,UNION FORCE ELECTRONIC LLC,4076901390,,,,FL,socrata:orlando_business_tax,,,,
standard,AHMED ARAFA I CUSTOM 4 YOU,3864534518,,,,FL,socrata:orlando_business_tax,,,,
standard,JOSEPHINE V CORRIETTE,4072477591,,,,FL,socrata:orlando_business_tax,,,,
standard,DOMINGUEZ GARAGE DOORS INC,4072287882,,,,FL,socrata:orlando_business_tax,,,,
standard,QUALITY CLEANING SERVICES,4074676143,,,,FL,socrata:orlando_business_tax,,,,
standard,WENDY ANN SMITH HOME & OFFICE,4072924434,,,,FL,socrata:orlando_business_tax,,,,
standard,EL PILON DE ABUELITA,4078513480,,,,FL,socrata:orlando_business_tax,,,,
standard,SERVIAMERICA PROGRESS CORP,4075295344,,,,FL,socrata:orlando_business_tax,,,,
standard,ASHLEY JADES CONTRACTING LLC,8634271153,,,,FL,socrata:orlando_business_tax,,,,
standard,"BOWIE, TY/ALWAYS",4076477868,,,,FL,socrata:orlando_business_tax,,,,
standard,JUNE DELAINE JANITORIAL SERVIC,4074812269,,,,FL,socrata:orlando_business_tax,,,,
standard,JENKINS CLEANING BUILDING,4078984217,,,,FL,socrata:orlando_business_tax,,,,
standard,JJ LLANES CATERING,4075175209,,,,FL,socrata:orlando_business_tax,,,,
standard,BETSY SANTIAGO,4073985009,,,,FL,socrata:orlando_business_tax,,,,
standard,ARTISTIC SERVICES INC,4079230844,,,,FL,socrata:orlando_business_tax,,,,
standard,G & G THAI CUISINE,4072925554,,,,FL,socrata:orlando_business_tax,,,,
standard,DOO B GONE DOG WASTE REMOVAL S,4074914953,,,,FL,socrata:orlando_business_tax,,,,
standard,ANTJUAN JEFFERSON,4078643271,,,,FL,socrata:orlando_business_tax,,,,
standard,ON THE GRILL,4075329051,,,,FL,socrata:orlando_business_tax,,,,
standard,MINTED GREEN LLC,4072216921,,,,FL,socrata:orlando_business_tax,,,,
standard,CYNTHIA WILLIS/FREDDIES CREATI,4072940089,,,,FL,socrata:orlando_business_tax,,,,
standard,SUNFLOWER SERVICES,4078127646,,,,FL,socrata:orlando_business_tax,,,,
standard,LADYBUG LOFT,4078957199,,,,FL,socrata:orlando_business_tax,,,,
standard,SCOTT EMERSON,4078954554,,,,FL,socrata:orlando_business_tax,,,,
standard,JAMES C QUARLES/CHRIS QUARLES PROPERTIES LLC,3213031469,,,,FL,socrata:orlando_business_tax,,,,
standard,VACATION MARKETING GROUP LLC,4075188160,,,,FL,socrata:orlando_business_tax,,,,
standard,COMMERCIAL CLEANING TEAM CORP,4078603634,,,,FL,socrata:orlando_business_tax,,,,
standard,K9 KARMA,4076487485,,,,FL,socrata:orlando_business_tax,,,,
standard,BEDDING MART FURNITURE,4072492649,,,,FL,socrata:orlando_business_tax,,,,
standard,K C G CORPORATION,4077361714,,,,FL,socrata:orlando_business_tax,,,,
standard,INDIGOS FRUIT SMOOTHIES,4073100624,,,,FL,socrata:orlando_business_tax,,,,
standard,CATER 2 YOU,4074458954,,,,FL,socrata:orlando_business_tax,,,,
standard,JOHN SMARTEL,4074039956,,,,FL,socrata:orlando_business_tax,,,,
standard,TURKEY LAKE PRESS OF ORLANDO I,4072934800,,,,FL,socrata:orlando_business_tax,,,,
standard,JOSE E RAMOS/VOS REALTY,3216895700,,,,FL,socrata:orlando_business_tax,,,,
standard,THOMAS J COLEMAN,4074975712,,,,FL,socrata:orlando_business_tax,,,,
standard,JEANNETTE M BRINTON,3212977807,,,,FL,socrata:orlando_business_tax,,,,
standard,THE FIRM FOUNDATION MENTAL HEA,4072911680,,,,FL,socrata:orlando_business_tax,,,,
standard,GABYS SALES CORP,4072750140,,,,FL,socrata:orlando_business_tax,,,,
standard,FIREHOUSE SUBS,9042220280,,,,FL,socrata:orlando_business_tax,,,,
standard,ICE DELIGHTS NEW ORLEANS STYLE,4072820115,,,,FL,socrata:orlando_business_tax,,,,
standard,ANGELS HAND CABLE  INC,4077909957,,,,FL,socrata:orlando_business_tax,,,,
standard,NEW HORIZONT LLC,4075207893,,,,FL,socrata:orlando_business_tax,,,,
standard,LISA J WAIZENEGGER/ORL EAR NOS,4073313773,,,,FL,socrata:orlando_business_tax,,,,
standard,HEALTHY LIVING STRATEGIES INC,3219451153,,,,FL,socrata:orlando_business_tax,,,,
standard,HEROLD ERAZE,4074845514,,,,FL,socrata:orlando_business_tax,,,,
standard,IDEAL LANDSCAPE SERVICES,4073254190,,,,FL,socrata:orlando_business_tax,,,,
standard,NEW LIFE MINISTRIES W.O.C.,4072918877,,,,FL,socrata:orlando_business_tax,,,,
standard,MICHAEL V DAVIS/ ENCORE RETAIL,4079283822,,,,FL,socrata:orlando_business_tax,,,,
standard,MECHANICAL AIR SERVICES,4072451095,,,,FL,socrata:orlando_business_tax,,,,
standard,DRAG MASTER RECORDS,4072342071,,,,FL,socrata:orlando_business_tax,,,,
standard,A CLEAN SWEEP,4079260051,,,,FL,socrata:orlando_business_tax,,,,
standard,INSPIRATIONAL TOUCH,4072966700,,,,FL,socrata:orlando_business_tax,,,,
standard,ABSOLUTE BRICK PAVERS INC,4074270093,,,,FL,socrata:orlando_business_tax,,,,
standard,BAIL BONDS BY DINA EDWARDS LLC,4079261793,,,,FL,socrata:orlando_business_tax,,,,
standard,UGLY ROASTER RESTAURANT INC,4074014107,,,,FL,socrata:orlando_business_tax,,,,
standard,COLOR MAGIC PAINTING(CLS 09/03,4078227674,,,,FL,socrata:orlando_business_tax,,,,
standard,DOMINICANA EXPRESS INC,4073813543,,,,FL,socrata:orlando_business_tax,,,,
standard,YOUR TIME SHARE TRADER INC,4074035683,,,,FL,socrata:orlando_business_tax,,,,
standard,VENERICO,3212785583,,,,FL,socrata:orlando_business_tax,,,,
standard,SPLENDID TILE LLC,4075381095,,,,FL,socrata:orlando_business_tax,,,,
standard,LITTLE MIRACLES ACDAEMY,4074433228,,,,FL,socrata:orlando_business_tax,,,,
standard,DIANA JARAMILLO,4074517955,,,,FL,socrata:orlando_business_tax,,,,
standard,GO RELAX TRAVEL LLC,4073631000,,,,FL,socrata:orlando_business_tax,,,,
standard,THE CHURCH LLC,4074268922,,,,FL,socrata:orlando_business_tax,,,,
standard,APOTHECARY,4072752551,,,,FL,socrata:orlando_business_tax,,,,
standard,GLOBAL SOLUTIONS INTERNATIONAL,4079538899,,,,FL,socrata:orlando_business_tax,,,,
standard,ARGO CONSTRUCTION INC,3868647030,,,,FL,socrata:orlando_business_tax,,,,
standard,ANDREA SCHOBY,4074050160,,,,FL,socrata:orlando_business_tax,,,,
standard,MIKES DRYWALL OF ORLANDO INC,4076546443,,,,FL,socrata:orlando_business_tax,,,,
standard,DOUGLAS VINE/COSMETROPOLIS,4073400884,,,,FL,socrata:orlando_business_tax,,,,
standard,CUSTOM WOODWORKING CREATIONS I,6788989473,,,,FL,socrata:orlando_business_tax,,,,
standard,BUDGET BLINDS OF CLERMONT LLC,4075839777,,,,FL,socrata:orlando_business_tax,,,,
standard,RUPERT CAMPBELL,4075214889,,,,FL,socrata:orlando_business_tax,,,,
standard,LAXMI PRODUCTIONS INC,4072778092,,,,FL,socrata:orlando_business_tax,,,,
standard,ATM TRUST INCORPORATED,4072600772,,,,FL,socrata:orlando_business_tax,,,,
standard,JOHNSONS WRECKER SERVICE INC,4072932540,,,,FL,socrata:orlando_business_tax,,,,
standard,CREATIVE MORTGAGE FUNDING INC,4072360073,,,,FL,socrata:orlando_business_tax,,,,
standard,JASON PAINTING INC,7542149075,,,,FL,socrata:orlando_business_tax,,,,
standard,"MARTINEZ, GRACIELA/WASSERMAN",4075782002,,,,FL,socrata:orlando_business_tax,,,,
standard,JEROME KELLY,3213888864,,,,FL,socrata:orlando_business_tax,,,,
standard,WILLIAM J FORESTER LLC,4078477556,,,,FL,socrata:orlando_business_tax,,,,
standard,MDA CORP OF ORLANDO,3212847709,,,,FL,socrata:orlando_business_tax,,,,
standard,RAPID WHITE SMILE,3522557890,,,,FL,socrata:orlando_business_tax,,,,
standard,JOHN C WILLIS IV PA,4072916886,,,,FL,socrata:orlando_business_tax,,,,
standard,TRI COUNTY PSYCHIATRIC ASSOCIA,4075786200,,,,FL,socrata:orlando_business_tax,,,,
standard,LUIS ARCE,4074436545,,,,FL,socrata:orlando_business_tax,,,,
standard,WESTERN STONE & METAL CORP,3037923500,,,,FL,socrata:orlando_business_tax,,,,
standard,AFFORDABLE PROFESSIONAL MOVING,4073829846,,,,FL,socrata:orlando_business_tax,,,,
standard,ONE TENTH ENTERPRISES LLC,4075124133,,,,FL,socrata:orlando_business_tax,,,,
standard,AMERICAN DEPOSIT INSURANCE CO,2058038229,,,,FL,socrata:orlando_business_tax,,,,
standard,ADVANCED DISCOUNT DOLLAR,4072817950,,,,FL,socrata:orlando_business_tax,,,,
standard,ATLANTIC CONTRACTORS INC,4074201920,,,,FL,socrata:orlando_business_tax,,,,
standard,ABRANTES FIGUEIREDO CORP,3212782566,,,,FL,socrata:orlando_business_tax,,,,
standard,NEAT & ELITE CLEANING SERVICES,4075386514,,,,FL,socrata:orlando_business_tax,,,,
standard,SWEET SENSATION DESSERTS INC,4078573275,,,,FL,socrata:orlando_business_tax,,,,
standard,WINGATE CORPORATION,4072999036,,,,FL,socrata:orlando_business_tax,,,,
standard,V I P TRANSPORTATION GROUP LL,4072901928,,,,FL,socrata:orlando_business_tax,,,,
standard,JULIAN TIMA,4073805207,,,,FL,socrata:orlando_business_tax,,,,
standard,ANGELS INTERIORS LLC,4073813785,,,,FL,socrata:orlando_business_tax,,,,
standard,"PLATINUM CONSTRUCTION COMPANY,",4076500056,,,,FL,socrata:orlando_business_tax,,,,
standard,FELIX COMMUNICATION LLC,3212029186,,,,FL,socrata:orlando_business_tax,,,,
standard,KIMBERLY JONES FINAL TOUCH,4073160482,,,,FL,socrata:orlando_business_tax,,,,
standard,COAST TO COAST LABORATORIES,4079260250,,,,FL,socrata:orlando_business_tax,,,,
standard,CARRIBEAN HANDYMAN SERVICES,4078505732,,,,FL,socrata:orlando_business_tax,,,,
standard,DOUBBLE B CABLE CONTRACTORS LL,3184705983,,,,FL,socrata:orlando_business_tax,,,,
standard,EL JARDINERO LANDCARE,4079685523,,,,FL,socrata:orlando_business_tax,,,,
standard,JASU FLORIDA ROOFING INC,8007279591,,,,FL,socrata:orlando_business_tax,,,,
standard,GODS DEVINE SHINE BY PERRY ROB,4072850340,,,,FL,socrata:orlando_business_tax,,,,
standard,LATINOTAX SERVICES INC,4073710348,,,,FL,socrata:orlando_business_tax,,,,
standard,PRO COATING INC ODOM PAINTING,4072968866,,,,FL,socrata:orlando_business_tax,,,,
standard,NEW HORIZON 4 YOUTH & FAMILIES,3212879243,,,,FL,socrata:orlando_business_tax,,,,
standard,AMERICAN MEDICAL RESPONSE,4075783656,,,,FL,socrata:orlando_business_tax,,,,
standard,HOLD EVERYTHING #457,4073705773,,,,FL,socrata:orlando_business_tax,,,,
standard,T P O N ENTERPRISE INC,4075229581,,,,FL,socrata:orlando_business_tax,,,,
standard,DEXTER MAYHEW,4079523168,,,,FL,socrata:orlando_business_tax,,,,
standard,WILLIAM MCKNIGHT,4072428933,,,,FL,socrata:orlando_business_tax,,,,
standard,JUNIE VICTORS TRANSPORTATION,4076901643,,,,FL,socrata:orlando_business_tax,,,,
standard,"TAUSSIG, ANDREW S MD/CENTRAL F",4078417151,,,,FL,socrata:orlando_business_tax,,,,
standard,LUIS A CINTRON,4074357608,,,,FL,socrata:orlando_business_tax,,,,
standard,HOUSEWARMINGS,4078945700,,,,FL,socrata:orlando_business_tax,,,,
standard,ARCHIE WANKO,4077151567,,,,FL,socrata:orlando_business_tax,,,,
standard,LOGIC METAL INC,3212762580,,,,FL,socrata:orlando_business_tax,,,,
standard,RGG INSTALLATIONS INC,4076489091,,,,FL,socrata:orlando_business_tax,,,,
standard,ADELINE MILFORT TERTILIEN,4072992105,,,,FL,socrata:orlando_business_tax,,,,
standard,ALTERATION PLUS USA LLC,4072917936,,,,FL,socrata:orlando_business_tax,,,,
standard,EDMUND C STRASSER,4078958823,,,,FL,socrata:orlando_business_tax,,,,
standard,ARTSWORK BUILDERS INC,4079478318,,,,FL,socrata:orlando_business_tax,,,,
standard,FLORIDA HOSPITAL,4078971793,,,,FL,socrata:orlando_business_tax,,,,
standard,RV PAVERS CORPORATION,3216622146,,,,FL,socrata:orlando_business_tax,,,,
standard,CONCRETE DECISIONS INC,3212996281,,,,FL,socrata:orlando_business_tax,,,,
standard,SENTINEL DETECTION SYSTEMS INC,4073520095,,,,FL,socrata:orlando_business_tax,,,,
standard,BRIGHT HOUSE NETWORKS LLC,4072155598,,,,FL,socrata:orlando_business_tax,,,,
standard,BEAS SNACKS,4076619100,,,,FL,socrata:orlando_business_tax,,,,
standard,FIRST PRIORITY TITLE LLC,3212811315,,,,FL,socrata:orlando_business_tax,,,,
standard,AMERICAN HERITAGE FOOD SERVICE,4072562892,,,,FL,socrata:orlando_business_tax,,,,
standard,ELLIOT MARTINEZ,4074704308,,,,FL,socrata:orlando_business_tax,,,,
standard,MARCUS E HAYNES/ ATLANTIC COAS,3212787712,,,,FL,socrata:orlando_business_tax,,,,
standard,THE S/L/A/M COLLABORATIVE INC,8606578077,,,,FL,socrata:orlando_business_tax,,,,
standard,METRO CITY REALTY & CONDOS INC,4078088743,,,,FL,socrata:orlando_business_tax,,,,
standard,UNDERSTANDINGSELF.COM LLC,4074260511,,,,FL,socrata:orlando_business_tax,,,,
standard,JOEL D COSME,4078609521,,,,FL,socrata:orlando_business_tax,,,,
standard,WINDERMERE REALTY GROUP INC,4079030889,,,,FL,socrata:orlando_business_tax,,,,
standard,ABEL V PEREZ,4077457580,,,,FL,socrata:orlando_business_tax,,,,
standard,FLOS CATERING,4074723904,,,,FL,socrata:orlando_business_tax,,,,
standard,NORIEGAS SMOKE SHOP,4075911479,,,,FL,socrata:orlando_business_tax,,,,
standard,GAMES EXPRESS,7344772104,,,,FL,socrata:orlando_business_tax,,,,
standard,BRIDGEWAY MEDICAL GROUP,4078973806,,,,FL,socrata:orlando_business_tax,,,,
standard,QUALITY CONNEX INC,4074489180,,,,FL,socrata:orlando_business_tax,,,,
standard,JOHN A YOUNG CORPORATION,4072987188,,,,FL,socrata:orlando_business_tax,,,,
standard,SHELTERMORTGAGE COMPANY LLC,4078964794,,,,FL,socrata:orlando_business_tax,,,,
standard,LUKAS CONTRACTORS INC,4074688703,,,,FL,socrata:orlando_business_tax,,,,
standard,7 STARS AUTO GLASS INC,4072903333,,,,FL,socrata:orlando_business_tax,,,,
standard,THE DASCO COMPANIES LLC,4074223612,,,,FL,socrata:orlando_business_tax,,,,
standard,DLAVACE INC,4072989872,,,,FL,socrata:orlando_business_tax,,,,
standard,ROBERT MCCOY LANDCARE,4074069446,,,,FL,socrata:orlando_business_tax,,,,
standard,GEORGE MABRY JR CLEANING SERVI,4072591127,,,,FL,socrata:orlando_business_tax,,,,
standard,GULFEAGLE SUPPLY,4072936700,,,,FL,socrata:orlando_business_tax,,,,
standard,NICK VLADO,4073965021,,,,FL,socrata:orlando_business_tax,,,,
standard,MELVIN MARTINEZ TOWING,4073820923,,,,FL,socrata:orlando_business_tax,,,,
standard,TONYS CARPENTRY INC,4072439720,,,,FL,socrata:orlando_business_tax,,,,
standard,D'CHOCOLAT BOUTIQUE LLC,4078972244,,,,FL,socrata:orlando_business_tax,,,,
standard,ANTHONY J DIAZ/CHECCHIO & STON,4076496740,,,,FL,socrata:orlando_business_tax,,,,
standard,GREGORY GORDON,4079707550,,,,FL,socrata:orlando_business_tax,,,,
standard,STRATEGIC IT SOLUTIONS AND,4078959553,,,,FL,socrata:orlando_business_tax,,,,
standard,TROPICAL FASHION BOUTIQUE,4075684433,,,,FL,socrata:orlando_business_tax,,,,
standard,B J ADAMS & ASSOCIATES INC,3212393394,,,,FL,socrata:orlando_business_tax,,,,
standard,EMBRY CARTER,4074510582,,,,FL,socrata:orlando_business_tax,,,,
standard,GH CONCRETE PUMPING LLC,4074365963,,,,FL,socrata:orlando_business_tax,,,,
standard,PRICELESS DRY CLEANERS,4076455519,,,,FL,socrata:orlando_business_tax,,,,
standard,AUTHENTIC CUBAN CAFE,4078393810,,,,FL,socrata:orlando_business_tax,,,,
standard,SPORTS ORTHOPEDIC REHABILITATI,4072945550,,,,FL,socrata:orlando_business_tax,,,,
standard,CENTRAL FLORIDA PAVER CORP,4074924992,,,,FL,socrata:orlando_business_tax,,,,
standard,QUBTY FINANCIAL GROUP,4073703030,,,,FL,socrata:orlando_business_tax,,,,
standard,DELROY CAMPBELL FLOORING LLC,4074892568,,,,FL,socrata:orlando_business_tax,,,,
standard,ON TIME CLEANING OF FLORIDA IN,4078223852,,,,FL,socrata:orlando_business_tax,,,,
standard,SPECIAL TIME DJS,3215585800,,,,FL,socrata:orlando_business_tax,,,,
standard,BEVERLY L LITTLE,2514320084,,,,FL,socrata:orlando_business_tax,,,,
standard,ERYN MCCONNELL/DI MASI BURTON PA,4078393383,,,,FL,socrata:orlando_business_tax,,,,
standard,M2 MANAGEMENT INC,4075326544,,,,FL,socrata:orlando_business_tax,,,,
standard,VIAGGIO INC,4075380564,,,,FL,socrata:orlando_business_tax,,,,
standard,ORLANDO CHAUFFEURED SERVICES I,4072404540,,,,FL,socrata:orlando_business_tax,,,,
standard,THE INTERNATIONAL GROUP LLC,5612829870,,,,FL,socrata:orlando_business_tax,,,,
standard,OK IMPORT & EXPORT CORPORATION,4074095261,,,,FL,socrata:orlando_business_tax,,,,
standard,CONWAYS BBQ,4073621748,,,,FL,socrata:orlando_business_tax,,,,
standard,HENRY VELASQUEZ,4078352748,,,,FL,socrata:orlando_business_tax,,,,
standard,ODALIS MEDINA,3867896087,,,,FL,socrata:orlando_business_tax,,,,
standard,GOODE & PLENTI LLC,4079322804,,,,FL,socrata:orlando_business_tax,,,,
standard,HONEY BEE MOBILE CLEANING SERV,4072935433,,,,FL,socrata:orlando_business_tax,,,,
standard,JM MARBLE & TILE INC,4074276255,,,,FL,socrata:orlando_business_tax,,,,
standard,RITE BIKE SHOP,4078959535,,,,FL,socrata:orlando_business_tax,,,,
standard,STREET SUPER SPORT INC,4077707333,,,,FL,socrata:orlando_business_tax,,,,
standard,BLACK BOX BAR-B-QUE INC,4074431812,,,,FL,socrata:orlando_business_tax,,,,
standard,NATIONAL DISTRIBUTION CENTERS,4078570649,,,,FL,socrata:orlando_business_tax,,,,
standard,JOYCE TALLEY,4077162672,,,,FL,socrata:orlando_business_tax,,,,
standard,THE RED APRON CATERING,7723609169,,,,FL,socrata:orlando_business_tax,,,,
standard,EDDIE PARAMORE OUT THE DOOR BA,4076602663,,,,FL,socrata:orlando_business_tax,,,,
standard,"RIGBY, BARRY W",4079992630,,,,FL,socrata:orlando_business_tax,,,,
standard,BEE- BALDEOSINGHS ENTERPRISES,4072988243,,,,FL,socrata:orlando_business_tax,,,,
standard,RICHARD MOSS,4073514255,,,,FL,socrata:orlando_business_tax,,,,
standard,GARY BOGDON PHOTOGRAPHY INC,4078961844,,,,FL,socrata:orlando_business_tax,,,,
standard,NOVAK TITLE CORP,4079470589,,,,FL,socrata:orlando_business_tax,,,,
standard,JAKES PROFESSIONAL HANDYMAN SE,4074535108,,,,FL,socrata:orlando_business_tax,,,,
standard,LA FAMILIA LANDSCAPING INC,4077580753,,,,FL,socrata:orlando_business_tax,,,,
standard,IDEAL MORTGAGE SERVICES INC,4077588030,,,,FL,socrata:orlando_business_tax,,,,
standard,BA DA BING HOT DOGS INC,4073108356,,,,FL,socrata:orlando_business_tax,,,,
standard,NU 1 BEAUTY OF ORLANDO INC,4075327322,,,,FL,socrata:orlando_business_tax,,,,
standard,SOUPS & STEWS BY LEA LLC,4076251054,,,,FL,socrata:orlando_business_tax,,,,
standard,LAZARUS INVESTMENTS INC,4078933700,,,,FL,socrata:orlando_business_tax,,,,
standard,AAA CERTIFIED HOME INSPECTIONS,4078032976,,,,FL,socrata:orlando_business_tax,,,,
standard,JOSE L SILVA,3212878654,,,,FL,socrata:orlando_business_tax,,,,
standard,UNIVERSAL CLEANING CONCEPTS IN,4076921396,,,,FL,socrata:orlando_business_tax,,,,
standard,ALLSTATE MORTGAGE & LOAN CORPO,4073621733,,,,FL,socrata:orlando_business_tax,,,,
standard,ACA ONE CORP,4074663698,,,,FL,socrata:orlando_business_tax,,,,
standard,FRANKLIN BERMUDEZ,4079224945,,,,FL,socrata:orlando_business_tax,,,,
standard,ORLANDO ORTHOPAEDIC CENTER,4072542528,,,,FL,socrata:orlando_business_tax,,,,
standard,WILMA SUE WILLIAMS,4078520485,,,,FL,socrata:orlando_business_tax,,,,
standard,KENTON SMITH ADVERTISING AND P,4078566680,,,,FL,socrata:orlando_business_tax,,,,
standard,SHAWN MECHANICAL SERVICES LLC,4074270521,,,,FL,socrata:orlando_business_tax,,,,
standard,DBD DEVELOPERS INC,4072289595,,,,FL,socrata:orlando_business_tax,,,,
standard,KDA FINANCIAL INC,4072464022,,,,FL,socrata:orlando_business_tax,,,,
standard,RAPHSODIC COOPERATIVE COMPANY,9545475882,,,,FL,socrata:orlando_business_tax,,,,
standard,BARRY S LANHAM/BSL ENTERPRISES,4072320048,,,,FL,socrata:orlando_business_tax,,,,
standard,A & W COACH,4077650607,,,,FL,socrata:orlando_business_tax,,,,
standard,ELIAS LOPEZ,4076589162,,,,FL,socrata:orlando_business_tax,,,,
standard,KIM MICHAEL CULLEN,4072544901,,,,FL,socrata:orlando_business_tax,,,,
standard,CLONISE ST CHARLES,4077662390,,,,FL,socrata:orlando_business_tax,,,,
standard,ACTION TAXI INC,4075067170,,,,FL,socrata:orlando_business_tax,,,,
standard,SHARALEE SHERMAN,4078958015,,,,FL,socrata:orlando_business_tax,,,,
standard,THE SURF WAREHOUSE OUTLET,4078351313,,,,FL,socrata:orlando_business_tax,,,,
standard,NADINE BERGAN CLEANING SERVICE,4075788647,,,,FL,socrata:orlando_business_tax,,,,
standard,WJ PAULS FLOORING INC,4078951284,,,,FL,socrata:orlando_business_tax,,,,
standard,MARTIN FORSTER,4078496600,,,,FL,socrata:orlando_business_tax,,,,
standard,PHILLIP D TOWNES,4077700778,,,,FL,socrata:orlando_business_tax,,,,
standard,RODNEY W WOODARD SR,3214386454,,,,FL,socrata:orlando_business_tax,,,,
standard,FLIGHT ATTENDANT 101 INC,4078417373,,,,FL,socrata:orlando_business_tax,,,,
standard,DIGITAL LIFESTYLE GROUP LLC,4073257374,,,,FL,socrata:orlando_business_tax,,,,
standard,LMG CONSTRUCTION SERVICES INC,4078982525,,,,FL,socrata:orlando_business_tax,,,,
standard,QUALITY ON TIME CORP,4075227050,,,,FL,socrata:orlando_business_tax,,,,
standard,PRIMARY HEALTH CARE ASSOCIATES,4078945054,,,,FL,socrata:orlando_business_tax,,,,
standard,IVAN RIVERA,4072427901,,,,FL,socrata:orlando_business_tax,,,,
standard,GARY S ISRAEL PA,4079561020,,,,FL,socrata:orlando_business_tax,,,,
standard,HEARTS,4072984103,,,,FL,socrata:orlando_business_tax,,,,
standard,ARRANGING PIXELS LLC,4076168034,,,,FL,socrata:orlando_business_tax,,,,
standard,JAMES REVELL TREE SERVICE,4074682359,,,,FL,socrata:orlando_business_tax,,,,
standard,GYANESHWAR JADNAUTH/SEE WORLD,4072829753,,,,FL,socrata:orlando_business_tax,,,,
standard,RRR INSTALLATIONS INC,4073611679,,,,FL,socrata:orlando_business_tax,,,,
standard,JITRENKA SIMIKOVA,4076173898,,,,FL,socrata:orlando_business_tax,,,,
standard,L Q ATELIER INC,4076295383,,,,FL,socrata:orlando_business_tax,,,,
standard,CHARLES E ALLISON,4076494878,,,,FL,socrata:orlando_business_tax,,,,
standard,PARANA TILES INC,4075320182,,,,FL,socrata:orlando_business_tax,,,,
standard,WINDOWGIANT CENTRAL FLORIDA LL,4076254754,,,,FL,socrata:orlando_business_tax,,,,
standard,ALPHA PAINTERS,4072301022,,,,FL,socrata:orlando_business_tax,,,,
standard,BORBOREMA STONE INC,4074674350,,,,FL,socrata:orlando_business_tax,,,,
standard,INFOPRINT SOLUTIONS COMPANY LL,3039249348,,,,FL,socrata:orlando_business_tax,,,,
standard,VIP CLEANING SERVICE LTD CO,4072966969,,,,FL,socrata:orlando_business_tax,,,,
standard,EXQUISITE CRAFTS INC,4072966580,,,,FL,socrata:orlando_business_tax,,,,
standard,ED BRICK & PAVERS CORP,3212314426,,,,FL,socrata:orlando_business_tax,,,,
standard,JEAN FRANCOIS DESNOYERS,4074479685,,,,FL,socrata:orlando_business_tax,,,,
standard,TAY PUAY HEEM,3212285515,,,,FL,socrata:orlando_business_tax,,,,
standard,GAYLON L STEWART SHOWTYME AUTO,4078949104,,,,FL,socrata:orlando_business_tax,,,,
standard,BENJAMIN FLOOR CORP,3212291158,,,,FL,socrata:orlando_business_tax,,,,
standard,COGNOSCENTI HEALTH INSTITUTE L,4078978880,,,,FL,socrata:orlando_business_tax,,,,
standard,BENITEZ HANDYMAN SERVICES LLC,4072861859,,,,FL,socrata:orlando_business_tax,,,,
standard,CAJUN KITCHEN LLC,4078864175,,,,FL,socrata:orlando_business_tax,,,,
standard,C E P FLOOR COVERING INC,3212970576,,,,FL,socrata:orlando_business_tax,,,,
standard,THE EVENT SPA,4072431985,,,,FL,socrata:orlando_business_tax,,,,
standard,CUSTOM DESIGNS BY DARRYLE GOOP,6785966863,,,,FL,socrata:orlando_business_tax,,,,
standard,ROBERT GOODE,4073833016,,,,FL,socrata:orlando_business_tax,,,,
standard,PRESTIGE AUTO SOUND,4077604704,,,,FL,socrata:orlando_business_tax,,,,
standard,VIETNAM BIDA,4072520969,,,,FL,socrata:orlando_business_tax,,,,
standard,KIMBERLY C BRUMBACK,4072301809,,,,FL,socrata:orlando_business_tax,,,,
standard,DWYANE MITCHELL,7572366522,,,,FL,socrata:orlando_business_tax,,,,
standard,JAMES JENKINS,6784103480,,,,FL,socrata:orlando_business_tax,,,,
standard,NATASHA JEAN MARIE,4074638480,,,,FL,socrata:orlando_business_tax,,,,
standard,DLLJ INC,4078948237,,,,FL,socrata:orlando_business_tax,,,,
standard,LIQUOR CITY 5,4073528838,,,,FL,socrata:orlando_business_tax,,,,
standard,M J R HANDYMAN,3219606603,,,,FL,socrata:orlando_business_tax,,,,
standard,PRIDE CONSTRUCTION GROUP INC,4074689666,,,,FL,socrata:orlando_business_tax,,,,
standard,DURIGON CONSTRUCTION INC,3216628268,,,,FL,socrata:orlando_business_tax,,,,
standard,MORTGAGE SECURITY NETWORK INC,4074811970,,,,FL,socrata:orlando_business_tax,,,,
standard,MARTIN TIER,4077615276,,,,FL,socrata:orlando_business_tax,,,,
standard,NACE AND CONSALO LLC,4078959393,,,,FL,socrata:orlando_business_tax,,,,
standard,ELECTRONICS OUTLET II,4072499997,,,,FL,socrata:orlando_business_tax,,,,
standard,AL H RODGERS PRODUCE,3212973604,,,,FL,socrata:orlando_business_tax,,,,
standard,HECTOR FEBUS,4078449922,,,,FL,socrata:orlando_business_tax,,,,
standard,EXCHANGE NEWS CAFE,4075818855,,,,FL,socrata:orlando_business_tax,,,,
standard,TIFFANY DAVIS,4078224753,,,,FL,socrata:orlando_business_tax,,,,
standard,WHITTS ENTERPRISE LLC,4072981422,,,,FL,socrata:orlando_business_tax,,,,
standard,CHIN I HUANG,4078946175,,,,FL,socrata:orlando_business_tax,,,,
standard,STONE CENTURY INC,3219603130,,,,FL,socrata:orlando_business_tax,,,,
standard,PLANET SMOOTHIE #463,4077701738,,,,FL,socrata:orlando_business_tax,,,,
standard,COLE HAAN COMPANY STORE,4072488388,,,,FL,socrata:orlando_business_tax,,,,
standard,WANDA M WILEY,4072967732,,,,FL,socrata:orlando_business_tax,,,,
standard,JELLYMATION STUDIOS INC,3212976365,,,,FL,socrata:orlando_business_tax,,,,
standard,WELL HUNG DOOR & TRIM LLC,4074210160,,,,FL,socrata:orlando_business_tax,,,,
standard,ANNIE F CALDERON,4072588768,,,,FL,socrata:orlando_business_tax,,,,
standard,NSMN INC,4072671619,,,,FL,socrata:orlando_business_tax,,,,
standard,MH BRICK PAVERS COMPANY,3212291418,,,,FL,socrata:orlando_business_tax,,,,
standard,FLAMINGO FINANCING COMPANY,4074823673,,,,FL,socrata:orlando_business_tax,,,,
standard,R BENITEZ & K DUARTE,9543045008,,,,FL,socrata:orlando_business_tax,,,,
standard,EW GRANT HURRICAN RELIEF & CLE,3212021795,,,,FL,socrata:orlando_business_tax,,,,
standard,ELEMENT CONTRATORS INC,3212877083,,,,FL,socrata:orlando_business_tax,,,,
standard,SANDERS & SANDERS PA,4078430012,,,,FL,socrata:orlando_business_tax,,,,
standard,SUZETTE BENJAMIN,4076925063,,,,FL,socrata:orlando_business_tax,,,,
standard,PSH TITLE LLC,4075293088,,,,FL,socrata:orlando_business_tax,,,,
standard,BLOOMSICAL LLC,4076942551,,,,FL,socrata:orlando_business_tax,,,,
standard,JAMES & JAMES COMMERCIAL  SERV,4075226345,,,,FL,socrata:orlando_business_tax,,,,
standard,ORANGE LAKE COUNTRY CLUB INC,4072395200,,,,FL,socrata:orlando_business_tax,,,,
standard,AUTOBAHN MOTOR WORKS INC,4073667380,,,,FL,socrata:orlando_business_tax,,,,
standard,MUD SLINGERS OF MISSOURI INC,4177258891,,,,FL,socrata:orlando_business_tax,,,,
standard,LOLA BELLAS,7272155287,,,,FL,socrata:orlando_business_tax,,,,
standard,VOLCANOS LLC,4072608845,,,,FL,socrata:orlando_business_tax,,,,
standard,GRACE TITLE PARTNERS I LLC,4077747855,,,,FL,socrata:orlando_business_tax,,,,
standard,SRL786 INC,4073519985,,,,FL,socrata:orlando_business_tax,,,,
standard,DEFIBRILLATORS INC,4078988577,,,,FL,socrata:orlando_business_tax,,,,
standard,ORLANDO WHOLESALE PRINTING INC,3212284737,,,,FL,socrata:orlando_business_tax,,,,
standard,HERMANOS FRAMING INC,4075567075,,,,FL,socrata:orlando_business_tax,,,,
standard,VICTOR & VICTOR CONSTRUCTION,2392333366,,,,FL,socrata:orlando_business_tax,,,,
standard,JENNIFER ROBERTS,3214426078,,,,FL,socrata:orlando_business_tax,,,,
standard,YUMMY JELLY INC,4078978865,,,,FL,socrata:orlando_business_tax,,,,
standard,MINORITY COUNSELING & RESOURCE,4074478980,,,,FL,socrata:orlando_business_tax,,,,
standard,IRACEMA C LIMA,3216953884,,,,FL,socrata:orlando_business_tax,,,,
standard,DAWN ALLEN/TAKE CARE HEALTH,8475274672,,,,FL,socrata:orlando_business_tax,,,,
standard,DEPAULA CONSTRUCTION INC,4079531511,,,,FL,socrata:orlando_business_tax,,,,
standard,MARIA T GARCIA MD,4078967425,,,,FL,socrata:orlando_business_tax,,,,
standard,DUST BUSTERS,3216632370,,,,FL,socrata:orlando_business_tax,,,,
standard,T & T ALL LAWNS ENTERPRISE INC,4075387291,,,,FL,socrata:orlando_business_tax,,,,
standard,GOLDEN GOAL SPORT,4074607633,,,,FL,socrata:orlando_business_tax,,,,
standard,JOSEPH LOUIS JEUNE,4076483068,,,,FL,socrata:orlando_business_tax,,,,
standard,ABSOLUTELY FABULOUS EVENTS LLC,4078965820,,,,FL,socrata:orlando_business_tax,,,,
standard,JUICY BONES BBQ,4072566404,,,,FL,socrata:orlando_business_tax,,,,
standard,FRANCES BROWN,4073511405,,,,FL,socrata:orlando_business_tax,,,,
standard,TRACKER BOATS,4072488115,,,,FL,socrata:orlando_business_tax,,,,
standard,TANYA M OLICK/ REACH WELLNESS,4074483851,,,,FL,socrata:orlando_business_tax,,,,
standard,OMJI WELLNESS CENTER,4072344345,,,,FL,socrata:orlando_business_tax,,,,
standard,EMERSON NETWORK POWER EMBEDD,6088315500,,,,FL,socrata:orlando_business_tax,,,,
standard,JEROME WALKER III,4072981360,,,,FL,socrata:orlando_business_tax,,,,
standard,ENTERPRISE RENT A TRUCK,4074477999,,,,FL,socrata:orlando_business_tax,,,,
standard,BELLAMY BUILDING SERVICES INC,4072950067,,,,FL,socrata:orlando_business_tax,,,,
standard,PEDRO J HERNANDEZ JR,4072192605,,,,FL,socrata:orlando_business_tax,,,,
standard,SELWYN A LLOYD,4072534319,,,,FL,socrata:orlando_business_tax,,,,
standard,DEON RHODEN,4072570974,,,,FL,socrata:orlando_business_tax,,,,
standard,LORENZO L CARSWELL,4079023824,,,,FL,socrata:orlando_business_tax,,,,
standard,NORSUR INC,4074362254,,,,FL,socrata:orlando_business_tax,,,,
standard,ERIC MAYNARD,9734964984,,,,FL,socrata:orlando_business_tax,,,,
standard,SPIRIT HALLOWEEN SUPERSTORES,6096455504,,,,FL,socrata:orlando_business_tax,,,,
standard,JUSTICE JUST FOR GIRLS #699,6305412614,,,,FL,socrata:orlando_business_tax,,,,
standard,ICED OUT JEWELRY,4072908978,,,,FL,socrata:orlando_business_tax,,,,
standard,SOBIKS SUBS METROWEST,4078350171,,,,FL,socrata:orlando_business_tax,,,,
standard,HIGH CONNECTION LLC,4074847841,,,,FL,socrata:orlando_business_tax,,,,
standard,AMY L BLAKE/THE BLAKE LAW FIRM,4078419051,,,,FL,socrata:orlando_business_tax,,,,
standard,GOD DID IT EVG LORETHA WILLIAM,4076922980,,,,FL,socrata:orlando_business_tax,,,,
standard,TABARRION STOVES KIDS FASHION,4079169101,,,,FL,socrata:orlando_business_tax,,,,
standard,INTELLECTUAL BABY LLC,4072767344,,,,FL,socrata:orlando_business_tax,,,,
standard,GREATER ORLANDO DEVELOPMENT LL,4074723903,,,,FL,socrata:orlando_business_tax,,,,
standard,ORANGE COUNTY EMPLOYEE LEASING,4077669528,,,,FL,socrata:orlando_business_tax,,,,
standard,INTRAWEST SANDESTIN COMPANY,4074726500,,,,FL,socrata:orlando_business_tax,,,,
standard,TEAM FORCE STAFFING SOLUTIONS,4074019407,,,,FL,socrata:orlando_business_tax,,,,
standard,CESAR PALLARES,4074289284,,,,FL,socrata:orlando_business_tax,,,,
standard,CASTLE ROCK CONTRACTOR LLC,8135464750,,,,FL,socrata:orlando_business_tax,,,,
standard,DAVID T COLEMAN,4074271959,,,,FL,socrata:orlando_business_tax,,,,
standard,MORROWS CANDY,4078953600,,,,FL,socrata:orlando_business_tax,,,,
standard,JAMES WILLIAMS,3219485503,,,,FL,socrata:orlando_business_tax,,,,
standard,CASA DEL SOL LLC,4075062800,,,,FL,socrata:orlando_business_tax,,,,
standard,GILLIS DRYWALL COMPANY,3216639037,,,,FL,socrata:orlando_business_tax,,,,
standard,PETALS BY THE SEA,4078952911,,,,FL,socrata:orlando_business_tax,,,,
standard,LAW OFFICE OF MICHAEL J MACDON,4079990016,,,,FL,socrata:orlando_business_tax,,,,
standard,MICHAEL SIZEMORE,4072424430,,,,FL,socrata:orlando_business_tax,,,,
standard,VES CLEANING SERVICES INC,4072773331,,,,FL,socrata:orlando_business_tax,,,,
standard,FORGET ME NOT BIBLE BOOKSTORE,4073068996,,,,FL,socrata:orlando_business_tax,,,,
standard,DIANE LYNN ALBRIGHT,4072576514,,,,FL,socrata:orlando_business_tax,,,,
standard,RUSSETT FINANCE SERVICES USA L,4073168776,,,,FL,socrata:orlando_business_tax,,,,
standard,JOHN R SAMAAN PA,4074720676,,,,FL,socrata:orlando_business_tax,,,,
standard,KMAF INC,7722157456,,,,FL,socrata:orlando_business_tax,,,,
standard,NEXUS ORLANDO REAL ESTATE GRP,4073531811,,,,FL,socrata:orlando_business_tax,,,,
standard,SWEET SYRENITY SERVICES INC,4076884481,,,,FL,socrata:orlando_business_tax,,,,
standard,CHECK ON HOLD INC,3862522294,,,,FL,socrata:orlando_business_tax,,,,
standard,VS DIMENSION INC,3212299587,,,,FL,socrata:orlando_business_tax,,,,
standard,AMG DRYWALL  INC,3216634962,,,,FL,socrata:orlando_business_tax,,,,
standard,GOOD LOOK CLEANING INC,3212465741,,,,FL,socrata:orlando_business_tax,,,,
standard,CONWAYS QUE N GO,4074815747,,,,FL,socrata:orlando_business_tax,,,,
standard,PHENIX CONTRACTORS INC,4072350208,,,,FL,socrata:orlando_business_tax,,,,
standard,MARK GORDON,4072869205,,,,FL,socrata:orlando_business_tax,,,,
standard,CITY OASIS,4078988101,,,,FL,socrata:orlando_business_tax,,,,
standard,PH3 DESIGN INC,3212068771,,,,FL,socrata:orlando_business_tax,,,,
standard,JC EDMA CORP,3212879994,,,,FL,socrata:orlando_business_tax,,,,
standard,MASTER TAX I INC,4072753610,,,,FL,socrata:orlando_business_tax,,,,
standard,BOND AVIATION INC,4078882983,,,,FL,socrata:orlando_business_tax,,,,
standard,A&G HANDYMAN SERVICE INC,4074487666,,,,FL,socrata:orlando_business_tax,,,,
standard,MED STAR TRANSPORTATION INC,4078937162,,,,FL,socrata:orlando_business_tax,,,,
standard,B&J DYNASTY,4072962696,,,,FL,socrata:orlando_business_tax,,,,
standard,NATHANIEL NUON,4075748986,,,,FL,socrata:orlando_business_tax,,,,
standard,CARI CURRI,4078944184,,,,FL,socrata:orlando_business_tax,,,,
standard,GAUGHAN REALTY SOLUTIONS LLC,4077163088,,,,FL,socrata:orlando_business_tax,,,,
standard,HISPANIC ACHIEVERS,4072287267,,,,FL,socrata:orlando_business_tax,,,,
standard,JULIAN CLEVELAND,4075786644,,,,FL,socrata:orlando_business_tax,,,,
standard,EINSTIEN BROS BAGELS,4073972554,,,,FL,socrata:orlando_business_tax,,,,
standard,HECTOR MALADONADO JR,3216249457,,,,FL,socrata:orlando_business_tax,,,,
standard,LEO STEVENS,6309033066,,,,FL,socrata:orlando_business_tax,,,,
standard,DIGINETLINK,8327883979,,,,FL,socrata:orlando_business_tax,,,,
standard,XPRESS CUTS,4072341838,,,,FL,socrata:orlando_business_tax,,,,
standard,MORTGAGE MAX DIRCT LLC,4079921860,,,,FL,socrata:orlando_business_tax,,,,
standard,ANDREW D MACHAR/ JT MORTGAGE,4072287015,,,,FL,socrata:orlando_business_tax,,,,
standard,GREENHOUSE FUNDING CORP,4073596719,,,,FL,socrata:orlando_business_tax,,,,
standard,TEAMWORKS,4079284085,,,,FL,socrata:orlando_business_tax,,,,
standard,TAMEKA L CARROLL/TROPICAL PARA,4072826021,,,,FL,socrata:orlando_business_tax,,,,
standard,69WAYS.NET,4078959349,,,,FL,socrata:orlando_business_tax,,,,
standard,NIKKI NICOLES BOUTIQUE,4074205994,,,,FL,socrata:orlando_business_tax,,,,
standard,JBR DIVERSIFIED INVESTMENTS I,4076484413,,,,FL,socrata:orlando_business_tax,,,,
standard,BLIND EXPRESS,3212175362,,,,FL,socrata:orlando_business_tax,,,,
standard,VMI LTD COMPANY,3212930521,,,,FL,socrata:orlando_business_tax,,,,
standard,RESEARCH MARKETING GROUP INC,4078959352,,,,FL,socrata:orlando_business_tax,,,,
standard,HAROLD BRISBANE JR,3216653245,,,,FL,socrata:orlando_business_tax,,,,
standard,DOMINIC FIGUEROA DRYWALL LLC,4078643444,,,,FL,socrata:orlando_business_tax,,,,
standard,SUPERIOR HOUSE CLEANING INC,4079023160,,,,FL,socrata:orlando_business_tax,,,,
standard,SHARLAND SELBY MY UNCLE AND HI,4072912317,,,,FL,socrata:orlando_business_tax,,,,
standard,TROPICAL BREEZE CAR WASH LLC,4072637443,,,,FL,socrata:orlando_business_tax,,,,
standard,CHEROKEE MEDIA FX INC,4075231735,,,,FL,socrata:orlando_business_tax,,,,
standard,BERGER SUPER MARKET,4073525417,,,,FL,socrata:orlando_business_tax,,,,
standard,DOWNTOWN DOGGIE CARE LLC,4074854864,,,,FL,socrata:orlando_business_tax,,,,
standard,PETENTIALS INC,4073428106,,,,FL,socrata:orlando_business_tax,,,,
standard,BO JAMES MALLON,4073125078,,,,FL,socrata:orlando_business_tax,,,,
standard,NEW CHINA,4079579699,,,,FL,socrata:orlando_business_tax,,,,
standard,LESLIE COLEMAN,4074021027,,,,FL,socrata:orlando_business_tax,,,,
standard,TONIA BOUIE,4078889226,,,,FL,socrata:orlando_business_tax,,,,
standard,RUDD MANAGEMENT INC,4072401204,,,,FL,socrata:orlando_business_tax,,,,
standard,GUZVANJ APARTMENT PREPARATION,3216638203,,,,FL,socrata:orlando_business_tax,,,,
standard,A1 SUPER PRESSURE WASHING LLC,4074154909,,,,FL,socrata:orlando_business_tax,,,,
standard,ZENAYORO CLEANING SERVICES INC,4075067920,,,,FL,socrata:orlando_business_tax,,,,
standard,MILIORANSA FLOORING INC,3212341835,,,,FL,socrata:orlando_business_tax,,,,
standard,ACUTE RESIDENTIAL INVESTMENTS,4075097627,,,,FL,socrata:orlando_business_tax,,,,
standard,BRIZILIAN KING CHURROS INC,4075907876,,,,FL,socrata:orlando_business_tax,,,,
standard,REVERTUS BRATCHER,4076770912,,,,FL,socrata:orlando_business_tax,,,,
standard,JOANN WINGSTER,4072969803,,,,FL,socrata:orlando_business_tax,,,,
standard,DLS PROTECTION SERVICES,4074531922,,,,FL,socrata:orlando_business_tax,,,,
standard,CUSTOM PAVERS OF ORLANDO,3212342220,,,,FL,socrata:orlando_business_tax,,,,
standard,INFINITY PRINT AND DESIGN SOLU,4076877589,,,,FL,socrata:orlando_business_tax,,,,
standard,ASSISTANT UNLIMITED,4074438944,,,,FL,socrata:orlando_business_tax,,,,
standard,TRM ATM CORPORATION,5032578766,,,,FL,socrata:orlando_business_tax,,,,
standard,UNIVERSAL MEDIA ARTS CENTER,4076201953,,,,FL,socrata:orlando_business_tax,,,,
standard,EDYS ICE CREAM,4073519778,,,,FL,socrata:orlando_business_tax,,,,
standard,GRANDRAPID INC,4072227201,,,,FL,socrata:orlando_business_tax,,,,
standard,URBAN PROPERTY PARTNERS INC,3523831178,,,,FL,socrata:orlando_business_tax,,,,
standard,PEDRO MARTIN EL UIANDERITO,4072853869,,,,FL,socrata:orlando_business_tax,,,,
standard,MARY'S CLEANING SERCIE OF CENT,3212781825,,,,FL,socrata:orlando_business_tax,,,,
standard,CJL CONSTRUCTION INC,3214361019,,,,FL,socrata:orlando_business_tax,,,,
standard,SANDYS HOTDOGS,4075064974,,,,FL,socrata:orlando_business_tax,,,,
standard,INNOVATIVE BUSINESS ASSOCIATES,4074860993,,,,FL,socrata:orlando_business_tax,,,,
standard,EXPRESS WEB DESIGN,8632070015,,,,FL,socrata:orlando_business_tax,,,,
standard,RUBEN ZUNIGA SPACKLING INC,4075238500,,,,FL,socrata:orlando_business_tax,,,,
standard,MILLENNIUM CONSULTING LLC,4078960396,,,,FL,socrata:orlando_business_tax,,,,
standard,JOSE PROSPER JR PAINTING,4073511249,,,,FL,socrata:orlando_business_tax,,,,
standard,APEX IMPROVEMENT LLC,6144771334,,,,FL,socrata:orlando_business_tax,,,,
standard,PIXEL PALETTE PHOTOGRAPHY,4073180760,,,,FL,socrata:orlando_business_tax,,,,
standard,FREDDIE GARMON,3212990005,,,,FL,socrata:orlando_business_tax,,,,
standard,KWAKU FREMPON,8503633116,,,,FL,socrata:orlando_business_tax,,,,
standard,CARMEN ALGARIN,3212742704,,,,FL,socrata:orlando_business_tax,,,,
standard,MEDSAFETY,2396339130,,,,FL,socrata:orlando_business_tax,,,,
standard,J S SUES DBA JAN PRO CLEANING,4073679041,,,,FL,socrata:orlando_business_tax,,,,
standard,COMP U MAX LIQUIDATORS,9732208245,,,,FL,socrata:orlando_business_tax,,,,
standard,J & K TITLE AGENCY LLC,4072408828,,,,FL,socrata:orlando_business_tax,,,,
standard,DEES FITNESS CENTER,4078944989,,,,FL,socrata:orlando_business_tax,,,,
standard,MIGUEL TORRES,7875310631,,,,FL,socrata:orlando_business_tax,,,,
standard,EXECUTIVE SOLUTIONS LLC,4078088336,,,,FL,socrata:orlando_business_tax,,,,
standard,ALL PROFESSIONAL SERVICES CORP,4074704166,,,,FL,socrata:orlando_business_tax,,,,
standard,H&J HOME IMPROVEMENT & DESIGN,4078264977,,,,FL,socrata:orlando_business_tax,,,,
standard,MERCADO MANAGEMENT SERVICES LL,4072528536,,,,FL,socrata:orlando_business_tax,,,,
standard,SEAN OBRIEN,4074094908,,,,FL,socrata:orlando_business_tax,,,,
standard,PAOLA SALAMANCA/MARCANDREW EXC,4078977791,,,,FL,socrata:orlando_business_tax,,,,
standard,FLORIDA LIFE INSTITUTE,4074326779,,,,FL,socrata:orlando_business_tax,,,,
standard,BUBBA GUMP SHRIMP CO RESTAURAN,4079030044,,,,FL,socrata:orlando_business_tax,,,,
standard,JOHN MICHAEL WEDDING & SPECIA,4078946671,,,,FL,socrata:orlando_business_tax,,,,
standard,"JONATHAN ROSE, PA",4078944555,,,,FL,socrata:orlando_business_tax,,,,
standard,KENDELL STARKS CLEANING SERVIC,4074569986,,,,FL,socrata:orlando_business_tax,,,,
standard,RENEE NATVIG,4078948450,,,,FL,socrata:orlando_business_tax,,,,
standard,WORLDWIDE IMPORT NETWORK INC,4075211799,,,,FL,socrata:orlando_business_tax,,,,
standard,BRIE PRODUCTIONS INC,4073678526,,,,FL,socrata:orlando_business_tax,,,,
standard,G & M PAINTING PRESSURE WASHIN,3212784589,,,,FL,socrata:orlando_business_tax,,,,
standard,TECHNI POOLS,4077661281,,,,FL,socrata:orlando_business_tax,,,,
standard,CRUISE PARTNERS INC,4077305603,,,,FL,socrata:orlando_business_tax,,,,
standard,KIM NGA INTERNATIONAL TRAVEL & SERVICES,4076195765,,,,FL,socrata:orlando_business_tax,,,,
standard,ISRAEL E BRITO,4077295591,,,,FL,socrata:orlando_business_tax,,,,
standard,CFT PROPERTIES LLC,4074251621,,,,FL,socrata:orlando_business_tax,,,,
standard,BROAD/WAVE COMMUNICATIONS CORP,4074181086,,,,FL,socrata:orlando_business_tax,,,,
standard,YANDER PEREZ,3213313395,,,,FL,socrata:orlando_business_tax,,,,
standard,DOONEY & BOURKE,4072260611,,,,FL,socrata:orlando_business_tax,,,,
standard,HOME FROM ROME INC,4072576360,,,,FL,socrata:orlando_business_tax,,,,
standard,DIVERSIFIED SUPPLY INC,4072400988,,,,FL,socrata:orlando_business_tax,,,,
standard,SUPERIOR MEDICAL STAFFING LLC,4072465133,,,,FL,socrata:orlando_business_tax,,,,
standard,AUDREY HUNTER THE BASKET STORE,4077299682,,,,FL,socrata:orlando_business_tax,,,,
standard,FRANK MILTON BAR B QUE,4074535075,,,,FL,socrata:orlando_business_tax,,,,
standard,MORENO PAINTING INC,4073830314,,,,FL,socrata:orlando_business_tax,,,,
standard,NEAL G BOURDA,4074818103,,,,FL,socrata:orlando_business_tax,,,,
standard,MARY JONES,4078603199,,,,FL,socrata:orlando_business_tax,,,,
standard,MAGIC TOUCH LANDSCAPING INC,5615776463,,,,FL,socrata:orlando_business_tax,,,,
standard,AFORDAPRO CLEANING,4078430612,,,,FL,socrata:orlando_business_tax,,,,
standard,D L S MARKETING LLC,7724190888,,,,FL,socrata:orlando_business_tax,,,,
standard,EMERGING MARKETS CONSULTING LL,4079714553,,,,FL,socrata:orlando_business_tax,,,,
standard,ANH MINH MONEY TRANSFER INC,4078975224,,,,FL,socrata:orlando_business_tax,,,,
standard,NO BURN OF CENTRAL FLORIDA,4072956535,,,,FL,socrata:orlando_business_tax,,,,
standard,ASHLEY ATWOOD,4074479550,,,,FL,socrata:orlando_business_tax,,,,
standard,THE WILSON GROUP ARCHITECTS,4074267470,,,,FL,socrata:orlando_business_tax,,,,
standard,JAY RICHARDS INC,4074704959,,,,FL,socrata:orlando_business_tax,,,,
standard,BEST BUY # 1530,9542904707,,,,FL,socrata:orlando_business_tax,,,,
standard,IFREC REAL ESTATE SCHOOLS,4076447277,,,,FL,socrata:orlando_business_tax,,,,
standard,EXECUTIVE CREDIT GROUP INC,4078411171,,,,FL,socrata:orlando_business_tax,,,,
standard,QUALITY LIVING SUPPORT INC,4072978274,,,,FL,socrata:orlando_business_tax,,,,
standard,OFFICIAL TOURIST INFO CENTER I,4079380169,,,,FL,socrata:orlando_business_tax,,,,
standard,AUTEN AND AUTEN LLC,4075381938,,,,FL,socrata:orlando_business_tax,,,,
standard,CARL RALPH FERKING DC PA,4078513915,,,,FL,socrata:orlando_business_tax,,,,
standard,MOMAR MBODJ,7042935255,,,,FL,socrata:orlando_business_tax,,,,
standard,WOLTERS MOTORS AND DRIVES INC,4074388801,,,,FL,socrata:orlando_business_tax,,,,
standard,CIGAR OASIS,4074916338,,,,FL,socrata:orlando_business_tax,,,,
standard,KEISHA G LANGE,4076179975,,,,FL,socrata:orlando_business_tax,,,,
standard,ROLL IT UP,3214437277,,,,FL,socrata:orlando_business_tax,,,,
standard,JOSEF CALTEN TILE & MARBLE INC,4074488691,,,,FL,socrata:orlando_business_tax,,,,
standard,CABIBBO INC,3212440710,,,,FL,socrata:orlando_business_tax,,,,
standard,RICKANNA LLC,3212342772,,,,FL,socrata:orlando_business_tax,,,,
standard,ABSOLUTE SERVICE GROUP LLC,4075746533,,,,FL,socrata:orlando_business_tax,,,,
standard,PRIORITY EXPRESS PARCEL,4073651521,,,,FL,socrata:orlando_business_tax,,,,
standard,ULISES PENA,4079524404,,,,FL,socrata:orlando_business_tax,,,,
standard,SATISFACTION GOURMET CATERING,7868736902,,,,FL,socrata:orlando_business_tax,,,,
standard,BETTER WAY SERVICES LLC,4077213912,,,,FL,socrata:orlando_business_tax,,,,
standard,SHOE CARNIVAL #344,8128674023,,,,FL,socrata:orlando_business_tax,,,,
standard,MICHAEL B FREELAND/THE SURGICAL GROUP OF ORLANDO LLC,4077303627,,,,FL,socrata:orlando_business_tax,,,,
standard,A SOLID SURFACE & GRANITE,4073325392,,,,FL,socrata:orlando_business_tax,,,,
standard,CARLOS DE JESUS LANDSCAPING,3212170711,,,,FL,socrata:orlando_business_tax,,,,
standard,GRAHAM & COMPANY LLC,4073770590,,,,FL,socrata:orlando_business_tax,,,,
standard,JKT TRANSPORTATION,4074549507,,,,FL,socrata:orlando_business_tax,,,,
standard,PROPERTY SERVICES OF ORLANDO I,4072539324,,,,FL,socrata:orlando_business_tax,,,,
standard,EURO FITNESS CENTER INC,4079997995,,,,FL,socrata:orlando_business_tax,,,,
standard,JOHNNY R KENNEDY,3212390525,,,,FL,socrata:orlando_business_tax,,,,
standard,J J'S CAFE,3219451218,,,,FL,socrata:orlando_business_tax,,,,
standard,SCOTT R WILLICK,4078961107,,,,FL,socrata:orlando_business_tax,,,,
standard,KNIGHTS INVESTMENTS LLC,4073251181,,,,FL,socrata:orlando_business_tax,,,,
standard,INSPIRE CAPITAL MANAGEMENT LLC,4079264106,,,,FL,socrata:orlando_business_tax,,,,
standard,ZANDER NATALLANNI,4075520794,,,,FL,socrata:orlando_business_tax,,,,
standard,JEFFERY P MOBLEYS CATERING,4072537220,,,,FL,socrata:orlando_business_tax,,,,
standard,STREET DREAMS FASHION,8636516633,,,,FL,socrata:orlando_business_tax,,,,
standard,ECO CHOICE PRESSURE CLEANING,4075801073,,,,FL,socrata:orlando_business_tax,,,,
standard,UNITED FORMING INC,4078589314,,,,FL,socrata:orlando_business_tax,,,,
standard,SONU SHUKLA,4078972242,,,,FL,socrata:orlando_business_tax,,,,
standard,BEYOND LANDSCAPING,4078031513,,,,FL,socrata:orlando_business_tax,,,,
standard,JEREMIAHS EVENTS LLC/ CART# 1,4074664694,,,,FL,socrata:orlando_business_tax,,,,
standard,LEVEL ONE FRAMING INC,4072658086,,,,FL,socrata:orlando_business_tax,,,,
standard,RICHARD NICHOLAS GIFT BASKETS,2674561621,,,,FL,socrata:orlando_business_tax,,,,
standard,CHARLES FISHER WEESK/RONALD W,4074818880,,,,FL,socrata:orlando_business_tax,,,,
standard,PUERTO MARBLE AND GRANITE LLC,4078722208,,,,FL,socrata:orlando_business_tax,,,,
standard,MILLENIA FINANCIAL GROUP INC,4078438941,,,,FL,socrata:orlando_business_tax,,,,
standard,DRFA CONSTRUCTION INC,4074673869,,,,FL,socrata:orlando_business_tax,,,,
standard,ART JOHNSON PRODUCE,3219477471,,,,FL,socrata:orlando_business_tax,,,,
standard,PERFUME PLUS INC,4076505070,,,,FL,socrata:orlando_business_tax,,,,
standard,AN ELEGANT AFFAIR LLC,4079275838,,,,FL,socrata:orlando_business_tax,,,,
standard,VISION VIRTUAL ASSISTANCE,4075748063,,,,FL,socrata:orlando_business_tax,,,,
standard,"PROCTOR, JENNIFER A ICE CREAM",4078882861,,,,FL,socrata:orlando_business_tax,,,,
standard,SKYWELDERS LLC,3212027319,,,,FL,socrata:orlando_business_tax,,,,
standard,TIJUNDA SUMMERS KETTLE KORN,3212870224,,,,FL,socrata:orlando_business_tax,,,,
standard,TERRANCE DETAILING,4072460848,,,,FL,socrata:orlando_business_tax,,,,
standard,FASHION SPOT,3214393641,,,,FL,socrata:orlando_business_tax,,,,
standard,ROBIN G DRAGE PA/SHUTTS & BOWE,4074201323,,,,FL,socrata:orlando_business_tax,,,,
standard,GREGORY C MAASWINKEL/MAASWINKE,4079990045,,,,FL,socrata:orlando_business_tax,,,,
standard,JACINTO DIAZ,3212870541,,,,FL,socrata:orlando_business_tax,,,,
standard,GINGERS MARKET OF COLLEGE PARK,4074968109,,,,FL,socrata:orlando_business_tax,,,,
standard,TARGET STORE T-2376,6127612282,,,,FL,socrata:orlando_business_tax,,,,
standard,DINNER DELITES,4072923663,,,,FL,socrata:orlando_business_tax,,,,
standard,RMT ACQUISTION COMPNAY LLC,4072106534,,,,FL,socrata:orlando_business_tax,,,,
standard,"KRISTMANN, MARY D/FINAL(TRNS T",4074253671,,,,FL,socrata:orlando_business_tax,,,,
standard,FINAL TOUCH LANDSCAPES LLC,4077042936,,,,FL,socrata:orlando_business_tax,,,,
standard,DAVIS D W LLC,4077333188,,,,FL,socrata:orlando_business_tax,,,,
standard,PATES LAW GROUP PA,4072103952,,,,FL,socrata:orlando_business_tax,,,,
standard,BEPPY LANDRUM OWEN/ AKERMAN SE,4079234000,,,,FL,socrata:orlando_business_tax,,,,
standard,RED HOME SOLUTIONS INC,3212517807,,,,FL,socrata:orlando_business_tax,,,,
standard,ROWAN WOODBURN,4074357270,,,,FL,socrata:orlando_business_tax,,,,
standard,A RYEN UNLIMITED STAFFING SOLU,3214380960,,,,FL,socrata:orlando_business_tax,,,,
standard,ROGER MOUNTS HOME REPAIR,4074937270,,,,FL,socrata:orlando_business_tax,,,,
standard,MS SOFFIT INSTALLATION INC,4074978916,,,,FL,socrata:orlando_business_tax,,,,
standard,UNIVERSL PAINTING & REPAIRS IN,4072857575,,,,FL,socrata:orlando_business_tax,,,,
standard,FARAD H LLC,4079675565,,,,FL,socrata:orlando_business_tax,,,,
standard,RITA THOMPSON GIFT BASKETS,4073711540,,,,FL,socrata:orlando_business_tax,,,,
standard,IA3 DESIGN,4079636556,,,,FL,socrata:orlando_business_tax,,,,
standard,UNIFORMS TO GO,3523165047,,,,FL,socrata:orlando_business_tax,,,,
standard,MOBILE TAX SERVICE INC,4072273442,,,,FL,socrata:orlando_business_tax,,,,
standard,MIRACLE TRAFFIC SCHOOL LLC,4079532256,,,,FL,socrata:orlando_business_tax,,,,
standard,K & M MACHINE SHOP INC,4075952349,,,,FL,socrata:orlando_business_tax,,,,
standard,ORLANDO GLIDERS INC,6178030010,,,,FL,socrata:orlando_business_tax,,,,
standard,ANNE KOSACHEFFS PHOTOGRAPHY,4079277018,,,,FL,socrata:orlando_business_tax,,,,
standard,ZENTER CONSTRUCTION INC,4073402677,,,,FL,socrata:orlando_business_tax,,,,
standard,GEOTECHNICAL & ENVIRONMENTAL C,3213528964,,,,FL,socrata:orlando_business_tax,,,,
standard,QUEENS CLEANING SERVICES,4075748156,,,,FL,socrata:orlando_business_tax,,,,
standard,KINDERCARE LEARNING CENTERS,4072750396,,,,FL,socrata:orlando_business_tax,,,,
standard,CHANG FENG TRADING INCORPORAT,8634208804,,,,FL,socrata:orlando_business_tax,,,,
standard,PLATINUM REALTY INTERNATIONAL,4073736060,,,,FL,socrata:orlando_business_tax,,,,
standard,PREVILES DALTIRUS,4075239924,,,,FL,socrata:orlando_business_tax,,,,
standard,ELIZABETH J FRANKS,4074220940,,,,FL,socrata:orlando_business_tax,,,,
standard,JAMARR HOWARD WINDOW CLEANING/,4075359554,,,,FL,socrata:orlando_business_tax,,,,
standard,WILSONART LLC,2542074101,,,,FL,socrata:orlando_business_tax,,,,
standard,FALCON REPORTING,4073679246,,,,FL,socrata:orlando_business_tax,,,,
standard,EG CONSTRUCTION GROUP INC,4075789113,,,,FL,socrata:orlando_business_tax,,,,
standard,ALLIANCE CAPITAL MORTGAGE INC,9545852245,,,,FL,socrata:orlando_business_tax,,,,
standard,GLENN EDWARDS,4076971839,,,,FL,socrata:orlando_business_tax,,,,
standard,E R W ENTERPRISES INC,8008284064,,,,FL,socrata:orlando_business_tax,,,,
standard,BEYOND THE GATES CATERING INC,4076174273,,,,FL,socrata:orlando_business_tax,,,,
standard,TRACE DETAILS,4072976835,,,,FL,socrata:orlando_business_tax,,,,
standard,THOMAS CLARK,4072921877,,,,FL,socrata:orlando_business_tax,,,,
standard,TIFFANY ROBINSON CLEANING SERV,4078031378,,,,FL,socrata:orlando_business_tax,,,,
standard,EVERLAST FLOORS INC,4073626795,,,,FL,socrata:orlando_business_tax,,,,
standard,JAMES STEELE,4079056093,,,,FL,socrata:orlando_business_tax,,,,
standard,NARLEY'S TWO WHEEL TOURS,4078985506,,,,FL,socrata:orlando_business_tax,,,,
standard,EARL SPEIGHTS JANITORAL CLEANI,4075787976,,,,FL,socrata:orlando_business_tax,,,,
standard,ALBERT MAZURKIEWICZ,3213608009,,,,FL,socrata:orlando_business_tax,,,,
standard,GEORGE BERRIDGE,3366873874,,,,FL,socrata:orlando_business_tax,,,,
standard,ACCEL MOTORSPORTS INC,4078599264,,,,FL,socrata:orlando_business_tax,,,,
standard,M & B FLOORING SERVICES INC,4072289857,,,,FL,socrata:orlando_business_tax,,,,
standard,LION IN THE SUNSCAPES,4074810013,,,,FL,socrata:orlando_business_tax,,,,
standard,FRITZ CONSULTING LLC,4077582988,,,,FL,socrata:orlando_business_tax,,,,
standard,ROOFING DEPOT INC,4073810217,,,,FL,socrata:orlando_business_tax,,,,
standard,TRAFFIC DATA RESEARCH LLC,3212347305,,,,FL,socrata:orlando_business_tax,,,,
standard,1 866 261 6632 ONE OF A KIND L,4074027648,,,,FL,socrata:orlando_business_tax,,,,
standard,OTTO BOCK HEALTHCARE,4075997990,,,,FL,socrata:orlando_business_tax,,,,
standard,LEE GRAY MOLLON/DRUMMOND CARPENTER PLLC,4074171220,,,,FL,socrata:orlando_business_tax,,,,
standard,LIBERTY MORTGAGE GROUP INC,3212930390,,,,FL,socrata:orlando_business_tax,,,,
standard,CORNERSTONE GROUP DEVELOPMENT,4075142664,,,,FL,socrata:orlando_business_tax,,,,
standard,WILLIAM J RIZZO,4075218765,,,,FL,socrata:orlando_business_tax,,,,
standard,M & M AUTO REPAIR,4076252347,,,,FL,socrata:orlando_business_tax,,,,
standard,HAIR&MO.... MOBILE BEAUTY SUPP,4074979046,,,,FL,socrata:orlando_business_tax,,,,
standard,JAM CARPET INC,4072272943,,,,FL,socrata:orlando_business_tax,,,,
standard,TURCH CONSTRUCTION LLC,4072879537,,,,FL,socrata:orlando_business_tax,,,,
standard,PIONEER AMERICAN INS CO,2542972776,,,,FL,socrata:orlando_business_tax,,,,
standard,RIGHT @ HOME,4078621851,,,,FL,socrata:orlando_business_tax,,,,
standard,SASSEY POOL SERVICE,4072916475,,,,FL,socrata:orlando_business_tax,,,,
standard,JOE COLLIER,4072334932,,,,FL,socrata:orlando_business_tax,,,,
standard,JIMMY S NICHOLAS,4076942867,,,,FL,socrata:orlando_business_tax,,,,
standard,EURITMIA ORTIZ/HOME INVESTMENT,4074822298,,,,FL,socrata:orlando_business_tax,,,,
standard,GREATER ORLANDO CONSTRUCTION I,4079284158,,,,FL,socrata:orlando_business_tax,,,,
standard,VASCULAR VEIN CENTER,4072448559,,,,FL,socrata:orlando_business_tax,,,,
standard,TERRANCE MCLAMB,3079246943,,,,FL,socrata:orlando_business_tax,,,,
standard,SUMMIT ELECTRIC SUPPLY CO INC,3215582900,,,,FL,socrata:orlando_business_tax,,,,
standard,HATEM S ABOU SENNA/GMB ENGINEE,4078985424,,,,FL,socrata:orlando_business_tax,,,,
standard,RICKVAN AIR CONDITIONING,4079251076,,,,FL,socrata:orlando_business_tax,,,,
standard,RINGTONES N PHONES LLC,4074913377,,,,FL,socrata:orlando_business_tax,,,,
standard,ADVOCO LLC,2152798887,,,,FL,socrata:orlando_business_tax,,,,
standard,100 BUILDER INCORPORATED,4072217937,,,,FL,socrata:orlando_business_tax,,,,
standard,SIDDELL GIPSON CAREW,4073139785,,,,FL,socrata:orlando_business_tax,,,,
standard,TWO GENES SOFT ICE CREAM LLC,4073232153,,,,FL,socrata:orlando_business_tax,,,,
standard,KRAMER SERVICES LLC,4075741913,,,,FL,socrata:orlando_business_tax,,,,
standard,EVENT HORIZONS GROUP INC,4077018699,,,,FL,socrata:orlando_business_tax,,,,
standard,MCK4 INC,4073401058,,,,FL,socrata:orlando_business_tax,,,,
standard,INNOVATIVE SYSTEMS GROUP OF FL,4074219580,,,,FL,socrata:orlando_business_tax,,,,
standard,ANDREEA ARSENE/MD ANDERSON,3218411851,,,,FL,socrata:orlando_business_tax,,,,
standard,AMSTAR MORTGAGE CORP,4077700530,,,,FL,socrata:orlando_business_tax,,,,
standard,ANTHONYS CABLE CONNECT INC,3213549049,,,,FL,socrata:orlando_business_tax,,,,
standard,LA GARITA RESTAURANT,4079228497,,,,FL,socrata:orlando_business_tax,,,,
standard,ANGELIQUE L COOPER ACC EMPLOYM,4076485800,,,,FL,socrata:orlando_business_tax,,,,
standard,JAMES JORDAN,4074820265,,,,FL,socrata:orlando_business_tax,,,,
standard,JANINE OTTLEY,4072714851,,,,FL,socrata:orlando_business_tax,,,,
standard,RAMON CASTILLO AUTO DETAILING,4078607915,,,,FL,socrata:orlando_business_tax,,,,
standard,ADACEL SYSTEMS INC,4075672091,,,,FL,socrata:orlando_business_tax,,,,
standard,MEDICAL HAIR RESTORATION,4072220750,,,,FL,socrata:orlando_business_tax,,,,
standard,DEBRA WILKINSON BOTWIN/DEBRA,4076491352,,,,FL,socrata:orlando_business_tax,,,,
standard,TECH SOURCE INC,4072627100,,,,FL,socrata:orlando_business_tax,,,,
standard,BLUETOAD INC,4075927959,,,,FL,socrata:orlando_business_tax,,,,
standard,DOWNTOWN CAR WASH & DETAILING,4074516403,,,,FL,socrata:orlando_business_tax,,,,
standard,SILVER FASHIONS AND ENGRAVINGS,4078953855,,,,FL,socrata:orlando_business_tax,,,,
standard,AALIYAH CONSTRUCTION,4078546761,,,,FL,socrata:orlando_business_tax,,,,
standard,TONYA THOMAS,4079139611,,,,FL,socrata:orlando_business_tax,,,,
standard,PIONEER SECURITY LIFE INS CO,2542972778,,,,FL,socrata:orlando_business_tax,,,,
standard,AEROSPACE AUCTIONS LLC,4078080067,,,,FL,socrata:orlando_business_tax,,,,
standard,PRIVE SALON,4079243751,,,,FL,socrata:orlando_business_tax,,,,
standard,CRDENTIA INC,4079265768,,,,FL,socrata:orlando_business_tax,,,,
standard,SYSTEM OFFICE SOLUTIONS,4074235590,,,,FL,socrata:orlando_business_tax,,,,
standard,JENNIFER FERRELL/ ANIMAL HOSPI,4073083011,,,,FL,socrata:orlando_business_tax,,,,
standard,JENNIFER OLESEN,4072937130,,,,FL,socrata:orlando_business_tax,,,,
standard,LATAM LINK LLC,4073522855,,,,FL,socrata:orlando_business_tax,,,,
standard,CREATIONS INTERNATIONAL CO,3219484871,,,,FL,socrata:orlando_business_tax,,,,
standard,MARTIN J FRANK LLC,3212392358,,,,FL,socrata:orlando_business_tax,,,,
standard,ACCREDITED SURETY AND CASUALTY,4075390050,,,,FL,socrata:orlando_business_tax,,,,
standard,STARTIME VIDEO,4072284662,,,,FL,socrata:orlando_business_tax,,,,
standard,AJ CONSTRUCTION FIRM INC,4076940620,,,,FL,socrata:orlando_business_tax,,,,
standard,YASMINE KAREEM/THE WOMENS CENTER OF ORLANDO LLC,4078572502,,,,FL,socrata:orlando_business_tax,,,,
standard,JOCKEY INTERNATIONAL GLOBAL IN,2626588111,,,,FL,socrata:orlando_business_tax,,,,
standard,KATHY BAILEY LLC,4077603647,,,,FL,socrata:orlando_business_tax,,,,
standard,JOHN SHEWMAKER DO,4074221110,,,,FL,socrata:orlando_business_tax,,,,
standard,LUNCHS BEST,4075753228,,,,FL,socrata:orlando_business_tax,,,,
standard,SILVESTER L BARNES,3216240879,,,,FL,socrata:orlando_business_tax,,,,
standard,ERIC BRACYS HAND BAGS,4079471392,,,,FL,socrata:orlando_business_tax,,,,
standard,GALAXY NUTRITIONAL FOODS INC,4078540422,,,,FL,socrata:orlando_business_tax,,,,
standard,ATLANTIC APPRAISALS INC,4077372140,,,,FL,socrata:orlando_business_tax,,,,
standard,NICHE ILLUMINATION BY DESIGN L,4074538896,,,,FL,socrata:orlando_business_tax,,,,
standard,MGB ENTERPRISES INC,4078980079,,,,FL,socrata:orlando_business_tax,,,,
standard,REFRESHING MOMENTS MASSAGE,4073415156,,,,FL,socrata:orlando_business_tax,,,,
standard,NEW LIFE PAINTING & REMODELING,4072122511,,,,FL,socrata:orlando_business_tax,,,,
standard,TWO GUYS FURNITURE INC,4074686455,,,,FL,socrata:orlando_business_tax,,,,
standard,"SAEZ, JOSE LUIS(CLS 10/03)",4078577908,,,,FL,socrata:orlando_business_tax,,,,
standard,HEALTHY HOMES,4072981598,,,,FL,socrata:orlando_business_tax,,,,
standard,APEX CONSTRUCTION GROUP LLC,4073812310,,,,FL,socrata:orlando_business_tax,,,,
standard,EMPIRE STONE LLC,4074231245,,,,FL,socrata:orlando_business_tax,,,,
standard,NAJI DESIGNS LLC,5617745440,,,,FL,socrata:orlando_business_tax,,,,
standard,PJ GENERAL CORP,3212974575,,,,FL,socrata:orlando_business_tax,,,,
standard,DANTE AND COMPANY,4074974809,,,,FL,socrata:orlando_business_tax,,,,
standard,STEPHAN S JONES,3219459910,,,,FL,socrata:orlando_business_tax,,,,
standard,DIGITAL RESOURCE TECHNOLOGIES,4073667373,,,,FL,socrata:orlando_business_tax,,,,
standard,WELLSPRING MEDIATION & COUNSEL,4072973593,,,,FL,socrata:orlando_business_tax,,,,
standard,B & P GROWTH OPPORTUNITIES COR,4075837754,,,,FL,socrata:orlando_business_tax,,,,
standard,NARLIE LAURORE,4074818577,,,,FL,socrata:orlando_business_tax,,,,
standard,MATHEW P KARAKOOSH,4078085449,,,,FL,socrata:orlando_business_tax,,,,
standard,WLODZIMIERZ T SEKULA PA,4077824192,,,,FL,socrata:orlando_business_tax,,,,
standard,CALVIN GIORDANO & ASSOCIATES I,4074230523,,,,FL,socrata:orlando_business_tax,,,,
standard,CLEVER CONCEPTS,4075952115,,,,FL,socrata:orlando_business_tax,,,,
standard,ZAHIR DOUNA,4078953198,,,,FL,socrata:orlando_business_tax,,,,
standard,ESSENTIALENERGY SERVICES INC,4074364954,,,,FL,socrata:orlando_business_tax,,,,
standard,BARNIES AT VERANDA PARK,4078427711,,,,FL,socrata:orlando_business_tax,,,,
standard,NEVES ASSOCIATES,4072069211,,,,FL,socrata:orlando_business_tax,,,,
standard,IVETTS CLEAN  SERVICES,3212973077,,,,FL,socrata:orlando_business_tax,,,,
standard,ALL ABOARD CRUISES & TRAVEL,4072261136,,,,FL,socrata:orlando_business_tax,,,,
standard,GUILLOS PAINTING INC,4077338013,,,,FL,socrata:orlando_business_tax,,,,
standard,THE SHERWIN WILLIAMS COMPANY,2165662723,,,,FL,socrata:orlando_business_tax,,,,
standard,BATH & BODY WORKS LLC,6148566927,,,,FL,socrata:orlando_business_tax,,,,
standard,MLC OF CENTRAL FLORIDA CORPORA,4074687818,,,,FL,socrata:orlando_business_tax,,,,
standard,V J & J CREDIT SOLUTIONS LLC,4076010981,,,,FL,socrata:orlando_business_tax,,,,
standard,LANCASTER LINES LLC,3212975576,,,,FL,socrata:orlando_business_tax,,,,
standard,MAD GOOSE,4072478927,,,,FL,socrata:orlando_business_tax,,,,
standard,RICHGIRL INC,4078106070,,,,FL,socrata:orlando_business_tax,,,,
standard,ROYALL MEDIA INC,3867471964,,,,FL,socrata:orlando_business_tax,,,,
standard,ECM PROPERTIES INC,4078438203,,,,FL,socrata:orlando_business_tax,,,,
standard,AAA AUTO ELECTRIC & AC INC,4074201244,,,,FL,socrata:orlando_business_tax,,,,
standard,TIMOTHY ROBERTS CUSTOM WATER F,4077382839,,,,FL,socrata:orlando_business_tax,,,,
standard,TRASKZ ENTERTAINMENT GROUP LLC,8639689549,,,,FL,socrata:orlando_business_tax,,,,
standard,PREMIER MARKETING & MANAGEMENT,4078228166,,,,FL,socrata:orlando_business_tax,,,,
standard,DIXIE LIMO,4078444825,,,,FL,socrata:orlando_business_tax,,,,
standard,SOVEREIGN MANAGEMENT CO,4073557784,,,,FL,socrata:orlando_business_tax,,,,
standard,CIM INSURANCE CORPORATION,2482636963,,,,FL,socrata:orlando_business_tax,,,,
standard,M & C CONSTRUCTION INC,4074470405,,,,FL,socrata:orlando_business_tax,,,,
standard,MAGDALENA HAIR SALON INC,4078430186,,,,FL,socrata:orlando_business_tax,,,,
standard,ROBSHOBBIESANDTOYS.COM,4073849719,,,,FL,socrata:orlando_business_tax,,,,
standard,MAID PRO,4077450670,,,,FL,socrata:orlando_business_tax,,,,
standard,SAMANTHA R POWERS/FISHER,4076446210,,,,FL,socrata:orlando_business_tax,,,,
standard,PAMELA AUTEN INC,4075381937,,,,FL,socrata:orlando_business_tax,,,,
standard,C A FLORIDA CONSTRUCTION INC,4074049030,,,,FL,socrata:orlando_business_tax,,,,
standard,AMERITEX FLOORING INC,4073311331,,,,FL,socrata:orlando_business_tax,,,,
standard,VILLELA COMMUNICATIONS INC,3522350881,,,,FL,socrata:orlando_business_tax,,,,
standard,STEPHEN J GILPIN,4078720365,,,,FL,socrata:orlando_business_tax,,,,
standard,FORTEC MEDICAL INC,3306564301,,,,FL,socrata:orlando_business_tax,,,,
standard,PITA HUT ENERPRISES INC,4078106239,,,,FL,socrata:orlando_business_tax,,,,
standard,SPECIALTY PARKING LLC,4072405033,,,,FL,socrata:orlando_business_tax,,,,
standard,LONGWOOD CARDIOLOGY PA,4073037390,,,,FL,socrata:orlando_business_tax,,,,
standard,CAMHI FINANCIAL SERVICES,4078033541,,,,FL,socrata:orlando_business_tax,,,,
standard,SOUND WAVE CUSTOMS LLC,4074847058,,,,FL,socrata:orlando_business_tax,,,,
standard,SHOE ECONOMICS,4074058008,,,,FL,socrata:orlando_business_tax,,,,
standard,GRILL EXPRESS,4075294726,,,,FL,socrata:orlando_business_tax,,,,
standard,ICI DEMOLITION INC,4073630394,,,,FL,socrata:orlando_business_tax,,,,
standard,CHARLES J WARNER,4077484063,,,,FL,socrata:orlando_business_tax,,,,
standard,LARRY WILCOX HANDYMAN,4077587197,,,,FL,socrata:orlando_business_tax,,,,
standard,WILLIAM B YOUNG JR/COLLING GILBERT WRIGHT PLLC,4078490167,,,,FL,socrata:orlando_business_tax,,,,
standard,CENTRAL FLORIDA BUILDERS AND FINISH INC,4077299291,,,,FL,socrata:orlando_business_tax,,,,
standard,JOHN THE PAINTER,3213039546,,,,FL,socrata:orlando_business_tax,,,,
standard,SHORES KITCHEN,4078228027,,,,FL,socrata:orlando_business_tax,,,,
standard,KAROLYN PARINELLA EXECUTIVE SO,4078564993,,,,FL,socrata:orlando_business_tax,,,,
standard,PAULA B LEITE/ HILL,4074224665,,,,FL,socrata:orlando_business_tax,,,,
standard,JASON YOUNG,4077331898,,,,FL,socrata:orlando_business_tax,,,,
standard,GARY S MARTIN/WORLD PROPERTIES,4078561011,,,,FL,socrata:orlando_business_tax,,,,
standard,MDS BRICK PAVERS COMPANY,4074687904,,,,FL,socrata:orlando_business_tax,,,,
standard,UNIQUE MOBILE AUTO SPA,4074855244,,,,FL,socrata:orlando_business_tax,,,,
standard,SELECT FLOORING OF CENTRAL FLO,4074683032,,,,FL,socrata:orlando_business_tax,,,,
standard,CAROL L SUTTON,4077198860,,,,FL,socrata:orlando_business_tax,,,,
standard,HUMBERTO GUTIERREZ JR/NEW HORI,4072731679,,,,FL,socrata:orlando_business_tax,,,,
standard,NETCOM CONSULTING GROUP INC,3213569666,,,,FL,socrata:orlando_business_tax,,,,
standard,DAVID C HOLLEY,3212392590,,,,FL,socrata:orlando_business_tax,,,,
standard,VICTOR FELIX,3212871125,,,,FL,socrata:orlando_business_tax,,,,
standard,RICHARD STUERENBERG,4076169818,,,,FL,socrata:orlando_business_tax,,,,
standard,TOQUITOS EL MOLCQUETE,3212315477,,,,FL,socrata:orlando_business_tax,,,,
standard,PRUDENTIAL FLORIDA WCI REALTY,2399472600,,,,FL,socrata:orlando_business_tax,,,,
standard,CD EXPRESS BY HOUSTON GRAYDEN,4072860379,,,,FL,socrata:orlando_business_tax,,,,
standard,HUBCAP LAWN SERV INC,4076411756,,,,FL,socrata:orlando_business_tax,,,,
standard,MATTHEW LEWIS,4072348767,,,,FL,socrata:orlando_business_tax,,,,
standard,JUST TILE SERVICES INC,4077707739,,,,FL,socrata:orlando_business_tax,,,,
standard,GP BROTHERS CONSTRUCTION CORP,3219487045,,,,FL,socrata:orlando_business_tax,,,,
standard,BEKER TILE LLC,4073537816,,,,FL,socrata:orlando_business_tax,,,,
standard,RICE & COMPANY,4072937423,,,,FL,socrata:orlando_business_tax,,,,
standard,HOTEL PARKING MANAGEMENT INC,4076252348,,,,FL,socrata:orlando_business_tax,,,,
standard,CARLOS M NUNEZ,4073125708,,,,FL,socrata:orlando_business_tax,,,,
standard,MASTER TRADE CONSULTING,4074056331,,,,FL,socrata:orlando_business_tax,,,,
standard,CONTINENTAL LIFE INS CO OF BRE,6153771300,,,,FL,socrata:orlando_business_tax,,,,
standard,MLA INTERNATIONAL CORP,4073458650,,,,FL,socrata:orlando_business_tax,,,,
standard,QUALITY SERVICES CENTER CORP,3216959680,,,,FL,socrata:orlando_business_tax,,,,
standard,JIMMY WILLIAMS,4078105149,,,,FL,socrata:orlando_business_tax,,,,
standard,S & G PROFESSIONAL PAINTING IN,4074826979,,,,FL,socrata:orlando_business_tax,,,,
standard,PARADIZE INTERNATIONAL,4079277308,,,,FL,socrata:orlando_business_tax,,,,
standard,GREGORY PRINCE RENOVATIONS,4079701227,,,,FL,socrata:orlando_business_tax,,,,
standard,SOUTHSIDE TILE LLC,4078391207,,,,FL,socrata:orlando_business_tax,,,,
standard,EVS GENERAL CONTRACTOR SERVICE,4079689046,,,,FL,socrata:orlando_business_tax,,,,
standard,STANDARD PROCESS OF FLORIDA IN,4072675771,,,,FL,socrata:orlando_business_tax,,,,
standard,MICHAEL MCNATT/MCNATT LAW,4076206757,,,,FL,socrata:orlando_business_tax,,,,
standard,FUTUREQUEST INC,4074619447,,,,FL,socrata:orlando_business_tax,,,,
standard,DWAYNE L MCDUFFIE,4074451905,,,,FL,socrata:orlando_business_tax,,,,
standard,ZENAIDA HERNANDEZ CONSULTING,4074629593,,,,FL,socrata:orlando_business_tax,,,,
standard,MICHAEL J DAMASO II/WOOTEN KIMBROUGH DAMASO & DENNIS PA,4078437060,,,,FL,socrata:orlando_business_tax,,,,
standard,THETHE ORLANDO SCHOOL OF MUSIC LLC,4076163843,,,,FL,socrata:orlando_business_tax,,,,
standard,TOTAL HOME CARE SOLUTIONS INC,4075742573,,,,FL,socrata:orlando_business_tax,,,,
standard,NATURAL FOREVER HEALTHY CO,4072754981,,,,FL,socrata:orlando_business_tax,,,,
standard,OLIVEIRA CONSTRUCTION COMPANY,4079474935,,,,FL,socrata:orlando_business_tax,,,,
standard,CRYSTAL CLEAR PROCESSING CORP,4077560224,,,,FL,socrata:orlando_business_tax,,,,
standard,TRACY SIMS,4075577567,,,,FL,socrata:orlando_business_tax,,,,
standard,HOMETECH CONSTRUCTION INC,3212024057,,,,FL,socrata:orlando_business_tax,,,,
standard,UNLIMITED STONE DESIGNS LLC,4072909385,,,,FL,socrata:orlando_business_tax,,,,
standard,LIQUID LINEUP LLC,3216262392,,,,FL,socrata:orlando_business_tax,,,,
standard,NURRIBARREN CORP,9546143837,,,,FL,socrata:orlando_business_tax,,,,
standard,YO STYLESHOES.COM,4076498768,,,,FL,socrata:orlando_business_tax,,,,
standard,AK WILLIAMS TRUCKING INC,4079280980,,,,FL,socrata:orlando_business_tax,,,,
standard,USA SCREEN COMPANY,4076244334,,,,FL,socrata:orlando_business_tax,,,,
standard,THOMAS MATTHEW REALTY INC,4076497253,,,,FL,socrata:orlando_business_tax,,,,
standard,WILLIE HUGLEY THE HANDYMAN,4074971846,,,,FL,socrata:orlando_business_tax,,,,
standard,HERDIE NINO DRUMMER DETAILING,4073831065,,,,FL,socrata:orlando_business_tax,,,,
standard,BOYS & GIRLS CLUBS OF CENTRAL,4078416855,,,,FL,socrata:orlando_business_tax,,,,
standard,BENCHMARK DEVELOPERS INC,4075221880,,,,FL,socrata:orlando_business_tax,,,,
standard,NAUTIQUES OF ORLANDO LLC,4079477696,,,,FL,socrata:orlando_business_tax,,,,
standard,PCMG,4078987502,,,,FL,socrata:orlando_business_tax,,,,
standard,KELLY MCCARTHY FLORAL DESIGN I,4074899741,,,,FL,socrata:orlando_business_tax,,,,
standard,ARNA FRANCOIS,4076923448,,,,FL,socrata:orlando_business_tax,,,,
standard,RUBEN TORO PA,4073706445,,,,FL,socrata:orlando_business_tax,,,,
standard,TIMOTHY LIGON PRESSURE WASHING,4078027753,,,,FL,socrata:orlando_business_tax,,,,
standard,ALPHA INCOME TAX SERVICE INC,4076441040,,,,FL,socrata:orlando_business_tax,,,,
standard,THE PETERSON FIRM L L C/FIRM,4072348894,,,,FL,socrata:orlando_business_tax,,,,
standard,VISTA FUNDING INC,4078955757,,,,FL,socrata:orlando_business_tax,,,,
standard,EARL RICHARDSON,3216630763,,,,FL,socrata:orlando_business_tax,,,,
standard,"SHOEIBI, AHMAD",4075230388,,,,FL,socrata:orlando_business_tax,,,,
standard,XEROX BUSINESS SERVICES(TRNS T,8132896130,,,,FL,socrata:orlando_business_tax,,,,
standard,MR BON FASHION JEWELRY,4079135935,,,,FL,socrata:orlando_business_tax,,,,
standard,JOSUE CARPET SERVICE CORP,4078608961,,,,FL,socrata:orlando_business_tax,,,,
standard,UNIFORMANIA INC,4074216611,,,,FL,socrata:orlando_business_tax,,,,
standard,HOME SELLERS SOLUTION INC THE(,4073637355,,,,FL,socrata:orlando_business_tax,,,,
standard,ELITE EXECUTIVE AGENTS INC,4072457945,,,,FL,socrata:orlando_business_tax,,,,
standard,ROBERT GREEN,6789271073,,,,FL,socrata:orlando_business_tax,,,,
standard,BASIC NEEDS FOOD MART,4078942830,,,,FL,socrata:orlando_business_tax,,,,
standard,BETTS CHIROPRACTIC,4076010775,,,,FL,socrata:orlando_business_tax,,,,
standard,"JOHNSON,REGINALD J/FREDDIE'S",4072931550,,,,FL,socrata:orlando_business_tax,,,,
standard,MICA MCCORMICK STRATEGIC PARTN,4079264102,,,,FL,socrata:orlando_business_tax,,,,
standard,"SHAMS, MAURICE/MORAN",4078417470,,,,FL,socrata:orlando_business_tax,,,,
standard,"SANDS, KENTON V/SANDS WHITE",4074233421,,,,FL,socrata:orlando_business_tax,,,,
standard,CASHEW & PISTACHIO LLC,4074359461,,,,FL,socrata:orlando_business_tax,,,,
standard,JAM ZONE ENTERMENT,4072999004,,,,FL,socrata:orlando_business_tax,,,,
standard,MYERS WEIGHT LOSS CLINIC INC,4073803739,,,,FL,socrata:orlando_business_tax,,,,
standard,WORLD SALES GROUP INC,3214603274,,,,FL,socrata:orlando_business_tax,,,,
standard,"BRIGHT, RUDOLPH CPA",4078963860,,,,FL,socrata:orlando_business_tax,,,,
standard,AQUATIC SYMBIOTICS INC,4072823092,,,,FL,socrata:orlando_business_tax,,,,
standard,"CORONADO, BORIS/ORHS",4072376333,,,,FL,socrata:orlando_business_tax,,,,
standard,FENAGGI BUSINESS CORP,4072266971,,,,FL,socrata:orlando_business_tax,,,,
standard,LLEWELLYN STUDIOS LLC,4073403798,,,,FL,socrata:orlando_business_tax,,,,
standard,F D R FINANCIAL SERVICES INC,4078959543,,,,FL,socrata:orlando_business_tax,,,,
standard,RATHEL LAW GROUP INC,4079999596,,,,FL,socrata:orlando_business_tax,,,,
standard,F & R SPETIC SERVICES,4072993092,,,,FL,socrata:orlando_business_tax,,,,
standard,CONTRY WIDE PLUMBING & HEATING,3013713399,,,,FL,socrata:orlando_business_tax,,,,
standard,NOBLE GLOBAL TECHNOLOGIES INC,4075235800,,,,FL,socrata:orlando_business_tax,,,,
standard,ORLANDO SPORTS GRILL,4074270515,,,,FL,socrata:orlando_business_tax,,,,
standard,A M SIST CONSULTING,4076829600,,,,FL,socrata:orlando_business_tax,,,,
standard,RENT A WHEEL,4072820075,,,,FL,socrata:orlando_business_tax,,,,
standard,SNOW ICE CREAM C/O JOHN COFFEL,4078571425,,,,FL,socrata:orlando_business_tax,,,,
standard,"LORA, RAMON A ONE THRIFT SHOP(",3212460791,,,,FL,socrata:orlando_business_tax,,,,
standard,COMMERCIAL FURNITURE RESTORATI,4077194678,,,,FL,socrata:orlando_business_tax,,,,
standard,RED CARPET CLUB,3013801196,,,,FL,socrata:orlando_business_tax,,,,
standard,PRIME TIME BARBER SHOP,4075219591,,,,FL,socrata:orlando_business_tax,,,,
standard,COURTYARD BY MARRIOTT,4049556608,,,,FL,socrata:orlando_business_tax,,,,
standard,ABDOUL DIALLO BARRY,4048405116,,,,FL,socrata:orlando_business_tax,,,,
standard,"KLIMA, JAY ALAN PE/KLIMA WEEKS",4074475959,,,,FL,socrata:orlando_business_tax,,,,
standard,"NASH, LISA G",4072735032,,,,FL,socrata:orlando_business_tax,,,,
standard,CRISTIS CABLE CONTRACTOR INC,4076951189,,,,FL,socrata:orlando_business_tax,,,,
standard,C & C AUTO WORLD,4072942033,,,,FL,socrata:orlando_business_tax,,,,
standard,A LASTING IMAGE,4076441484,,,,FL,socrata:orlando_business_tax,,,,
standard,LUXURY IMPORTS OF ORLANDO INC,4079090775,,,,FL,socrata:orlando_business_tax,,,,
standard,BUDGET BLINDS,4072920697,,,,FL,socrata:orlando_business_tax,,,,
standard,BONSET INTERNATIONAL LLC,3214467446,,,,FL,socrata:orlando_business_tax,,,,
standard,"SUKANEK, CHARLES JOSEPH/URS",4078359475,,,,FL,socrata:orlando_business_tax,,,,
standard,GATOR COURT REPORTING INC,4078490940,,,,FL,socrata:orlando_business_tax,,,,
standard,"CARDINAL, MARCELLA/CAJENE",4076712654,,,,FL,socrata:orlando_business_tax,,,,
standard,LIGHTING SERVICES OF CENTRAL F,4072949586,,,,FL,socrata:orlando_business_tax,,,,
standard,"MONTGOMERY, CHARLES J",3212289562,,,,FL,socrata:orlando_business_tax,,,,
standard,INDUSTRIAL DEVELOPMENT GROUP,4074935555,,,,FL,socrata:orlando_business_tax,,,,
standard,FASCOMP INC,4072262112,,,,FL,socrata:orlando_business_tax,,,,
standard,ACCIDENT LAW OFFICE OF SCOTT L,4078946001,,,,FL,socrata:orlando_business_tax,,,,
standard,LAS AMERICAS INC,4073829753,,,,FL,socrata:orlando_business_tax,,,,
standard,LA MESSA PRODUCTION INC,4076586697,,,,FL,socrata:orlando_business_tax,,,,
standard,TESORO LATINO RESTAURANT & BAR,4073812200,,,,FL,socrata:orlando_business_tax,,,,
standard,SILVER STAR GAS,4072985372,,,,FL,socrata:orlando_business_tax,,,,
standard,"USTLER, F THOMAS",4078413266,,,,FL,socrata:orlando_business_tax,,,,
standard,US OUTLET STORES ORLANDO LLC,4072645783,,,,FL,socrata:orlando_business_tax,,,,
standard,CONSUMER CREDIT COUNSELING SVC,4078958886,,,,FL,socrata:orlando_business_tax,,,,
standard,UNIV STUDIOS/PRODUCTION STUDIO,4073638000,,,,FL,socrata:orlando_business_tax,,,,
standard,TRADITIONAL PLANNING CONSULTAN,4074251166,,,,FL,socrata:orlando_business_tax,,,,
standard,"FORSYTHE, GUY & JENNIE",4076540475,,,,FL,socrata:orlando_business_tax,,,,
standard,SUPER STOP FOOD STORE,3059759822,,,,FL,socrata:orlando_business_tax,,,,
standard,AEROTEK INC,4105793000,,,,FL,socrata:orlando_business_tax,,,,
standard,ADMIN ALTERNATIVES,4074459575,,,,FL,socrata:orlando_business_tax,,,,
standard,HANLEY PAIN & REHABILITATION C,4077584067,,,,FL,socrata:orlando_business_tax,,,,
standard,THE LEADERSHIP DIFFERENCE (CLO,4076503571,,,,FL,socrata:orlando_business_tax,,,,
standard,PRODUCTS WORLDWIDE INC,4076826008,,,,FL,socrata:orlando_business_tax,,,,
standard,LIMITLESS INTERNATIONAL INC,4078529225,,,,FL,socrata:orlando_business_tax,,,,
standard,MANE EXPRESSIONS (CLOSED 06/20,4078980732,,,,FL,socrata:orlando_business_tax,,,,
standard,"LABODA, BARRY C",4078431917,,,,FL,socrata:orlando_business_tax,,,,
standard,COLONIAL GARDENS ASSOCIATES LT,4078961876,,,,FL,socrata:orlando_business_tax,,,,
standard,NEW WORLD CERAMIC MOSAIC AND S,4072452165,,,,FL,socrata:orlando_business_tax,,,,
standard,MUNDO LATINO TRAVEL,4074383825,,,,FL,socrata:orlando_business_tax,,,,
standard,LA FONTANELLA DA NINO(CLOSED B,4073800491,,,,FL,socrata:orlando_business_tax,,,,
standard,"ROZIER, CARDELL",4072951785,,,,FL,socrata:orlando_business_tax,,,,
standard,ISMAEL MEJIA LLC,4073412100,,,,FL,socrata:orlando_business_tax,,,,
standard,FIRST MORTGAGE GROUP INC,4074204700,,,,FL,socrata:orlando_business_tax,,,,
standard,ROMULO J DIAZ,4078791186,,,,FL,socrata:orlando_business_tax,,,,
standard,MERCHANDISE LIQUIDATORS&AUCTIO,3213771801,,,,FL,socrata:orlando_business_tax,,,,
standard,REEDY CARPET TILE INC,4078436305,,,,FL,socrata:orlando_business_tax,,,,
standard,NATURES MARKET & FITNESS INC,4078950469,,,,FL,socrata:orlando_business_tax,,,,
standard,MARVIN HEUER/HEUER MD RESEARCH,9549182338,,,,FL,socrata:orlando_business_tax,,,,
standard,"TOMEO, KELLIE",4078490080,,,,FL,socrata:orlando_business_tax,,,,
standard,TERRENCE E KEHOE/LAW OFFICE,4078433745,,,,FL,socrata:orlando_business_tax,,,,
standard,TETYANA MALA/XPRESSPA,4073016461,,,,FL,socrata:orlando_business_tax,,,,
standard,TEAMSPORTS USA,4073545445,,,,FL,socrata:orlando_business_tax,,,,
standard,HELP A HOST INC,4076291838,,,,FL,socrata:orlando_business_tax,,,,
standard,FULKERSON APARTMENTS,2526339632,,,,FL,socrata:orlando_business_tax,,,,
standard,SMOKEY BONES BAR & FIRE GRILL,4078941511,,,,FL,socrata:orlando_business_tax,,,,
standard,MELISSA A JOYNES IRRIGATION DE,4078167074,,,,FL,socrata:orlando_business_tax,,,,
standard,MARK KAUFMAN ACOUTICALS(10/17/,4073991543,,,,FL,socrata:orlando_business_tax,,,,
standard,PHOTOSOUND OF ORLANDO INC,4078988841,,,,FL,socrata:orlando_business_tax,,,,
standard,"MAHER, MICHAEL & JOHN R OVERCH",4078390866,,,,FL,socrata:orlando_business_tax,,,,
standard,"GOLDSTEIN, JOSEPH I",4078766444,,,,FL,socrata:orlando_business_tax,,,,
standard,PNOZE WORLD OF ART LLC,4079530200,,,,FL,socrata:orlando_business_tax,,,,
standard,QUICK CUTS,4076720180,,,,FL,socrata:orlando_business_tax,,,,
standard,CONCORD PARK UNITED METHODIST,4074227532,,,,FL,socrata:orlando_business_tax,,,,
standard,"SILVER, TERESA ALBANESE/ROGERS",4078496459,,,,FL,socrata:orlando_business_tax,,,,
standard,FORTUNE AUTO WORLD,4074929978,,,,FL,socrata:orlando_business_tax,,,,
standard,DOLLAR TREE STORES INC,7573215000,,,,FL,socrata:orlando_business_tax,,,,
standard,FIFTH THIRD BANK,4076085940,,,,FL,socrata:orlando_business_tax,,,,
standard,AUTOBAHN TOWING & RECOVERY INC,4074231899,,,,FL,socrata:orlando_business_tax,,,,
standard,"HARRIS, BRENDA/ADMINISTRATIVE",4078490151,,,,FL,socrata:orlando_business_tax,,,,
standard,"CASTANO, RAUL S DMD MS",4072975772,,,,FL,socrata:orlando_business_tax,,,,
standard,WACHOVIA SECURITIES FINANCIAL,4079022510,,,,FL,socrata:orlando_business_tax,,,,
standard,RUBEN TORO/RUBEN TORO PA,4077198507,,,,FL,socrata:orlando_business_tax,,,,
standard,ROLY POLY SANDWICHES,4072461121,,,,FL,socrata:orlando_business_tax,,,,
standard,TYRONE L RIVERS,4076682717,,,,FL,socrata:orlando_business_tax,,,,
standard,PLAZA GIFTS & JEWELRY INC,4078764944,,,,FL,socrata:orlando_business_tax,,,,
standard,SWEDEN HOUSE,4073512000,,,,FL,socrata:orlando_business_tax,,,,
standard,GENNETTE COLEMAN,4072992683,,,,FL,socrata:orlando_business_tax,,,,
standard,MASSAGE BY THERESA KRAFT,4073826848,,,,FL,socrata:orlando_business_tax,,,,
standard,SUNGLASS INTERNATIONAL INC,4078764740,,,,FL,socrata:orlando_business_tax,,,,
standard,KNIGHTS INN,4074259065,,,,FL,socrata:orlando_business_tax,,,,
standard,BUDGET INN,4072971747,,,,FL,socrata:orlando_business_tax,,,,
standard,"SOMPALLI, VINEEL/CARDIAC CARE",4072531849,,,,FL,socrata:orlando_business_tax,,,,
standard,"ROTH, HARVEY MD/EPOC(CLS 03/03",4078982046,,,,FL,socrata:orlando_business_tax,,,,
standard,EFX CORP,4073977446,,,,FL,socrata:orlando_business_tax,,,,
standard,CHIMI LOS BACANOS,4074851743,,,,FL,socrata:orlando_business_tax,,,,
standard,M/J COLONIALTOWN,4078961382,,,,FL,socrata:orlando_business_tax,,,,
standard,"CRITTENDEN, WILLIAM/KPMG",4075632284,,,,FL,socrata:orlando_business_tax,,,,
standard,MID ATLANTIC RENOVATION INC (C,4073848820,,,,FL,socrata:orlando_business_tax,,,,
standard,COMPETITIVE VENDING,4078390209,,,,FL,socrata:orlando_business_tax,,,,
standard,PUBLIX SUPER MARKETS #662 INC,9416887407,,,,FL,socrata:orlando_business_tax,,,,
standard,HOSPITALITY CLEANING AND REMOD,3219390078,,,,FL,socrata:orlando_business_tax,,,,
standard,GIFTS N THINGS,4076569248,,,,FL,socrata:orlando_business_tax,,,,
standard,LAW OFFICE OF BRUCE HELLING,4079994952,,,,FL,socrata:orlando_business_tax,,,,
standard,"PAN, EDWARD/FL PHYSICIANS",4073032770,,,,FL,socrata:orlando_business_tax,,,,
standard,DYNAMIC AIR DESIGNS & SERVICE,4073536848,,,,FL,socrata:orlando_business_tax,,,,
standard,THE HOT DIGGITY DOG HOUSE(CLOS,4078576456,,,,FL,socrata:orlando_business_tax,,,,
standard,ROADHOUSE GRILL,9544899699,,,,FL,socrata:orlando_business_tax,,,,
standard,MARY ZULU PORTEE,4079268247,,,,FL,socrata:orlando_business_tax,,,,
standard,NATURES TABLE CAFE LE,4074471975,,,,FL,socrata:orlando_business_tax,,,,
standard,S&T DEVELOPMENT LLC,3217043690,,,,FL,socrata:orlando_business_tax,,,,
standard,XTREME JUICE,4072924214,,,,FL,socrata:orlando_business_tax,,,,
standard,ABG HOUSING INC,4074268597,,,,FL,socrata:orlando_business_tax,,,,
standard,ADVENTHEALTH MEDICAL GROUP NEURO ONCOLOGY AT ORLANDO,4073032528,,,,FL,socrata:orlando_business_tax,,,,
standard,D3 ENVIROSCAPE LLC,4074672005,,,,FL,socrata:orlando_business_tax,,,,
standard,BEN LIPKIN DIST,4078989269,,,,FL,socrata:orlando_business_tax,,,,
standard,PROFESSIONAL ANESTHESIA ASSOC(,4078396213,,,,FL,socrata:orlando_business_tax,,,,
standard,COMFORT FURNITURE,3216326871,,,,FL,socrata:orlando_business_tax,,,,
standard,NELSA LOSADA/NELSA,4073706800,,,,FL,socrata:orlando_business_tax,,,,
standard,T G LEE DAIRY,8176843992,,,,FL,socrata:orlando_business_tax,,,,
standard,O TOWN CARDS,4078592581,,,,FL,socrata:orlando_business_tax,,,,
standard,"VALANTASIS, MARCUS G/BULL",4078627743,,,,FL,socrata:orlando_business_tax,,,,
standard,FAIRPLAY CONCESSIONS,4072989284,,,,FL,socrata:orlando_business_tax,,,,
standard,PRAVIRAJ INC,4076587857,,,,FL,socrata:orlando_business_tax,,,,
standard,HUTSON E MCCORKLE D D S P A,4074883132,,,,FL,socrata:orlando_business_tax,,,,
standard,PAGE AND EICHENBLATT PA,4075391703,,,,FL,socrata:orlando_business_tax,,,,
standard,LABOPTIONS INC,4079472816,,,,FL,socrata:orlando_business_tax,,,,
standard,T ASSOCIATES TOTAL QUALITY,4078087313,,,,FL,socrata:orlando_business_tax,,,,
standard,CHASE LEARNING INSTITUTE CORP,4073843145,,,,FL,socrata:orlando_business_tax,,,,
standard,AMC THEATRES FASHION VILLAGE 8,8162214000,,,,FL,socrata:orlando_business_tax,,,,
standard,BARSTOOLS DIRECT,4078937311,,,,FL,socrata:orlando_business_tax,,,,
standard,"AMBRICO, VINCENT J/AMBRICO",4073168900,,,,FL,socrata:orlando_business_tax,,,,
standard,ST GERARDS GENERAL REPAIRS,4072922945,,,,FL,socrata:orlando_business_tax,,,,
standard,"CHASE, ANTHONY S/HEALTHSOUTH",4078396194,,,,FL,socrata:orlando_business_tax,,,,
standard,NATURES MARKET & FITNESS INC,4072070067,,,,FL,socrata:orlando_business_tax,,,,
standard,"ZAPATA, ANGELO",4078323840,,,,FL,socrata:orlando_business_tax,,,,
standard,HARBOUR KEY APARTMENTS,4076296600,,,,FL,socrata:orlando_business_tax,,,,
standard,JEFFERY ALLEN SMITH(CLS 04/13/,4078962330,,,,FL,socrata:orlando_business_tax,,,,
standard,RITZ CAMERA #184,3014190000,,,,FL,socrata:orlando_business_tax,,,,
standard,FORIS & PATRICE WALKER,4072966974,,,,FL,socrata:orlando_business_tax,,,,
standard,QUIZNOS SUB,4073160251,,,,FL,socrata:orlando_business_tax,,,,
standard,CN ENTERPRISE LLC,3216627113,,,,FL,socrata:orlando_business_tax,,,,
standard,ENGINE LAB,4074234323,,,,FL,socrata:orlando_business_tax,,,,
standard,7 11 STORE #33172A,4078959443,,,,FL,socrata:orlando_business_tax,,,,
standard,"JACOBS, JEFF S (CLS 10/03)",4078304121,,,,FL,socrata:orlando_business_tax,,,,
standard,NOUVEAU GROUP(CLS 05/03),4075220116,,,,FL,socrata:orlando_business_tax,,,,
standard,5 CHAU TRAVEL AGENCY(CLS 01/04,4077400037,,,,FL,socrata:orlando_business_tax,,,,
standard,ORLANDO MOBILITY PRODUCTS,4074277679,,,,FL,socrata:orlando_business_tax,,,,
standard,TIME N SOUND,4078967077,,,,FL,socrata:orlando_business_tax,,,,
standard,SHOPPERS STOP #10,4078350984,,,,FL,socrata:orlando_business_tax,,,,
standard,"MOROS, JULIO G MD",4072824411,,,,FL,socrata:orlando_business_tax,,,,
standard,WIRELESS ZONE,4078565510,,,,FL,socrata:orlando_business_tax,,,,
standard,"BOTT, WILLIAM K MD",4078412861,,,,FL,socrata:orlando_business_tax,,,,
standard,MIAMI STYLE AUTO ACCESSORIES I,4078411847,,,,FL,socrata:orlando_business_tax,,,,
standard,GREG HYDE,4072759867,,,,FL,socrata:orlando_business_tax,,,,
standard,RELIABLE PREMIUM FINANCE CO IN,4072955755,,,,FL,socrata:orlando_business_tax,,,,
standard,FRANKLIN ROOFING INC,6025684761,,,,FL,socrata:orlando_business_tax,,,,
standard,CDR ALL CONTRACTORS INC,3212342670,,,,FL,socrata:orlando_business_tax,,,,
standard,DAVID FONZO PAINTING & PRESSUR,4072278899,,,,FL,socrata:orlando_business_tax,,,,
standard,"HUNTER, PATRICK T II MD",4078391155,,,,FL,socrata:orlando_business_tax,,,,
standard,FUSION NIGHTCLUB,4076500556,,,,FL,socrata:orlando_business_tax,,,,
standard,"MCGRIFF, TIA S",4077018541,,,,FL,socrata:orlando_business_tax,,,,
standard,PROFILES SOUTH(CLOSED PER INVO,4074592728,,,,FL,socrata:orlando_business_tax,,,,
standard,ORLANDO PARKING SOLUTIONS INC,4074019405,,,,FL,socrata:orlando_business_tax,,,,
standard,CLEAR FINANCIAL DIRECTION,3525522730,,,,FL,socrata:orlando_business_tax,,,,
standard,DOS REIS CORPORATION,3214381991,,,,FL,socrata:orlando_business_tax,,,,
standard,"MCBRIDE, G GRADY MD",4078971363,,,,FL,socrata:orlando_business_tax,,,,
standard,LOUIS H LAUTERIA/LAUTERIA,4078942279,,,,FL,socrata:orlando_business_tax,,,,
standard,HAIR HAIR LLC,4072337033,,,,FL,socrata:orlando_business_tax,,,,
standard,"KIM, SEUNG G/ALJO MEDICAL",4077379616,,,,FL,socrata:orlando_business_tax,,,,
standard,GILCHRIST ENTERPRISES,4074280961,,,,FL,socrata:orlando_business_tax,,,,
standard,CAMERON PROMENADE,8884774695,,,,FL,socrata:orlando_business_tax,,,,
standard,C & A INVESTMENT ENTERPRISES I,4078984969,,,,FL,socrata:orlando_business_tax,,,,
standard,HANNA FASHION,4074268495,,,,FL,socrata:orlando_business_tax,,,,
standard,DISCOUNT CV JOINTS,4079992660,,,,FL,socrata:orlando_business_tax,,,,
standard,BARBARA ANN SALTON,4078439040,,,,FL,socrata:orlando_business_tax,,,,
standard,HVAC OF USA INC,4074068791,,,,FL,socrata:orlando_business_tax,,,,
standard,GOLDEN GATE OF CENTRAL FLORIDA,4073511370,,,,FL,socrata:orlando_business_tax,,,,
standard,MAXIMIANO BRITO/RHODES,4078955477,,,,FL,socrata:orlando_business_tax,,,,
standard,ANDERSON ALLERGY & ASTHMA PA,4078721110,,,,FL,socrata:orlando_business_tax,,,,
standard,BLACK MARKET MINERALS,4078554004,,,,FL,socrata:orlando_business_tax,,,,
standard,"METCHICK, DONALD",4078696105,,,,FL,socrata:orlando_business_tax,,,,
standard,VELEZ TECHNOLOGY INC,4077381050,,,,FL,socrata:orlando_business_tax,,,,
standard,LOVE ME TENDER THE KING OF BBQ,3213034929,,,,FL,socrata:orlando_business_tax,,,,
standard,A ROMANTIC TOUCH,4074723901,,,,FL,socrata:orlando_business_tax,,,,
standard,BP CONNECT #5318,4073814294,,,,FL,socrata:orlando_business_tax,,,,
standard,RIKU & ANNA,4078973202,,,,FL,socrata:orlando_business_tax,,,,
standard,PROVIDENT MUTUAL INSURANCE CO,4078413201,,,,FL,socrata:orlando_business_tax,,,,
standard,HAWKERS,4078109046,,,,FL,socrata:orlando_business_tax,,,,
standard,"SAVAGE, WILLIAM JOHN JR/LOCKS",4078948382,,,,FL,socrata:orlando_business_tax,,,,
standard,M S APPLIANCES,4072826268,,,,FL,socrata:orlando_business_tax,,,,
standard,RICARDOS LANDSCAPING(CLS 04/03,4072778235,,,,FL,socrata:orlando_business_tax,,,,
standard,CHAPMAN PHOTOGRAPHY,4072989209,,,,FL,socrata:orlando_business_tax,,,,
standard,ALL TRANS WORLD,4078340922,,,,FL,socrata:orlando_business_tax,,,,
standard,HONG KONG VIDEO & GIFTS,4078941510,,,,FL,socrata:orlando_business_tax,,,,
standard,ELLENS EMBROIDERY INC,4078955309,,,,FL,socrata:orlando_business_tax,,,,
standard,CONCEPT FLOOR COATINGS(CLS 01/,4073220756,,,,FL,socrata:orlando_business_tax,,,,
standard,U HAUL CO OF FLORIDA,6022636745,,,,FL,socrata:orlando_business_tax,,,,
standard,ALLEGIANCE MANAGEMENT INC,4074258276,,,,FL,socrata:orlando_business_tax,,,,
standard,VILLACIAN PSYCHOLOGICAL CENTER,4073703701,,,,FL,socrata:orlando_business_tax,,,,
standard,WIRELESS UNLIMITED,4078976245,,,,FL,socrata:orlando_business_tax,,,,
standard,FISH & CHIPS HOMEMADE BY MADEL,3215949936,,,,FL,socrata:orlando_business_tax,,,,
standard,MENTOR GRAPHICS CORP,4079992300,,,,FL,socrata:orlando_business_tax,,,,
standard,JORDANS LANDSCAPING LLC,4074326897,,,,FL,socrata:orlando_business_tax,,,,
standard,"GILDEN, ANN MARIE GIORDANO",4076732182,,,,FL,socrata:orlando_business_tax,,,,
standard,MILLENIUM FLOWERS & PLANTS,4075388570,,,,FL,socrata:orlando_business_tax,,,,
standard,ADAMS JEWELRY OF ORLANDO INC,4078958599,,,,FL,socrata:orlando_business_tax,,,,
standard,COUNTY FIRE SAFETY & SECURITY,4073540427,,,,FL,socrata:orlando_business_tax,,,,
standard,EC OVERSEAS INVESTMENTS LLC,4079273270,,,,FL,socrata:orlando_business_tax,,,,
standard,"MORAN, MARILYN G/AKERMAN",4078437860,,,,FL,socrata:orlando_business_tax,,,,
standard,EVERETT CHARLES TECHNOLOGIES I,4072976617,,,,FL,socrata:orlando_business_tax,,,,
standard,CORNELL ENTERPRISES,4073811485,,,,FL,socrata:orlando_business_tax,,,,
standard,"MACE-PARKER, LYNN C LMT",4078941544,,,,FL,socrata:orlando_business_tax,,,,
standard,JONATHAN P DORAN/RE COMMERCIAL,4074935164,,,,FL,socrata:orlando_business_tax,,,,
standard,JIMS DANDY ROOM,4072984358,,,,FL,socrata:orlando_business_tax,,,,
standard,BEST FRIENDS PUPPY BOUTIQUE,4075660971,,,,FL,socrata:orlando_business_tax,,,,
standard,RAGNAR BENSON INC(CLS 04/03),8476984900,,,,FL,socrata:orlando_business_tax,,,,
standard,GAIL & WYNNS MORTUARY INC,4073215898,,,,FL,socrata:orlando_business_tax,,,,
standard,"PERSAD, KASAR WINDOW TINTING",4078390614,,,,FL,socrata:orlando_business_tax,,,,
standard,PHILLIPS ELECTRICAL CONTRACTIN,4078942535,,,,FL,socrata:orlando_business_tax,,,,
standard,"OVERCHUCK, JOHN R/OVERCHUCK",4078726222,,,,FL,socrata:orlando_business_tax,,,,
standard,FANCY ASIA GIFTS PLUS MORE INC,4078966038,,,,FL,socrata:orlando_business_tax,,,,
standard,I-4 AUTO INC(CLS 06/15/04),4077880230,,,,FL,socrata:orlando_business_tax,,,,
standard,MORE COFFEE INC,4073762911,,,,FL,socrata:orlando_business_tax,,,,
standard,"PESCHONG, GREGORY J/BOWYER",4078435120,,,,FL,socrata:orlando_business_tax,,,,
standard,ATLANTIS LTD,4078432417,,,,FL,socrata:orlando_business_tax,,,,
standard,ACADEMY PUBLISHING INC,4074209448,,,,FL,socrata:orlando_business_tax,,,,
standard,BANK OWNED SERVICES,4075781121,,,,FL,socrata:orlando_business_tax,,,,
standard,LAS PRIMAS MEAT MARKET & RESTA,4073486769,,,,FL,socrata:orlando_business_tax,,,,
standard,"MARK, NEVILLE",4078964396,,,,FL,socrata:orlando_business_tax,,,,
standard,COLONIAL TOWN GARDEN APARTMENT,4076498336,,,,FL,socrata:orlando_business_tax,,,,
standard,NEW FASHION HAELY(CLS 10/03),4073899958,,,,FL,socrata:orlando_business_tax,,,,
standard,NORTH AMERICAN TRANSMISSION,4078490400,,,,FL,socrata:orlando_business_tax,,,,
standard,BANDROOMS INC,4078977080,,,,FL,socrata:orlando_business_tax,,,,
standard,RENT A CENTER,4075787477,,,,FL,socrata:orlando_business_tax,,,,
standard,CLEANING SOLUTIONS,4072407473,,,,FL,socrata:orlando_business_tax,,,,
standard,RHONDA TAYLOR CABINETS & ALL(C,4075320083,,,,FL,socrata:orlando_business_tax,,,,
standard,AV DENTAL PA,4072734100,,,,FL,socrata:orlando_business_tax,,,,
standard,"KACHEL, DEBORAH/TOWN (CLS 04/0",4074222206,,,,FL,socrata:orlando_business_tax,,,,
standard,TRE BRICES INC (TRN 24030-1 09,4073805671,,,,FL,socrata:orlando_business_tax,,,,
standard,TRUE VALUE REAL ESTATE APPRAIS,4078547688,,,,FL,socrata:orlando_business_tax,,,,
standard,COLLEGE PARK DANCE INC,4078321793,,,,FL,socrata:orlando_business_tax,,,,
standard,CRUISE JOURNEYS AND TOURS INC,4078239622,,,,FL,socrata:orlando_business_tax,,,,
standard,AMTECK OF KENTUCKY INC,8592559546,,,,FL,socrata:orlando_business_tax,,,,
standard,TRIUMPHS 7 STAR LEARNING CENTE,4072950591,,,,FL,socrata:orlando_business_tax,,,,
standard,HADRIAN BUILDERS INC,4079998961,,,,FL,socrata:orlando_business_tax,,,,
standard,"WILKENSON, J TRACY PA",4078720836,,,,FL,socrata:orlando_business_tax,,,,
standard,PLATINUM LIZARD ENTERPRISES INC,4077659601,,,,FL,socrata:orlando_business_tax,,,,
standard,FAMILY OFFICE SERVICES CORPORA,4074209005,,,,FL,socrata:orlando_business_tax,,,,
standard,WILLIE J BELL,8635585978,,,,FL,socrata:orlando_business_tax,,,,
standard,"TOWNSEND, NATHAN L/BROAD",4078394200,,,,FL,socrata:orlando_business_tax,,,,
standard,H & R BLOCK FINANCIAL ADVISORS,3139616666,,,,FL,socrata:orlando_business_tax,,,,
standard,BACK STAGE BILLIARDS OF ORLAND,4073450323,,,,FL,socrata:orlando_business_tax,,,,
standard,A & S APPLIANCE SERVICE INC,4074688050,,,,FL,socrata:orlando_business_tax,,,,
standard,"NARAIN, RADHIKA/KPMG",4075632241,,,,FL,socrata:orlando_business_tax,,,,
standard,SUN SURFACES OF ORLANDO INC,4074233342,,,,FL,socrata:orlando_business_tax,,,,
standard,REGINALD DUGGER,4072928794,,,,FL,socrata:orlando_business_tax,,,,
standard,"ALBRIGHT II, ROGER D/MOORE(CLS",4076794635,,,,FL,socrata:orlando_business_tax,,,,
standard,"DOUDNEY, DOUGLAS S",4072408764,,,,FL,socrata:orlando_business_tax,,,,
standard,KEN-DO-KAI KARATE,4076229337,,,,FL,socrata:orlando_business_tax,,,,
standard,CTG PRESSURE WASHING & MOBILE,4073630051,,,,FL,socrata:orlando_business_tax,,,,
standard,KENZA TOUR SERVICES(CLS 04/04),4078509624,,,,FL,socrata:orlando_business_tax,,,,
standard,SUBWAY,4072432610,,,,FL,socrata:orlando_business_tax,,,,
standard,SUNBODY TANNING,4072965809,,,,FL,socrata:orlando_business_tax,,,,
standard,ENERGY SAVINGS SYSTEMS INC,4073160400,,,,FL,socrata:orlando_business_tax,,,,
standard,ROYAL BEAUTY SUPPLY(CLOSED 07/,4078341853,,,,FL,socrata:orlando_business_tax,,,,
standard,SHEKINNAH VACATION CORP,3212341712,,,,FL,socrata:orlando_business_tax,,,,
standard,EMBROIDERY WORKS PLUS,4075783752,,,,FL,socrata:orlando_business_tax,,,,
standard,CENTRAL FLORIDA DIVE CENTER LL,4073393023,,,,FL,socrata:orlando_business_tax,,,,
standard,PASTAGO,3213679585,,,,FL,socrata:orlando_business_tax,,,,
standard,THE DRAVES LAW FIRM PA,4074231183,,,,FL,socrata:orlando_business_tax,,,,
standard,GREEN TSPA LLC/FIRM,4072365420,,,,FL,socrata:orlando_business_tax,,,,
standard,KEARNEY COMMINICATIONS INC,4075177461,,,,FL,socrata:orlando_business_tax,,,,
standard,ELITE WORKS BY MAURICE MOORE,4078954965,,,,FL,socrata:orlando_business_tax,,,,
standard,"LOPEZ, ANTONIO G",4078463370,,,,FL,socrata:orlando_business_tax,,,,
standard,MAGNETS & MORE INC,4078962555,,,,FL,socrata:orlando_business_tax,,,,
standard,R AND D FOOD SERVICES INC,3289995587,,,,FL,socrata:orlando_business_tax,,,,
standard,THUS NAIL,4078973301,,,,FL,socrata:orlando_business_tax,,,,
standard,"CHIU-DYE, NANCY/BALANCING(TRAN",4072432446,,,,FL,socrata:orlando_business_tax,,,,
standard,GERALD L WATSON COYTOWN ELECTR,4078987285,,,,FL,socrata:orlando_business_tax,,,,
standard,THE PEPSI BOTTLING GROUP,4078265929,,,,FL,socrata:orlando_business_tax,,,,
standard,RHINEHART TERACE APTS,4074235051,,,,FL,socrata:orlando_business_tax,,,,
standard,NAOMI BOURASSA/MARCANDREW EXCL,4078987738,,,,FL,socrata:orlando_business_tax,,,,
standard,RENT KING,8132410607,,,,FL,socrata:orlando_business_tax,,,,
standard,WENDYS OF NE FLORIDA INC,4078981188,,,,FL,socrata:orlando_business_tax,,,,
standard,"KAZAROS, ROBERT S JR/SENTINEL",4078963353,,,,FL,socrata:orlando_business_tax,,,,
standard,GLOBAL FINANCIAL ADVISORY INC,4078723888,,,,FL,socrata:orlando_business_tax,,,,
standard,GSF PROPERTIES INC,4074704552,,,,FL,socrata:orlando_business_tax,,,,
standard,NATIONAL MANGO BOARD INC,4076297318,,,,FL,socrata:orlando_business_tax,,,,
standard,SOMPRATHANA VONGVILATH,4072273916,,,,FL,socrata:orlando_business_tax,,,,
standard,PARIKH GROUP INC,4079962819,,,,FL,socrata:orlando_business_tax,,,,
standard,"WILKES, ISAAC D",4072931358,,,,FL,socrata:orlando_business_tax,,,,
standard,MAID IN SERVICE CORP,3212975403,,,,FL,socrata:orlando_business_tax,,,,
standard,ORLANDO HEALTH ORLANDO REGIONAL MEDICAL CENTER INSTITUTE FOR ADVANCED REHABILITATION,4076496889,,,,FL,socrata:orlando_business_tax,,,,
standard,LONGS CHRISTIAN BOOK & MUSIC S,4074226934,,,,FL,socrata:orlando_business_tax,,,,
standard,MAYO DESIGNS INC,4077609912,,,,FL,socrata:orlando_business_tax,,,,
standard,ATHENIAN GARDEN CAFE,4078982151,,,,FL,socrata:orlando_business_tax,,,,
standard,IRWIN STOKES & ROBERTSON INC,4073668261,,,,FL,socrata:orlando_business_tax,,,,
standard,HIDEAWAY DELANEY APARTMENTS,4078434700,,,,FL,socrata:orlando_business_tax,,,,
standard,MELISA MICHAUD PHOTOGRAPHY,3212028668,,,,FL,socrata:orlando_business_tax,,,,
standard,MICHAEL HUMPHRIES/VAMP HAIR,4079277415,,,,FL,socrata:orlando_business_tax,,,,
standard,KENTUCKY FRIED CHICKEN,3054238398,,,,FL,socrata:orlando_business_tax,,,,
standard,"MERCEDES, ANNERYS",4076589973,,,,FL,socrata:orlando_business_tax,,,,
standard,MOLTO ICE CREAM CORP,4072960044,,,,FL,socrata:orlando_business_tax,,,,
standard,RUBY NAIL AND HAIR,4072956552,,,,FL,socrata:orlando_business_tax,,,,
standard,SOUTHERN DOG,3212995856,,,,FL,socrata:orlando_business_tax,,,,
standard,DIRECT SOURCE USA,4079082485,,,,FL,socrata:orlando_business_tax,,,,
standard,RUTLEDGE M BRADFORD PA(NO LONG,4079268710,,,,FL,socrata:orlando_business_tax,,,,
standard,SAWSTREET LLC,4076014907,,,,FL,socrata:orlando_business_tax,,,,
standard,FIRST NATIONAL BANK OF CENTRAL,4077743000,,,,FL,socrata:orlando_business_tax,,,,
standard,DAVID N GLASSMAN PA,4078776405,,,,FL,socrata:orlando_business_tax,,,,
standard,MICHAEL L MOORE/LAW OFFICES,4078946447,,,,FL,socrata:orlando_business_tax,,,,
standard,JUST BECAUSE(CLS 06/15/04),4072821538,,,,FL,socrata:orlando_business_tax,,,,
standard,A & G FLOORING INC,4077222663,,,,FL,socrata:orlando_business_tax,,,,
standard,WINSUPPLY ORLANDO FL CO,4078765323,,,,FL,socrata:orlando_business_tax,,,,
standard,"HARDESTY, JOHN R/TILDEN(CLS 10",4073827814,,,,FL,socrata:orlando_business_tax,,,,
standard,M & I EXPRESS & MULTI SERVICES,4076489428,,,,FL,socrata:orlando_business_tax,,,,
standard,MAGIC TECHNOLOGIES INC,4072461145,,,,FL,socrata:orlando_business_tax,,,,
standard,KURT REID,4076680949,,,,FL,socrata:orlando_business_tax,,,,
standard,SAMY USA CORPORATION,4072861360,,,,FL,socrata:orlando_business_tax,,,,
standard,INTERNATIONAL BUSINESS ENTERPR,4074201700,,,,FL,socrata:orlando_business_tax,,,,
standard,STEVEN E EARLE PA,4078418292,,,,FL,socrata:orlando_business_tax,,,,
standard,NOVAMED SURGERY CENTER OF ORLA,4076500051,,,,FL,socrata:orlando_business_tax,,,,
standard,SUN STATE FORD INC,4072995900,,,,FL,socrata:orlando_business_tax,,,,
standard,"RIGDON, HARMON A/RIGDON",4076366723,,,,FL,socrata:orlando_business_tax,,,,
standard,"PADGETT, LARRY R/ADVANCED",4078961303,,,,FL,socrata:orlando_business_tax,,,,
standard,"MAC, HAN/DELOITTE",8132738300,,,,FL,socrata:orlando_business_tax,,,,
standard,EZ DOCUMENT PREPARATION SERVIC,3213323401,,,,FL,socrata:orlando_business_tax,,,,
standard,GLOBAL EXPERTS REALTY INC,4072260703,,,,FL,socrata:orlando_business_tax,,,,
standard,KATE OBRIENS,4076497646,,,,FL,socrata:orlando_business_tax,,,,
standard,"PHILIPS, WALLACE M JR MD",4078414022,,,,FL,socrata:orlando_business_tax,,,,
standard,RETURN TO GLORY AUTO DETAILING,4072962383,,,,FL,socrata:orlando_business_tax,,,,
standard,VESTA FIRE INSURANCE CO,2059707174,,,,FL,socrata:orlando_business_tax,,,,
standard,WRIGHTWAY MAINTENANCE INC(CLOS,4076220462,,,,FL,socrata:orlando_business_tax,,,,
standard,TELEALOMA RECORD,4073823888,,,,FL,socrata:orlando_business_tax,,,,
standard,FINTRUST INSURANCE & BENEFITS INC,4075672233,,,,FL,socrata:orlando_business_tax,,,,
standard,WILSONS LEATHER OUTLET #3144,6125413452,,,,FL,socrata:orlando_business_tax,,,,
standard,HICKSON INC,3212845237,,,,FL,socrata:orlando_business_tax,,,,
standard,MORTGAGE LOANS BANK INC,4076585857,,,,FL,socrata:orlando_business_tax,,,,
standard,PERCENTAGE MARKETING INC,4078985545,,,,FL,socrata:orlando_business_tax,,,,
standard,S & M VENDING SERVICES,4076569122,,,,FL,socrata:orlando_business_tax,,,,
standard,TIPTON ASSOCIATES INC,4078942055,,,,FL,socrata:orlando_business_tax,,,,
standard,"JACKSON, CHARLIE JR",4078414229,,,,FL,socrata:orlando_business_tax,,,,
standard,COMPREHENSIVE BUSINESS SERVICE,4073450007,,,,FL,socrata:orlando_business_tax,,,,
standard,BOBS BARRICADES INC,9544232627,,,,FL,socrata:orlando_business_tax,,,,
standard,CO ART GALLERY,4078764187,,,,FL,socrata:orlando_business_tax,,,,
standard,FOLIAGE DESIGN SYSTEMS INC,9046291250,,,,FL,socrata:orlando_business_tax,,,,
standard,GOSSIPS CARIBBEAN RESTAURANT &,4072930919,,,,FL,socrata:orlando_business_tax,,,,
standard,"IBEM RONALDO BORGES, MD/TRAUMA",4072825466,,,,FL,socrata:orlando_business_tax,,,,
standard,C S D C OF AMERICAN INC (CLS 1,4074970994,,,,FL,socrata:orlando_business_tax,,,,
standard,ALL FAMILY CHIROPRACTIC CENTER,4072540860,,,,FL,socrata:orlando_business_tax,,,,
standard,HORIZONS MEDICAL SUPPLIES,4078553712,,,,FL,socrata:orlando_business_tax,,,,
standard,TIJUANA RESTAURANT INC,4076588828,,,,FL,socrata:orlando_business_tax,,,,
standard,IRON GATE ANTIQUES INC,4078960181,,,,FL,socrata:orlando_business_tax,,,,
standard,"LOPEZ, JUAN A MD",4073521272,,,,FL,socrata:orlando_business_tax,,,,
standard,"MILAZZO, GARTH J",4079264016,,,,FL,socrata:orlando_business_tax,,,,
standard,AMAZON HOSE & RUBBER,4078438190,,,,FL,socrata:orlando_business_tax,,,,
standard,DATAWATCH SYSTEMS INC,3012804289,,,,FL,socrata:orlando_business_tax,,,,
standard,LINDA EARLEY WERNER PA,4074268606,,,,FL,socrata:orlando_business_tax,,,,
standard,FOTO FANTASY INC,6038941234,,,,FL,socrata:orlando_business_tax,,,,
standard,HAND N HAND CHILD ENRICHMENT CENTER INC,4078596635,,,,FL,socrata:orlando_business_tax,,,,
standard,"SEDERGREN, PATRICIA",4074223914,,,,FL,socrata:orlando_business_tax,,,,
standard,"LIGHTSHIP GROUP, THE",4073637777,,,,FL,socrata:orlando_business_tax,,,,
standard,KEY REALTY OF ORLANDO PA(MOVED,4072924957,,,,FL,socrata:orlando_business_tax,,,,
standard,MAGUIRE EMINENT DOMAIN P A,4072289522,,,,FL,socrata:orlando_business_tax,,,,
standard,ROSEN INN,4079969840,,,,FL,socrata:orlando_business_tax,,,,
standard,CRUSADOR ENTERPRISES INC,4072901932,,,,FL,socrata:orlando_business_tax,,,,
standard,JULIO BARONA,4072824719,,,,FL,socrata:orlando_business_tax,,,,
standard,"PARKS, JOHN W",4079871300,,,,FL,socrata:orlando_business_tax,,,,
standard,"ADDISON, MARK K/CHASTAIN",4078517177,,,,FL,socrata:orlando_business_tax,,,,
standard,ALEJANDRO R LOPEZ,4072986739,,,,FL,socrata:orlando_business_tax,,,,
standard,K & R PRESSURE WASHING,4072770171,,,,FL,socrata:orlando_business_tax,,,,
standard,RIP IT SPORTING GOODS,7865255138,,,,FL,socrata:orlando_business_tax,,,,
standard,"TARTIBI, MARIA T",4073663020,,,,FL,socrata:orlando_business_tax,,,,
standard,THORNTON COMMONS LLC,4075311970,,,,FL,socrata:orlando_business_tax,,,,
standard,"FISHER, ROSA NELLY DRY CLEANIN",4076482721,,,,FL,socrata:orlando_business_tax,,,,
standard,IN & OUT HOSPITALITY CONCEPTS,4072840328,,,,FL,socrata:orlando_business_tax,,,,
standard,MAC GRAY SERVICES INC/11567,8006224729,,,,FL,socrata:orlando_business_tax,,,,
standard,"HARRIS, GLENN K MD/CARDIAC CAR",4078296563,,,,FL,socrata:orlando_business_tax,,,,
standard,GIFT WAREHOUSE,4072955660,,,,FL,socrata:orlando_business_tax,,,,
standard,BIG J'S,4072377655,,,,FL,socrata:orlando_business_tax,,,,
standard,"QADIR, SOFIA MD/CARE MAX",3212879746,,,,FL,socrata:orlando_business_tax,,,,
standard,BOMANI TYEHIMBA,5132593338,,,,FL,socrata:orlando_business_tax,,,,
standard,RAMIREZ AND POULOS MD PA,4078432020,,,,FL,socrata:orlando_business_tax,,,,
standard,BEEP ONE COMMUNICATIONS INC,4072081000,,,,FL,socrata:orlando_business_tax,,,,
standard,PAUL MUTCHLER PAINTING LLC,3216625100,,,,FL,socrata:orlando_business_tax,,,,
standard,W F PROFESSIONAL FLOORING LLC,4074667395,,,,FL,socrata:orlando_business_tax,,,,
standard,STEVEN JOHNSON,4076494810,,,,FL,socrata:orlando_business_tax,,,,
standard,WONDER PRODUCTS TRADING POST,4078989237,,,,FL,socrata:orlando_business_tax,,,,
standard,ROBERT E EDMONDS VIDEOGRAPHER,4078964755,,,,FL,socrata:orlando_business_tax,,,,
standard,"STINE, JOSEPH P PE",4078982293,,,,FL,socrata:orlando_business_tax,,,,
standard,BLUMENSTEIN ENTERTAINMENT(CLS,4072959360,,,,FL,socrata:orlando_business_tax,,,,
standard,MIKES AUTOBODY & REPAIR,4077584372,,,,FL,socrata:orlando_business_tax,,,,
standard,AMERI QUICK PRINTING,4073300590,,,,FL,socrata:orlando_business_tax,,,,
standard,COALITION FOR THE HOMELESS OF CENTRAL FLORIDA INC,4074261267,,,,FL,socrata:orlando_business_tax,,,,
standard,GARY KALSER/WINTER,4074222484,,,,FL,socrata:orlando_business_tax,,,,
standard,FAYES PLANTS,4078432502,,,,FL,socrata:orlando_business_tax,,,,
standard,XE CORPORATION,4072457600,,,,FL,socrata:orlando_business_tax,,,,
standard,"BATTS, BRUCE W/BATTS",4074227333,,,,FL,socrata:orlando_business_tax,,,,
standard,"FOSGATE,LAURENCE E",4075391146,,,,FL,socrata:orlando_business_tax,,,,
standard,HUNG NGUYEN HERNDON LAUNDRY &,4078969517,,,,FL,socrata:orlando_business_tax,,,,
standard,NATURAL THERAPIES INC,4074962275,,,,FL,socrata:orlando_business_tax,,,,
standard,FLT GEOSYSTEMS,9547635300,,,,FL,socrata:orlando_business_tax,,,,
standard,DELANEY PARK FAMILY PRACTICE L,4074607189,,,,FL,socrata:orlando_business_tax,,,,
standard,ACTIVE SERVICE DEVELOPMENT CTR,4072924141,,,,FL,socrata:orlando_business_tax,,,,
standard,"ANDREWS, JONATHAN",4076876724,,,,FL,socrata:orlando_business_tax,,,,
standard,A + DISCOUNT INSURANCE,4072901648,,,,FL,socrata:orlando_business_tax,,,,
standard,"BRONZA, CATHERINE L",4075991078,,,,FL,socrata:orlando_business_tax,,,,
standard,"PALMER, BOBBY G JR/HILYARD",4074254251,,,,FL,socrata:orlando_business_tax,,,,
standard,JOSEPH A FREIN/JOSEPH A FREIN PA,4076499133,,,,FL,socrata:orlando_business_tax,,,,
standard,DOLLAR STAR USA CORP,4073982239,,,,FL,socrata:orlando_business_tax,,,,
standard,1800 FLOWERS DC,2012948783,,,,FL,socrata:orlando_business_tax,,,,
standard,C R ALIGNMENT & CAR CARE INC,3216894390,,,,FL,socrata:orlando_business_tax,,,,
standard,BIG EASY CAJUN INC,8137280200,,,,FL,socrata:orlando_business_tax,,,,
standard,SUNG JAE MYUNG FASHION,4075783002,,,,FL,socrata:orlando_business_tax,,,,
standard,"WELLS, RICHARD M",4078416656,,,,FL,socrata:orlando_business_tax,,,,
standard,MARINER FINANCE FLORIDA INC,4074821066,,,,FL,socrata:orlando_business_tax,,,,
standard,A & R RADIO RENTALS INC,4078898062,,,,FL,socrata:orlando_business_tax,,,,
standard,KID'S THERAPY INC/LEILA PEREIR,4073404932,,,,FL,socrata:orlando_business_tax,,,,
standard,GREYHOUND LINES INC FOOD SERVI,5134193218,,,,FL,socrata:orlando_business_tax,,,,
standard,BG PROFESSIONALS,4079220292,,,,FL,socrata:orlando_business_tax,,,,
standard,COWBOYS ORLANDO,4074227115,,,,FL,socrata:orlando_business_tax,,,,
standard,"BAILEY, TREVOR",4072954265,,,,FL,socrata:orlando_business_tax,,,,
standard,PREMIUM ARMORED SERVICES INC,4072461997,,,,FL,socrata:orlando_business_tax,,,,
standard,BEST AUTO WORLD INC,4072917241,,,,FL,socrata:orlando_business_tax,,,,
standard,ARBYS #1940,4042564900,,,,FL,socrata:orlando_business_tax,,,,
standard,GOLDINGS MOBILE CAR CARE,4072461506,,,,FL,socrata:orlando_business_tax,,,,
standard,"ZEBRANIK, JAMES D JR DO(CLS 10",4073451410,,,,FL,socrata:orlando_business_tax,,,,
standard,OMNI LEE INC,4072997475,,,,FL,socrata:orlando_business_tax,,,,
standard,FARROMART REAL ESTATE INVESTME,4072982931,,,,FL,socrata:orlando_business_tax,,,,
standard,AMERICAN ACCOUNTING AND TAX SE,4078981606,,,,FL,socrata:orlando_business_tax,,,,
standard,METRO SERVICES STAFFING,4074225848,,,,FL,socrata:orlando_business_tax,,,,
standard,THE HAKA SHACK,6122276432,,,,FL,socrata:orlando_business_tax,,,,
standard,DLX MEDICAL SOLUTIONS,4072342099,,,,FL,socrata:orlando_business_tax,,,,
standard,"HERNDON P. HARDING JR. M.D., P",4075993755,,,,FL,socrata:orlando_business_tax,,,,
standard,"CLARKE, DEBRA/DIVINATIONS(CLOS",4073028639,,,,FL,socrata:orlando_business_tax,,,,
standard,MICHIGANS FAMILY DOLLAR & FOOD,4072968395,,,,FL,socrata:orlando_business_tax,,,,
standard,ACCESS ORLANDO(CLOSED PER 2ND,4078960693,,,,FL,socrata:orlando_business_tax,,,,
standard,SYSTEMS OF SIGHT INC,4078571864,,,,FL,socrata:orlando_business_tax,,,,
standard,TAMAHRAS SECRET CORP,4073316794,,,,FL,socrata:orlando_business_tax,,,,
standard,CHIEU TIM RESTAURANT,4073711313,,,,FL,socrata:orlando_business_tax,,,,
standard,"REGENT GALLERY, THE",4072492331,,,,FL,socrata:orlando_business_tax,,,,
standard,NEAL P PITTS PA,4078410444,,,,FL,socrata:orlando_business_tax,,,,
standard,SHOW DESIGNERS INC,4076244056,,,,FL,socrata:orlando_business_tax,,,,
standard,WILFREDO CORDERO INC,4078547551,,,,FL,socrata:orlando_business_tax,,,,
standard,BRAND ARCHITECTURE INC,4073455353,,,,FL,socrata:orlando_business_tax,,,,
standard,THE PRODUCTS GROUP INC,4078514740,,,,FL,socrata:orlando_business_tax,,,,
standard,JARITA CONCEPTS,4073990756,,,,FL,socrata:orlando_business_tax,,,,
standard,JEAN C AUSTIN DANNER/LIFE,4072986743,,,,FL,socrata:orlando_business_tax,,,,
standard,LGW GIFTS,3863132521,,,,FL,socrata:orlando_business_tax,,,,
standard,PHO HOA RESTAURANT,4077214023,,,,FL,socrata:orlando_business_tax,,,,
standard,ORANGE BUICK GMC PONTIAC GMC,4072958100,,,,FL,socrata:orlando_business_tax,,,,
standard,NIZARALLY K JETHA/AYRES,8139788688,,,,FL,socrata:orlando_business_tax,,,,
standard,ALL SPICES OF INDIA,4078965700,,,,FL,socrata:orlando_business_tax,,,,
standard,CARIBBEAN FOOD MARKET,4072466995,,,,FL,socrata:orlando_business_tax,,,,
standard,AFFORDABLE RESTORATION OF ORL,4078982530,,,,FL,socrata:orlando_business_tax,,,,
standard,NEAL HILER ENGINEERING INC,4078149368,,,,FL,socrata:orlando_business_tax,,,,
standard,"EMELIANCHICK, ANTHONY J DPM",4078946549,,,,FL,socrata:orlando_business_tax,,,,
standard,"HENRY, WILLIAM O E/HOLLAND",4074258200,,,,FL,socrata:orlando_business_tax,,,,
standard,THRUMEDIA,4075928034,,,,FL,socrata:orlando_business_tax,,,,
standard,"FELICIANO, HECTOR A/BOGIN",4072381681,,,,FL,socrata:orlando_business_tax,,,,
standard,SWAN CONSTRUCTION,4078948445,,,,FL,socrata:orlando_business_tax,,,,
standard,BURRELLS,4076488300,,,,FL,socrata:orlando_business_tax,,,,
standard,ROBERT RANDELL/CENTRAL FLORIDA PATHOLOGY ASSOCIATES,4074229831,,,,FL,socrata:orlando_business_tax,,,,
standard,"CONTOS, DAVID E/BUSH",4074225319,,,,FL,socrata:orlando_business_tax,,,,
standard,CONSUMER CREDITWORKS INC,4076480044,,,,FL,socrata:orlando_business_tax,,,,
standard,GIFT EMPORIUM ENTERPRISE INC,4076545598,,,,FL,socrata:orlando_business_tax,,,,
standard,DYER ENTERPRISES INC,4078579119,,,,FL,socrata:orlando_business_tax,,,,
standard,PERSONAL ASSISTANT & CONCIERGE,4073130796,,,,FL,socrata:orlando_business_tax,,,,
standard,BARNIES COFFEE & TEA CO INC,4078941476,,,,FL,socrata:orlando_business_tax,,,,
standard,E J SALES & SERVICE INC,4072953350,,,,FL,socrata:orlando_business_tax,,,,
standard,LABOR FINDERS,5616276507,,,,FL,socrata:orlando_business_tax,,,,
standard,TEJIN NA,4074613033,,,,FL,socrata:orlando_business_tax,,,,
standard,FCCI SERVICES INC,9419073224,,,,FL,socrata:orlando_business_tax,,,,
standard,SPECIAL EVENTS,3013437449,,,,FL,socrata:orlando_business_tax,,,,
standard,T T I INC,8177409000,,,,FL,socrata:orlando_business_tax,,,,
standard,APEX SOLUTIONS INC,4073557794,,,,FL,socrata:orlando_business_tax,,,,
standard,MARCENT FLORIDA INC,4073516006,,,,FL,socrata:orlando_business_tax,,,,
standard,"EVERBACH, CHARLOTTE B",4078968031,,,,FL,socrata:orlando_business_tax,,,,
standard,THE BRANDON COMPANY,4078986664,,,,FL,socrata:orlando_business_tax,,,,
standard,ORLANDO ANTIQUE EXCHANGE(CLS 1,4074380794,,,,FL,socrata:orlando_business_tax,,,,
standard,EM'S ATTIC,4078983757,,,,FL,socrata:orlando_business_tax,,,,
standard,SOFIA MASSAGE STUDIO,3212763488,,,,FL,socrata:orlando_business_tax,,,,
standard,RONNIE H WALKER PA(CLOSED 04/0,4078430901,,,,FL,socrata:orlando_business_tax,,,,
standard,HCA THE HEALTHCARE COMPANY,4078723677,,,,FL,socrata:orlando_business_tax,,,,
standard,"WALKER, MICHAEL",4078960379,,,,FL,socrata:orlando_business_tax,,,,
standard,TJL LLC,4075910210,,,,FL,socrata:orlando_business_tax,,,,
standard,LILIS CLEANING SERVICE,3212029120,,,,FL,socrata:orlando_business_tax,,,,
standard,KWIK MART,4072942020,,,,FL,socrata:orlando_business_tax,,,,
standard,"MOSS, THOMAS P/FL LEGAL GROUP(",4072396795,,,,FL,socrata:orlando_business_tax,,,,
standard,R & J COMPUTERS INC,4078327993,,,,FL,socrata:orlando_business_tax,,,,
standard,"MILNE, MICHAEL E/WRIGHT",3219478830,,,,FL,socrata:orlando_business_tax,,,,
standard,"OVERCHUCK, JOHN K",4072440090,,,,FL,socrata:orlando_business_tax,,,,
standard,ULTIMATE WATER LLC,4072518118,,,,FL,socrata:orlando_business_tax,,,,
standard,DESIGNERS EMPORIUM,5615148875,,,,FL,socrata:orlando_business_tax,,,,
standard,DIANETTE GALINDEZ CASTILLO/HAIR BY DIANETTE,3607638231,,,,FL,socrata:orlando_business_tax,,,,
standard,INSPECTOR HOMES CORP,4072074663,,,,FL,socrata:orlando_business_tax,,,,
standard,1ST PRIME RATE MORTGAGE INC,4072286686,,,,FL,socrata:orlando_business_tax,,,,
standard,HANS MART,4076794012,,,,FL,socrata:orlando_business_tax,,,,
standard,BLESSING BUSINESS CORP,3212341912,,,,FL,socrata:orlando_business_tax,,,,
standard,"BAGBY, RICHARD J/CLEARVIEW",4078727777,,,,FL,socrata:orlando_business_tax,,,,
standard,TRUNG NGUYEN,4078239218,,,,FL,socrata:orlando_business_tax,,,,
standard,METRO PLACE APARTMENTS,4072960907,,,,FL,socrata:orlando_business_tax,,,,
standard,"TORRES, FLAVIO(10/17/03)",4074435228,,,,FL,socrata:orlando_business_tax,,,,
standard,THE SHANAGOLDEN PUB,4078040922,,,,FL,socrata:orlando_business_tax,,,,
standard,STRATEGIC INVESTMENT SOLUTIONS,4075237585,,,,FL,socrata:orlando_business_tax,,,,
standard,LELAND MANAGEMENT INC,4074479955,,,,FL,socrata:orlando_business_tax,,,,
standard,CHAMPION PAINTING AND PRESSURE,4078567397,,,,FL,socrata:orlando_business_tax,,,,
standard,"SHIELDS, JERALD JAY (TRANS 187",4074663023,,,,FL,socrata:orlando_business_tax,,,,
standard,T D GRAPHICS INC,4073669932,,,,FL,socrata:orlando_business_tax,,,,
standard,NEW BEGINNINGS COUNSELING SERV,4075976327,,,,FL,socrata:orlando_business_tax,,,,
standard,SECURE NETWORKS GROUP,3213327228,,,,FL,socrata:orlando_business_tax,,,,
standard,"PIERCE, LEMERCIER",4074237120,,,,FL,socrata:orlando_business_tax,,,,
standard,"ORDEN, CHARLES/RE/MAX(TRNS 792",4075096679,,,,FL,socrata:orlando_business_tax,,,,
standard,ULTRA TAN,4077584357,,,,FL,socrata:orlando_business_tax,,,,
standard,CINNABAR FLORIDA INC,4076497633,,,,FL,socrata:orlando_business_tax,,,,
standard,ICON,4076496496,,,,FL,socrata:orlando_business_tax,,,,
standard,CITY BEAUTIFUL MASONRY INC,4074967393,,,,FL,socrata:orlando_business_tax,,,,
standard,"CAIN, ANDREA L/CAIN",4078956373,,,,FL,socrata:orlando_business_tax,,,,
standard,"SMALDONE, JAMES A/REALTY EXECU",4074230555,,,,FL,socrata:orlando_business_tax,,,,
standard,TAPE PRODUCTS COMPANY,8005434930,,,,FL,socrata:orlando_business_tax,,,,
standard,P.S. I LOVE YOU CLOTHING,4074759939,,,,FL,socrata:orlando_business_tax,,,,
standard,AFFORDABLE HOUSING & INVESTMEN,4072916292,,,,FL,socrata:orlando_business_tax,,,,
standard,OPTICS TIME,4073522543,,,,FL,socrata:orlando_business_tax,,,,
standard,MJW COMMUNICATIONS INC,4075327286,,,,FL,socrata:orlando_business_tax,,,,
standard,SBJ MOTTA SERVICES INC,3212341377,,,,FL,socrata:orlando_business_tax,,,,
standard,MIC GENERAL INSURANCE CORPORAA,2482636969,,,,FL,socrata:orlando_business_tax,,,,
standard,JOLLY EXPRESS CLEANING LLC,4072998511,,,,FL,socrata:orlando_business_tax,,,,
standard,LARRY GREEN,3368629840,,,,FL,socrata:orlando_business_tax,,,,
standard,VIDEO FACTORY INC(CLOSED 05/22,4072466316,,,,FL,socrata:orlando_business_tax,,,,
standard,"COMENENCIA, EDSEL JERONIMO MD/",4072955171,,,,FL,socrata:orlando_business_tax,,,,
standard,"FONTANEZ, GLIDDEN R(CLS 09/03)",4079630325,,,,FL,socrata:orlando_business_tax,,,,
standard,ROBERT GOULD,4075780059,,,,FL,socrata:orlando_business_tax,,,,
standard,MAVERICK MANAGEMENT INC,4072751570,,,,FL,socrata:orlando_business_tax,,,,
standard,SIMONE SEENARINE/FLORA SALON,4078968400,,,,FL,socrata:orlando_business_tax,,,,
standard,"LEACOCK, MELISSA/ORANGE",4074181339,,,,FL,socrata:orlando_business_tax,,,,
standard,INTERNATIONAL PIPING SERVICES,4078432800,,,,FL,socrata:orlando_business_tax,,,,
standard,INTREPID CAPITAL MANAGEMENT(CL,4078416241,,,,FL,socrata:orlando_business_tax,,,,
standard,BJ CARWASH AND DETAILING,4078224349,,,,FL,socrata:orlando_business_tax,,,,
standard,"SLOAN, STUART D PA(CLS 04/09/0",4072284324,,,,FL,socrata:orlando_business_tax,,,,
standard,RIZOS ALTERATIONS LLC,4179458197,,,,FL,socrata:orlando_business_tax,,,,
standard,CHARTER INVESTMENT ADVISORS IN,4072982746,,,,FL,socrata:orlando_business_tax,,,,
standard,COLLEGE PARK LAUNDRY AND DRY CLEANERS INC,3522431067,,,,FL,socrata:orlando_business_tax,,,,
standard,MOGA MOGA,3216638282,,,,FL,socrata:orlando_business_tax,,,,
standard,WESTCHESTER FIRE INSURANCE CO,2156402353,,,,FL,socrata:orlando_business_tax,,,,
standard,ALLSTATES FIREPROOFING INC,8003560541,,,,FL,socrata:orlando_business_tax,,,,
standard,MRS POTATO RESTAURANT,4076206969,,,,FL,socrata:orlando_business_tax,,,,
standard,BARBARA WALTER/QUALITY DESIGN,4964220741,,,,FL,socrata:orlando_business_tax,,,,
standard,RAY RAYS CUSTOM SPORT BIKES IN,4074261213,,,,FL,socrata:orlando_business_tax,,,,
standard,ZAKIYYAH MAGEE,3212173418,,,,FL,socrata:orlando_business_tax,,,,
standard,"KAUFFMAN, BRUCE H/PETER",4074201044,,,,FL,socrata:orlando_business_tax,,,,
standard,"HALL, DAKISHA",4074458983,,,,FL,socrata:orlando_business_tax,,,,
standard,LENOX ROOFING CORP OF FL INC,4045576419,,,,FL,socrata:orlando_business_tax,,,,
standard,FULL FLAME LLC,4072644400,,,,FL,socrata:orlando_business_tax,,,,
standard,ICARUS EXHIBITS INC,4078414946,,,,FL,socrata:orlando_business_tax,,,,
standard,THE LAW OFFICE OF DENNIS DAN S,4076497746,,,,FL,socrata:orlando_business_tax,,,,
standard,SHANELLA SMITH,4076683940,,,,FL,socrata:orlando_business_tax,,,,
standard,KARLIN DANIEL & ASSOCIATES INC,7722202557,,,,FL,socrata:orlando_business_tax,,,,
standard,CONSUELO CASTILLO,4079296792,,,,FL,socrata:orlando_business_tax,,,,
standard,"HEATHCOAT, TORRIE K/METRO",4072735452,,,,FL,socrata:orlando_business_tax,,,,
standard,VIP ENTERTAINMENT,4074846551,,,,FL,socrata:orlando_business_tax,,,,
standard,"DAVIS, FAUSTINE A(CLS 10/03)",4078964818,,,,FL,socrata:orlando_business_tax,,,,
standard,INDEPENDENT DEVELOPMENT CO LLC,4079572672,,,,FL,socrata:orlando_business_tax,,,,
standard,LASIK PRO P A,3213316155,,,,FL,socrata:orlando_business_tax,,,,
standard,ROBIN GIBBS GOOD EATS CONCESSI,2293648745,,,,FL,socrata:orlando_business_tax,,,,
standard,SAMANTHA JACE BASKETS & STUFF,4072598612,,,,FL,socrata:orlando_business_tax,,,,
standard,ADRYS DOLLAR & UP GIFT SHOP,4073817611,,,,FL,socrata:orlando_business_tax,,,,
standard,"WALLACE, ROBERT P/TINDALE",4078969200,,,,FL,socrata:orlando_business_tax,,,,
standard,"MCNEESE, PATRICIA LYNN(CLS 04/",4074828025,,,,FL,socrata:orlando_business_tax,,,,
standard,SPORTS MAGIC ENTERPRISES LLC,8882562442,,,,FL,socrata:orlando_business_tax,,,,
standard,GGV PROFESSIONAL HAIR PRODUCTS,4072530050,,,,FL,socrata:orlando_business_tax,,,,
standard,JR BUSINESS CORP,4072943688,,,,FL,socrata:orlando_business_tax,,,,
standard,ORLANDO BREWING PARTNERS INC(T,4078961278,,,,FL,socrata:orlando_business_tax,,,,
standard,CBN OF AMERICA CORP,4074869265,,,,FL,socrata:orlando_business_tax,,,,
standard,MICHAEL LORENZO WILLIAMS,4075219547,,,,FL,socrata:orlando_business_tax,,,,
standard,LAW OFFICES OF GRUNDHOEFER BLO,4078394902,,,,FL,socrata:orlando_business_tax,,,,
standard,FLAGSHIP HOMES AMERICA LLC,4072461144,,,,FL,socrata:orlando_business_tax,,,,
standard,F M FINANCIAL SERVICES,4072928980,,,,FL,socrata:orlando_business_tax,,,,
standard,JIM LEUSNER CONSULTING LLC,4076152485,,,,FL,socrata:orlando_business_tax,,,,
standard,ORLANDO SKIN CANCER&SURGERY CE,4074254617,,,,FL,socrata:orlando_business_tax,,,,
standard,"CASHMAN, PATRICIA",4072779373,,,,FL,socrata:orlando_business_tax,,,,
standard,SUPREME CLEANING,4072984540,,,,FL,socrata:orlando_business_tax,,,,
standard,"PUKSAHOME, PAYONG V/JACKSON",4072468440,,,,FL,socrata:orlando_business_tax,,,,
standard,GARY VASQUEZ,4076280862,,,,FL,socrata:orlando_business_tax,,,,
standard,COSMETIC & FAMILY DENTISTRY,4073527700,,,,FL,socrata:orlando_business_tax,,,,
standard,CENTER OF ORLANDO FOR WOMEN LL,4072457975,,,,FL,socrata:orlando_business_tax,,,,
standard,"ELLIS,JOHN D JR",4078555484,,,,FL,socrata:orlando_business_tax,,,,
standard,QUIZNOS SUBS,4079995191,,,,FL,socrata:orlando_business_tax,,,,
standard,"COYE, WADE B",4076484940,,,,FL,socrata:orlando_business_tax,,,,
standard,AMERICAN SALON & SPA EQUIP,4075780090,,,,FL,socrata:orlando_business_tax,,,,
standard,"HAMDY, ESAM K/ALTERNATIVE",4078961605,,,,FL,socrata:orlando_business_tax,,,,
standard,WALMART SUPERCENTER #1220,4792040727,,,,FL,socrata:orlando_business_tax,,,,
standard,LYNESE GRANT,4075178042,,,,FL,socrata:orlando_business_tax,,,,
standard,THE NEW MARK TWO DINNER THEATE,4078436275,,,,FL,socrata:orlando_business_tax,,,,
standard,ANGIE FRITTS/HEART & SOUL WELL,3218051519,,,,FL,socrata:orlando_business_tax,,,,
standard,P & G BBQ,3522745527,,,,FL,socrata:orlando_business_tax,,,,
standard,CANADA RX SHOP,4078390057,,,,FL,socrata:orlando_business_tax,,,,
standard,DAILY GRIND COFFEE HOUSE AND,4076144508,,,,FL,socrata:orlando_business_tax,,,,
standard,DOUBLETREE BY HILTON ORLANDO,4078560100,,,,FL,socrata:orlando_business_tax,,,,
standard,INSURANCE DIRECT OF CENTRAL FL,4072965275,,,,FL,socrata:orlando_business_tax,,,,
standard,WIRELESS 1,4072071538,,,,FL,socrata:orlando_business_tax,,,,
standard,SHAIAS GALLERY,4076823216,,,,FL,socrata:orlando_business_tax,,,,
standard,ANDERSON OUTDOOR SOLUTIONS,4072985610,,,,FL,socrata:orlando_business_tax,,,,
standard,STYLES FOR LESS,4072482676,,,,FL,socrata:orlando_business_tax,,,,
standard,K & L PROCESS,4078499700,,,,FL,socrata:orlando_business_tax,,,,
standard,ELITE CARS INC,4078567666,,,,FL,socrata:orlando_business_tax,,,,
standard,CAPTAIN JOSH ENTERPRISES INC,4078959079,,,,FL,socrata:orlando_business_tax,,,,
standard,R & M DISTRIBUTING INC,4073139781,,,,FL,socrata:orlando_business_tax,,,,
standard,"PRAHIN, TIMOTHY/STARSOULS",9413300222,,,,FL,socrata:orlando_business_tax,,,,
standard,TURTLE BAY REAL ESTATES INC,4078764792,,,,FL,socrata:orlando_business_tax,,,,
standard,J B ELECTRIC,4074229611,,,,FL,socrata:orlando_business_tax,,,,
standard,SEPEL SERVIZI PER LELETTRONICA,4077392557,,,,FL,socrata:orlando_business_tax,,,,
standard,BTS TAX SERVICES INC(CLS 05/03,4072819719,,,,FL,socrata:orlando_business_tax,,,,
standard,GUEST SERVICE DESK #50C (MOBIL,4072247963,,,,FL,socrata:orlando_business_tax,,,,
standard,STEVEN M LABRET,4074225819,,,,FL,socrata:orlando_business_tax,,,,
standard,BAY AREA YOUTH SERVICES INC,8139617975,,,,FL,socrata:orlando_business_tax,,,,
standard,"FINKBEINER, FRANK G",4074230012,,,,FL,socrata:orlando_business_tax,,,,
standard,CREDIT DATA SERVICES INC (CLOS,4072467600,,,,FL,socrata:orlando_business_tax,,,,
standard,LAKE IVANHOE SHORES LTD,3052715051,,,,FL,socrata:orlando_business_tax,,,,
standard,JAGUAR TECHNOLOGIES,9042640917,,,,FL,socrata:orlando_business_tax,,,,
standard,DANIEL MOSLEY,8502090662,,,,FL,socrata:orlando_business_tax,,,,
standard,SILVER LINING STUDIOS LLC,4078358701,,,,FL,socrata:orlando_business_tax,,,,
standard,BALDASSARRE,4072981414,,,,FL,socrata:orlando_business_tax,,,,
standard,"MIDKIFF, JAMES DDS",4078435251,,,,FL,socrata:orlando_business_tax,,,,
standard,WORKSCAPES INC,4075996770,,,,FL,socrata:orlando_business_tax,,,,
standard,MOOSES DOG HOUSE CO,4077888066,,,,FL,socrata:orlando_business_tax,,,,
standard,MASTER TOURS & TRANSPORTATION,4072956106,,,,FL,socrata:orlando_business_tax,,,,
standard,CONWAY'S BBQ 'BUMBY',4072517251,,,,FL,socrata:orlando_business_tax,,,,
standard,"FRENKEL, ALAN B/KARLIN",8003290036,,,,FL,socrata:orlando_business_tax,,,,
standard,A FABULOUS TAN(CLS 01/04),4073970165,,,,FL,socrata:orlando_business_tax,,,,
standard,STEP IN SHOES AND ACCESSORIES,4072942946,,,,FL,socrata:orlando_business_tax,,,,
standard,JOYFUL JOYFUL(CLS 04/04),4074250463,,,,FL,socrata:orlando_business_tax,,,,
standard,"LUSE, ANITA J",4078943371,,,,FL,socrata:orlando_business_tax,,,,
standard,EXTENDED STAY AMERICA,4073808804,,,,FL,socrata:orlando_business_tax,,,,
standard,FLORIDA COCA COLA BOTTLING CO/,8136644922,,,,FL,socrata:orlando_business_tax,,,,
standard,MICKEYS HAIR CARE CENTER,4078722298,,,,FL,socrata:orlando_business_tax,,,,
standard,SUSAN D STONE QUALITY SERVICES,4074268068,,,,FL,socrata:orlando_business_tax,,,,
standard,PHOTO MAGIC PRO LAB AND STUDIO,4078963747,,,,FL,socrata:orlando_business_tax,,,,
standard,JOSE R HENRIQUEZ,4072869592,,,,FL,socrata:orlando_business_tax,,,,
standard,MOTORS INS CORP,3135562450,,,,FL,socrata:orlando_business_tax,,,,
standard,AUDIO EXCELLENCE,4073234769,,,,FL,socrata:orlando_business_tax,,,,
standard,RON FLEMING VIDEO PRODUCTIONS,4076290962,,,,FL,socrata:orlando_business_tax,,,,
standard,"PARRETT, JOHN E/REALNET",4078415089,,,,FL,socrata:orlando_business_tax,,,,
standard,PACE CENTER FOR GIRLS/ORANGE,4073029731,,,,FL,socrata:orlando_business_tax,,,,
standard,CARDINAL HEALTH 100 INC,4072959955,,,,FL,socrata:orlando_business_tax,,,,
standard,CARTERS RETAIL INC,2039265000,,,,FL,socrata:orlando_business_tax,,,,
standard,LYONS WINDOW & DOORS LLC,4072818923,,,,FL,socrata:orlando_business_tax,,,,
standard,SCHOOL OF MODERN LANGUAGES,4073819533,,,,FL,socrata:orlando_business_tax,,,,
standard,ORLANDO SPECIALTY CLEANING SVC,4079634724,,,,FL,socrata:orlando_business_tax,,,,
standard,MITCHELL LELAND WYLE PA,4078983777,,,,FL,socrata:orlando_business_tax,,,,
standard,TIRE KINGDOM #120/ATTN MERRY S,5613833000,,,,FL,socrata:orlando_business_tax,,,,
standard,"FORD, SHANNON FINANCIAL",4074637195,,,,FL,socrata:orlando_business_tax,,,,
standard,"PHILLIPS, A BRIAN/RUDEN",4078720777,,,,FL,socrata:orlando_business_tax,,,,
standard,SECOND CHANCE JANITORIAL,3219450570,,,,FL,socrata:orlando_business_tax,,,,
standard,FIRST IMPRESSION DENTAL STUDIO,4078411954,,,,FL,socrata:orlando_business_tax,,,,
standard,FLOWERS BY DESIGN,4072980294,,,,FL,socrata:orlando_business_tax,,,,
standard,"STRICKLAND, CINDY(CLS 10/03)",4078950550,,,,FL,socrata:orlando_business_tax,,,,
standard,LAS CARNITAS HONDURAS,4076500522,,,,FL,socrata:orlando_business_tax,,,,
standard,"AMADOR-DELAPORTE, HEATHER",4078520996,,,,FL,socrata:orlando_business_tax,,,,
standard,BEST QUICK INSURANCE,4074918425,,,,FL,socrata:orlando_business_tax,,,,
standard,APRIL 15TH ACCOUNTING AND TAX,4078597857,,,,FL,socrata:orlando_business_tax,,,,
standard,HOWARD VERNON MOTEL,4074227162,,,,FL,socrata:orlando_business_tax,,,,
standard,F S G ENTERPRISE INC,4074359696,,,,FL,socrata:orlando_business_tax,,,,
standard,INNOVATIVE PRINTING INC,4078965470,,,,FL,socrata:orlando_business_tax,,,,
standard,PERKINS RESTAURANT & BAKERY(TR,8008777375,,,,FL,socrata:orlando_business_tax,,,,
standard,FLORIDA CARDIOLOGY PA,4072945551,,,,FL,socrata:orlando_business_tax,,,,
standard,KOSTO & ROTELLA PA,4074253456,,,,FL,socrata:orlando_business_tax,,,,
standard,"WARD, DEBORAH M/INTEGRA",4078433377,,,,FL,socrata:orlando_business_tax,,,,
standard,FLIPPERS PIZZERIA #12  LLC,4078081460,,,,FL,socrata:orlando_business_tax,,,,
standard,THE STEELE MARTIN STUDIO,4078978598,,,,FL,socrata:orlando_business_tax,,,,
standard,LAW OFFICE OF SHANNON L AKINS,4078394368,,,,FL,socrata:orlando_business_tax,,,,
standard,CONTEMPORARY FINE ART,4077048905,,,,FL,socrata:orlando_business_tax,,,,
standard,CENTRAL FLORIDA SPORTS INC(CLO,4079470036,,,,FL,socrata:orlando_business_tax,,,,
standard,HILTON RESORTS CORPORATION,4075213100,,,,FL,socrata:orlando_business_tax,,,,
standard,VOCAM S E(CLS 10/03),4074389790,,,,FL,socrata:orlando_business_tax,,,,
standard,LISA LISA SALON,4078951148,,,,FL,socrata:orlando_business_tax,,,,
standard,GROVE APARTMENTS THE,4078968611,,,,FL,socrata:orlando_business_tax,,,,
standard,DOUBLETREE BY HILTON ORLANDO DOWNTOWN,4073136044,,,,FL,socrata:orlando_business_tax,,,,
standard,WILSON GROUP FINANCIAL MANAGEM,4073776622,,,,FL,socrata:orlando_business_tax,,,,
standard,L & C FINANCIAL SERVICES INC,4078975172,,,,FL,socrata:orlando_business_tax,,,,
standard,MEDICENTER OF CENTRAL FLORIDA,4078767793,,,,FL,socrata:orlando_business_tax,,,,
standard,JR GOOD SERVICES LLC,4077291549,,,,FL,socrata:orlando_business_tax,,,,
standard,MARATHON TECHNICAL ASSOC INC(C,4078725775,,,,FL,socrata:orlando_business_tax,,,,
standard,"PREVATT, JANA/LISA",4073511480,,,,FL,socrata:orlando_business_tax,,,,
standard,ORLANDO LEGAL DOCUMENT SERVICES,4079277755,,,,FL,socrata:orlando_business_tax,,,,
standard,BLAKESLEE DESIGN ASSOCIATES IN,4076289040,,,,FL,socrata:orlando_business_tax,,,,
standard,SHOESPHISTICATE,4073848735,,,,FL,socrata:orlando_business_tax,,,,
standard,AA CUT ABOVE LLC,4076953379,,,,FL,socrata:orlando_business_tax,,,,
standard,ENVIROKARE TECH INC,4078568882,,,,FL,socrata:orlando_business_tax,,,,
standard,CARIBBEAN GROUP LLC,4076958142,,,,FL,socrata:orlando_business_tax,,,,
standard,EXEL GLOBAL LOGISTICS INC,4078543322,,,,FL,socrata:orlando_business_tax,,,,
standard,"MERCADO, JUAN PAINTING SERVICE",4078942682,,,,FL,socrata:orlando_business_tax,,,,
standard,PRO-SURVE TECHNICAL SERVICES FLORIDA LLC,2819220200,,,,FL,socrata:orlando_business_tax,,,,
standard,CASSON-MARK CORPORATION(TRNS T,4074268971,,,,FL,socrata:orlando_business_tax,,,,
standard,CAROLINE AND COMPANY,4074840943,,,,FL,socrata:orlando_business_tax,,,,
standard,CHESTER C FOSGATE CO(CLS MOVED,4074223144,,,,FL,socrata:orlando_business_tax,,,,
standard,DUNKING DONUTS/BASKIN ROBBINS,4078358850,,,,FL,socrata:orlando_business_tax,,,,
standard,MIKE MALONEY/ORION,4078954880,,,,FL,socrata:orlando_business_tax,,,,
standard,CARLTON PIERCE PA,4072076751,,,,FL,socrata:orlando_business_tax,,,,
standard,"FRIEDMAN, HOWARD D/HELLER",4076497700,,,,FL,socrata:orlando_business_tax,,,,
standard,DUST N STUFF INC(CLS 02/04),4072995962,,,,FL,socrata:orlando_business_tax,,,,
standard,SHIESTE ERIC WALKER,4073541792,,,,FL,socrata:orlando_business_tax,,,,
standard,JOHNNY MOORE JANITORIAL SERVIC,4072937275,,,,FL,socrata:orlando_business_tax,,,,
standard,"TASCH PROPERTIES, LLC",4078491001,,,,FL,socrata:orlando_business_tax,,,,
standard,BANKER LOPEZ GASSLER PA,4074065550,,,,FL,socrata:orlando_business_tax,,,,
standard,"VOGIN, TRACI/HERMAN",4078413811,,,,FL,socrata:orlando_business_tax,,,,
standard,ASSET RECOVERY INC,4076498300,,,,FL,socrata:orlando_business_tax,,,,
standard,"WILSON, DONALD G",4072492832,,,,FL,socrata:orlando_business_tax,,,,
standard,"PFALTZGRAFF FACTORY STORE, THE",7178485500,,,,FL,socrata:orlando_business_tax,,,,
standard,CUES INC,4078490190,,,,FL,socrata:orlando_business_tax,,,,
standard,"GOODMAN, RITA L",4073332172,,,,FL,socrata:orlando_business_tax,,,,
standard,"RANG, PAUL D/GURNEY",4078439500,,,,FL,socrata:orlando_business_tax,,,,
standard,DALYS SERVICE,4072480674,,,,FL,socrata:orlando_business_tax,,,,
standard,KPO WASHINGTON STREET RENTALS LLC,4075297001,,,,FL,socrata:orlando_business_tax,,,,
standard,"BARTNICK, WILLIAM",4078413922,,,,FL,socrata:orlando_business_tax,,,,
standard,PRUITT'S GREEK UNLIMITED(CLS 0,4075227124,,,,FL,socrata:orlando_business_tax,,,,
standard,TUYET HANG PHAM,4078513912,,,,FL,socrata:orlando_business_tax,,,,
standard,CONTINUUM DIGITAL,4074201297,,,,FL,socrata:orlando_business_tax,,,,
standard,OLGA C GARCIA PA,4078930181,,,,FL,socrata:orlando_business_tax,,,,
standard,DAVID R LAMM/GLN DEVELOPMENT,4075390964,,,,FL,socrata:orlando_business_tax,,,,
standard,TROMBLYS HOME INSPECTION SERVI,4073415918,,,,FL,socrata:orlando_business_tax,,,,
standard,MODERN AMERICAN SPORTS CARS LL,3213030999,,,,FL,socrata:orlando_business_tax,,,,
standard,TITAN CONSTRUCTORS AND DESIGN,4074451010,,,,FL,socrata:orlando_business_tax,,,,
standard,VANESSA BAKER ANGELS CLEANING,4078986289,,,,FL,socrata:orlando_business_tax,,,,
standard,THUY T DANG,4078599217,,,,FL,socrata:orlando_business_tax,,,,
standard,EGG ROLL 99 RESTAURANT,4073315579,,,,FL,socrata:orlando_business_tax,,,,
standard,MADISON AVENUE HOTDOG CO LLC,4072367441,,,,FL,socrata:orlando_business_tax,,,,
standard,"BLOUNT, WESLEY E/ROCKETT",4078943804,,,,FL,socrata:orlando_business_tax,,,,
standard,QUOZZY.COM INC,9546515983,,,,FL,socrata:orlando_business_tax,,,,
standard,CLAUDETTES PET SALON,4073069925,,,,FL,socrata:orlando_business_tax,,,,
standard,BOLD HYPE,4076292965,,,,FL,socrata:orlando_business_tax,,,,
standard,ORANGE MARATHON,3522410308,,,,FL,socrata:orlando_business_tax,,,,
standard,WONDERFAUX FX(CLOSED 05/07/04),4075797957,,,,FL,socrata:orlando_business_tax,,,,
standard,"MOORE, EUGENE",4072979809,,,,FL,socrata:orlando_business_tax,,,,
standard,ARNOLD UNISEX BEAUTY SALON(CLO,4078417534,,,,FL,socrata:orlando_business_tax,,,,
standard,MAGICTRON,4072979043,,,,FL,socrata:orlando_business_tax,,,,
standard,TG INVESTMENTS LLC,4079296857,,,,FL,socrata:orlando_business_tax,,,,
standard,D'AYARIS HAIR STYLE CORP,4072736880,,,,FL,socrata:orlando_business_tax,,,,
standard,"BENITEZ, AGUSTIN",4078945000,,,,FL,socrata:orlando_business_tax,,,,
standard,VERI KLEAN INC,3213039956,,,,FL,socrata:orlando_business_tax,,,,
standard,CENTER FOR DIAGNOSTIC IMAGING(,4076285051,,,,FL,socrata:orlando_business_tax,,,,
standard,GUERRERO & SON LANDSCAPING,3213885907,,,,FL,socrata:orlando_business_tax,,,,
standard,JIMS MARKET,4078437493,,,,FL,socrata:orlando_business_tax,,,,
standard,PHYSICIAN ROOM SERVICE,4073514336,,,,FL,socrata:orlando_business_tax,,,,
standard,CITRUS HEALTH CENTER LLC,4075097961,,,,FL,socrata:orlando_business_tax,,,,
standard,"GODWIN III, BYRON K/EVANS",4076508770,,,,FL,socrata:orlando_business_tax,,,,
standard,EDWARDO JONCH FRUCTUSE CAFE,7086928944,,,,FL,socrata:orlando_business_tax,,,,
standard,CLASSIC TURF,5618359747,,,,FL,socrata:orlando_business_tax,,,,
standard,SOUTH SIDE BEAUTY SUPPLY,4075322690,,,,FL,socrata:orlando_business_tax,,,,
standard,LINCOLN AT DELANEY SQUARE,4078351359,,,,FL,socrata:orlando_business_tax,,,,
standard,DAVID L THOMAS/H K S ARCHITECTS INC,4076489956,,,,FL,socrata:orlando_business_tax,,,,
standard,STEIN MART SHOE DEPT #4605,3144342202,,,,FL,socrata:orlando_business_tax,,,,
standard,ROBERT J KOCH/ESSENTIAL MIND AND BODY,4074886888,,,,FL,socrata:orlando_business_tax,,,,
standard,REMANUFACTURED TRANSMISSION IN,4075997696,,,,FL,socrata:orlando_business_tax,,,,
standard,STEPHEN R GRADY POPCORN,7272078853,,,,FL,socrata:orlando_business_tax,,,,
standard,VILLAGE PROPERTY MANAGEMENT IN,4074224471,,,,FL,socrata:orlando_business_tax,,,,
standard,YAJI HOUSE OF KEBAB LLC,3529785342,,,,FL,socrata:orlando_business_tax,,,,
standard,"WOLFE-RIZOR, ABIGAIL(CLOSED 04",4078945780,,,,FL,socrata:orlando_business_tax,,,,
standard,THE PHOENIX PUB INC,4076484819,,,,FL,socrata:orlando_business_tax,,,,
standard,PERFORMANCE PROPERTY MANAGEMEN,4078953448,,,,FL,socrata:orlando_business_tax,,,,
standard,A-ACTION APPLIANCE REPAIR,4078984667,,,,FL,socrata:orlando_business_tax,,,,
standard,JURLIQUE USA INC,4042629382,,,,FL,socrata:orlando_business_tax,,,,
standard,"COMBS,SHEILA S/HAIR DYNASTY",4074227345,,,,FL,socrata:orlando_business_tax,,,,
standard,"VERLANDER, J MICHAEL JR MD/AGO",4078972000,,,,FL,socrata:orlando_business_tax,,,,
standard,MEDICAL VEIN CENTER INC,4078390096,,,,FL,socrata:orlando_business_tax,,,,
standard,VIGILANT INSURANCE COMPANY,9089033851,,,,FL,socrata:orlando_business_tax,,,,
standard,SOUTHEAST CATERING,9544260663,,,,FL,socrata:orlando_business_tax,,,,
standard,AEROJET ROCKETDYNE COLEMAN AEROSPACE INC,4073540047,,,,FL,socrata:orlando_business_tax,,,,
standard,INTERVIX PAINTING SERVICES INC,4072591865,,,,FL,socrata:orlando_business_tax,,,,
standard,"MCGINN, JAMES P JR/PRICE",4072365167,,,,FL,socrata:orlando_business_tax,,,,
standard,"HOROWITZ, JOHN D MD/SURGICAL S",4072935944,,,,FL,socrata:orlando_business_tax,,,,
standard,"ROBOLD, DAVID L/ROBERTS",4074266999,,,,FL,socrata:orlando_business_tax,,,,
standard,AMERICAN CONTAINER (CLOSED 05/,4074386618,,,,FL,socrata:orlando_business_tax,,,,
standard,CREATIONS & ART FLORIDA INC,3212026250,,,,FL,socrata:orlando_business_tax,,,,
standard,MR 'T' ICE CREAM (RETURNED CHE,4075632261,,,,FL,socrata:orlando_business_tax,,,,
standard,ZAYAS PAINTING INC,4076972225,,,,FL,socrata:orlando_business_tax,,,,
standard,COVENANT ABSTRACT & TITLE SERV,4072903317,,,,FL,socrata:orlando_business_tax,,,,
standard,MOON TRAVEL INC,4075228368,,,,FL,socrata:orlando_business_tax,,,,
standard,GOLDEN BREAD SNACK BAR & RESTA,4072260177,,,,FL,socrata:orlando_business_tax,,,,
standard,"NUNEZ, ELIGIO SNOW CONES",4075235985,,,,FL,socrata:orlando_business_tax,,,,
standard,"CLARK, MARGARET LANDFAIR",4072737602,,,,FL,socrata:orlando_business_tax,,,,
standard,GARLANDS BEST CITRUS INC(CLOSE,4075782015,,,,FL,socrata:orlando_business_tax,,,,
standard,RIGHT STRIKE LLC,4079293311,,,,FL,socrata:orlando_business_tax,,,,
standard,"KIM, THOMAS Y MD/CARDIOVASCULA",4078460626,,,,FL,socrata:orlando_business_tax,,,,
standard,CUSTOM PACKAGING(CLOSED 09/03),4072900879,,,,FL,socrata:orlando_business_tax,,,,
standard,CONCORD PRODUCTIONS LLC,4073765081,,,,FL,socrata:orlando_business_tax,,,,
standard,EXCEL TELECOMMUNICATIONS,9729101900,,,,FL,socrata:orlando_business_tax,,,,
standard,ALTIVIA CORPORATION,4074266977,,,,FL,socrata:orlando_business_tax,,,,
standard,VACATION HOME SOS LLC,4074055247,,,,FL,socrata:orlando_business_tax,,,,
standard,"CARUSO, WILLIAM COMPANY",4076481902,,,,FL,socrata:orlando_business_tax,,,,
standard,"GUILHEM, RODRIGO(CLS 02/04)",4075233135,,,,FL,socrata:orlando_business_tax,,,,
standard,TEXTILE VINYL RESOURCES INC,4078727600,,,,FL,socrata:orlando_business_tax,,,,
standard,LAW OFFICE OF RUYE H HAWKINS P,4077192818,,,,FL,socrata:orlando_business_tax,,,,
standard,CREATIVE CURBING BY DAVID HALL,4074251464,,,,FL,socrata:orlando_business_tax,,,,
standard,THE BUTCHERS BLOCK(CLS 02/04),4078945481,,,,FL,socrata:orlando_business_tax,,,,
standard,DNA CONNECTIONS/C/O ORIN WRIGH,4079523294,,,,FL,socrata:orlando_business_tax,,,,
standard,NOSTALIA MODELING AGENCY INC,3216634541,,,,FL,socrata:orlando_business_tax,,,,
standard,7 LIGHTS,4074457119,,,,FL,socrata:orlando_business_tax,,,,
standard,WALTER FULTON,9015681080,,,,FL,socrata:orlando_business_tax,,,,
standard,INDIGO SALON,4072081390,,,,FL,socrata:orlando_business_tax,,,,
standard,JOHN SHEWMAKER/SPA ILLUMINATA,4078357577,,,,FL,socrata:orlando_business_tax,,,,
standard,EDYS ICE CREAM & YOGURT,4072912024,,,,FL,socrata:orlando_business_tax,,,,
standard,AMERICAN HERITAGE LIFE INSURAN,9049921776,,,,FL,socrata:orlando_business_tax,,,,
standard,THE SCHOOLEY LAW FIRM,4073776300,,,,FL,socrata:orlando_business_tax,,,,
standard,HAIRWAYS DESIGN STUDIO,4073848139,,,,FL,socrata:orlando_business_tax,,,,
standard,LAWTON BROTHERS PAINTING OF OR,4078576222,,,,FL,socrata:orlando_business_tax,,,,
standard,DANIELA RODRIGUEZ,4072197263,,,,FL,socrata:orlando_business_tax,,,,
standard,JEFFREY S NUESE,4075400554,,,,FL,socrata:orlando_business_tax,,,,
standard,"LAWLER, THOMAS PATRICK/KROPP",4072927717,,,,FL,socrata:orlando_business_tax,,,,
standard,VO TILE INC,4076482166,,,,FL,socrata:orlando_business_tax,,,,
standard,VERNON QUINNS SPORTSWEAR,3055769825,,,,FL,socrata:orlando_business_tax,,,,
standard,31 W INSULATION CO INC,6156724244,,,,FL,socrata:orlando_business_tax,,,,
standard,LHV AUDIO SERVICES INC,4078804658,,,,FL,socrata:orlando_business_tax,,,,
standard,SOUTHERN FLORIDA ELECTRIC INC,4073594990,,,,FL,socrata:orlando_business_tax,,,,
standard,UNITED SELF INSURED SERVICES,4073736404,,,,FL,socrata:orlando_business_tax,,,,
standard,MELANIE L FERNANDEZ/BDO,4074973654,,,,FL,socrata:orlando_business_tax,,,,
standard,ARMONIZA TU CUERPO,4075297013,,,,FL,socrata:orlando_business_tax,,,,
standard,WASHINGTON ST FISH MARKET,4077744258,,,,FL,socrata:orlando_business_tax,,,,
standard,BEST OFFICE SOLUTIONS,4079058894,,,,FL,socrata:orlando_business_tax,,,,
standard,FRED M PEED,4077199912,,,,FL,socrata:orlando_business_tax,,,,
standard,THOMAS E CORKHILL INSURANCE AG,4078988891,,,,FL,socrata:orlando_business_tax,,,,
standard,"KIM, HAE J/MCGEE",4074225742,,,,FL,socrata:orlando_business_tax,,,,
standard,F JORGE GONZALEZ MD PA,4074471628,,,,FL,socrata:orlando_business_tax,,,,
standard,LEADERS CASUAL FURNITURE INC,7275385571,,,,FL,socrata:orlando_business_tax,,,,
standard,PARK AVENUE ACCOUNTING INC,4078947230,,,,FL,socrata:orlando_business_tax,,,,
standard,AMERI OCEAN GLOBAL SHIPPING LI,4077942904,,,,FL,socrata:orlando_business_tax,,,,
standard,"HEDDEN, CYNTHIA DISTRIBUTING",4079994961,,,,FL,socrata:orlando_business_tax,,,,
standard,MAS COMMUNICATIONS LLC,4076190693,,,,FL,socrata:orlando_business_tax,,,,
standard,CHRISTOPHER P STEELE,4074610042,,,,FL,socrata:orlando_business_tax,,,,
standard,FORWARD AIR INC,4078579212,,,,FL,socrata:orlando_business_tax,,,,
standard,LE CHATEAU ROYAL INC,4072976734,,,,FL,socrata:orlando_business_tax,,,,
standard,QUALITY CAR SERVICES,4072772859,,,,FL,socrata:orlando_business_tax,,,,
standard,"MCGARRY, WILLIAM T",4075384074,,,,FL,socrata:orlando_business_tax,,,,
standard,PATRICIA DORSEY RETURN ENGAGEM,4072498824,,,,FL,socrata:orlando_business_tax,,,,
standard,MY DA VINCI SMILE LLC,3863346438,,,,FL,socrata:orlando_business_tax,,,,
standard,BONAIRE TAN,4072460181,,,,FL,socrata:orlando_business_tax,,,,
standard,COLONIAL BANK LOAN ADMINISTRAT,4078982715,,,,FL,socrata:orlando_business_tax,,,,
standard,"CORONEL, BETO SANTANA",4078967083,,,,FL,socrata:orlando_business_tax,,,,
standard,"HOFFMAN, PAUL F(CLS 04/04)",8634271220,,,,FL,socrata:orlando_business_tax,,,,
standard,YOCASTA PEREZ CLEANING,4077191642,,,,FL,socrata:orlando_business_tax,,,,
standard,ROBERT M GRGURIC/ROBERT M GRGU,4078438055,,,,FL,socrata:orlando_business_tax,,,,
standard,A & D SIGN GRAPHICS INC,4074237301,,,,FL,socrata:orlando_business_tax,,,,
standard,LUIS GUILLERMO CORREA,4074668004,,,,FL,socrata:orlando_business_tax,,,,
standard,"ORR, APRIL",4074228833,,,,FL,socrata:orlando_business_tax,,,,
standard,PHOENIX MARKETING GROUP,4072457588,,,,FL,socrata:orlando_business_tax,,,,
standard,MATHEUS PAVERS SYSTEMS CORPORA,4079637624,,,,FL,socrata:orlando_business_tax,,,,
standard,DOMENIC MEGNA,4077123394,,,,FL,socrata:orlando_business_tax,,,,
standard,OYAJI JAPANESE CUISINE,4073540860,,,,FL,socrata:orlando_business_tax,,,,
standard,GENESIS CLEANING SERVICES,4079148630,,,,FL,socrata:orlando_business_tax,,,,
standard,DESIGNS BY BETHANY,4073805989,,,,FL,socrata:orlando_business_tax,,,,
standard,INNOVATE CONSORTIUM TECHNOLOGI,4074840505,,,,FL,socrata:orlando_business_tax,,,,
standard,ORIENT CAFE,4073805583,,,,FL,socrata:orlando_business_tax,,,,
standard,SANTORO URBAN HOME INC,4078976965,,,,FL,socrata:orlando_business_tax,,,,
standard,TEST PROJECT,2065551212,,,,FL,socrata:orlando_business_tax,,,,
standard,QUICK MEDICAL GROUP SERVICES I,4078552533,,,,FL,socrata:orlando_business_tax,,,,
standard,RUTH & LENFORD LAING,4075212017,,,,FL,socrata:orlando_business_tax,,,,
standard,DENIS G BOURGUIGNON DMD PA,4075320192,,,,FL,socrata:orlando_business_tax,,,,
standard,ECHO ADVERTISING INC,4076910100,,,,FL,socrata:orlando_business_tax,,,,
standard,BRAZIL OUTLET LLC,4078448555,,,,FL,socrata:orlando_business_tax,,,,
standard,"DRUKMAN, SUSAN J MD PA",4072884600,,,,FL,socrata:orlando_business_tax,,,,
standard,TE'NAJ RECORD COMPANY  (CLOSED,4079961573,,,,FL,socrata:orlando_business_tax,,,,
standard,HAMIDOU SAWANE TOUBA FOCUS FAS,4049174489,,,,FL,socrata:orlando_business_tax,,,,
standard,"SHANNON, ERIN/SHANNON",4078940186,,,,FL,socrata:orlando_business_tax,,,,
standard,PROSPECT OF ORLANDO LTD,7082993636,,,,FL,socrata:orlando_business_tax,,,,
standard,LILLYS,4076498344,,,,FL,socrata:orlando_business_tax,,,,
standard,"ESNOVOL, NARCISO",4073060175,,,,FL,socrata:orlando_business_tax,,,,
standard,"MELROSE MANAGEMENT GROUP, THE",4072284181,,,,FL,socrata:orlando_business_tax,,,,
standard,DIMENSIONS PHOTOGRAPHY PORTRAI,4078495100,,,,FL,socrata:orlando_business_tax,,,,
standard,CHRISTHIAN AGENCY,4078951193,,,,FL,socrata:orlando_business_tax,,,,
standard,ROY MOORES RIBS(CLS 05/03/04),4076284858,,,,FL,socrata:orlando_business_tax,,,,
standard,UNIFORMS ET AL LLC,4076928007,,,,FL,socrata:orlando_business_tax,,,,
standard,BRISAS DEL YUNQUE(CLS 01/04),4073514851,,,,FL,socrata:orlando_business_tax,,,,
standard,LEADERSHIP NETWORK CORPORATION,4075217144,,,,FL,socrata:orlando_business_tax,,,,
standard,"PONTELL, ERNIE AGENCY",4078980481,,,,FL,socrata:orlando_business_tax,,,,
standard,HOME STATE REALTY INC,4072943096,,,,FL,socrata:orlando_business_tax,,,,
standard,VAPEX TECHNOLOGIES INC,4075681040,,,,FL,socrata:orlando_business_tax,,,,
standard,COLDWELL BANKER RESIDENTIAL,4073068787,,,,FL,socrata:orlando_business_tax,,,,
standard,ONEMAIN FINANCIAL GROUP LLC,4078945771,,,,FL,socrata:orlando_business_tax,,,,
standard,ORLANDO SENTINEL,4074205558,,,,FL,socrata:orlando_business_tax,,,,
standard,INTELLIGENT TRANSPORTATION SER,4078633797,,,,FL,socrata:orlando_business_tax,,,,
standard,STYLES FOR LESS #129,4078961131,,,,FL,socrata:orlando_business_tax,,,,
standard,SOUTHEAST STEEL SALES CO,4074237654,,,,FL,socrata:orlando_business_tax,,,,
standard,W R B TRUCKING,4076482005,,,,FL,socrata:orlando_business_tax,,,,
standard,24/7 PROTECTION,4079707097,,,,FL,socrata:orlando_business_tax,,,,
standard,PARUL PAL/ORLANDO EYE CONSULTA,4072284035,,,,FL,socrata:orlando_business_tax,,,,
standard,FELIX R MARICHAL,4077373711,,,,FL,socrata:orlando_business_tax,,,,
standard,HAIRMASTERS/# 6117,4072900707,,,,FL,socrata:orlando_business_tax,,,,
standard,"LATEEF, FAROOD",4073511888,,,,FL,socrata:orlando_business_tax,,,,
standard,INTERIOR INNOVATIONS,4073443010,,,,FL,socrata:orlando_business_tax,,,,
standard,CHAMPS LAKE EOLA CAFE (CLS 09/,4075187339,,,,FL,socrata:orlando_business_tax,,,,
standard,$10 & LESS,4076960217,,,,FL,socrata:orlando_business_tax,,,,
standard,PURGATORY TATTOO STUDIO,4072829122,,,,FL,socrata:orlando_business_tax,,,,
standard,FLORIDA GNOSTIC INSTITUTE OF A,4073820765,,,,FL,socrata:orlando_business_tax,,,,
standard,DAZZLE,4073393358,,,,FL,socrata:orlando_business_tax,,,,
standard,FLORIDA GIFTS(CLS 05/03/04),4074229009,,,,FL,socrata:orlando_business_tax,,,,
standard,"STRICKLAND,LEE/PARSONS",4073168400,,,,FL,socrata:orlando_business_tax,,,,
standard,CREATIVE RESOLUTIONS INC,4078988726,,,,FL,socrata:orlando_business_tax,,,,
standard,PRUDENTIAL FL REAL ESTATE CENT,4072753258,,,,FL,socrata:orlando_business_tax,,,,
standard,"BLANEY, SALAM Y/BRAGA",4076508858,,,,FL,socrata:orlando_business_tax,,,,
standard,TALL GUYS BAR BQ,4073836500,,,,FL,socrata:orlando_business_tax,,,,
standard,UNITED AIR SPARES,4072816747,,,,FL,socrata:orlando_business_tax,,,,
standard,LAS PALMAS GROCERY,4079031428,,,,FL,socrata:orlando_business_tax,,,,
standard,WHITE KNIGHT INVESTIGATIONS,4077822776,,,,FL,socrata:orlando_business_tax,,,,
standard,JDWEBSITES(TRN 24113-1 10/03),4074488660,,,,FL,socrata:orlando_business_tax,,,,
standard,LIVING MOROCCO,4074812350,,,,FL,socrata:orlando_business_tax,,,,
standard,"MURPHY, MICHAEL P PA",4078961826,,,,FL,socrata:orlando_business_tax,,,,
standard,COCOA BEACH MARKETING INC,3213282755,,,,FL,socrata:orlando_business_tax,,,,
standard,ENABLE SOFT INC,4076574874,,,,FL,socrata:orlando_business_tax,,,,
standard,ASPIRE TECHNOLOGIES INC,4072481481,,,,FL,socrata:orlando_business_tax,,,,
standard,HARRINGTON APARTMENTS,4078359174,,,,FL,socrata:orlando_business_tax,,,,
standard,"LOPEZ, DAISY",4072825776,,,,FL,socrata:orlando_business_tax,,,,
standard,CENTRAL FLORIDA GOLF CARS LLC,3868046684,,,,FL,socrata:orlando_business_tax,,,,
standard,TOP STAR AUTOS INC,3212866682,,,,FL,socrata:orlando_business_tax,,,,
standard,GARY A FRACASSI,4078966858,,,,FL,socrata:orlando_business_tax,,,,
standard,GRACE DENTAL PA,4073513213,,,,FL,socrata:orlando_business_tax,,,,
standard,THE DERMATOLOGY GROUP PA,4078983033,,,,FL,socrata:orlando_business_tax,,,,
standard,JET CORR IPS,4078722201,,,,FL,socrata:orlando_business_tax,,,,
standard,WOMENS PELVIC SURGERY CENTER O,4073702441,,,,FL,socrata:orlando_business_tax,,,,
standard,DYNAMIC AUTO BODY & REPAIRS,4074678977,,,,FL,socrata:orlando_business_tax,,,,
standard,"LEEPER, PAULA J",4074239900,,,,FL,socrata:orlando_business_tax,,,,
standard,PERFUME WORLD USA LLC,4072450680,,,,FL,socrata:orlando_business_tax,,,,
standard,BLIND AMBITIONS OF ORLANDO LLC,4076089615,,,,FL,socrata:orlando_business_tax,,,,
standard,"BLAU, KATHLEEN C",4074222552,,,,FL,socrata:orlando_business_tax,,,,
standard,USF FOOD CART #2,4073638352,,,,FL,socrata:orlando_business_tax,,,,
standard,"QUINTYNE, DAVID DO",4074752700,,,,FL,socrata:orlando_business_tax,,,,
standard,LYKES INSURANCE INC,4078966191,,,,FL,socrata:orlando_business_tax,,,,
standard,CONSUMER ELECTRONICS SALE(CLOS,3216625165,,,,FL,socrata:orlando_business_tax,,,,
standard,INDIAN GRILL KABOB LLC,4075780585,,,,FL,socrata:orlando_business_tax,,,,
standard,FRED HILADO/HILADO LAW PLLC,4076053199,,,,FL,socrata:orlando_business_tax,,,,
standard,HERBERT C BURNS REAL ESTATE,4073809024,,,,FL,socrata:orlando_business_tax,,,,
standard,"BOYADJIEV, DIMITAR",4079631139,,,,FL,socrata:orlando_business_tax,,,,
standard,"RUTLEDGE,PAUL R/FAISON",4078988120,,,,FL,socrata:orlando_business_tax,,,,
standard,INITIAL SERVICE CLEANING LLC,4077312804,,,,FL,socrata:orlando_business_tax,,,,
standard,FATHER & SON MOVING & STORAGE,4072902200,,,,FL,socrata:orlando_business_tax,,,,
standard,"GONZALEZ, JOSE E",4073702162,,,,FL,socrata:orlando_business_tax,,,,
standard,FLOWERS FOREVER,4076440079,,,,FL,socrata:orlando_business_tax,,,,
standard,HUNGS CUSTOM TAILOR SHOP INC,4074251958,,,,FL,socrata:orlando_business_tax,,,,
standard,"NICHOLS CHAVIS, ALICE",4074228822,,,,FL,socrata:orlando_business_tax,,,,
standard,DARM MOVING AND CLEANING SPECI,4079568217,,,,FL,socrata:orlando_business_tax,,,,
standard,FORCE TRAVEL & LEISURE LLC,4072951017,,,,FL,socrata:orlando_business_tax,,,,
standard,TATE CONSTRUCTION CO LLC,3212281438,,,,FL,socrata:orlando_business_tax,,,,
standard,"PHAM, TUNG BA(CLS 10/03)",4079779866,,,,FL,socrata:orlando_business_tax,,,,
standard,B TECH COMPUTER,4076206952,,,,FL,socrata:orlando_business_tax,,,,
standard,STALEY INC,5015653006,,,,FL,socrata:orlando_business_tax,,,,
standard,"MICCICHE, ROBERT/FAITH",4072908662,,,,FL,socrata:orlando_business_tax,,,,
standard,THE BAR B Q PIT,4072218761,,,,FL,socrata:orlando_business_tax,,,,
standard,WILLIE E THIOMAS P E /BARNES,4078968608,,,,FL,socrata:orlando_business_tax,,,,
standard,"GREEN, C DOUGLAS/ZIMMERMAN",4078962662,,,,FL,socrata:orlando_business_tax,,,,
standard,PHARAK KIM,7708412456,,,,FL,socrata:orlando_business_tax,,,,
standard,"PIERCY, CALVIN D/PROFESSIONAL",4072931155,,,,FL,socrata:orlando_business_tax,,,,
standard,KIMBERLEE D ROSE/ STARSOULS,4073833621,,,,FL,socrata:orlando_business_tax,,,,
standard,HUGHES INSURANCE AGENCY,4078988911,,,,FL,socrata:orlando_business_tax,,,,
standard,THE WAVERLY ON LAKE EOLA,4073164969,,,,FL,socrata:orlando_business_tax,,,,
standard,COFFEE CAFE,4078801967,,,,FL,socrata:orlando_business_tax,,,,
standard,M & I MARSHALL & ILSLEY BANK,4074226430,,,,FL,socrata:orlando_business_tax,,,,
standard,EL NACIONAL SUPERMARKET INC,4072281771,,,,FL,socrata:orlando_business_tax,,,,
standard,ELLIUT GONZALEZ II LAWN CARE,4079291580,,,,FL,socrata:orlando_business_tax,,,,
standard,"HELMS,CHARLES & ASSOC INC",4078726225,,,,FL,socrata:orlando_business_tax,,,,
standard,DELICATTESSES CATALINA(10/17/0,4078986663,,,,FL,socrata:orlando_business_tax,,,,
standard,JOHNNY HENRY,4072098570,,,,FL,socrata:orlando_business_tax,,,,
standard,T J ELLIS CAN DO PRESSURE WASH,4073829087,,,,FL,socrata:orlando_business_tax,,,,
standard,EXECUTIVE AUTO SERVICE(CLS 09/,4074385571,,,,FL,socrata:orlando_business_tax,,,,
standard,BIMBO BAKERIES USA INC,8664922242,,,,FL,socrata:orlando_business_tax,,,,
standard,BANKERS LIFE & CASUALTY INSURA,3178173921,,,,FL,socrata:orlando_business_tax,,,,
standard,R NURSEY DEVELOPMENT INC,4078968831,,,,FL,socrata:orlando_business_tax,,,,
standard,MAGIC NAILS,4073528343,,,,FL,socrata:orlando_business_tax,,,,
standard,THE GOOD FEET STORE,4073704100,,,,FL,socrata:orlando_business_tax,,,,
standard,DOREEN PHILLIPS,4079335804,,,,FL,socrata:orlando_business_tax,,,,
standard,GOURMET CATERING,4076488618,,,,FL,socrata:orlando_business_tax,,,,
standard,CONSTELLATION TOWING & RECOVER,4072436900,,,,FL,socrata:orlando_business_tax,,,,
standard,GAIL L GOLDA/G L GOLDA PA,4078491906,,,,FL,socrata:orlando_business_tax,,,,
standard,APPLES BEAUTY CENTER,4072825699,,,,FL,socrata:orlando_business_tax,,,,
standard,EL NUEVO DIA ORLANDO INC,4076438991,,,,FL,socrata:orlando_business_tax,,,,
standard,"BAUER, NANCY",4072461818,,,,FL,socrata:orlando_business_tax,,,,
standard,WILLIAM J MCCLELLAN PA,4076481525,,,,FL,socrata:orlando_business_tax,,,,
standard,THOMAS A VAUGHAN/VAUGHAN LAW G,4076484535,,,,FL,socrata:orlando_business_tax,,,,
standard,LONG JOHN SILVERS #3768,5028746374,,,,FL,socrata:orlando_business_tax,,,,
standard,"TOMEI, MEI T(10/17/03)13412-10",4076570452,,,,FL,socrata:orlando_business_tax,,,,
standard,"WAY, PHYLLIS L",4072993759,,,,FL,socrata:orlando_business_tax,,,,
standard,"RHODES, R SPENCER",4078434310,,,,FL,socrata:orlando_business_tax,,,,
standard,TOJO INDUSTRIES #7,4078510021,,,,FL,socrata:orlando_business_tax,,,,
standard,ABC AUTO WHOLESALERS(CLS 01/04,4072422933,,,,FL,socrata:orlando_business_tax,,,,
standard,ORANGE AVENUE LLC,4078958150,,,,FL,socrata:orlando_business_tax,,,,
standard,UNBOUND COMMUNICATIONS INC,8472159700,,,,FL,socrata:orlando_business_tax,,,,
standard,TIESHA STAFFINE CLEANING SERVI,4072984522,,,,FL,socrata:orlando_business_tax,,,,
standard,VON SCHMELING TAEKWONDO INC,4076478537,,,,FL,socrata:orlando_business_tax,,,,
standard,NORTHSTAR ORGANIZING SERVICES(,4078436744,,,,FL,socrata:orlando_business_tax,,,,
standard,TUMMY YUMMIES INC,4078504153,,,,FL,socrata:orlando_business_tax,,,,
standard,EYEGLASS WORLD,7709656231,,,,FL,socrata:orlando_business_tax,,,,
standard,MARK STRANGES FEELING LUCKY TA,4073522947,,,,FL,socrata:orlando_business_tax,,,,
standard,IMT INCOME TAX,4078391228,,,,FL,socrata:orlando_business_tax,,,,
standard,ANTIQUE ACCENTS INC,4078951800,,,,FL,socrata:orlando_business_tax,,,,
standard,FLAG WORLD INC,4078959245,,,,FL,socrata:orlando_business_tax,,,,
standard,"TRAN, WILLIAM/FIRST",4078358943,,,,FL,socrata:orlando_business_tax,,,,
standard,"PERRY, MARK OD(CLOSED 10/22/03",4078973570,,,,FL,socrata:orlando_business_tax,,,,
standard,"ALEXANDER JR.,EDWARD R/AKERMAN",4078417100,,,,FL,socrata:orlando_business_tax,,,,
standard,GARDEN CHAPEL INC,4078987881,,,,FL,socrata:orlando_business_tax,,,,
standard,R GREGORY COLVIN LLC,4074267808,,,,FL,socrata:orlando_business_tax,,,,
standard,"STUMP, NEIL E",4072286858,,,,FL,socrata:orlando_business_tax,,,,
standard,"STONER, GREGORY W",4078434900,,,,FL,socrata:orlando_business_tax,,,,
standard,FLORIDA VING BUN ATHLETIC ASSN,4076739036,,,,FL,socrata:orlando_business_tax,,,,
standard,JAVAID S SHEIKH/ORLANDO ARTHRITIS INSTITUTE PA,4076509220,,,,FL,socrata:orlando_business_tax,,,,
standard,AMSOIL INC,7153927101,,,,FL,socrata:orlando_business_tax,,,,
standard,JEWELRY TIME/TIMES SQUARE K8,4078256650,,,,FL,socrata:orlando_business_tax,,,,
standard,Z ART PLACE,4074268895,,,,FL,socrata:orlando_business_tax,,,,
standard,TALENT ROCK,4072535000,,,,FL,socrata:orlando_business_tax,,,,
standard,WOOF GANG BAKERY & GROOMING CONWAY,4078239098,,,,FL,socrata:orlando_business_tax,,,,
standard,"ALILIN, E ROGER MD",4076579596,,,,FL,socrata:orlando_business_tax,,,,
standard,CARIBBEAN QUALITY M SERVICES,4072979846,,,,FL,socrata:orlando_business_tax,,,,
standard,EPIFANIO MOTA COMMUNICATIONS L,4078169380,,,,FL,socrata:orlando_business_tax,,,,
standard,BIOTEK ASSOCIATES INC,4078391063,,,,FL,socrata:orlando_business_tax,,,,
standard,"PATEL, NIKESH A/UNIVERSAL",4072649644,,,,FL,socrata:orlando_business_tax,,,,
standard,DASCO SERVICES,4078434184,,,,FL,socrata:orlando_business_tax,,,,
standard,ADVANTAGE CONSULTANTS(CLS 09/0,4078950077,,,,FL,socrata:orlando_business_tax,,,,
standard,ALESHA COOK LOAN PROCESSING,4079294308,,,,FL,socrata:orlando_business_tax,,,,
standard,CAROL CATERING,4073839000,,,,FL,socrata:orlando_business_tax,,,,
standard,IL PESCATORE INC,4078966763,,,,FL,socrata:orlando_business_tax,,,,
standard,STRUCTURAL CONTRACTORS SOUTH I,4077407651,,,,FL,socrata:orlando_business_tax,,,,
standard,SPORTS FOR ME,4072945637,,,,FL,socrata:orlando_business_tax,,,,
standard,SOUTHEASTERN FOOD SUPPLIES,8138992484,,,,FL,socrata:orlando_business_tax,,,,
standard,B & M SOUTHERN SIDING INC,4072213250,,,,FL,socrata:orlando_business_tax,,,,
standard,CUSTOM CABLE INDUSTRIES,4078050857,,,,FL,socrata:orlando_business_tax,,,,
standard,JOBWAREHOUSE.COM INC,4076502607,,,,FL,socrata:orlando_business_tax,,,,
standard,ONSITE CAFE,4073617702,,,,FL,socrata:orlando_business_tax,,,,
standard,"MAXWELL, GENNETTE",4072606593,,,,FL,socrata:orlando_business_tax,,,,
standard,MARC LAFRANCE SCENIC ART & FAB,4074154203,,,,FL,socrata:orlando_business_tax,,,,
standard,"WALSH, CHARLES YOU NEED IT I G",4073402939,,,,FL,socrata:orlando_business_tax,,,,
standard,KAZCO COMMUNICATIONS INC,4076497525,,,,FL,socrata:orlando_business_tax,,,,
standard,KELLI FRANK,4074934754,,,,FL,socrata:orlando_business_tax,,,,
standard,EXECUTIVE WINE CELLARS LLC,4079265763,,,,FL,socrata:orlando_business_tax,,,,
standard,"GOMEZ,FERNANDO L/ORLANDO CENTE",4072722202,,,,FL,socrata:orlando_business_tax,,,,
standard,FIRESTONE COMPLETE AUTO CARE,4076572210,,,,FL,socrata:orlando_business_tax,,,,
standard,CHERYL D CLARK,4073800138,,,,FL,socrata:orlando_business_tax,,,,
standard,STARTIME VIDEO INC,4073818234,,,,FL,socrata:orlando_business_tax,,,,
standard,JUAN SALAZAR JUMA HOT DOGS,4078126309,,,,FL,socrata:orlando_business_tax,,,,
standard,"JUTRAS, MARK MD",4078967575,,,,FL,socrata:orlando_business_tax,,,,
standard,"BRUCE, CYNTHIA M/FREEDIES",4076489295,,,,FL,socrata:orlando_business_tax,,,,
standard,DRAKE SAUNDERS & DIWINSKY INC,4079266807,,,,FL,socrata:orlando_business_tax,,,,
standard,AMERICAN LUNG ASSOCIATION INCORPORATED,4074255864,,,,FL,socrata:orlando_business_tax,,,,
standard,"PETREE, ROBERT G/BORNSTEIN",4074252731,,,,FL,socrata:orlando_business_tax,,,,
standard,"MUSSELWHITE, CINDY R/ADVANCED",4076294162,,,,FL,socrata:orlando_business_tax,,,,
standard,NATIONAL FIRE INSURANCE COMPANY OF HARTFORD,3128225000,,,,FL,socrata:orlando_business_tax,,,,
standard,K B TOY LIQUIDATORS #4299,6142786835,,,,FL,socrata:orlando_business_tax,,,,
standard,JOHNNY TERRY,4076922061,,,,FL,socrata:orlando_business_tax,,,,
standard,NSI ORLANDO,4079999977,,,,FL,socrata:orlando_business_tax,,,,
standard,HAAGEN DAZS INLINE,4074019768,,,,FL,socrata:orlando_business_tax,,,,
standard,NOTORIOUS,4073637659,,,,FL,socrata:orlando_business_tax,,,,
standard,GRACE SEWARD BIKES OF ORLANDO,8634243015,,,,FL,socrata:orlando_business_tax,,,,
standard,GENESIS SCIENTIFIC,4072061060,,,,FL,socrata:orlando_business_tax,,,,
standard,BOBS CARPET SERVICE,4073847096,,,,FL,socrata:orlando_business_tax,,,,
standard,A C SCOOTERS SPECIALIST LLC,4072490312,,,,FL,socrata:orlando_business_tax,,,,
standard,A-Z ACRYLICS INC(CLS 02/04),4072827574,,,,FL,socrata:orlando_business_tax,,,,
standard,KARRS LLC,4076833933,,,,FL,socrata:orlando_business_tax,,,,
standard,ALS COLLISION REPAIRS INC,4074523863,,,,FL,socrata:orlando_business_tax,,,,
standard,MARK EBERHARDT CONTRACTING INC,7244496354,,,,FL,socrata:orlando_business_tax,,,,
standard,PCA NATIONAL LLC,7048478011,,,,FL,socrata:orlando_business_tax,,,,
standard,SUN CAB COMPANY,4075829143,,,,FL,socrata:orlando_business_tax,,,,
standard,PALM HARBOR APARTMENTS,4078981441,,,,FL,socrata:orlando_business_tax,,,,
standard,PRESILIA J LOUIS,4072729973,,,,FL,socrata:orlando_business_tax,,,,
standard,"GANTT, EDMUND P",4078983092,,,,FL,socrata:orlando_business_tax,,,,
standard,GET TOURS & TRANSPORTATION INC,4072737063,,,,FL,socrata:orlando_business_tax,,,,
standard,THE SHERWIN WILLIAMS COMPANY,4073821700,,,,FL,socrata:orlando_business_tax,,,,
standard,MTH MORTGAGE LLC,4077128645,,,,FL,socrata:orlando_business_tax,,,,
standard,PLAYERS SPORTS PUB,4072739696,,,,FL,socrata:orlando_business_tax,,,,
standard,JUST PERFECT MAINTENANCE SERVI,4073756815,,,,FL,socrata:orlando_business_tax,,,,
standard,"ST LOUIS, PHILLIP G MD(TRNS TO",4076294828,,,,FL,socrata:orlando_business_tax,,,,
standard,WEIDENER MARGARITA/WEIDENER,4074268339,,,,FL,socrata:orlando_business_tax,,,,
standard,DIE CAST LOVERS INC,4074471914,,,,FL,socrata:orlando_business_tax,,,,
standard,CAREPRO INTERNATIONAL LLC,4074818530,,,,FL,socrata:orlando_business_tax,,,,
standard,VISUAL VOGUE CLEANING,4075950106,,,,FL,socrata:orlando_business_tax,,,,
standard,EMAN HOT DOG & THINGS,4073137811,,,,FL,socrata:orlando_business_tax,,,,
standard,"STOWE, CARY L MD PA",4078967111,,,,FL,socrata:orlando_business_tax,,,,
standard,FOXLINK NETWORKS INC,4078760637,,,,FL,socrata:orlando_business_tax,,,,
standard,CENTRAL DINER,4078961784,,,,FL,socrata:orlando_business_tax,,,,
standard,"MIRANDA, BRENDA",4079294830,,,,FL,socrata:orlando_business_tax,,,,
standard,ORLANDO RUBBER STAMPS & SIGN C,4078418083,,,,FL,socrata:orlando_business_tax,,,,
standard,SOCKS GALORE & MORE #65,6308606081,,,,FL,socrata:orlando_business_tax,,,,
standard,MAURICIO GONZALEZ,4078522194,,,,FL,socrata:orlando_business_tax,,,,
standard,FRANCHISE BROKERS ASSOCIATION,4078560611,,,,FL,socrata:orlando_business_tax,,,,
standard,MAGIC SEAFOOD  (CLOSED 09/08/0,4073303299,,,,FL,socrata:orlando_business_tax,,,,
standard,HELEN BATES DESIGN,4078413749,,,,FL,socrata:orlando_business_tax,,,,
standard,WELLS FARGO BANK NA,7043832012,,,,FL,socrata:orlando_business_tax,,,,
standard,JOHN C ELLIS,4072724732,,,,FL,socrata:orlando_business_tax,,,,
standard,DOUGLAS H GLICKEN,4076499649,,,,FL,socrata:orlando_business_tax,,,,
standard,TEMENOS ENSEMBLE THEATER INC,3212173880,,,,FL,socrata:orlando_business_tax,,,,
standard,RMB CONSTRUCTION INC(TRN 23959,4078340532,,,,FL,socrata:orlando_business_tax,,,,
standard,IFEOMA A UCHE IMMIGRATION,3523142813,,,,FL,socrata:orlando_business_tax,,,,
standard,"MOUTCHOU, MUSTAPHA",4079089317,,,,FL,socrata:orlando_business_tax,,,,
standard,MANGUIKIAN EYECARE LLC,4076789412,,,,FL,socrata:orlando_business_tax,,,,
standard,HOT NAILS 1 INC,4075957239,,,,FL,socrata:orlando_business_tax,,,,
standard,ANSWER ALL TELE SECRETARIAL SE,4072409100,,,,FL,socrata:orlando_business_tax,,,,
standard,ANDREW S MARTIN MD/ADVENTHEALTH MEDICAL GROUP,4073025551,,,,FL,socrata:orlando_business_tax,,,,
standard,PANTAS LAW FIRM PA,4074255775,,,,FL,socrata:orlando_business_tax,,,,
standard,COYS RIB CONNECTION,8634411898,,,,FL,socrata:orlando_business_tax,,,,
standard,WALT CARRUTHERS MOBILE WELDING,4072942737,,,,FL,socrata:orlando_business_tax,,,,
standard,"SPURLOCK, ANTHONY(CLS 04/23/04",4073840952,,,,FL,socrata:orlando_business_tax,,,,
standard,AUTO PRESERVATION INC,4073398590,,,,FL,socrata:orlando_business_tax,,,,
standard,"HAMID, AUBREY/ORLANDO",4078978116,,,,FL,socrata:orlando_business_tax,,,,
standard,SUNOCO FOOD MART,4075233672,,,,FL,socrata:orlando_business_tax,,,,
standard,BIJOUS BOUTIQUE,4074259190,,,,FL,socrata:orlando_business_tax,,,,
standard,LOS PRIMOS RESTAURANT INC,4073277546,,,,FL,socrata:orlando_business_tax,,,,
standard,GENERAL ELECTRIC COMPANY,4078965659,,,,FL,socrata:orlando_business_tax,,,,
standard,GO GRAPHICS GROUP,4076582687,,,,FL,socrata:orlando_business_tax,,,,
standard,"JULES, GILBERT(CLOSED BY OWNER",4072465120,,,,FL,socrata:orlando_business_tax,,,,
standard,QUIET ELEGANCE,4072565712,,,,FL,socrata:orlando_business_tax,,,,
standard,WSP USA INC,4075877850,,,,FL,socrata:orlando_business_tax,,,,
standard,THE WATERING HOLE,4074021454,,,,FL,socrata:orlando_business_tax,,,,
standard,QUINCO SERVICES INC,4072732906,,,,FL,socrata:orlando_business_tax,,,,
standard,ENVIRO FOAM INSULATION INC,4077189785,,,,FL,socrata:orlando_business_tax,,,,
standard,LAKE NONA SOUTH III LLC,4078593402,,,,FL,socrata:orlando_business_tax,,,,
standard,"GOODART, SARA LEE MS LMHC",4078416893,,,,FL,socrata:orlando_business_tax,,,,
standard,MEDIATE FLORIDA,4076481595,,,,FL,socrata:orlando_business_tax,,,,
standard,SANDRA K FREDRICK PA,4078410888,,,,FL,socrata:orlando_business_tax,,,,
standard,ROYAL HOT DOGS LLC,3524095694,,,,FL,socrata:orlando_business_tax,,,,
standard,MATTHEW BRYANT VALET TRASH SER,4075783484,,,,FL,socrata:orlando_business_tax,,,,
standard,MICHAEL SPRINGETTE ENTERPRISE,4073831788,,,,FL,socrata:orlando_business_tax,,,,
standard,EGLOBAL,8015936225,,,,FL,socrata:orlando_business_tax,,,,
standard,SP COLLECTIVE LLC,3376802038,,,,FL,socrata:orlando_business_tax,,,,
standard,EZ WAY TRANSPORTATION LLC,4073704839,,,,FL,socrata:orlando_business_tax,,,,
standard,GEORGE SMITH,4072922074,,,,FL,socrata:orlando_business_tax,,,,
standard,BROWARD GAS SERVICE OF NORTH F,9544808867,,,,FL,socrata:orlando_business_tax,,,,
standard,"COBB, BRANDON/INTERLACHEN",4072817304,,,,FL,socrata:orlando_business_tax,,,,
standard,"WEISS, SAMUEL J PA",4079999500,,,,FL,socrata:orlando_business_tax,,,,
standard,JOHANNA SALDANA,3217462254,,,,FL,socrata:orlando_business_tax,,,,
standard,COMPUTER NETWORKS FOR LESS INC,4079847416,,,,FL,socrata:orlando_business_tax,,,,
standard,SHADY TREE VILLAGE APTS/WOLK,4073392933,,,,FL,socrata:orlando_business_tax,,,,
standard,ALIANDA INC,4074222182,,,,FL,socrata:orlando_business_tax,,,,
standard,CEN FL RESPIRATORY & MEDICAL S,4078721950,,,,FL,socrata:orlando_business_tax,,,,
standard,MIDAS TOUCH PAINTING,4072988886,,,,FL,socrata:orlando_business_tax,,,,
standard,PINE HILLS MARKET CORP,4072751461,,,,FL,socrata:orlando_business_tax,,,,
standard,DEBORAH CUNIN WEDDINGS ETC,4078970829,,,,FL,socrata:orlando_business_tax,,,,
standard,SAVVY SERVICES INC,4078253550,,,,FL,socrata:orlando_business_tax,,,,
standard,ADVANCE AMERICA #5604,8645155629,,,,FL,socrata:orlando_business_tax,,,,
standard,"GIRALDO, CESAR DAVID/CASABLANC",4074471454,,,,FL,socrata:orlando_business_tax,,,,
standard,JILL PORTER PHOTOGRAPHY,4078944633,,,,FL,socrata:orlando_business_tax,,,,
standard,N K COURIERS CO,4074220881,,,,FL,socrata:orlando_business_tax,,,,
standard,QUIZNOS CLASSIC SUBS (CLOSED N,4076488247,,,,FL,socrata:orlando_business_tax,,,,
standard,"HANNAH, DOLORES/MARIPOSA REALT",4074230872,,,,FL,socrata:orlando_business_tax,,,,
standard,DORIS BONNET INCOME TAX & ACCO,4076734029,,,,FL,socrata:orlando_business_tax,,,,
standard,KATHLEEN T GILLARD PA,4078720868,,,,FL,socrata:orlando_business_tax,,,,
standard,THROW BACK FASHION,4072856206,,,,FL,socrata:orlando_business_tax,,,,
standard,ANTIGAMES.COM,4073068122,,,,FL,socrata:orlando_business_tax,,,,
standard,PERFUMELAND OF ORLANDO INC,4072489597,,,,FL,socrata:orlando_business_tax,,,,
standard,F & E FOOD MART GIFT MART,3216629620,,,,FL,socrata:orlando_business_tax,,,,
standard,PHASE III CONSTRUCTION,4078893966,,,,FL,socrata:orlando_business_tax,,,,
standard,SOOUTHERN PAN SERVICES COMPANY,4074021151,,,,FL,socrata:orlando_business_tax,,,,
standard,"GEORGIADIS, BELLA SEAMSTRESS S",4078961358,,,,FL,socrata:orlando_business_tax,,,,
standard,PARK AVENUE ATHLETIC CLUB,4072076013,,,,FL,socrata:orlando_business_tax,,,,
standard,MILLS FIFTY MAINSTREET CO,4076192075,,,,FL,socrata:orlando_business_tax,,,,
standard,ICIS US INC,4074153747,,,,FL,socrata:orlando_business_tax,,,,
standard,TWO SISTERS DISTRIBUTING(CLOSE,4078776865,,,,FL,socrata:orlando_business_tax,,,,
standard,DANIEL F DILL/THE DILL LAW GROUP PA,4073670278,,,,FL,socrata:orlando_business_tax,,,,
standard,"HARGROVE, CHARLES D/SAVAGE",4076488882,,,,FL,socrata:orlando_business_tax,,,,
standard,MERCEDES R WECHSLER PA,4075994197,,,,FL,socrata:orlando_business_tax,,,,
standard,ZIEHM IMAGING INC,4076158560,,,,FL,socrata:orlando_business_tax,,,,
standard,"LAMOUR, ALEJANDRO/LA CASA",4076484633,,,,FL,socrata:orlando_business_tax,,,,
standard,SPECTACULAR THEMES INC,4076484540,,,,FL,socrata:orlando_business_tax,,,,
standard,"HOLLINGER, LORINZA JR",4072981029,,,,FL,socrata:orlando_business_tax,,,,
standard,BRUCE MILLERS 7TH INNING STRET,4072732127,,,,FL,socrata:orlando_business_tax,,,,
standard,MICROMANIACZ,3212284493,,,,FL,socrata:orlando_business_tax,,,,
standard,MITIGATION RESOURCES LLC,4079264132,,,,FL,socrata:orlando_business_tax,,,,
standard,WASHBURN IMPORTS,4078971190,,,,FL,socrata:orlando_business_tax,,,,
standard,HOUSE OF DAVID DISTRIBUTORS,4072982953,,,,FL,socrata:orlando_business_tax,,,,
standard,GRADY G AYERS PA,4072466662,,,,FL,socrata:orlando_business_tax,,,,
standard,BEST FRIENDS PUPPY BOUTIQUE,3527355372,,,,FL,socrata:orlando_business_tax,,,,
standard,ARNOLD PALMER HOSPITAL FOR CHILDREN OUTPATIENT REHABILITATION,3218413040,,,,FL,socrata:orlando_business_tax,,,,
standard,RICHARD J COAXUM JR/SAXON GILM,4078357878,,,,FL,socrata:orlando_business_tax,,,,
standard,PAUL G CHRISMAN INSURANCE AGEN,4078947500,,,,FL,socrata:orlando_business_tax,,,,
standard,ROBERTS DIESEL WORKS INC,4072461597,,,,FL,socrata:orlando_business_tax,,,,
standard,COULTHER CONSULTING SERVICES,4078390433,,,,FL,socrata:orlando_business_tax,,,,
standard,VICTORIA ROMANOVA,4074534239,,,,FL,socrata:orlando_business_tax,,,,
standard,EDWARD A KERBEN,4074251651,,,,FL,socrata:orlando_business_tax,,,,
standard,PIZZA HUT #638024,5028746316,,,,FL,socrata:orlando_business_tax,,,,
standard,"BROWN, LOWRIE W III  (TRANS TO",4076499767,,,,FL,socrata:orlando_business_tax,,,,
standard,MIKE MAJOR DETAILING,3219465306,,,,FL,socrata:orlando_business_tax,,,,
standard,LUCSON CARRY,3214381062,,,,FL,socrata:orlando_business_tax,,,,
standard,FL PROPERTY TAX PROFESSIONALS,4078357533,,,,FL,socrata:orlando_business_tax,,,,
standard,HEMWATTIE SING,4079523737,,,,FL,socrata:orlando_business_tax,,,,
standard,COMFORT AUTO SALES(CLOSED 05/0,4076819399,,,,FL,socrata:orlando_business_tax,,,,
standard,ABOLISH ABUSE,4078767757,,,,FL,socrata:orlando_business_tax,,,,
standard,COMMERCIAL LENDING INC,4072225913,,,,FL,socrata:orlando_business_tax,,,,
standard,"RIZO, ARMANDO M/RIZO",4074261288,,,,FL,socrata:orlando_business_tax,,,,
standard,UNIVERSAL VENDING OF CLERMONT,3525369004,,,,FL,socrata:orlando_business_tax,,,,
standard,DYMONND CLEANING SERVICE CORP,7043458305,,,,FL,socrata:orlando_business_tax,,,,
standard,HUSNA IMPORTS,4074221866,,,,FL,socrata:orlando_business_tax,,,,
standard,ARMSTRONG PAINTING & PRESSURE,4072522112,,,,FL,socrata:orlando_business_tax,,,,
standard,METALMASTER MACHINE SHOP INC,4074239049,,,,FL,socrata:orlando_business_tax,,,,
standard,"HAWES, HENRY L PE/BEM",4078949900,,,,FL,socrata:orlando_business_tax,,,,
standard,TALENT TREE INC,7133617360,,,,FL,socrata:orlando_business_tax,,,,
standard,ALPHA INCOME TAX SERVICES INC,4072463443,,,,FL,socrata:orlando_business_tax,,,,
standard,WINNIE PALMER HOSPITAL FOR WOMEN & BABIES OB/GYN RESIDENT PRACTICE,4078415281,,,,FL,socrata:orlando_business_tax,,,,
standard,ELITE ELECTRIC OF CENTRAL FLOR,4074255001,,,,FL,socrata:orlando_business_tax,,,,
standard,FLORIDA GIFTS AND JEANS,4073511546,,,,FL,socrata:orlando_business_tax,,,,
standard,FFVA-AIM INC,4078941351,,,,FL,socrata:orlando_business_tax,,,,
standard,AGAPE HOUSE OF PRAYER INTERNAT,4078443307,,,,FL,socrata:orlando_business_tax,,,,
standard,ATTORNEYS LEGAL SERVICES INC,4078394644,,,,FL,socrata:orlando_business_tax,,,,
standard,JS REVOLUTION,4073168435,,,,FL,socrata:orlando_business_tax,,,,
standard,WACHOVIA MORTGAGE CORPORATION,9198526787,,,,FL,socrata:orlando_business_tax,,,,
standard,GARWOOD OF CENTRAL FLORIDA INC,4074474214,,,,FL,socrata:orlando_business_tax,,,,
standard,TRAFFIC INC,3055719511,,,,FL,socrata:orlando_business_tax,,,,
standard,NELL JONCH FRUCTOSE CAFE,9122880254,,,,FL,socrata:orlando_business_tax,,,,
standard,PRADOZ BUSINESS LLC,4074331928,,,,FL,socrata:orlando_business_tax,,,,
standard,R LEE DOROUGH/DOROUGH CALZADA,4078432222,,,,FL,socrata:orlando_business_tax,,,,
standard,TRULY NOLEN OF AMERICA INC,5203182089,,,,FL,socrata:orlando_business_tax,,,,
standard,PALMER TERRACE APARTMENTS,4078558304,,,,FL,socrata:orlando_business_tax,,,,
standard,HEALTH AUTHORITY LLC,4075215671,,,,FL,socrata:orlando_business_tax,,,,
standard,RAINBOW SALES AND SERVICE,4078944424,,,,FL,socrata:orlando_business_tax,,,,
standard,P & D SUPERMARKET INC(CLS 04/0,4074221672,,,,FL,socrata:orlando_business_tax,,,,
standard,SPARKY'S FIRE PROTECTION INC,4078964523,,,,FL,socrata:orlando_business_tax,,,,
standard,DESIRE'S,4072661777,,,,FL,socrata:orlando_business_tax,,,,
standard,JOHN P GUIDRY II/JOHN P GUIDRY PA,4077583343,,,,FL,socrata:orlando_business_tax,,,,
standard,FM BUSINESS CORPORATION(TRNS 9,4078766703,,,,FL,socrata:orlando_business_tax,,,,
standard,YOLANDA PEARSON PRIMARY PREP S,4075590869,,,,FL,socrata:orlando_business_tax,,,,
standard,RITZ CAMERA CENTERS INC #1376,6782979653,,,,FL,socrata:orlando_business_tax,,,,
standard,GREGORY COFFMAN J MD/ORLANDO HEALTH PHYSICIAN ASSOCIATES,4076497403,,,,FL,socrata:orlando_business_tax,,,,
standard,ESMER FASHION JEWELRY & ACCESS,4073707075,,,,FL,socrata:orlando_business_tax,,,,
standard,"DEAN, DAVID A(CLS 01/04)",4078969101,,,,FL,socrata:orlando_business_tax,,,,
standard,ALL CITY ORLANDO AIRPORT-SHURT,4075951840,,,,FL,socrata:orlando_business_tax,,,,
standard,"RHODES, RHONDA",4078081260,,,,FL,socrata:orlando_business_tax,,,,
standard,FRESH N'CLEAN CARPET CLEANING(,4072909948,,,,FL,socrata:orlando_business_tax,,,,
standard,"BAILEY, STEPHEN W (TRANS TO 15",4076796744,,,,FL,socrata:orlando_business_tax,,,,
standard,ANCIENT IRON WORKS,4076786900,,,,FL,socrata:orlando_business_tax,,,,
standard,NAGO BOTANICA INC,4078790456,,,,FL,socrata:orlando_business_tax,,,,
standard,PENN FLORIDA CAPITAL CORP,4072402227,,,,FL,socrata:orlando_business_tax,,,,
standard,ROBBINSON DEVELOPMENT LLC,4078393033,,,,FL,socrata:orlando_business_tax,,,,
standard,RICHARDS BROS CONSTRUCTION INC,4075216968,,,,FL,socrata:orlando_business_tax,,,,
standard,RBC DAIN RAUSCHER INC,4024225161,,,,FL,socrata:orlando_business_tax,,,,
standard,AZTEX MEXICAN RESTAURANT INC,4072751211,,,,FL,socrata:orlando_business_tax,,,,
standard,JP PAINTING & REPAIR LLC,4075928739,,,,FL,socrata:orlando_business_tax,,,,
standard,NEW WORLD JEWELRY INC,4074237377,,,,FL,socrata:orlando_business_tax,,,,
standard,LUCYS FOOD MART,4076952065,,,,FL,socrata:orlando_business_tax,,,,
standard,FORMAN HANRATTY & MONTGOMERY,3527323915,,,,FL,socrata:orlando_business_tax,,,,
standard,GUIDEONE ELITE INS CO,5152672018,,,,FL,socrata:orlando_business_tax,,,,
standard,WILLIAM CARRO CONSTRUCTION,3213568806,,,,FL,socrata:orlando_business_tax,,,,
standard,MAN MAN MUND OFFICE FURNITURE,4076484305,,,,FL,socrata:orlando_business_tax,,,,
standard,QUALITY FURNITURE INSTALLATION,4075134660,,,,FL,socrata:orlando_business_tax,,,,
standard,TWO SISTERS NOW AND THEN SHOPP,4072284005,,,,FL,socrata:orlando_business_tax,,,,
standard,GUCCI,2017702876,,,,FL,socrata:orlando_business_tax,,,,
standard,WORLD CAFE,4072401875,,,,FL,socrata:orlando_business_tax,,,,
standard,SUNSHINE MAGIC GOLF CORP,4072347922,,,,FL,socrata:orlando_business_tax,,,,
standard,LIGIAS FASHION DESIGN INC,4072734039,,,,FL,socrata:orlando_business_tax,,,,
standard,ALL AMERICAN WATER RESTORATION,4077042306,,,,FL,socrata:orlando_business_tax,,,,
standard,JOSHUA HUGHES RESTORATION INC(,4078328188,,,,FL,socrata:orlando_business_tax,,,,
standard,BILLINGS CUNNIGHAM MORGAN & BO,4074252000,,,,FL,socrata:orlando_business_tax,,,,
standard,JAMES DOUGLAS CROWLEY/GREENSTR,4072820077,,,,FL,socrata:orlando_business_tax,,,,
standard,HOLIDAY INN I-DRIVE CONVENIENC,4073513500,,,,FL,socrata:orlando_business_tax,,,,
standard,CARLEY CORPORATION OF CENTRAL,4078945575,,,,FL,socrata:orlando_business_tax,,,,
standard,"HELTON, PAMELA J PA",4074819564,,,,FL,socrata:orlando_business_tax,,,,
standard,DOUBLETREE BY HILTON ORLANDO DOWNTOWN,4074254455,,,,FL,socrata:orlando_business_tax,,,,
standard,SELECT SERVICES GROUP LLC,4072303362,,,,FL,socrata:orlando_business_tax,,,,
standard,TILT #176,9729394200,,,,FL,socrata:orlando_business_tax,,,,
standard,WINN DIXIE STORE #2288/GL LICE,4075784000,,,,FL,socrata:orlando_business_tax,,,,
standard,MOORE FOUNDRY AND MACHINE WORK,4074229933,,,,FL,socrata:orlando_business_tax,,,,
standard,CHILI PEPPER GRAPHICS INC,4077011040,,,,FL,socrata:orlando_business_tax,,,,
standard,BRIGHTHORIZONS UNLIMITED,4073527227,,,,FL,socrata:orlando_business_tax,,,,
standard,SUNSHINE TOURIST INFORMATION,4073525544,,,,FL,socrata:orlando_business_tax,,,,
standard,NAND PERSAUD INTERNATIONAL COM,4074325437,,,,FL,socrata:orlando_business_tax,,,,
standard,FENG SHUI CONCEPTS INC(CLS 05/,4078329083,,,,FL,socrata:orlando_business_tax,,,,
standard,DAYTON SUPERIOR CORP,4078594541,,,,FL,socrata:orlando_business_tax,,,,
standard,TOYOTA OF ORLANDO,4072984500,,,,FL,socrata:orlando_business_tax,,,,
standard,ORL PEDIATRIC PULMONARY & SLEE,4078982767,,,,FL,socrata:orlando_business_tax,,,,
standard,FIRM OF ROBINSON & ROBINSON IN,4072954394,,,,FL,socrata:orlando_business_tax,,,,
standard,FIRST FLORIDA OUTDOOR FUND LLC,4074451168,,,,FL,socrata:orlando_business_tax,,,,
standard,DANIEL R DERANGO/BBG VALUATION INC,4077537535,,,,FL,socrata:orlando_business_tax,,,,
standard,HILTI INC,9182526000,,,,FL,socrata:orlando_business_tax,,,,
standard,CELL SECURITY,4078966422,,,,FL,socrata:orlando_business_tax,,,,
standard,THE UPS STORE,4074230877,,,,FL,socrata:orlando_business_tax,,,,
standard,TROTTERS IRISH PUB & EATERY,4073532361,,,,FL,socrata:orlando_business_tax,,,,
standard,J-R ONE STOP CAR AUDIO INSTALA,3219466227,,,,FL,socrata:orlando_business_tax,,,,
standard,MY WATER HOUSE INC,4074289377,,,,FL,socrata:orlando_business_tax,,,,
standard,CEMI IMPORT ENTERPRISES LLC,4075792518,,,,FL,socrata:orlando_business_tax,,,,
standard,O S C CAFE,4076499944,,,,FL,socrata:orlando_business_tax,,,,
standard,"GILLIAM SR, KAWAMUS L",4075215804,,,,FL,socrata:orlando_business_tax,,,,
standard,AUTOMAX AUTOMOTIVE GROUP INC,4072404588,,,,FL,socrata:orlando_business_tax,,,,
standard,TAINO CAR SERVICE INC,4078910102,,,,FL,socrata:orlando_business_tax,,,,
standard,EARL G CAMPBELL,4073533782,,,,FL,socrata:orlando_business_tax,,,,
standard,ORLANDO SUNSHINE RESORT INC,5619128190,,,,FL,socrata:orlando_business_tax,,,,
standard,HZ & S INVESTMENTS LLC,4078121700,,,,FL,socrata:orlando_business_tax,,,,
standard,"GERBER, MARC/FL SPINE",4074812244,,,,FL,socrata:orlando_business_tax,,,,
standard,DEBORAH ANDERSON,4079217440,,,,FL,socrata:orlando_business_tax,,,,
standard,#1 ALL YOUR SERVICE NEEDS(CLOS,4078315304,,,,FL,socrata:orlando_business_tax,,,,
standard,TEMPACO INC,4078983456,,,,FL,socrata:orlando_business_tax,,,,
standard,SUPERMERCADO BRASILEIRO CORP,4073511550,,,,FL,socrata:orlando_business_tax,,,,
standard,SEAHALL PRODUCTIONS,4076484759,,,,FL,socrata:orlando_business_tax,,,,
standard,SUZANNE DEMMING MD/CENTRAL FLO,4078961224,,,,FL,socrata:orlando_business_tax,,,,
standard,DRYCLEAN R US,4074227907,,,,FL,socrata:orlando_business_tax,,,,
standard,CARR BUSINESS SERVICES INC,4078962481,,,,FL,socrata:orlando_business_tax,,,,
standard,HOLY CONSTRUCTION INC,3215943670,,,,FL,socrata:orlando_business_tax,,,,
standard,THIRD MILLENIUM BUILDERS CORPO,4073477342,,,,FL,socrata:orlando_business_tax,,,,
standard,"JERRY,ANGELA/ABSOLUTLEY",4072935196,,,,FL,socrata:orlando_business_tax,,,,
standard,"KERNAN, RODNEY M/RODNEY",3216338195,,,,FL,socrata:orlando_business_tax,,,,
standard,"BENSEN, ERIC LEE",4078940705,,,,FL,socrata:orlando_business_tax,,,,
standard,NOBLE CARE INC (CLS 10/03),4078946325,,,,FL,socrata:orlando_business_tax,,,,
standard,TOPTALENT STAFFING SERVICES(TR,4078396222,,,,FL,socrata:orlando_business_tax,,,,
standard,STEVE STALLINGS PAINTING SERVI,4073805424,,,,FL,socrata:orlando_business_tax,,,,
standard,PRINGLE INTERIORS INC,4079770188,,,,FL,socrata:orlando_business_tax,,,,
standard,RAYS FISH MARKET & PRODUCE LLC,4074631654,,,,FL,socrata:orlando_business_tax,,,,
standard,GEORGE BARSKI,4076660174,,,,FL,socrata:orlando_business_tax,,,,
standard,LAW OFFICE OF BARRY N BRUMER,4073632900,,,,FL,socrata:orlando_business_tax,,,,
standard,REBECCA RENTZ JAMES/REBECCA RE,4074256310,,,,FL,socrata:orlando_business_tax,,,,
standard,"ROBINSON, EDWARD L",4078944000,,,,FL,socrata:orlando_business_tax,,,,
standard,LAW OFFICE OF PATRICIA K HERMA,4078802824,,,,FL,socrata:orlando_business_tax,,,,
standard,"TERRY, DAVID E/TERRY",4078431956,,,,FL,socrata:orlando_business_tax,,,,
standard,AVERY ACADEMY,4078955565,,,,FL,socrata:orlando_business_tax,,,,
standard,MACYS,5135797828,,,,FL,socrata:orlando_business_tax,,,,
standard,GRAYBORN RESTAURANT INC,4075995065,,,,FL,socrata:orlando_business_tax,,,,
standard,HOGAN CONSTRUCTION INC,4078981407,,,,FL,socrata:orlando_business_tax,,,,
standard,MARIA REYES JONES GALLERY,4078939878,,,,FL,socrata:orlando_business_tax,,,,
standard,J & J JERISH PLAZA CORP,4078264943,,,,FL,socrata:orlando_business_tax,,,,
standard,"STOUT, ROGER",4072922842,,,,FL,socrata:orlando_business_tax,,,,
standard,PILOT BUILDERS LLC,4073756286,,,,FL,socrata:orlando_business_tax,,,,
standard,HOLLOWAY EQUIPMENT INC,4073845953,,,,FL,socrata:orlando_business_tax,,,,
standard,ER HAIR & NAILS,4074253838,,,,FL,socrata:orlando_business_tax,,,,
standard,JOHNS PLUMBING INC,4078691601,,,,FL,socrata:orlando_business_tax,,,,
standard,JOSEPH S SALG L M H C,4077167207,,,,FL,socrata:orlando_business_tax,,,,
standard,F F SOUTH & CO INC,4078390800,,,,FL,socrata:orlando_business_tax,,,,
standard,CREATIVE MANAGEMENT SERVICES I,4072901597,,,,FL,socrata:orlando_business_tax,,,,
standard,"BARGER, ANGELA L/FL EYE",4078418484,,,,FL,socrata:orlando_business_tax,,,,
standard,ICI4 INC,4072440444,,,,FL,socrata:orlando_business_tax,,,,
standard,HEATHER C KIRSON/ THE ELDER LA,4074678601,,,,FL,socrata:orlando_business_tax,,,,
standard,ANNE-MARIE L BOWEN,4072492828,,,,FL,socrata:orlando_business_tax,,,,
standard,SNYDERBURN RISHOI & SWANN,4076472005,,,,FL,socrata:orlando_business_tax,,,,
standard,PROGRESSIVE MANAGEMENT OF CENT,4074257728,,,,FL,socrata:orlando_business_tax,,,,
standard,CHARLES BUSINESS CENTER INC,4078505011,,,,FL,socrata:orlando_business_tax,,,,
standard,"WILLIAMS, BRENDA",3864623929,,,,FL,socrata:orlando_business_tax,,,,
standard,PHICO INSURANCE CO,7177661122,,,,FL,socrata:orlando_business_tax,,,,
standard,PETER SWANZ TRC-FL TRAINING &,4078721896,,,,FL,socrata:orlando_business_tax,,,,
standard,100% REAL ESTATE INC,4072991641,,,,FL,socrata:orlando_business_tax,,,,
standard,MONTANNA & ASSOCIATES INC(CLS,4076452784,,,,FL,socrata:orlando_business_tax,,,,
standard,MOBILE & FRIENDS INC,4072429093,,,,FL,socrata:orlando_business_tax,,,,
standard,HUMBUGS,4078765128,,,,FL,socrata:orlando_business_tax,,,,
standard,"WE, IL SUN",4072282223,,,,FL,socrata:orlando_business_tax,,,,
standard,PAULA C COFFMAN ATTORNEY AT LA,4078510510,,,,FL,socrata:orlando_business_tax,,,,
standard,EL TACOTORRO REAL MEXICAN GRIL,9048139150,,,,FL,socrata:orlando_business_tax,,,,
standard,H E A L COMMUNITY OUTREACH/ATT,4072461544,,,,FL,socrata:orlando_business_tax,,,,
standard,VICTOR RIVERA/ADVENTHEALTH MEDICAL GROUP FAMILY AND INTERNAL MEDICINE AT SOUTH STREET,4078431180,,,,FL,socrata:orlando_business_tax,,,,
standard,"BRAUN, WALTER G  (CLS 08/03)",4075924848,,,,FL,socrata:orlando_business_tax,,,,
standard,SPRINGHILL SUITES ORLANDO AIRP,4078026506,,,,FL,socrata:orlando_business_tax,,,,
standard,LANDMARK HOMES OF CENTRAL FL (,4072948010,,,,FL,socrata:orlando_business_tax,,,,
standard,ZEDDIE EVANS CO,4072939574,,,,FL,socrata:orlando_business_tax,,,,
standard,PERSONAL RGE TOURS & TRAVEL,4073702882,,,,FL,socrata:orlando_business_tax,,,,
standard,BORIMEX PAINTING INC(10/17/03),4074181352,,,,FL,socrata:orlando_business_tax,,,,
standard,ROYCE COMPANIES INC(CLS 05/03/,4074219643,,,,FL,socrata:orlando_business_tax,,,,
standard,MOUSTAPHA SOUW,4079148007,,,,FL,socrata:orlando_business_tax,,,,
standard,COMMUNITY ALLIANCE NETWORK INC,4078417693,,,,FL,socrata:orlando_business_tax,,,,
standard,PROTECTIVE CONSUMER DIRECT,4076480399,,,,FL,socrata:orlando_business_tax,,,,
standard,TERRA VISTA REHABILITATION AND HEALTH CENTER,4074231612,,,,FL,socrata:orlando_business_tax,,,,
standard,J CHRISTY WILSON III/J C,4078434321,,,,FL,socrata:orlando_business_tax,,,,
standard,CNJ AUTO REPAIR INC,3212292042,,,,FL,socrata:orlando_business_tax,,,,
standard,"KIRKLEY, WEST/THE GARDEN SALON",4072460901,,,,FL,socrata:orlando_business_tax,,,,
standard,FLA NEWSPAPER ADVERTISING NETW,8502226401,,,,FL,socrata:orlando_business_tax,,,,
standard,TOLGYESI KATZ HANKIN & KATZ PA,4073134931,,,,FL,socrata:orlando_business_tax,,,,
standard,BRUNOS HAITIAN HERITAGE DISTRI,4079137227,,,,FL,socrata:orlando_business_tax,,,,
standard,RACK ROOM SHOES,7045479200,,,,FL,socrata:orlando_business_tax,,,,
standard,"KAYE,LOUIS/ALLEN KOPET",4075409919,,,,FL,socrata:orlando_business_tax,,,,
standard,SERVICE PAINTING CORP,4072902504,,,,FL,socrata:orlando_business_tax,,,,
standard,ST MICHAELS NURSERY SCHOOL,4078438448,,,,FL,socrata:orlando_business_tax,,,,
standard,RENASI CORP,4074094419,,,,FL,socrata:orlando_business_tax,,,,
standard,WILLIAM M LINDEMAN PA,4072443294,,,,FL,socrata:orlando_business_tax,,,,
standard,RAINBOW CITY,4078948386,,,,FL,socrata:orlando_business_tax,,,,
standard,CHARLES GREG LANCASTER,4072831871,,,,FL,socrata:orlando_business_tax,,,,
standard,THE LATIMORE LAW GROUP LLC,4078982688,,,,FL,socrata:orlando_business_tax,,,,
standard,CRESS CHEMICAL & EQUIPMENT CO,4074252846,,,,FL,socrata:orlando_business_tax,,,,
standard,ALFARO-AL CLEANING SERVICE,4072908068,,,,FL,socrata:orlando_business_tax,,,,
standard,"MONAGHAN, JOHN (CLOSED PER OWN",4074454493,,,,FL,socrata:orlando_business_tax,,,,
standard,DANSKIN FACTORY OUTLET,7178526179,,,,FL,socrata:orlando_business_tax,,,,
standard,TEMPUS INTERNATIONAL MARKETING,4076015417,,,,FL,socrata:orlando_business_tax,,,,
standard,NNAMDI NWAOGWUGWU MD/PYSIATRIC,4075225799,,,,FL,socrata:orlando_business_tax,,,,
standard,LAKE UNDERHILL APARTMENTS,3052700870,,,,FL,socrata:orlando_business_tax,,,,
standard,BUBBALOUS BODACIOUS BBQ,4072951212,,,,FL,socrata:orlando_business_tax,,,,
standard,NATURAL MYSTIQUE INC,4073522920,,,,FL,socrata:orlando_business_tax,,,,
standard,JYACC INC (REF 3/99),4072369702,,,,FL,socrata:orlando_business_tax,,,,
standard,STEEL FABRICATORS LLC,9549385850,,,,FL,socrata:orlando_business_tax,,,,
standard,ROSEMONT CLEANERS INC,4072970441,,,,FL,socrata:orlando_business_tax,,,,
standard,SABO ENTERTAINMENT(CLS 04/12/0,4078971098,,,,FL,socrata:orlando_business_tax,,,,
standard,INNOVATIVE ENTRANCE INC,4074325820,,,,FL,socrata:orlando_business_tax,,,,
standard,CRAIG BROCK,3219484562,,,,FL,socrata:orlando_business_tax,,,,
standard,"OWENS III, ARTHUR L",4074818357,,,,FL,socrata:orlando_business_tax,,,,
standard,CONCEPT PRECISION CABLING LLC,8632427216,,,,FL,socrata:orlando_business_tax,,,,
standard,REGAL CLASSIC HOMES,4072916740,,,,FL,socrata:orlando_business_tax,,,,
standard,SERVICE ONE CLEANING CONSULTAN,4072937645,,,,FL,socrata:orlando_business_tax,,,,
standard,SAFETY CAB CO,4074224561,,,,FL,socrata:orlando_business_tax,,,,
standard,"IGLESIAS, JOSE",4078398500,,,,FL,socrata:orlando_business_tax,,,,
standard,CRYSTAL LAKE SUPPORTIVE ENVIRO,4076922114,,,,FL,socrata:orlando_business_tax,,,,
standard,JAYMARC INCORPORTED,4072975707,,,,FL,socrata:orlando_business_tax,,,,
standard,CHUL LEE ALTERATION,4073628111,,,,FL,socrata:orlando_business_tax,,,,
standard,HI WAYMART,4078434372,,,,FL,socrata:orlando_business_tax,,,,
standard,OTVOS VENDING COMPANY,4079771843,,,,FL,socrata:orlando_business_tax,,,,
standard,METROPOLITAN CASUALTY INSURANC,4078272563,,,,FL,socrata:orlando_business_tax,,,,
standard,SIGNATURE DESIGN AND GALLERY L,4078954540,,,,FL,socrata:orlando_business_tax,,,,
standard,MAJOR PROJECTS GROUP INC,4078298546,,,,FL,socrata:orlando_business_tax,,,,
standard,NATURALLY GREEN LAWN CARE SERV,4075325011,,,,FL,socrata:orlando_business_tax,,,,
standard,CHENILES QUALITY CLEANING,4074235672,,,,FL,socrata:orlando_business_tax,,,,
standard,ASHBY SERVICES CORP,4076922044,,,,FL,socrata:orlando_business_tax,,,,
standard,HILLCREST HAMPTON HOUSE OF ORL,4078943031,,,,FL,socrata:orlando_business_tax,,,,
standard,MARCIA ANTHONY,4075911851,,,,FL,socrata:orlando_business_tax,,,,
standard,NATURES TABLE CAFE,4078434869,,,,FL,socrata:orlando_business_tax,,,,
standard,LINDA G KOBERT INTERIORS,4074222888,,,,FL,socrata:orlando_business_tax,,,,
standard,GOLDEN JADE REALTY INC,4078732288,,,,FL,socrata:orlando_business_tax,,,,
standard,MONTSHO BOOKS LITERRARY EVENTS,4072938033,,,,FL,socrata:orlando_business_tax,,,,
standard,"MCDONALD, ERIC(CLS 10/03)",4078958833,,,,FL,socrata:orlando_business_tax,,,,
standard,EXPEDITIOUS COURIERS,4078101284,,,,FL,socrata:orlando_business_tax,,,,
standard,INSIGHT ORLANDO INC,4076473028,,,,FL,socrata:orlando_business_tax,,,,
standard,ENCHAO2 ENTERPRISE INC,9546964468,,,,FL,socrata:orlando_business_tax,,,,
standard,COFFEE D LIGHT,4073937123,,,,FL,socrata:orlando_business_tax,,,,
standard,SHELBIE PRESS INC,4078964600,,,,FL,socrata:orlando_business_tax,,,,
standard,CHAMOS ICE CREAM INC,4073484880,,,,FL,socrata:orlando_business_tax,,,,
standard,LA BARRA RESTAURANT,4072071115,,,,FL,socrata:orlando_business_tax,,,,
standard,CHANEY BRUCE GORDY/C BRUCE GOR,4074881130,,,,FL,socrata:orlando_business_tax,,,,
standard,"PEREZ, ARMANDO",4078957445,,,,FL,socrata:orlando_business_tax,,,,
standard,CAMERA & DIGITAL MAX INC,4072642810,,,,FL,socrata:orlando_business_tax,,,,
standard,POLLOS A LA BRASA PIO PIO,4072072262,,,,FL,socrata:orlando_business_tax,,,,
standard,ALL FLORIDA HOME EVALUATION IN,4078431615,,,,FL,socrata:orlando_business_tax,,,,
standard,THE APPLIANCE SHOPPE LLC,4075744943,,,,FL,socrata:orlando_business_tax,,,,
standard,"ROCK, THE",4078435202,,,,FL,socrata:orlando_business_tax,,,,
standard,AGRI MACHINERY & PARTS INC,4078866938,,,,FL,socrata:orlando_business_tax,,,,
standard,CHLOES COLLECTION INC,4072402705,,,,FL,socrata:orlando_business_tax,,,,
standard,MAMSV INC,4078224760,,,,FL,socrata:orlando_business_tax,,,,
standard,CENTRAL FLORIDA GRAPHICS INC O,4072284111,,,,FL,socrata:orlando_business_tax,,,,
standard,"TILME, LUCKNER STUCCO",4079638538,,,,FL,socrata:orlando_business_tax,,,,
standard,PIZZA HUT #315747,4073800667,,,,FL,socrata:orlando_business_tax,,,,
standard,"FRULAND, JOHN R/TILDEN",4078419050,,,,FL,socrata:orlando_business_tax,,,,
standard,MEL JOHNSON FLOWER SHOPPE,4078436740,,,,FL,socrata:orlando_business_tax,,,,
standard,EXIT REALTY METRO')TRANS TO 67,4078350022,,,,FL,socrata:orlando_business_tax,,,,
standard,ESLAVA ENTERPRISES INC,4077377796,,,,FL,socrata:orlando_business_tax,,,,
standard,AUDUBON PARK FOODS LLC,3212747927,,,,FL,socrata:orlando_business_tax,,,,
standard,OFFICE LIQUIDATION INC,4074476453,,,,FL,socrata:orlando_business_tax,,,,
standard,"BOMBAY CO #826, THE",8173348219,,,,FL,socrata:orlando_business_tax,,,,
standard,VISTA REALTY INVESTMENTS INC,4072818171,,,,FL,socrata:orlando_business_tax,,,,
standard,"BOURNE, DANIEL/HAIR & NAIL STU",4072998947,,,,FL,socrata:orlando_business_tax,,,,
standard,"JONES, LAURA A/SAGE CENTER",4078722229,,,,FL,socrata:orlando_business_tax,,,,
standard,JAMES RANDALL RIBS & MORE,4074704981,,,,FL,socrata:orlando_business_tax,,,,
standard,GLOBAL MARBLE AND STONE LLC,4078411900,,,,FL,socrata:orlando_business_tax,,,,
standard,KIKI AUTO REPAIR,4078557870,,,,FL,socrata:orlando_business_tax,,,,
standard,ALL AROUND REALTY,4077044778,,,,FL,socrata:orlando_business_tax,,,,
standard,VACUUM TUBES INC,4074819994,,,,FL,socrata:orlando_business_tax,,,,
standard,CHRISTANA CRIBBS GUY/SHEAR DESIGN SALON AND SPA,4078963363,,,,FL,socrata:orlando_business_tax,,,,
standard,LIGHT BRIGHT TEETH WHITENING I,4076255858,,,,FL,socrata:orlando_business_tax,,,,
standard,SOMARY CLEANING SERVICE,4077182242,,,,FL,socrata:orlando_business_tax,,,,
standard,H RINGER ENTERPRISES INC,4078359520,,,,FL,socrata:orlando_business_tax,,,,
standard,SERVIEXPRESS CARGO INC,4078791955,,,,FL,socrata:orlando_business_tax,,,,
standard,ASSEMBLY OF GOD CHURCH IN ORL/,4073966474,,,,FL,socrata:orlando_business_tax,,,,
standard,RONALD A HUMMEL,4073663034,,,,FL,socrata:orlando_business_tax,,,,
standard,C & M DARTS INC,4074783250,,,,FL,socrata:orlando_business_tax,,,,
standard,MOTORCOACH CLASS A TRANSPORTAT,4072262256,,,,FL,socrata:orlando_business_tax,,,,
standard,THORNTON GARDENS,4072391637,,,,FL,socrata:orlando_business_tax,,,,
standard,BUKITA INC,4072103833,,,,FL,socrata:orlando_business_tax,,,,
standard,PINELOCH FAMILY CARE(TRNS 1388,4073033700,,,,FL,socrata:orlando_business_tax,,,,
standard,"STANTON, EDGAR E/BAKER",4076494083,,,,FL,socrata:orlando_business_tax,,,,
standard,HOT DOG WELDE,4073512892,,,,FL,socrata:orlando_business_tax,,,,
standard,CONE-HEADS ICE CREAM,4072466966,,,,FL,socrata:orlando_business_tax,,,,
standard,OLIVIA FLORIST AND THINGS (CLS,4076481953,,,,FL,socrata:orlando_business_tax,,,,
standard,SUPER ORIENTAL MARKET INC,4078986858,,,,FL,socrata:orlando_business_tax,,,,
standard,VARTEC TELECOM INC(CLS 04/04),2144241000,,,,FL,socrata:orlando_business_tax,,,,
standard,PROBEN GOLF INC,4075221583,,,,FL,socrata:orlando_business_tax,,,,
standard,FLORIDA HOME HEALTH EQUIPMENT,4072480536,,,,FL,socrata:orlando_business_tax,,,,
standard,FORENSIC ANALYSIS & ENGINEERIN,4075325220,,,,FL,socrata:orlando_business_tax,,,,
standard,"SILBERMAN, JOEL/GREENBERG",4077886533,,,,FL,socrata:orlando_business_tax,,,,
standard,SAME DAY SURGICENTER OF ORLAND,4074230573,,,,FL,socrata:orlando_business_tax,,,,
standard,"JOHNSTON, GLENN R MD",4074476600,,,,FL,socrata:orlando_business_tax,,,,
standard,MSBR ENTERPRISES INC,3212624676,,,,FL,socrata:orlando_business_tax,,,,
standard,WHITE CONCEPTS INC,3862993789,,,,FL,socrata:orlando_business_tax,,,,
standard,A SIMPLE REDESIGN,4079292421,,,,FL,socrata:orlando_business_tax,,,,
standard,PRUCO LIFE INSURANCE CO,9738029658,,,,FL,socrata:orlando_business_tax,,,,
standard,LAND OF LAKES AND VOCANOES (CL,4073839048,,,,FL,socrata:orlando_business_tax,,,,
standard,HOLIDAY INN ORLANDO AIRPORT,8642329944,,,,FL,socrata:orlando_business_tax,,,,
standard,KUYKENDALL LA RUE BONDING & IN,4078945431,,,,FL,socrata:orlando_business_tax,,,,
standard,CHURCH ST GRILLE,4074462221,,,,FL,socrata:orlando_business_tax,,,,
standard,ARENA FOOD STORE,4076015933,,,,FL,socrata:orlando_business_tax,,,,
standard,"R BRUCE REDMON,MD PA",4076447718,,,,FL,socrata:orlando_business_tax,,,,
standard,CASABLANKA CONTRACTORS INC,3527281556,,,,FL,socrata:orlando_business_tax,,,,
standard,TOTAL SLEEP MANAGEMENT INC,4074544764,,,,FL,socrata:orlando_business_tax,,,,
standard,JOYERIA EL ENCANTO INC,4078976069,,,,FL,socrata:orlando_business_tax,,,,
standard,7 ELEVEN STORE 24163A,4078968273,,,,FL,socrata:orlando_business_tax,,,,
standard,"BLAIR, ELAINE T/REGIONAL",4076499699,,,,FL,socrata:orlando_business_tax,,,,
standard,"STANISLAUS, BREEZI K",4074477099,,,,FL,socrata:orlando_business_tax,,,,
standard,DUSTY 'DEON' EDGECOMBE(CLS 04/,4078416061,,,,FL,socrata:orlando_business_tax,,,,
standard,C&J REMODELING&PAINTING CORP,4075912880,,,,FL,socrata:orlando_business_tax,,,,
standard,FLORIDA STANDARD LAND COMPANY,4073626173,,,,FL,socrata:orlando_business_tax,,,,
standard,CREATIVE CONCEPTS OF ORLANDO I,9042282789,,,,FL,socrata:orlando_business_tax,,,,
standard,POOL SAFE,8139734456,,,,FL,socrata:orlando_business_tax,,,,
standard,KENTUCKY FRIED CHICKEN,5028742094,,,,FL,socrata:orlando_business_tax,,,,
standard,JAMES WILLIAMS,4077977240,,,,FL,socrata:orlando_business_tax,,,,
standard,HOG'S DOG'S(CLOSED 10/22/03),4072938334,,,,FL,socrata:orlando_business_tax,,,,
standard,DOUBLETREE BY HILTON ORLANDO,9729520200,,,,FL,socrata:orlando_business_tax,,,,
standard,CRB INTALER SISTEN LLC,4075224488,,,,FL,socrata:orlando_business_tax,,,,
standard,"ELROD, THOMAS E",4074358351,,,,FL,socrata:orlando_business_tax,,,,
standard,CORNER CAFE & DELI(CLS 04/04),4073668000,,,,FL,socrata:orlando_business_tax,,,,
standard,O & A TRANSPORT AIRPORT SERVIC,4073515300,,,,FL,socrata:orlando_business_tax,,,,
standard,MARCELLINO RENO,4072976786,,,,FL,socrata:orlando_business_tax,,,,
standard,LINWOOD RAY COOPER,4072762304,,,,FL,socrata:orlando_business_tax,,,,
standard,REGIONS BANK,4072466520,,,,FL,socrata:orlando_business_tax,,,,
standard,DREAMS,4072367878,,,,FL,socrata:orlando_business_tax,,,,
standard,JAMES R AUFFANT PA,4078944779,,,,FL,socrata:orlando_business_tax,,,,
standard,UP IN SMOKE CATERING & CONCESS,4075786362,,,,FL,socrata:orlando_business_tax,,,,
standard,REAL EXPRESS OF ORLANDO LLC,3212331577,,,,FL,socrata:orlando_business_tax,,,,
standard,ERNEST J MEYERS/MARCUS MCMAHON,4074472550,,,,FL,socrata:orlando_business_tax,,,,
standard,ADRIATICO TRATTORIA ITALIANA,4074280044,,,,FL,socrata:orlando_business_tax,,,,
standard,NEW HORIZON CONSTRUCTION SERVI,4073836699,,,,FL,socrata:orlando_business_tax,,,,
standard,WILLIAM SMITH TRANSPORT,4078776370,,,,FL,socrata:orlando_business_tax,,,,
standard,QUIKSHIP CARIBBEAN SERVICES,4079999501,,,,FL,socrata:orlando_business_tax,,,,
standard,"SCONYERS, MATTHEW",4072772813,,,,FL,socrata:orlando_business_tax,,,,
standard,LRS COMPUTERS,4072981615,,,,FL,socrata:orlando_business_tax,,,,
standard,ROSEMONT CHIROPRACTIC HEALTH &,4077588672,,,,FL,socrata:orlando_business_tax,,,,
standard,ENGIN CETINDEMIR,4077160613,,,,FL,socrata:orlando_business_tax,,,,
standard,EXPRESS MESSENGER SERVICES INC,4078040366,,,,FL,socrata:orlando_business_tax,,,,
standard,"GRIFFIN, DEBBIE K/SAMPEY",4074254651,,,,FL,socrata:orlando_business_tax,,,,
standard,ELITE CHRISTIAN DAY CARE,4072970257,,,,FL,socrata:orlando_business_tax,,,,
standard,D & G MOVING & STORAGE,4078720981,,,,FL,socrata:orlando_business_tax,,,,
standard,A & A ELECTRIC MOTORS & PUMPS,4076178319,,,,FL,socrata:orlando_business_tax,,,,
standard,K & M TRANSMISSION AUTO REPAIR,4072966164,,,,FL,socrata:orlando_business_tax,,,,
standard,JAMES MULVANEY CARPENTRY,4079637333,,,,FL,socrata:orlando_business_tax,,,,
standard,SONOCO RECYCLING INC,4078419244,,,,FL,socrata:orlando_business_tax,,,,
standard,MILTON AND ASSOCIATES INC,4075236630,,,,FL,socrata:orlando_business_tax,,,,
standard,RAPID CASH LLC,4072072040,,,,FL,socrata:orlando_business_tax,,,,
standard,A1A CARPETS HARDWOODS & TILES,4073739636,,,,FL,socrata:orlando_business_tax,,,,
standard,"AWAN, MUHAMMAD MD/PREMCARE",4073801428,,,,FL,socrata:orlando_business_tax,,,,
standard,CASTLESTONE INC,4072286146,,,,FL,socrata:orlando_business_tax,,,,
standard,RDP GROUP CORP,4073557333,,,,FL,socrata:orlando_business_tax,,,,
standard,NANCY A ROSSMAN,4073540055,,,,FL,socrata:orlando_business_tax,,,,
standard,"TON, LIEM/F & A",4072060373,,,,FL,socrata:orlando_business_tax,,,,
standard,UCEDA SCHOOL OF ORLANDO INC,4072734900,,,,FL,socrata:orlando_business_tax,,,,
standard,CLEVELAND COIN MACHINE EXCHANG,2166920960,,,,FL,socrata:orlando_business_tax,,,,
standard,DTI INDUSTRIES INC,4073543001,,,,FL,socrata:orlando_business_tax,,,,
standard,IN STYLE SALON & WIGS (CLOSED,4079620022,,,,FL,socrata:orlando_business_tax,,,,
standard,PARKS MAITLAND CONSTRUCTION IN,4079477499,,,,FL,socrata:orlando_business_tax,,,,
standard,EXELL GRAPHICS ORLANDO/AMAZING,4079322234,,,,FL,socrata:orlando_business_tax,,,,
standard,CHUCK IKEJI,4072753804,,,,FL,socrata:orlando_business_tax,,,,
standard,BEAUMONT & MATTHES INC(TRN 625,4078393626,,,,FL,socrata:orlando_business_tax,,,,
standard,LEOS LAUNDRY,4072989493,,,,FL,socrata:orlando_business_tax,,,,
standard,HI STYLE FASHION,4072965772,,,,FL,socrata:orlando_business_tax,,,,
standard,JANISJEMS,4074818778,,,,FL,socrata:orlando_business_tax,,,,
standard,"ROBINSON, TIMOTHY/PALMER",4074870417,,,,FL,socrata:orlando_business_tax,,,,
standard,AWN SERVICES INC,4073191106,,,,FL,socrata:orlando_business_tax,,,,
standard,HAMANN BROKERAGE COMPANY INC,4074635165,,,,FL,socrata:orlando_business_tax,,,,
standard,OWN MY TRAVEL,4077196882,,,,FL,socrata:orlando_business_tax,,,,
standard,CONTOURED COMMUNICATIONS,4072080047,,,,FL,socrata:orlando_business_tax,,,,
standard,"SCOTT, KARLTON COMPANY",4077190176,,,,FL,socrata:orlando_business_tax,,,,
standard,RKH GROUP INC(TRANS TO 19424-1,4078412022,,,,FL,socrata:orlando_business_tax,,,,
standard,ANGAR DISTRIBUTORS CORP,4072937191,,,,FL,socrata:orlando_business_tax,,,,
standard,LONGS CHRISTIAN OUTLET INC,4076508392,,,,FL,socrata:orlando_business_tax,,,,
standard,RHINOX POWDERCOATING LLC,4073406408,,,,FL,socrata:orlando_business_tax,,,,
standard,TIRN BROADCASTING INC,4074810551,,,,FL,socrata:orlando_business_tax,,,,
standard,ROCK REALTY INC,4072523526,,,,FL,socrata:orlando_business_tax,,,,
standard,WILSON A SOTO FRESH PRODUCE,4074435275,,,,FL,socrata:orlando_business_tax,,,,
standard,GARDEN CAFE,4079031910,,,,FL,socrata:orlando_business_tax,,,,
standard,DUKE ENERGY FLORIDA LLC,4078502783,,,,FL,socrata:orlando_business_tax,,,,
standard,SOFISTICADA LLC,4074096556,,,,FL,socrata:orlando_business_tax,,,,
standard,AVCON INC,4075991122,,,,FL,socrata:orlando_business_tax,,,,
standard,GAM GO SERVICES INC,4079965910,,,,FL,socrata:orlando_business_tax,,,,
standard,OPTICAL OUTLET,4073515745,,,,FL,socrata:orlando_business_tax,,,,
standard,SUSHI KATANA INC,4073450055,,,,FL,socrata:orlando_business_tax,,,,
standard,BEEPERS N PHONES OF ORLANDO IN,7272441151,,,,FL,socrata:orlando_business_tax,,,,
standard,PROFILES(CLSD NOT RENEWED/SLD,4078980083,,,,FL,socrata:orlando_business_tax,,,,
standard,MONARCH KITCHEN AND BATH DESIG,4076450571,,,,FL,socrata:orlando_business_tax,,,,
standard,"LAMUD, KASEM/HERMAN",3527359553,,,,FL,socrata:orlando_business_tax,,,,
standard,PAUL SHOUCAIR/LAW OFFICES OF P,4077971739,,,,FL,socrata:orlando_business_tax,,,,
standard,LIVING QUARTERS,4078973254,,,,FL,socrata:orlando_business_tax,,,,
standard,FIVE STAR CONVENIENCE STORE(CL,4079992628,,,,FL,socrata:orlando_business_tax,,,,
standard,"CORREDOR, NORBEY",4078163717,,,,FL,socrata:orlando_business_tax,,,,
standard,"PILCHICK, STEVEN/TOWN",4078416662,,,,FL,socrata:orlando_business_tax,,,,
standard,JAMES SHORTER,4072334310,,,,FL,socrata:orlando_business_tax,,,,
standard,AVIS RENT A CAR SYSTEMS LLC,9734966165,,,,FL,socrata:orlando_business_tax,,,,
standard,"YOUNG, STEVEN MD/FL RADIOLOGY",4077670608,,,,FL,socrata:orlando_business_tax,,,,
standard,THE BURKHARD AGENCY INC,4078955442,,,,FL,socrata:orlando_business_tax,,,,
standard,R REALTY CORP,4078989253,,,,FL,socrata:orlando_business_tax,,,,
standard,HEALING WAYS PA,4072518404,,,,FL,socrata:orlando_business_tax,,,,
standard,WINDSAND CORP,4074470173,,,,FL,socrata:orlando_business_tax,,,,
standard,PUBLIX SUPER MARKET #692,4072827997,,,,FL,socrata:orlando_business_tax,,,,
standard,DO WRIGHT LLC,2295630328,,,,FL,socrata:orlando_business_tax,,,,
standard,MOWER MD INC,4078505633,,,,FL,socrata:orlando_business_tax,,,,
standard,ANTHONY GEORGE,4077459546,,,,FL,socrata:orlando_business_tax,,,,
standard,DOLEZAR CONSTRUCTION INC,4072772407,,,,FL,socrata:orlando_business_tax,,,,
standard,MOSLEY & MOSLEY ORLANDO PA(TRN,4072755784,,,,FL,socrata:orlando_business_tax,,,,
standard,CENTRAL FLORIDA LIGHTING,4078555900,,,,FL,socrata:orlando_business_tax,,,,
standard,U S A DARTS,4078723278,,,,FL,socrata:orlando_business_tax,,,,
standard,FLOWAY,4078987144,,,,FL,socrata:orlando_business_tax,,,,
standard,AMERICAN UNITED LIFE INS CO,3172851057,,,,FL,socrata:orlando_business_tax,,,,
standard,THOMSON HOLIDAYS SERVICES INC,4073450811,,,,FL,socrata:orlando_business_tax,,,,
standard,NEW YORK DOGS(CLS 10/03),4072755667,,,,FL,socrata:orlando_business_tax,,,,
standard,DAVES CARPENTRY LLC,4079678187,,,,FL,socrata:orlando_business_tax,,,,
standard,COOPERS & JONES INC,4078437802,,,,FL,socrata:orlando_business_tax,,,,
standard,"BROWN, JOSEPH",4074251292,,,,FL,socrata:orlando_business_tax,,,,
standard,ALL EYES ON ME!,4078523081,,,,FL,socrata:orlando_business_tax,,,,
standard,MIDWEST MECHANICAL CONTRACTORS,9138519301,,,,FL,socrata:orlando_business_tax,,,,
standard,"MORAN, MICHAEL S & ASSOCIATES",4078948688,,,,FL,socrata:orlando_business_tax,,,,
standard,DOROTHYS FLOWER ARRANGING,4074255443,,,,FL,socrata:orlando_business_tax,,,,
standard,GREEN CONSTANTINE STUCCO INC,4074034594,,,,FL,socrata:orlando_business_tax,,,,
standard,FREDDIES CREATIVE HAIRSTYLES,4073331641,,,,FL,socrata:orlando_business_tax,,,,
standard,BRIGHT HAUS(CLS 09/18/03 PER I,4076488666,,,,FL,socrata:orlando_business_tax,,,,
standard,RIMA JABBUR MACKSOUD,4076444858,,,,FL,socrata:orlando_business_tax,,,,
standard,ALBYS GARAGE DOOR SERVICE INC,4077024195,,,,FL,socrata:orlando_business_tax,,,,
standard,JOHN & SONS HOT DOGS,4072725178,,,,FL,socrata:orlando_business_tax,,,,
standard,DAVIS MCKENZIE RENTAL,4072994969,,,,FL,socrata:orlando_business_tax,,,,
standard,MISUK JELONEK/GREEN T,4073123082,,,,FL,socrata:orlando_business_tax,,,,
standard,"AGUEDA, JUAN/KELLEY(10/17/03)",9544768170,,,,FL,socrata:orlando_business_tax,,,,
standard,DIVERSIFIED GREEN SOLUTIONS LL,3212292534,,,,FL,socrata:orlando_business_tax,,,,
standard,SENTINEL FIDUCIARY SERVICES IN,4078562828,,,,FL,socrata:orlando_business_tax,,,,
standard,"CRUZ, ANTONIO/DELOITTE",4072468200,,,,FL,socrata:orlando_business_tax,,,,
standard,TED SHAW PHD PA,4073760225,,,,FL,socrata:orlando_business_tax,,,,
standard,"ALLAN, ENSLEY W(CLS 04/03)",4072534113,,,,FL,socrata:orlando_business_tax,,,,
standard,DONALD L RENFREW MD/DIAGNOSTIC,4076481515,,,,FL,socrata:orlando_business_tax,,,,
standard,JARMORE LLC,8138201015,,,,FL,socrata:orlando_business_tax,,,,
standard,OTIS ELEVATOR CO,4074681265,,,,FL,socrata:orlando_business_tax,,,,
standard,"KISIO, JAMES D/PUGH",4078435840,,,,FL,socrata:orlando_business_tax,,,,
standard,HEALTHSOUTH DIAGNOSTIC CENTER,4079994843,,,,FL,socrata:orlando_business_tax,,,,
standard,SOUTHEASTERN TELECOM OF FLOIDA,6158746000,,,,FL,socrata:orlando_business_tax,,,,
standard,BEST WESTERN ORLANDO GATEWAY,4073515009,,,,FL,socrata:orlando_business_tax,,,,
standard,JANI KING,4078646485,,,,FL,socrata:orlando_business_tax,,,,
standard,QUIKDROP,4076544572,,,,FL,socrata:orlando_business_tax,,,,
standard,NEXT GENERATION SOUTHEAST LLC,4073847781,,,,FL,socrata:orlando_business_tax,,,,
standard,MCH CLEANING SERVICE,4072944082,,,,FL,socrata:orlando_business_tax,,,,
standard,"LEAD WORKS, THE(CLS 05/03)",4078963288,,,,FL,socrata:orlando_business_tax,,,,
standard,YUPPY PUPPY PET GROOMING,4078944884,,,,FL,socrata:orlando_business_tax,,,,
standard,DONALD R MCGEE/DONALD R MCGEE DMD PA,4078430295,,,,FL,socrata:orlando_business_tax,,,,
standard,EXECUTIVE TOUCH THE,4072916710,,,,FL,socrata:orlando_business_tax,,,,
standard,STANDARD PARKING,4074237275,,,,FL,socrata:orlando_business_tax,,,,
standard,TAUSCH ENTERPRISES,4076586319,,,,FL,socrata:orlando_business_tax,,,,
standard,JUBILEE CREDIT SERVICES INC,4075677988,,,,FL,socrata:orlando_business_tax,,,,
standard,ASHLEY FURNITURE INDUSTRIES IN,6083233377,,,,FL,socrata:orlando_business_tax,,,,
standard,AUDIO VISUAL PLANET INC(CLS 10,4076589742,,,,FL,socrata:orlando_business_tax,,,,
standard,BB&T CORPORATION,4078980022,,,,FL,socrata:orlando_business_tax,,,,
standard,I & JC CORP,4078264619,,,,FL,socrata:orlando_business_tax,,,,
standard,EDMISTON & EDMISTON INC,4078964786,,,,FL,socrata:orlando_business_tax,,,,
standard,GEORGE A ISRAEL INC,4074235078,,,,FL,socrata:orlando_business_tax,,,,
standard,LORIOT TRADING INTERNATIONAL I,4073017832,,,,FL,socrata:orlando_business_tax,,,,
standard,SOUTHEAST UNLOADING LLC,4075784088,,,,FL,socrata:orlando_business_tax,,,,
standard,AXENA INC,4074024444,,,,FL,socrata:orlando_business_tax,,,,
standard,WEBSTER CONSULTING,4078985865,,,,FL,socrata:orlando_business_tax,,,,
standard,"ODOM, APRIL/CAJENE",4078957370,,,,FL,socrata:orlando_business_tax,,,,
standard,COOL BLUE BURRITO LLC,4073014266,,,,FL,socrata:orlando_business_tax,,,,
standard,PIERROT CINEUS LIFETIME SOLUTI,4078598635,,,,FL,socrata:orlando_business_tax,,,,
standard,RREEF MANAGEMENT COMPANY,4072533140,,,,FL,socrata:orlando_business_tax,,,,
standard,CDL MARKETING INC,4073947823,,,,FL,socrata:orlando_business_tax,,,,
standard,AIRGAS SOUTH INC,4076485122,,,,FL,socrata:orlando_business_tax,,,,
standard,ANDREWS SERVICES INC,3212635991,,,,FL,socrata:orlando_business_tax,,,,
standard,5 STAR LIFE INSURANCE COMPANY,7032995794,,,,FL,socrata:orlando_business_tax,,,,
standard,"CHANG, OISEON",4078895204,,,,FL,socrata:orlando_business_tax,,,,
standard,FISHERMANS VILLAGE,4072730030,,,,FL,socrata:orlando_business_tax,,,,
standard,SUNGLASS SAFARI,7277763697,,,,FL,socrata:orlando_business_tax,,,,
standard,K C CLEANING SERVICE,4078418933,,,,FL,socrata:orlando_business_tax,,,,
standard,"LACY, RODERIC A(CLS 10/03)",4074262615,,,,FL,socrata:orlando_business_tax,,,,
standard,YOUR HANDY MAN CAN,4072918305,,,,FL,socrata:orlando_business_tax,,,,
standard,PYTHON CUSTOM YACHTS LLC,4078393737,,,,FL,socrata:orlando_business_tax,,,,
standard,SOUTHERN FLAVAH INC,4079140850,,,,FL,socrata:orlando_business_tax,,,,
standard,CHUAN CAI WANG FOOD LLC,4073126668,,,,FL,socrata:orlando_business_tax,,,,
standard,ABSOLUTE ELECTRICAL SERVICES I,4072914895,,,,FL,socrata:orlando_business_tax,,,,
standard,CSR MODEL,4072922908,,,,FL,socrata:orlando_business_tax,,,,
standard,MAGIC FLIGHT COMPANY,4072930102,,,,FL,socrata:orlando_business_tax,,,,
standard,JEFFERY A SPELL/VAMP HAIR,4079274525,,,,FL,socrata:orlando_business_tax,,,,
standard,FLORIDA DISTRIBUTING SOURCE IN,7275311918,,,,FL,socrata:orlando_business_tax,,,,
standard,MADEYAMA CORP,4073944640,,,,FL,socrata:orlando_business_tax,,,,
standard,ORLANDO AUTO UPHOLSTERY INC,4077743132,,,,FL,socrata:orlando_business_tax,,,,
standard,SUPREME DOG GROOMING,4079631717,,,,FL,socrata:orlando_business_tax,,,,
standard,OLTRONICS INC,4075668560,,,,FL,socrata:orlando_business_tax,,,,
standard,"VOGHT, G B MCVAY/MCMILLEN",4078430126,,,,FL,socrata:orlando_business_tax,,,,
standard,PRIBONI SERVICES LLC,4075078534,,,,FL,socrata:orlando_business_tax,,,,
standard,METRO AIR TECH INC,4072905173,,,,FL,socrata:orlando_business_tax,,,,
standard,DESIGN FURNISHINGS,7175761213,,,,FL,socrata:orlando_business_tax,,,,
standard,BEST QUALITY COIN LAUNDRY LLC,4078567434,,,,FL,socrata:orlando_business_tax,,,,
standard,PROMISELAND REALTY,4074267315,,,,FL,socrata:orlando_business_tax,,,,
standard,NELSON JUKE,4078720669,,,,FL,socrata:orlando_business_tax,,,,
standard,HUNTER INSURANCE,4078411080,,,,FL,socrata:orlando_business_tax,,,,
standard,SONSTYLE GRAPHICS LLC,4078540778,,,,FL,socrata:orlando_business_tax,,,,
standard,THOMPSON GOODIS THOMPSON (CLOS,7278230540,,,,FL,socrata:orlando_business_tax,,,,
standard,JARED VAULT #4186,3306656582,,,,FL,socrata:orlando_business_tax,,,,
standard,"HAROLD, LOU C MD",4078391447,,,,FL,socrata:orlando_business_tax,,,,
standard,VITAMIN SHOPPE INDUSTRIES LLC,2016243712,,,,FL,socrata:orlando_business_tax,,,,
standard,SENTRY ROOFING INC (CLOSED 04/,7657934728,,,,FL,socrata:orlando_business_tax,,,,
standard,MARKETING ASSOCIATES,4072983906,,,,FL,socrata:orlando_business_tax,,,,
standard,BRINK DISTRIBUTORS INC,4078942716,,,,FL,socrata:orlando_business_tax,,,,
standard,FULL MOON SALOON INC,4076488725,,,,FL,socrata:orlando_business_tax,,,,
standard,THE VIP COMPANIES INC,4073826311,,,,FL,socrata:orlando_business_tax,,,,
standard,DON ASHER & ASSOCIATES,4074254561,,,,FL,socrata:orlando_business_tax,,,,
standard,P E A INC(TRNS TO 24240-14 PER,4072483445,,,,FL,socrata:orlando_business_tax,,,,
standard,CONSENSUS COMMUNICATIONS INC,4072360420,,,,FL,socrata:orlando_business_tax,,,,
standard,DOUCE FRANCE BAKERY INC,4078969976,,,,FL,socrata:orlando_business_tax,,,,
standard,J & M ELECTRICAL SALES INC(TRN,4076494737,,,,FL,socrata:orlando_business_tax,,,,
standard,CENTER FOR DRUG FREE LIVING IN,4074236606,,,,FL,socrata:orlando_business_tax,,,,
standard,THE FAMILY OUT LET,4072994055,,,,FL,socrata:orlando_business_tax,,,,
standard,PROPERTY WAREHOUSES OF AMERICA,3212342683,,,,FL,socrata:orlando_business_tax,,,,
standard,"SIDHU, HARINDER K MD PA",4078721300,,,,FL,socrata:orlando_business_tax,,,,
standard,"JOHNSON, CHRISTOPHER BEE CLEAN",4072991001,,,,FL,socrata:orlando_business_tax,,,,
standard,CNPUS LLC,4076480213,,,,FL,socrata:orlando_business_tax,,,,
standard,"WILLIAM H GARMANY,ATTY AT LAW",4074256554,,,,FL,socrata:orlando_business_tax,,,,
standard,THE BASEMENT/THE ATTIC,4074544622,,,,FL,socrata:orlando_business_tax,,,,
standard,BRETS SOUTH STREET LAUNDRY,4076774370,,,,FL,socrata:orlando_business_tax,,,,
standard,THE WELLSPRING INSTITUTE (TRAN,4072817888,,,,FL,socrata:orlando_business_tax,,,,
standard,JAMES FELTON A BRITER GLO,4078439392,,,,FL,socrata:orlando_business_tax,,,,
standard,CHINA MASTER RESTAURANT  (04/0,4072398986,,,,FL,socrata:orlando_business_tax,,,,
standard,NEUROLOGIC CARE CENTER PA(CLOS,8132490922,,,,FL,socrata:orlando_business_tax,,,,
standard,"GREN, PAUL",4079994939,,,,FL,socrata:orlando_business_tax,,,,
standard,KANSAS CITY LIFE INSURANCE CO,8167537000,,,,FL,socrata:orlando_business_tax,,,,
standard,SCHULZ & WILSON LLC,4079102556,,,,FL,socrata:orlando_business_tax,,,,
standard,SHOWTIME VIDEO 2 INC,4072078574,,,,FL,socrata:orlando_business_tax,,,,
standard,ICON CATERING,4077705660,,,,FL,socrata:orlando_business_tax,,,,
standard,WILLIAMS LIVINGSTON & ASSOCIAT,4072447980,,,,FL,socrata:orlando_business_tax,,,,
standard,PARTYWSHAN LLC,4077894559,,,,FL,socrata:orlando_business_tax,,,,
standard,ALLIED HOME MORTGAGE CAPITAL C,7136840762,,,,FL,socrata:orlando_business_tax,,,,
standard,PHOTOGRAPHIC PARTNERS(CLS 05/0,4076582211,,,,FL,socrata:orlando_business_tax,,,,
standard,"SMITH, FRANCEAU",4072901398,,,,FL,socrata:orlando_business_tax,,,,
standard,RICHARD T REEP/ WIMBERLY ALLIS,4072989484,,,,FL,socrata:orlando_business_tax,,,,
standard,LOOSE ENDS,4075795469,,,,FL,socrata:orlando_business_tax,,,,
standard,RENEE JACKSON,4076683901,,,,FL,socrata:orlando_business_tax,,,,
standard,ORLANDO UNION RESCUE MISSION,3054224855,,,,FL,socrata:orlando_business_tax,,,,
standard,RDI IMPORTS LLC,4079099714,,,,FL,socrata:orlando_business_tax,,,,
standard,"KAHLBAUGH, LOREN J/GREENBERG",4074201000,,,,FL,socrata:orlando_business_tax,,,,
standard,"HORTON, BILL",4078969677,,,,FL,socrata:orlando_business_tax,,,,
standard,CASH AMERICA PAWN OF ORLANDO,4072965277,,,,FL,socrata:orlando_business_tax,,,,
standard,"HIGH, EDWARD O/DOWNTOWN",4078437995,,,,FL,socrata:orlando_business_tax,,,,
standard,BENNER & ASSOCIATES INC,4076579238,,,,FL,socrata:orlando_business_tax,,,,
standard,JAYA YOGA CENTER INC,4078982375,,,,FL,socrata:orlando_business_tax,,,,
standard,SVETLANA KRAVIT ART SCHOOL,4078565994,,,,FL,socrata:orlando_business_tax,,,,
standard,"JACKSON, KRISTEN M/ATTY",4073127793,,,,FL,socrata:orlando_business_tax,,,,
standard,ORLANDO COFFEE ROASTERS INC,3216952668,,,,FL,socrata:orlando_business_tax,,,,
standard,VIRAY FINANCIAL SERVICES LLC,4072736978,,,,FL,socrata:orlando_business_tax,,,,
standard,SVS HARDWOOD FLOORING INC,3212794344,,,,FL,socrata:orlando_business_tax,,,,
standard,"THOMAS, WILLIAM LEROY OD",4078941040,,,,FL,socrata:orlando_business_tax,,,,
standard,AMIRA HOTDOGS,4078951109,,,,FL,socrata:orlando_business_tax,,,,
standard,A B T F,4074229303,,,,FL,socrata:orlando_business_tax,,,,
standard,UNIVERSE NOVELTY & FIREWORKS C,8136771874,,,,FL,socrata:orlando_business_tax,,,,
standard,HANKS DAWGS,4073525927,,,,FL,socrata:orlando_business_tax,,,,
standard,"JONES, VIRGINIA P/PAMS PLACE O",4078960384,,,,FL,socrata:orlando_business_tax,,,,
standard,MAGIC MOBILE DETAILING LLC,5615120486,,,,FL,socrata:orlando_business_tax,,,,
standard,"BARTON, JOANNE/HAIRWAYS DESIGN",4078989778,,,,FL,socrata:orlando_business_tax,,,,
standard,"ROBERTS,JASON/REAL ESTATE GALL",4074252800,,,,FL,socrata:orlando_business_tax,,,,
standard,ARTISTIC ADDICTION,4072949747,,,,FL,socrata:orlando_business_tax,,,,
standard,SUNDIAL HOME HEALTH OF CENTRAL,4074257377,,,,FL,socrata:orlando_business_tax,,,,
standard,M G RUSSON & ASSOCIATES PA,4078971212,,,,FL,socrata:orlando_business_tax,,,,
standard,LAW OFFICES OF JUAN C GAUTIER,4078147696,,,,FL,socrata:orlando_business_tax,,,,
standard,"BACHRACH, LYNNE F/NABORS",4074267595,,,,FL,socrata:orlando_business_tax,,,,
standard,ANGELS PLACE OF ORLANDO INC,4075226769,,,,FL,socrata:orlando_business_tax,,,,
standard,ORLANDO BUSINESS JOURNAL,4076498470,,,,FL,socrata:orlando_business_tax,,,,
standard,TRANSAMERICA TOURS INC,8634200299,,,,FL,socrata:orlando_business_tax,,,,
standard,FEVER NAILS(CLS 05/04),4076250033,,,,FL,socrata:orlando_business_tax,,,,
standard,C & C COMMUNITY PHARMACY,4072956201,,,,FL,socrata:orlando_business_tax,,,,
standard,LAWN MASTERS LANDSCAPING,4074041101,,,,FL,socrata:orlando_business_tax,,,,
standard,IMSI,4073808985,,,,FL,socrata:orlando_business_tax,,,,
standard,"MCGRORY, CAROL L",4077975288,,,,FL,socrata:orlando_business_tax,,,,
standard,PROCESS PRINTING,4072900880,,,,FL,socrata:orlando_business_tax,,,,
standard,HEMRAJ FLOORING LLC,4078471295,,,,FL,socrata:orlando_business_tax,,,,
standard,MARIO MCKEES NOVELTIES,6784720852,,,,FL,socrata:orlando_business_tax,,,,
standard,CASUALTY INSURANCE SERVICES,4078961450,,,,FL,socrata:orlando_business_tax,,,,
standard,GREGORY A MEYER/ MEYER BONGIRA,4078950836,,,,FL,socrata:orlando_business_tax,,,,
standard,PRUNERAS CAFE,4078721128,,,,FL,socrata:orlando_business_tax,,,,
standard,BUDGET IRRIGATION,4078022563,,,,FL,socrata:orlando_business_tax,,,,
standard,HAIR PLUS #6489,9529184165,,,,FL,socrata:orlando_business_tax,,,,
standard,PET SUPERMARKET #129,9543510834,,,,FL,socrata:orlando_business_tax,,,,
standard,CAR CITY OF ORLANDO L L C,4073063037,,,,FL,socrata:orlando_business_tax,,,,
standard,CAM REALTY INC,4072770809,,,,FL,socrata:orlando_business_tax,,,,
standard,"CHICO, GEOVANNY/CENTER",4072081629,,,,FL,socrata:orlando_business_tax,,,,
standard,GAMESTOP/#459,2144019000,,,,FL,socrata:orlando_business_tax,,,,
standard,TAVISTOCK FINANCIAL CORPORATIO,4078768800,,,,FL,socrata:orlando_business_tax,,,,
standard,CANIN ASSOCIATES INC,3212297763,,,,FL,socrata:orlando_business_tax,,,,
standard,ECLECTIC ENTERTAINMENT GROUP,4072245018,,,,FL,socrata:orlando_business_tax,,,,
standard,"MATERILE-KEMP, SUSAN A/THE GAR",4078988844,,,,FL,socrata:orlando_business_tax,,,,
standard,"MOUCHE, JOSEPH L(CLS 05/04)",4072994169,,,,FL,socrata:orlando_business_tax,,,,
standard,JERRY LEA ASSOCIATES INC,4077672559,,,,FL,socrata:orlando_business_tax,,,,
standard,SERGIO FINE JEWELRY,4073821082,,,,FL,socrata:orlando_business_tax,,,,
standard,J J HAINES & COMPANY,4077625635,,,,FL,socrata:orlando_business_tax,,,,
standard,JOSEPH C LAMBERT,4079512515,,,,FL,socrata:orlando_business_tax,,,,
standard,"COTTMAN, MARY",4078085622,,,,FL,socrata:orlando_business_tax,,,,
standard,THE MANOR GALLERY INC,4078958333,,,,FL,socrata:orlando_business_tax,,,,
standard,DISCOVER ACADEMY INC,4074895943,,,,FL,socrata:orlando_business_tax,,,,
standard,DOCTOR WONDERFOOTS LLC,4076501694,,,,FL,socrata:orlando_business_tax,,,,
standard,"KING, CATHERINE P DDS",4076296993,,,,FL,socrata:orlando_business_tax,,,,
standard,JASE NEAL DESIGN CONCEPTS INC,3216626640,,,,FL,socrata:orlando_business_tax,,,,
standard,LIBERTY FITNESS CENTER,4074239494,,,,FL,socrata:orlando_business_tax,,,,
standard,THERESA SOMPPI,4077487169,,,,FL,socrata:orlando_business_tax,,,,
standard,"MARCELIN, MARC",4074269053,,,,FL,socrata:orlando_business_tax,,,,
standard,JERRY KENNEDY,4075162121,,,,FL,socrata:orlando_business_tax,,,,
standard,M & H DECOR PHOTO & ART,4072988691,,,,FL,socrata:orlando_business_tax,,,,
standard,KHUDRA PRODUCE,4073639018,,,,FL,socrata:orlando_business_tax,,,,
standard,OMNI PRODUCTIONS INC,4072819087,,,,FL,socrata:orlando_business_tax,,,,
standard,SILVER ARCH,4074820894,,,,FL,socrata:orlando_business_tax,,,,
standard,LA CAFE(CLS 04/30/04),4078575194,,,,FL,socrata:orlando_business_tax,,,,
standard,CLASS ONE AUTO SALES INC,4072949949,,,,FL,socrata:orlando_business_tax,,,,
standard,EVERYTHING $1.99 INC,4072481178,,,,FL,socrata:orlando_business_tax,,,,
standard,MCT REALTY LLC,4078418530,,,,FL,socrata:orlando_business_tax,,,,
standard,CRYSTAL L EIFFERT/EIFFERT & AS,4074664929,,,,FL,socrata:orlando_business_tax,,,,
standard,CASA MEXICO RESTAURANT,4077378282,,,,FL,socrata:orlando_business_tax,,,,
standard,YOUNG REHAB CENTER INC,4072432200,,,,FL,socrata:orlando_business_tax,,,,
standard,MARKEL INSURANCE COMPANY,8049672593,,,,FL,socrata:orlando_business_tax,,,,
standard,FIVE GUYS FAMOUS BURGERS AND F,4077025142,,,,FL,socrata:orlando_business_tax,,,,
standard,DOCTOR DETAIL,4079251353,,,,FL,socrata:orlando_business_tax,,,,
standard,SHARPER IMAGE HAIR STUDIO,4078949591,,,,FL,socrata:orlando_business_tax,,,,
standard,O TATELMAN INC,4072824443,,,,FL,socrata:orlando_business_tax,,,,
standard,ALTA MODA OF ORLANDO INC(CLS 0,4072284555,,,,FL,socrata:orlando_business_tax,,,,
standard,KELLY SORANNO,7345361705,,,,FL,socrata:orlando_business_tax,,,,
standard,RANDALL PERFORMANCE INC,4072460004,,,,FL,socrata:orlando_business_tax,,,,
standard,MARIE JILO JULEAU,3216972010,,,,FL,socrata:orlando_business_tax,,,,
standard,JAMES A FOWLER/FOWLER FEENEY & ASSOCIATES PA,4074252684,,,,FL,socrata:orlando_business_tax,,,,
standard,WINTER PARK TILE & STONE INC,4076451195,,,,FL,socrata:orlando_business_tax,,,,
standard,FLORIDA RETINA INSTITUTE JAMES,4073875600,,,,FL,socrata:orlando_business_tax,,,,
standard,MAI GOURMENT,4078982477,,,,FL,socrata:orlando_business_tax,,,,
standard,ORANGE TITLE INC,4078720032,,,,FL,socrata:orlando_business_tax,,,,
standard,ACCENTS FOR YOU,4079961212,,,,FL,socrata:orlando_business_tax,,,,
standard,"DAMANI, MERAJ ALI(CLS 05/03)",4078227547,,,,FL,socrata:orlando_business_tax,,,,
standard,ESSENTIALS & EMBROIDERY LLC(CL,4075224178,,,,FL,socrata:orlando_business_tax,,,,
standard,METROWEST SPIRIT #1 INC(CLS 01,4072981515,,,,FL,socrata:orlando_business_tax,,,,
standard,T26 MEDIA GROUP INC,3272780433,,,,FL,socrata:orlando_business_tax,,,,
standard,GOURMET PRETZEL EXPRESS #2,4073219350,,,,FL,socrata:orlando_business_tax,,,,
standard,UNIVERSITY SURF & SPORT INC,4073820562,,,,FL,socrata:orlando_business_tax,,,,
standard,"IMPORT STORE INC, THE",4076498249,,,,FL,socrata:orlando_business_tax,,,,
standard,HOMIER AMERICAS PREMIER MOBILE,2603560146,,,,FL,socrata:orlando_business_tax,,,,
standard,21ST CENTURY HOMES INC,4078394663,,,,FL,socrata:orlando_business_tax,,,,
standard,SPARTAN PAINTING COMPANY,4076490034,,,,FL,socrata:orlando_business_tax,,,,
standard,ANGEL WORKS PRODUCTION AND ENT,4074231504,,,,FL,socrata:orlando_business_tax,,,,
standard,CUT N GO,4077211414,,,,FL,socrata:orlando_business_tax,,,,
standard,"ANDERSON, TROY MOBILE DETAIL",4072956630,,,,FL,socrata:orlando_business_tax,,,,
standard,INTER ATLANTIC REAL ESTATE,4073540339,,,,FL,socrata:orlando_business_tax,,,,
standard,NICKS DISCOUNT BEVERAGE,4072905468,,,,FL,socrata:orlando_business_tax,,,,
standard,AFL NETWORK SERVICES INC,4072400884,,,,FL,socrata:orlando_business_tax,,,,
standard,ANA HALLO TOURS USA INC(CLS 10,4073630186,,,,FL,socrata:orlando_business_tax,,,,
standard,MICHAEL LAMARCHE INC,4079709010,,,,FL,socrata:orlando_business_tax,,,,
standard,NEUROPSYCHOLOGY ASSESSMENT SER,4074268884,,,,FL,socrata:orlando_business_tax,,,,
standard,KARIZA VINTAGE,3212232570,,,,FL,socrata:orlando_business_tax,,,,
standard,LAW OFFICES OF AMERICA ORLANDO,4079561000,,,,FL,socrata:orlando_business_tax,,,,
standard,FIRST AMERICAN TITLE INSURANCE,4072440001,,,,FL,socrata:orlando_business_tax,,,,
standard,DAVID & SIGNER,4078437710,,,,FL,socrata:orlando_business_tax,,,,
standard,JOY MARTIAL ARTS INC,4075212115,,,,FL,socrata:orlando_business_tax,,,,
standard,HOGWASH UNLIMITED INC,4074228141,,,,FL,socrata:orlando_business_tax,,,,
standard,"JACKSON, WILLIE O",4078720728,,,,FL,socrata:orlando_business_tax,,,,
standard,POPEYES CHICKEN & BISCUITS #11,4076280393,,,,FL,socrata:orlando_business_tax,,,,
standard,"HERB SHOP, THE",4073310940,,,,FL,socrata:orlando_business_tax,,,,
standard,NATIONAL GENERAL INSURANCE CO,3135360667,,,,FL,socrata:orlando_business_tax,,,,
standard,CALS APPLIANCE REPAIR SERVICE,4074223824,,,,FL,socrata:orlando_business_tax,,,,
standard,AROMA BEAUTY SALON INC,4078940521,,,,FL,socrata:orlando_business_tax,,,,
standard,"SUAREZ, INGRID LMT/BLADES",4074252220,,,,FL,socrata:orlando_business_tax,,,,
standard,CARIBBEAN FOOD MARKET,7744872223,,,,FL,socrata:orlando_business_tax,,,,
standard,DOWNTOWN CONSIGNMENT(TRANS TO,4076451004,,,,FL,socrata:orlando_business_tax,,,,
standard,DISTINCT JEWELERS LLC,4074269933,,,,FL,socrata:orlando_business_tax,,,,
standard,"LEON, DENNIS",4076589759,,,,FL,socrata:orlando_business_tax,,,,
standard,BEAUTY FUEL 1ST STOP(CLS 02/04,4073149033,,,,FL,socrata:orlando_business_tax,,,,
standard,R A C  (CLOSED 1/03),4072928437,,,,FL,socrata:orlando_business_tax,,,,
standard,ROUNDTABLE PROMOTIONS LLC,4074466777,,,,FL,socrata:orlando_business_tax,,,,
standard,EIGHTH DIMENSION ENTERTAINMENT,4074204669,,,,FL,socrata:orlando_business_tax,,,,
standard,PETER CHAMBERS CONSTRUCTION,4078980003,,,,FL,socrata:orlando_business_tax,,,,
standard,BOBS NUTRITION SOUTH,4072499099,,,,FL,socrata:orlando_business_tax,,,,
standard,"RIVERO, HEDRICK J/MEDICAL",4074232581,,,,FL,socrata:orlando_business_tax,,,,
standard,STATES GENERAL LIFE INSURANCE,8007828375,,,,FL,socrata:orlando_business_tax,,,,
standard,AIR SOLUTIONS LLC,4078328034,,,,FL,socrata:orlando_business_tax,,,,
standard,FHC DEVELOPMENT,4078414929,,,,FL,socrata:orlando_business_tax,,,,
standard,ADVANTIS REAL ESTATE SERVICES,4073556161,,,,FL,socrata:orlando_business_tax,,,,
standard,FRIENDS RESTAURANT,4078952444,,,,FL,socrata:orlando_business_tax,,,,
standard,"SABLE, STEVEN G DO(CLS 10/03)",4078953575,,,,FL,socrata:orlando_business_tax,,,,
standard,GEICO DEVELOPMENT USA INC,4073541314,,,,FL,socrata:orlando_business_tax,,,,
standard,MARCUS WASHINGTON,4075386908,,,,FL,socrata:orlando_business_tax,,,,
standard,DR G'S SCHOOL OF POOL,4075211964,,,,FL,socrata:orlando_business_tax,,,,
standard,LAS TUMAS HOTDOGS,4078549017,,,,FL,socrata:orlando_business_tax,,,,
standard,THE COGNOSCENTI HEALTH INSTITU,4078820212,,,,FL,socrata:orlando_business_tax,,,,
standard,NAIL SPA,4072750284,,,,FL,socrata:orlando_business_tax,,,,
standard,ELEGANT OCASSIONS INC,4075327690,,,,FL,socrata:orlando_business_tax,,,,
standard,"CAHILL, STEPHEN C/CAHILL",4074220733,,,,FL,socrata:orlando_business_tax,,,,
standard,LITTLE GIRLS HEAVEN,4078239026,,,,FL,socrata:orlando_business_tax,,,,
standard,THRIFTKO,5209778100,,,,FL,socrata:orlando_business_tax,,,,
standard,POTPOURRI INTWORLD INC,4079271776,,,,FL,socrata:orlando_business_tax,,,,
standard,EDWARD JOHNSON,8139853776,,,,FL,socrata:orlando_business_tax,,,,
standard,SONIC TRAVEL,4074028675,,,,FL,socrata:orlando_business_tax,,,,
standard,"HURT, J BRIAN",4076448527,,,,FL,socrata:orlando_business_tax,,,,
standard,EDUCATIONAL PARTNERS INC,3215591100,,,,FL,socrata:orlando_business_tax,,,,
standard,FAITH ELECTRIC SERVICE LLC,3214385583,,,,FL,socrata:orlando_business_tax,,,,
standard,MEDFORMS INC(CLS 10/03),4074269449,,,,FL,socrata:orlando_business_tax,,,,
standard,"BARCLAY, BERT W/BARNETT",4074254245,,,,FL,socrata:orlando_business_tax,,,,
standard,ACCIDENT INSPECTORS LLC,4079264012,,,,FL,socrata:orlando_business_tax,,,,
standard,PATRICIA CHARD PERSONAL TRAINI,4076199357,,,,FL,socrata:orlando_business_tax,,,,
standard,DECHOES RESALE EMPORIUM LLC,4074269368,,,,FL,socrata:orlando_business_tax,,,,
standard,HER WAY FASHIONS,4078351883,,,,FL,socrata:orlando_business_tax,,,,
standard,"EBERLE, SUSAN L",4078720991,,,,FL,socrata:orlando_business_tax,,,,
standard,PRECISION BUSINESS INSTALLATIO,4073890667,,,,FL,socrata:orlando_business_tax,,,,
standard,SEYMOUR INTERNATIONAL INC,4072488815,,,,FL,socrata:orlando_business_tax,,,,
standard,FULGENCIO AZCUY INC,4073840379,,,,FL,socrata:orlando_business_tax,,,,
standard,VIRGINIA A SMITH,4078438217,,,,FL,socrata:orlando_business_tax,,,,
standard,CASABLANCA CLEANING SERVICE,3214386619,,,,FL,socrata:orlando_business_tax,,,,
standard,MIDAS AUTO REPAIR,4072820113,,,,FL,socrata:orlando_business_tax,,,,
standard,"FLEMING , DAWN",4078570783,,,,FL,socrata:orlando_business_tax,,,,
standard,DESTINY MORTGAGE & INVESTMENTS,3212462333,,,,FL,socrata:orlando_business_tax,,,,
standard,TAW ORLANDO SERVICE CENTER INC,4074231886,,,,FL,socrata:orlando_business_tax,,,,
standard,SWEET MEMORIES(TRN 8280-9 05/0,4078239595,,,,FL,socrata:orlando_business_tax,,,,
standard,"SCOTT, THOMAS I MD",4074252505,,,,FL,socrata:orlando_business_tax,,,,
standard,DETROIT JOES,4076497711,,,,FL,socrata:orlando_business_tax,,,,
standard,"LI, DAO FANG (CLS 01/04)",4078129961,,,,FL,socrata:orlando_business_tax,,,,
standard,BRENNAN BODY WORKS,4072956642,,,,FL,socrata:orlando_business_tax,,,,
standard,"PEEK, LARRY",3047787139,,,,FL,socrata:orlando_business_tax,,,,
standard,"BUCHANAN, ROBERT RANDALL",4078977009,,,,FL,socrata:orlando_business_tax,,,,
standard,"JAMES, ROBIN G/ABSOLUTELY",4077669172,,,,FL,socrata:orlando_business_tax,,,,
standard,THE SOURCE FOR TRAINING INC,4078526688,,,,FL,socrata:orlando_business_tax,,,,
standard,I R G(TRNS TO 3028-5 PER DECLA,8888940881,,,,FL,socrata:orlando_business_tax,,,,
standard,PETLAND ORLANDO CENTRAL,4078941585,,,,FL,socrata:orlando_business_tax,,,,
standard,"GEDBAW, PAMELA(CLS 04/12/04)",4079059903,,,,FL,socrata:orlando_business_tax,,,,
standard,LUXURY NAILS & SPA,4074383775,,,,FL,socrata:orlando_business_tax,,,,
standard,REDLIGHT REDLIGHT LLC,5616620992,,,,FL,socrata:orlando_business_tax,,,,
standard,CENTRAL FLORIDA LINCOLN,4078414550,,,,FL,socrata:orlando_business_tax,,,,
standard,LGBT CENTER ORLANDO INC,4072288272,,,,FL,socrata:orlando_business_tax,,,,
standard,HOSKINS QUIROS & LABEAUME CPA,4072773000,,,,FL,socrata:orlando_business_tax,,,,
standard,FLOOR KING INC(10/17/03),4074021679,,,,FL,socrata:orlando_business_tax,,,,
standard,"BAILEY, JONATHAN D",2143201409,,,,FL,socrata:orlando_business_tax,,,,
standard,"STUMP, GARY L/STUMP",4074252583,,,,FL,socrata:orlando_business_tax,,,,
standard,LYDMAR CAFETERIA,4079533900,,,,FL,socrata:orlando_business_tax,,,,
standard,AFRICAN ARTS,7734122110,,,,FL,socrata:orlando_business_tax,,,,
standard,"MOORE, CHERIEE",4078541991,,,,FL,socrata:orlando_business_tax,,,,
standard,THE CARD GALLERY,4078989262,,,,FL,socrata:orlando_business_tax,,,,
standard,THE CLUB,4077406872,,,,FL,socrata:orlando_business_tax,,,,
standard,CIRCLE F DUDE RANCH CAMP LLC,4072950080,,,,FL,socrata:orlando_business_tax,,,,
standard,HINA ASKARI ESQ PA,4073840588,,,,FL,socrata:orlando_business_tax,,,,
standard,CHURCH STREET RELIGIOUS SHOP,4072971368,,,,FL,socrata:orlando_business_tax,,,,
standard,KIRK AND SIVERSON LLP,4078359931,,,,FL,socrata:orlando_business_tax,,,,
standard,SHAWN DIEDERICH APPRAISAL SERV,4072452942,,,,FL,socrata:orlando_business_tax,,,,
standard,EVENT MARKETING AND MANAGEMENT,4078945320,,,,FL,socrata:orlando_business_tax,,,,
standard,BLACK HAMMOCK PRODUCTIONS,5613248698,,,,FL,socrata:orlando_business_tax,,,,
standard,MAXINE MINTO MD INC,4079814178,,,,FL,socrata:orlando_business_tax,,,,
standard,FADDIS OLDHAM & SMITH PA(CLOSE,4078721050,,,,FL,socrata:orlando_business_tax,,,,
standard,INTERACTIVE CONSENT COMPANY,4078565569,,,,FL,socrata:orlando_business_tax,,,,
standard,SOUTHERN PHOTO TECHNICAL SERVI,4078960322,,,,FL,socrata:orlando_business_tax,,,,
standard,SMILING GATOR PRODUCTIONS INC,4072734333,,,,FL,socrata:orlando_business_tax,,,,
standard,"CHANDLER, DEBORAH C/NEUROLOGY",4073521112,,,,FL,socrata:orlando_business_tax,,,,
standard,NATURA NUTRITION CORP,4072956556,,,,FL,socrata:orlando_business_tax,,,,
standard,THOMAS F WINTERS JR MD PA,4076491097,,,,FL,socrata:orlando_business_tax,,,,
standard,BEAVEX INC,4042600961,,,,FL,socrata:orlando_business_tax,,,,
standard,BASS PRO SHOPS OUTDOOR WORLD,4178735000,,,,FL,socrata:orlando_business_tax,,,,
standard,"KALAKOTA, MADHUSUDANA MD",4079312991,,,,FL,socrata:orlando_business_tax,,,,
standard,COOL CRUNCH ICE CREAM,4078419373,,,,FL,socrata:orlando_business_tax,,,,
standard,SMALL BUSINESS LOAN INVESTMENT,4072269353,,,,FL,socrata:orlando_business_tax,,,,
standard,BRANDON AIR COMPANY INC,8136547620,,,,FL,socrata:orlando_business_tax,,,,
standard,MIGHTY MIGHT LAWN CARE SERVICE,3212745621,,,,FL,socrata:orlando_business_tax,,,,
standard,CARLOS A GARCIA,3212171446,,,,FL,socrata:orlando_business_tax,,,,
standard,PUBLIX SUPER MARKETS INC #0605,8636887407,,,,FL,socrata:orlando_business_tax,,,,
standard,JOHN FRASER MOBIL FLOWER SALES,4077152116,,,,FL,socrata:orlando_business_tax,,,,
standard,THE SISTERS MAID SERVICE ASHLE,3219458612,,,,FL,socrata:orlando_business_tax,,,,
standard,ORLANDO COURTYARD DOWNTOWN,4079961000,,,,FL,socrata:orlando_business_tax,,,,
standard,LAURA P DENAULT PA,4078491993,,,,FL,socrata:orlando_business_tax,,,,
standard,789 DELI & CATERING INC,4076501789,,,,FL,socrata:orlando_business_tax,,,,
standard,ANGLEWISE CORP,4078951727,,,,FL,socrata:orlando_business_tax,,,,
standard,ARTUROS HAIR CENTER,4074254792,,,,FL,socrata:orlando_business_tax,,,,
standard,FRANCKY TENNIS,4072916820,,,,FL,socrata:orlando_business_tax,,,,
standard,C P COMMUNICATIONS,4078434225,,,,FL,socrata:orlando_business_tax,,,,
standard,IVY TRADING INC,4078767702,,,,FL,socrata:orlando_business_tax,,,,
standard,BENITEZ LAW GROUP PL,4073997120,,,,FL,socrata:orlando_business_tax,,,,
standard,QUALITY WATER SOLUTIONS INC,3213168224,,,,FL,socrata:orlando_business_tax,,,,
standard,"LIM, HENRY ATTY PA(TRNS TO 167",4076948400,,,,FL,socrata:orlando_business_tax,,,,
standard,JASONS DELI,4098381976,,,,FL,socrata:orlando_business_tax,,,,
standard,TOOLS R COOL INC (CLS 05/26/04,4078962797,,,,FL,socrata:orlando_business_tax,,,,
standard,CUTLER HAMMER INC,4078433863,,,,FL,socrata:orlando_business_tax,,,,
standard,WEST SIDE CHIROPRACTOR INC,4077016391,,,,FL,socrata:orlando_business_tax,,,,
standard,LONG HOLDINGS INC,4078764201,,,,FL,socrata:orlando_business_tax,,,,
standard,JUST US SERVICES INC,4072944902,,,,FL,socrata:orlando_business_tax,,,,
standard,"STAELENS DAY, PAULA/SEARS",2164494100,,,,FL,socrata:orlando_business_tax,,,,
standard,PERFORMANCE CONTRACTORS CORPOR,4073553809,,,,FL,socrata:orlando_business_tax,,,,
standard,"CAMPS, RAFAEL",4078963880,,,,FL,socrata:orlando_business_tax,,,,
standard,FN PAINTING CO,4074276912,,,,FL,socrata:orlando_business_tax,,,,
standard,LIFESTYLE SIGHT & SOUND,4072929979,,,,FL,socrata:orlando_business_tax,,,,
standard,JOHN DAVIS SERVICES,4072755753,,,,FL,socrata:orlando_business_tax,,,,
standard,ANNIE L LUNA,3214606839,,,,FL,socrata:orlando_business_tax,,,,
standard,"CRUM, LARISSA R/APPREARANCES",4074231956,,,,FL,socrata:orlando_business_tax,,,,
standard,BENNETT ROAD BARBER SHOP(CLS 1,4078779439,,,,FL,socrata:orlando_business_tax,,,,
standard,JRF OFC LLC,4072260781,,,,FL,socrata:orlando_business_tax,,,,
standard,STEAM PROS,4078437767,,,,FL,socrata:orlando_business_tax,,,,
standard,STEVENS KITCHENS INC,4079711818,,,,FL,socrata:orlando_business_tax,,,,
standard,TIMOTHY MELVIN & ASSOC INC,4078985355,,,,FL,socrata:orlando_business_tax,,,,
standard,ASIA NAILS,4078127477,,,,FL,socrata:orlando_business_tax,,,,
standard,DIANE K JAFFE,4078940071,,,,FL,socrata:orlando_business_tax,,,,
standard,EMERGE MEDIA,4077665940,,,,FL,socrata:orlando_business_tax,,,,
standard,"GONZALEZ, MAITE/FLORIDA",4074663058,,,,FL,socrata:orlando_business_tax,,,,
standard,MAIN AUTOMOTIVE(CLS 10/03),4072999274,,,,FL,socrata:orlando_business_tax,,,,
standard,QUEST INC,4072184300,,,,FL,socrata:orlando_business_tax,,,,
standard,PARKER RENTALS LLC,4074845733,,,,FL,socrata:orlando_business_tax,,,,
standard,CHEAP GUYS COMPUTERS,4073790080,,,,FL,socrata:orlando_business_tax,,,,
standard,SOUTHEAST MORTGAGE GROUP INC,4072977767,,,,FL,socrata:orlando_business_tax,,,,
standard,"BOTWIN, DEBRA W/SEIFERT",4074230008,,,,FL,socrata:orlando_business_tax,,,,
standard,EAGLE DESIGN/BUILD INC,4074220059,,,,FL,socrata:orlando_business_tax,,,,
standard,"MESSER, J MICHAEL",4078976303,,,,FL,socrata:orlando_business_tax,,,,
standard,IRON HORSE RENTALS INC(CLS 02/,4074267091,,,,FL,socrata:orlando_business_tax,,,,
standard,QUADRIGA PRODUCTIONS INC,4078509555,,,,FL,socrata:orlando_business_tax,,,,
standard,BARBARA KLESCH INTERNATIONAL L,2196139938,,,,FL,socrata:orlando_business_tax,,,,
standard,BRAZILIAN JIU JITSU ACADEMY/CA,4072382022,,,,FL,socrata:orlando_business_tax,,,,
standard,"BURKE, CANDICE PA(CLS 10/03)",4076711033,,,,FL,socrata:orlando_business_tax,,,,
standard,PAREDES DESIGN CONSULTANTS,4078980199,,,,FL,socrata:orlando_business_tax,,,,
standard,ADVANCED INTERVENTIONAL CARDIO,8636797985,,,,FL,socrata:orlando_business_tax,,,,
standard,AMERUS LIFE INSURANCE CO,5152832371,,,,FL,socrata:orlando_business_tax,,,,
standard,"HERRMANN, TERESA A/AKERMAN",4078437680,,,,FL,socrata:orlando_business_tax,,,,
standard,"ARMSTRONG, HEATHER(TRANS TO 23",4072916156,,,,FL,socrata:orlando_business_tax,,,,
standard,THE HOME DEPOT,4079039900,,,,FL,socrata:orlando_business_tax,,,,
standard,T MOBILE,4253834000,,,,FL,socrata:orlando_business_tax,,,,
standard,ARTS SIGNS(CLS 01/04),4074225774,,,,FL,socrata:orlando_business_tax,,,,
standard,AUSTIN DIVERSIFIED PRODUCTS,9047391155,,,,FL,socrata:orlando_business_tax,,,,
standard,SOVEREIGN RESIDENTIAL SERVICES,4072289800,,,,FL,socrata:orlando_business_tax,,,,
standard,IT'S ALL ABOUT FASHION(CLS 04/,4076500162,,,,FL,socrata:orlando_business_tax,,,,
standard,LEG WINDOW CLEANING INC,4078963295,,,,FL,socrata:orlando_business_tax,,,,
standard,THREAD GRAPHICS EMBROIDERY INC,4077379075,,,,FL,socrata:orlando_business_tax,,,,
standard,C R E MACHINE INC,4072997978,,,,FL,socrata:orlando_business_tax,,,,
standard,INTERNATIONAL ALLIANCE OF THEATRICAL STAGE EMPLOYE,4076499669,,,,FL,socrata:orlando_business_tax,,,,
standard,DYKES EVERETT PA,4077702570,,,,FL,socrata:orlando_business_tax,,,,
standard,ZANDER NOAH NATALLANNI,5082028362,,,,FL,socrata:orlando_business_tax,,,,
standard,EXPRESS DELIVERY SERVICE OF CE,4076481567,,,,FL,socrata:orlando_business_tax,,,,
standard,MIGUEL A MENDEZ JR/ATTY,4072544400,,,,FL,socrata:orlando_business_tax,,,,
standard,"TRAN, HIEU UNLIMITED PERFORMAN",4076577502,,,,FL,socrata:orlando_business_tax,,,,
standard,STANDARD PARKING CORPORATION,4078356000,,,,FL,socrata:orlando_business_tax,,,,
standard,LOFTS AT SODO,4079967636,,,,FL,socrata:orlando_business_tax,,,,
standard,CINGULAR WIRELESS,4073631189,,,,FL,socrata:orlando_business_tax,,,,
standard,"ROEDER, CARRIE M/HERMAN",4074451990,,,,FL,socrata:orlando_business_tax,,,,
standard,REALCLEAN INC,4073069206,,,,FL,socrata:orlando_business_tax,,,,
standard,"THOUNG,TUYET ANH",4078490303,,,,FL,socrata:orlando_business_tax,,,,
standard,DONNALEE DEVELOPMENT,9082341550,,,,FL,socrata:orlando_business_tax,,,,
standard,A & E PROPERTIES LLC,4073995453,,,,FL,socrata:orlando_business_tax,,,,
standard,MACGREGOR SMITH BLUE PRINTER I,4074235944,,,,FL,socrata:orlando_business_tax,,,,
standard,DANNY ZIKO,4077157717,,,,FL,socrata:orlando_business_tax,,,,
standard,1.99 CITY,4078578653,,,,FL,socrata:orlando_business_tax,,,,
standard,CLASS ACT VACATION HOMES & MAN,4078937301,,,,FL,socrata:orlando_business_tax,,,,
standard,ISAAC MANZO/ MANZO & ASSOCIATE,4072874423,,,,FL,socrata:orlando_business_tax,,,,
standard,EVERYBODYS MOM(CLS BUSINESS WA,4078149908,,,,FL,socrata:orlando_business_tax,,,,
standard,RUSH MARSHALL JONES & KELLY PA,4074255500,,,,FL,socrata:orlando_business_tax,,,,
standard,CNAC,4072538161,,,,FL,socrata:orlando_business_tax,,,,
standard,FUSION HAIR DESIGN,4072952786,,,,FL,socrata:orlando_business_tax,,,,
standard,ADVANCED BODYCARE SOLUTIONS LL,4078546830,,,,FL,socrata:orlando_business_tax,,,,
standard,"PARK, G YOUNG",4072262184,,,,FL,socrata:orlando_business_tax,,,,
standard,EL RINCON BOHEMIO,4078121400,,,,FL,socrata:orlando_business_tax,,,,
standard,BIG DADDY HOT DOGS,3212887322,,,,FL,socrata:orlando_business_tax,,,,
standard,LANIER WORLDWIDE INC,7706211601,,,,FL,socrata:orlando_business_tax,,,,
standard,EASTSIDE BOXING ACADEMY(CLS 02,4076584930,,,,FL,socrata:orlando_business_tax,,,,
standard,"BURRIS JR, LAWRENCE C",4075327421,,,,FL,socrata:orlando_business_tax,,,,
standard,"SANTA MARIA, RENE I/NEW HORIZO",4077600070,,,,FL,socrata:orlando_business_tax,,,,
standard,GEPPEDDO,8013669500,,,,FL,socrata:orlando_business_tax,,,,
standard,BANK OF AMERICA NA,8132243618,,,,FL,socrata:orlando_business_tax,,,,
standard,ANGEL'S LANDING INC,4073759335,,,,FL,socrata:orlando_business_tax,,,,
standard,MYSTIC GRANITE & MARBLE INC,4072953447,,,,FL,socrata:orlando_business_tax,,,,
standard,CENTURY THREE,4073527006,,,,FL,socrata:orlando_business_tax,,,,
standard,"MALLOL, CARLOS/CONSUL TECH",4076498338,,,,FL,socrata:orlando_business_tax,,,,
standard,J & JS BAKERY & TAKE OUT RESTU,4075215078,,,,FL,socrata:orlando_business_tax,,,,
standard,DOUGLAS HUHN/DOUGLAS A HUHN DMD PA,4074226281,,,,FL,socrata:orlando_business_tax,,,,
standard,MOMS BEST COOKIES & ICE CREAM,4072988062,,,,FL,socrata:orlando_business_tax,,,,
standard,SANDY ENGINEERING INC,4077677528,,,,FL,socrata:orlando_business_tax,,,,
standard,TRANSFORMATION BEAUTY SALON,4072935714,,,,FL,socrata:orlando_business_tax,,,,
standard,ATLANTIC GULF OIL CO INC,4078438980,,,,FL,socrata:orlando_business_tax,,,,
standard,SIEMENS MEDICAL SOLUTIONS USA,4075715740,,,,FL,socrata:orlando_business_tax,,,,
standard,"MEDINA, MICHELLE/PREFFERED",4072734500,,,,FL,socrata:orlando_business_tax,,,,
standard,MISUZU JAPANESE RESTAURANT(CLS,4072922272,,,,FL,socrata:orlando_business_tax,,,,
standard,DOROTHY MCMICHEN/MCMICHEN CINAMI & DEMPS PLLC,4078982161,,,,FL,socrata:orlando_business_tax,,,,
standard,DRAGON FIRE SPORTS(CLS 10/03),4072973848,,,,FL,socrata:orlando_business_tax,,,,
standard,"MILLER, PAMELA/BOYLE",4074251100,,,,FL,socrata:orlando_business_tax,,,,
standard,EXPERIENCE FLORIDA INC,4072960056,,,,FL,socrata:orlando_business_tax,,,,
standard,MOBILE LIMB & BRACE INC,4078761082,,,,FL,socrata:orlando_business_tax,,,,
standard,AVALON GARDENS LLC,4076497674,,,,FL,socrata:orlando_business_tax,,,,
standard,CEREBRIANT CORPORATION,4079709372,,,,FL,socrata:orlando_business_tax,,,,
standard,HOT PINK GENERAL SERVICES INC,4072752670,,,,FL,socrata:orlando_business_tax,,,,
standard,PATS WALLPAPERING INC,4072956912,,,,FL,socrata:orlando_business_tax,,,,
standard,EUDENE HARRY/OASIS FOR OPTIMAL,4079099590,,,,FL,socrata:orlando_business_tax,,,,
standard,NICHOLAS G BAGNOLI,4072939998,,,,FL,socrata:orlando_business_tax,,,,
standard,PAIN CENTER OF CENTRAL FLA PA,4075781001,,,,FL,socrata:orlando_business_tax,,,,
standard,THE QUEEN OF EVERYTHING,4072933207,,,,FL,socrata:orlando_business_tax,,,,
standard,HOLIDAY INN DINER,4079962030,,,,FL,socrata:orlando_business_tax,,,,
standard,INTERNATIONAL CALCULATOR & COM,4078980081,,,,FL,socrata:orlando_business_tax,,,,
standard,PREMIER MOTORING LLC,3212291500,,,,FL,socrata:orlando_business_tax,,,,
standard,LA VINA GIFT AND PARTY SUPPLY(,4072736137,,,,FL,socrata:orlando_business_tax,,,,
standard,OTTO IMPORT & EXPORT,4077372869,,,,FL,socrata:orlando_business_tax,,,,
standard,PRO TECH AIR CONDITIONING & HE,4072911643,,,,FL,socrata:orlando_business_tax,,,,
standard,PRESTIGE (PST) CORP(CLS 04/04),4072987118,,,,FL,socrata:orlando_business_tax,,,,
standard,COCKTAILS PLUS,4078351040,,,,FL,socrata:orlando_business_tax,,,,
standard,ORLANDO PACKAGING & SHIPPING,4078414287,,,,FL,socrata:orlando_business_tax,,,,
standard,"AGURTOR, VICTO(CLS 02/04)",3213031698,,,,FL,socrata:orlando_business_tax,,,,
standard,TRIANGLE USA MORTGAGE CORPORAT,4076282133,,,,FL,socrata:orlando_business_tax,,,,
standard,NATIONAL FIRE & INDEMNITY EXCH,3148321118,,,,FL,socrata:orlando_business_tax,,,,
standard,"HUEBSCH, JAMES D/LBFH",4072060490,,,,FL,socrata:orlando_business_tax,,,,
standard,REGINA LOWE,4079829115,,,,FL,socrata:orlando_business_tax,,,,
standard,ALL INCLUSIVE FORECLOSURE CLEA,4074524047,,,,FL,socrata:orlando_business_tax,,,,
standard,FORTUNE RESTAURANT INC,4072460656,,,,FL,socrata:orlando_business_tax,,,,
standard,CHAE S KIM DIAMOND CLEANERS,4072819761,,,,FL,socrata:orlando_business_tax,,,,
standard,FLORIDA SCREEN SERVICES INC,4073302075,,,,FL,socrata:orlando_business_tax,,,,
standard,SHERWOOD FARMS INC,3524292101,,,,FL,socrata:orlando_business_tax,,,,
standard,HAPPY FEET INC,4078343338,,,,FL,socrata:orlando_business_tax,,,,
standard,VICTORIAS SECRET STORES LLC,6145777738,,,,FL,socrata:orlando_business_tax,,,,
standard,TOP CARE CHIROPRACTICE &(CLS 0,4075236492,,,,FL,socrata:orlando_business_tax,,,,
standard,HEAVEN SCENT ELITE CLEANING,4073846000,,,,FL,socrata:orlando_business_tax,,,,
standard,DURABLE CONSTRUCTION INC,4074897007,,,,FL,socrata:orlando_business_tax,,,,
standard,EXOTICA FLORAL DESIGN STUDIO B,4073760708,,,,FL,socrata:orlando_business_tax,,,,
standard,ELSA J ALVAREZ,4077361149,,,,FL,socrata:orlando_business_tax,,,,
standard,FAMILY HAIR SERVICE INC,4078985995,,,,FL,socrata:orlando_business_tax,,,,
standard,"SUAREZ, JUANITA(CLS 04/04)",4074829408,,,,FL,socrata:orlando_business_tax,,,,
standard,STEAK-OUT,4078956400,,,,FL,socrata:orlando_business_tax,,,,
standard,WINGFOOT COMMERCIAL TIRE SYSTE,4078437773,,,,FL,socrata:orlando_business_tax,,,,
standard,CHARMS COUTURE LLC,4073523190,,,,FL,socrata:orlando_business_tax,,,,
standard,VEYTEC INC,4077650398,,,,FL,socrata:orlando_business_tax,,,,
standard,A LASTING IMAGE,4073321474,,,,FL,socrata:orlando_business_tax,,,,
standard,MILLENNIUM CULTURED MARBLE,4078328836,,,,FL,socrata:orlando_business_tax,,,,
standard,ACCESS RACK INC,4073458320,,,,FL,socrata:orlando_business_tax,,,,
standard,ORLANDO HEALTH CALLS,4078543100,,,,FL,socrata:orlando_business_tax,,,,
standard,MICROMAX OF NORTH AMERICA CORP,4078722214,,,,FL,socrata:orlando_business_tax,,,,
standard,JOE FISHER CONSTRUCTION INC,9417953977,,,,FL,socrata:orlando_business_tax,,,,
standard,"ADAMS, DAVID/WEINER CHARIOT",4076221682,,,,FL,socrata:orlando_business_tax,,,,
standard,"JEFFERS, DARCY S(CLS 12/03)",4078390935,,,,FL,socrata:orlando_business_tax,,,,
standard,EASY WAY COIN LAUNDRY,4078987051,,,,FL,socrata:orlando_business_tax,,,,
standard,AMERICAN CASH FLOW ASSOCIATION,4078432032,,,,FL,socrata:orlando_business_tax,,,,
standard,INTERLINE TOUR LLC,4407155972,,,,FL,socrata:orlando_business_tax,,,,
standard,ANDREW ENSOR,7656572999,,,,FL,socrata:orlando_business_tax,,,,
standard,FLORIDA FROSTBITE(CLS 10/03),4073168596,,,,FL,socrata:orlando_business_tax,,,,
standard,PLAZA GIFTS & JEWELRY INC,4078761362,,,,FL,socrata:orlando_business_tax,,,,
standard,EMANUEL SPATCHER,4078433390,,,,FL,socrata:orlando_business_tax,,,,
standard,MICHAEL FULLER MARINE PHOTOGRA,4072922727,,,,FL,socrata:orlando_business_tax,,,,
standard,SHOE LAND,4073219787,,,,FL,socrata:orlando_business_tax,,,,
standard,CDL MARKETING INC,4072521773,,,,FL,socrata:orlando_business_tax,,,,
standard,"WETTER, LARRY M CARPENTRY",4072400577,,,,FL,socrata:orlando_business_tax,,,,
standard,TASTING ROOM,4078883533,,,,FL,socrata:orlando_business_tax,,,,
standard,ABN MODEL & TALENT GROUP INC(T,4072382221,,,,FL,socrata:orlando_business_tax,,,,
standard,PLANT AND MACHINERY INTERNATIO,4075745449,,,,FL,socrata:orlando_business_tax,,,,
standard,RENEGADE ALUMINUM PRODUCTS INC,4074476003,,,,FL,socrata:orlando_business_tax,,,,
standard,EL POTRO MEXICAN RESTAURANT OF,4074171319,,,,FL,socrata:orlando_business_tax,,,,
standard,"BEHRMANN, DONALD L/ORLANDO",4074257470,,,,FL,socrata:orlando_business_tax,,,,
standard,XYMOGEN,4074450203,,,,FL,socrata:orlando_business_tax,,,,
standard,"ANDERSON, BARBARA",4076444452,,,,FL,socrata:orlando_business_tax,,,,
standard,STOVALL CONSTRUCTION INC,8175721331,,,,FL,socrata:orlando_business_tax,,,,
standard,"HAUGTON, MONIQUE Y",4078165580,,,,FL,socrata:orlando_business_tax,,,,
standard,DAVID L EVANS/EVANS,4074222626,,,,FL,socrata:orlando_business_tax,,,,
standard,FLORIANA PASTA COMPANY(CLS 04/,4076478464,,,,FL,socrata:orlando_business_tax,,,,
standard,NEHA ENTERPRISES INC(CLS 02/04,3857540716,,,,FL,socrata:orlando_business_tax,,,,
standard,D.C. BARRETT INTERNATIONL INC,4075224757,,,,FL,socrata:orlando_business_tax,,,,
standard,PARTNERS IN HEALTH,4074454921,,,,FL,socrata:orlando_business_tax,,,,
standard,HEALTHY PATH,4077660530,,,,FL,socrata:orlando_business_tax,,,,
standard,"HOWARD, TOD A",4076447041,,,,FL,socrata:orlando_business_tax,,,,
standard,"DAVIS, MERLINE",4075785424,,,,FL,socrata:orlando_business_tax,,,,
standard,"PARIENTE, CESAR RAIKO/DREAM HO",4079265772,,,,FL,socrata:orlando_business_tax,,,,
standard,THE CRAB HOUSE,3215046507,,,,FL,socrata:orlando_business_tax,,,,
standard,KIDS & COMPANY,4072775160,,,,FL,socrata:orlando_business_tax,,,,
standard,COURTYARDS OF ORLANDO CARE CEN,4072995404,,,,FL,socrata:orlando_business_tax,,,,
standard,FREEDOM CAR SERVICES INC,4072488889,,,,FL,socrata:orlando_business_tax,,,,
standard,EXAM COORDINATORS NETWORK,5613925001,,,,FL,socrata:orlando_business_tax,,,,
standard,MARYANN MOWERY COMMUNICATIONS(,4072777336,,,,FL,socrata:orlando_business_tax,,,,
standard,LEADCO INC (CLOSED 04/03),4075785769,,,,FL,socrata:orlando_business_tax,,,,
standard,FLORIDA ASSOCIATION OF REALTOR,4074381400,,,,FL,socrata:orlando_business_tax,,,,
standard,EVER AFTER CELEBRATIONS,4075210737,,,,FL,socrata:orlando_business_tax,,,,
standard,CREW CALL INC,4073639055,,,,FL,socrata:orlando_business_tax,,,,
standard,DEBORAH SALZ/FACIAL PARALYSIS,4078960090,,,,FL,socrata:orlando_business_tax,,,,
standard,KWELIWORKS INSTITUTE LLC,4075232801,,,,FL,socrata:orlando_business_tax,,,,
standard,GET WIRED INC,4076199491,,,,FL,socrata:orlando_business_tax,,,,
standard,CHICK FIL A AT KIRKMAN & CONRO,4072959034,,,,FL,socrata:orlando_business_tax,,,,
standard,KELWHIP INDUSTRIES,4076447317,,,,FL,socrata:orlando_business_tax,,,,
standard,AUTOMATED MEDICAL SERVICE INC,4073510035,,,,FL,socrata:orlando_business_tax,,,,
standard,THE CANDY JAR(CLS 04/04),4072480415,,,,FL,socrata:orlando_business_tax,,,,
standard,"COX JR, EDWARD T ATTORNEY AT L",4074256604,,,,FL,socrata:orlando_business_tax,,,,
standard,MAGIC BEAUTY INC,4078393431,,,,FL,socrata:orlando_business_tax,,,,
standard,NIMAR INCORPORATED,4076581689,,,,FL,socrata:orlando_business_tax,,,,
standard,NICHOLAS A SHANNIN/SHANNIN LAW,4079822222,,,,FL,socrata:orlando_business_tax,,,,
standard,NEUTRO ENTERPRISES LLC,3213310080,,,,FL,socrata:orlando_business_tax,,,,
standard,WESTMINSTER TOWERS,4078411310,,,,FL,socrata:orlando_business_tax,,,,
standard,"KATA, EDWARD MD/MID-FLA UROLOG",4078961181,,,,FL,socrata:orlando_business_tax,,,,
standard,JACKSONVILLE CHIROPRACTIC CENT,4072078284,,,,FL,socrata:orlando_business_tax,,,,
standard,THE MARANA GROUP INC,4072461486,,,,FL,socrata:orlando_business_tax,,,,
standard,PARCEL PLUS 257,4078720533,,,,FL,socrata:orlando_business_tax,,,,
standard,HOPE MARIE GIOVELLI/ DALE DEES,4077562478,,,,FL,socrata:orlando_business_tax,,,,
standard,PACIFIC ENTERPRISE LLC,4072901118,,,,FL,socrata:orlando_business_tax,,,,
standard,TOTAL CONVENIENCE WORKS LC,4078768354,,,,FL,socrata:orlando_business_tax,,,,
standard,GREENOUGH INTERIORS & MORE,3213034700,,,,FL,socrata:orlando_business_tax,,,,
standard,"MALMSTROM, M J/LISA LISA",4072273079,,,,FL,socrata:orlando_business_tax,,,,
standard,"BARTLEY, THOMAS E/TECO ENERGY",4074202660,,,,FL,socrata:orlando_business_tax,,,,
standard,"LOUGHNER, BARRY A/CENTRAL FLOR",4078432261,,,,FL,socrata:orlando_business_tax,,,,
standard,PROASSEMBLER,4072912932,,,,FL,socrata:orlando_business_tax,,,,
standard,PATRICIA L GEARY,4076824914,,,,FL,socrata:orlando_business_tax,,,,
standard,"CULBERTSON, RICHARD A ATTORNEY",4078940888,,,,FL,socrata:orlando_business_tax,,,,
standard,"UTLEY, HOLLY/CAJENE",3219451371,,,,FL,socrata:orlando_business_tax,,,,
standard,F1 EXPRESS COURIER SERVICE,4076509067,,,,FL,socrata:orlando_business_tax,,,,
standard,DISCOUNT BEAUTY SUPPLY(CLS 10/,4078590267,,,,FL,socrata:orlando_business_tax,,,,
standard,LETS TALK CAFE,4076725774,,,,FL,socrata:orlando_business_tax,,,,
standard,"SELLIER-FLYNN, NICK",4078953492,,,,FL,socrata:orlando_business_tax,,,,
standard,PARKWAY DESIGN GROUP INC,4076786506,,,,FL,socrata:orlando_business_tax,,,,
standard,TODD E COPELAND & ASSOCIATES P,4079998995,,,,FL,socrata:orlando_business_tax,,,,
standard,INDUSTRIAL FASTENERS OF ORLAND,4078941132,,,,FL,socrata:orlando_business_tax,,,,
standard,REGAL DECORATING AND PAINT CEN,5616595599,,,,FL,socrata:orlando_business_tax,,,,
standard,ROCK & WATERSCAPE SYSTEMS INC,4072940860,,,,FL,socrata:orlando_business_tax,,,,
standard,MICHAEL SPAIN,4078441100,,,,FL,socrata:orlando_business_tax,,,,
standard,SHANE E FISCHER PA,4078087384,,,,FL,socrata:orlando_business_tax,,,,
standard,"PATTISAPU, JOGI V MD",4078763588,,,,FL,socrata:orlando_business_tax,,,,
standard,"BRAY, SCOTT J",4076581341,,,,FL,socrata:orlando_business_tax,,,,
standard,DEBORAH HARDING/SAND LAKE MEDI,4079035640,,,,FL,socrata:orlando_business_tax,,,,
standard,THE ECO STORE INC (TRNS TO 364,4076958775,,,,FL,socrata:orlando_business_tax,,,,
standard,JANINE LOCKHART LAWN SERVICE(C,4076487426,,,,FL,socrata:orlando_business_tax,,,,
standard,VAN HEUSEN FACTORY STORE #097,9086851155,,,,FL,socrata:orlando_business_tax,,,,
standard,H S & TRIM INC,4078950552,,,,FL,socrata:orlando_business_tax,,,,
standard,CATHAY REALTY INC,4073485034,,,,FL,socrata:orlando_business_tax,,,,
standard,MORTGAGEE TITLE SERVICES INC,4078434000,,,,FL,socrata:orlando_business_tax,,,,
standard,CARSWELLS VENDING SERVICE,4076489648,,,,FL,socrata:orlando_business_tax,,,,
standard,"DUMAS, BERTHONY(CLS 09/03)",4072988435,,,,FL,socrata:orlando_business_tax,,,,
standard,ROTECH OXYGEN & MEDICAL EQUIPM,4078412115,,,,FL,socrata:orlando_business_tax,,,,
standard,"REILLY, BERNARD T/REILLY",4076443526,,,,FL,socrata:orlando_business_tax,,,,
standard,SOFIA MASSAGE STUDIO,4078936261,,,,FL,socrata:orlando_business_tax,,,,
standard,RONALD C KNIPE/RONALD,4075812888,,,,FL,socrata:orlando_business_tax,,,,
standard,BRODYS ICE CREAM,4073638340,,,,FL,socrata:orlando_business_tax,,,,
standard,CONVERSE INC,4073705072,,,,FL,socrata:orlando_business_tax,,,,
standard,"RUEDA, OSCAR",4076561658,,,,FL,socrata:orlando_business_tax,,,,
standard,CHRISTOPHER WANKO ARTS & CRAFT,4072013577,,,,FL,socrata:orlando_business_tax,,,,
standard,TANGERINE DESIGN STUDIOS,4078987557,,,,FL,socrata:orlando_business_tax,,,,
standard,"TOWNSEND, CHENOA L",4072758813,,,,FL,socrata:orlando_business_tax,,,,
standard,CLUB QUEST,4075784353,,,,FL,socrata:orlando_business_tax,,,,
standard,S MORGANS INC,4074917756,,,,FL,socrata:orlando_business_tax,,,,
standard,EL RODEO NIGHTCLUB,4074488549,,,,FL,socrata:orlando_business_tax,,,,
standard,SKY TILE & MARBLE CORP,4072354875,,,,FL,socrata:orlando_business_tax,,,,
standard,"NOBLE, MARK(CLS 09/03)",4079486259,,,,FL,socrata:orlando_business_tax,,,,
standard,PYRAMID PROFESIONAL CABINETRY,4072406981,,,,FL,socrata:orlando_business_tax,,,,
standard,COLEMAN AMERICAN OF FLORIDA LL,4078512770,,,,FL,socrata:orlando_business_tax,,,,
standard,DIANE H BURNS INTERIOR DESIGN,4074251299,,,,FL,socrata:orlando_business_tax,,,,
standard,DELONG ADVERTISING INC,4078495155,,,,FL,socrata:orlando_business_tax,,,,
standard,ANNA SO PHOTOGRAPHY LLC,4072829921,,,,FL,socrata:orlando_business_tax,,,,
standard,PURITY PRODUCTS INC,8006540235,,,,FL,socrata:orlando_business_tax,,,,
standard,LUIZ ROSA INC,4073762940,,,,FL,socrata:orlando_business_tax,,,,
standard,MARIA BERRIO GIRALDO,4076928082,,,,FL,socrata:orlando_business_tax,,,,
standard,MAYRAS WAVE LENGHTS HAIR SALON,4079537136,,,,FL,socrata:orlando_business_tax,,,,
standard,DI VANG 2 BIDA,4079291906,,,,FL,socrata:orlando_business_tax,,,,
standard,THE SOUTHERN GROUP OF FLORIDA INC,8502220821,,,,FL,socrata:orlando_business_tax,,,,
standard,INTERMARK DESIGN GROUP INC,4074269975,,,,FL,socrata:orlando_business_tax,,,,
standard,STUDIO CONCORD APTS% MURPHY,4076482008,,,,FL,socrata:orlando_business_tax,,,,
standard,TPK LLC,4079359653,,,,FL,socrata:orlando_business_tax,,,,
standard,BRIAN C HOGAN PA,4078553514,,,,FL,socrata:orlando_business_tax,,,,
standard,MODERN REELS INC,4072473490,,,,FL,socrata:orlando_business_tax,,,,
standard,ECONOMY FISH MARKET,4078439528,,,,FL,socrata:orlando_business_tax,,,,
standard,"LIVINGSTON, SCOTT A",4078395818,,,,FL,socrata:orlando_business_tax,,,,
standard,A PLUS MARKETING(CLS 10/03),4078571151,,,,FL,socrata:orlando_business_tax,,,,
standard,"CONSOLI,FRANK ANTHONY/CARTER",4075141400,,,,FL,socrata:orlando_business_tax,,,,
standard,ICE TWISTER COMPANY,4078720779,,,,FL,socrata:orlando_business_tax,,,,
standard,DEMETREE DEVELOPMENT INC,4078436507,,,,FL,socrata:orlando_business_tax,,,,
standard,THE S E BAKER GROUP INC,4077744335,,,,FL,socrata:orlando_business_tax,,,,
standard,"ANDRADE, GRECIA/A NEW (CLOSED",4072389976,,,,FL,socrata:orlando_business_tax,,,,
standard,GERMAN AUTO SERVICE,4074470000,,,,FL,socrata:orlando_business_tax,,,,
standard,LINDA J ENSLOW,4074227716,,,,FL,socrata:orlando_business_tax,,,,
standard,A & M PAWN,4074256069,,,,FL,socrata:orlando_business_tax,,,,
standard,"CARR, MARY L/M L CARR",4072280866,,,,FL,socrata:orlando_business_tax,,,,
standard,OLVIYA INC,4078608763,,,,FL,socrata:orlando_business_tax,,,,
standard,ACME CLEANERS INC,4078412301,,,,FL,socrata:orlando_business_tax,,,,
standard,BIZ GURU LLC,4072103886,,,,FL,socrata:orlando_business_tax,,,,
standard,"GOOLCHARAN, RUDOLPH",4073829704,,,,FL,socrata:orlando_business_tax,,,,
standard,AGF MANAGEMENT LLC,4074270433,,,,FL,socrata:orlando_business_tax,,,,
standard,ATLANTIC PAYMENT SOLUTIONS LLC,4078238628,,,,FL,socrata:orlando_business_tax,,,,
standard,EMAN(CLS 01/04),4073137801,,,,FL,socrata:orlando_business_tax,,,,
standard,ALVARANKINE CLEANING SERVICES,4074083153,,,,FL,socrata:orlando_business_tax,,,,
standard,FARRIS RIGGS BEE'S CHOCOLATES,4078960223,,,,FL,socrata:orlando_business_tax,,,,
standard,"SIGMAN, LISA C.",4078358990,,,,FL,socrata:orlando_business_tax,,,,
standard,THE NORTHSTAR FAMILY INC,4074261246,,,,FL,socrata:orlando_business_tax,,,,
standard,COBALT TELECOM INC,4782727850,,,,FL,socrata:orlando_business_tax,,,,
standard,METCALF & EDDY INC,9547457200,,,,FL,socrata:orlando_business_tax,,,,
standard,CENTER FOR PRO TOOLS INC(CLS 1,4076779907,,,,FL,socrata:orlando_business_tax,,,,
standard,HAIR FASHION FROM PARIS,4075237558,,,,FL,socrata:orlando_business_tax,,,,
standard,TECHNI LUX INC,4077582882,,,,FL,socrata:orlando_business_tax,,,,
standard,SHON JOSEPH DOUCTRE/PRIVATE,4076940651,,,,FL,socrata:orlando_business_tax,,,,
standard,RESTAURANT PARTNERS INC,4078395070,,,,FL,socrata:orlando_business_tax,,,,
standard,TACO BELL #4089,4078490098,,,,FL,socrata:orlando_business_tax,,,,
standard,"FRETWELL, PHILLIP Z/PROTIVITI",8132224709,,,,FL,socrata:orlando_business_tax,,,,
standard,ALL STAR LAWN AND LANDSCAPE IN,4076256918,,,,FL,socrata:orlando_business_tax,,,,
standard,UNIQUE INTERIORS PLUS(CLS 02/0,4078961970,,,,FL,socrata:orlando_business_tax,,,,
standard,DHI TITLE OF FLORIDA INC,4078127400,,,,FL,socrata:orlando_business_tax,,,,
standard,AUTOMOTIVE TECHNICAL INSTITUTE,4074354855,,,,FL,socrata:orlando_business_tax,,,,
standard,GORDON HARGROVE & JAMES PA,9545272800,,,,FL,socrata:orlando_business_tax,,,,
standard,WET PETS TROPICAL FISH,4076973400,,,,FL,socrata:orlando_business_tax,,,,
standard,"LIVINGSTON, FLOYD MD/CHILDRENS",4076473379,,,,FL,socrata:orlando_business_tax,,,,
standard,REAL DEAL BUSINESS CENTERS LLC,4074931770,,,,FL,socrata:orlando_business_tax,,,,
standard,DISCOUNT AUTO CENTER AND MUFFL,4074258401,,,,FL,socrata:orlando_business_tax,,,,
standard,"GONZALEZ, CARMEN I/INTERNATION",4072814080,,,,FL,socrata:orlando_business_tax,,,,
standard,UNITED BUFFET,4072282899,,,,FL,socrata:orlando_business_tax,,,,
standard,"HYMAN, STUART",4078960536,,,,FL,socrata:orlando_business_tax,,,,
standard,IAUTOSTRIPE,3522419021,,,,FL,socrata:orlando_business_tax,,,,
standard,ROYAL MAID SERVICE,4079997608,,,,FL,socrata:orlando_business_tax,,,,
standard,CENTRAL FLA TREATMENT CENTER,4078430041,,,,FL,socrata:orlando_business_tax,,,,
standard,HOLDER COMMUNICATIONS & LOGIST,3212997743,,,,FL,socrata:orlando_business_tax,,,,
standard,WHITE HOUSE BLACK MARKET INC,2392745157,,,,FL,socrata:orlando_business_tax,,,,
standard,KIARA BEAUTY SUPPLY DISTRIBUTI,4072081212,,,,FL,socrata:orlando_business_tax,,,,
standard,C DOVE ENTERPRISES INC,4072910168,,,,FL,socrata:orlando_business_tax,,,,
standard,TWO BROTHERS GIFT SHOP #2,4073458880,,,,FL,socrata:orlando_business_tax,,,,
standard,FENCE IT UP LLC,3219465447,,,,FL,socrata:orlando_business_tax,,,,
standard,ABSOLUTE EROSION CONTROL LLC,4077295881,,,,FL,socrata:orlando_business_tax,,,,
standard,A PREMIER VALET PARKING & LIMO,4075783019,,,,FL,socrata:orlando_business_tax,,,,
standard,DP MOTORS,4073705340,,,,FL,socrata:orlando_business_tax,,,,
standard,4JAYS,4078601896,,,,FL,socrata:orlando_business_tax,,,,
standard,MATTHEW MICHAELS SALON INC,4078969892,,,,FL,socrata:orlando_business_tax,,,,
standard,"LUBET, MARC L",4078419336,,,,FL,socrata:orlando_business_tax,,,,
standard,ADVANCED AMUSEMENTS LC,3055990095,,,,FL,socrata:orlando_business_tax,,,,
standard,MARCKESE DESIGN STUDIO,4078977058,,,,FL,socrata:orlando_business_tax,,,,
standard,NETWORK SUPPORT OF FLORIDA,3212170307,,,,FL,socrata:orlando_business_tax,,,,
standard,C & I CLEANING SERVICES,4073406216,,,,FL,socrata:orlando_business_tax,,,,
standard,MICRO SYSTEMS DESIGN INC,4078957402,,,,FL,socrata:orlando_business_tax,,,,
standard,"PARRAMOURE, MARC",4077888915,,,,FL,socrata:orlando_business_tax,,,,
standard,SOUTHERN INSTALLATION,4072996667,,,,FL,socrata:orlando_business_tax,,,,
standard,"SCOTT, AVA D (CLS 10/03)",4078987912,,,,FL,socrata:orlando_business_tax,,,,
standard,"HENDERSON, KATHRYN DARLINGTON/",4074810123,,,,FL,socrata:orlando_business_tax,,,,
standard,"BARNARD, THOMAS ANDREW MD/FLOR",9043875600,,,,FL,socrata:orlando_business_tax,,,,
standard,ONE STOP LOBBY SHOP (CLOSED BY,4074437535,,,,FL,socrata:orlando_business_tax,,,,
standard,NEW AMERICA FINE ART FESTIVAL,3219488310,,,,FL,socrata:orlando_business_tax,,,,
standard,"PIERCE, JOSHUA & HUGHES, JENIF",4079276775,,,,FL,socrata:orlando_business_tax,,,,
standard,STATION 441 INC,4078720772,,,,FL,socrata:orlando_business_tax,,,,
standard,GLOBEX ENTERPRISES LLC,4079999933,,,,FL,socrata:orlando_business_tax,,,,
standard,JEANS CENTER INC,4073807264,,,,FL,socrata:orlando_business_tax,,,,
standard,"RHODES, THOMAS E",4078987715,,,,FL,socrata:orlando_business_tax,,,,
standard,"VINUEZA, JUAN JOSE(CLS 09/03)",4077092211,,,,FL,socrata:orlando_business_tax,,,,
standard,CARLOS SANCHEZ & OMAR CAMARGO,4079296204,,,,FL,socrata:orlando_business_tax,,,,
standard,"BUTTERFIELD, ROBERT G/COMPREHE",4078764585,,,,FL,socrata:orlando_business_tax,,,,
standard,BAYBROOK FINANCIAL LLC,4076410188,,,,FL,socrata:orlando_business_tax,,,,
standard,SOUTHERN AUTOMOTIVE FINANCE CO,4072436150,,,,FL,socrata:orlando_business_tax,,,,
standard,THATS ME INC,4078391660,,,,FL,socrata:orlando_business_tax,,,,
standard,ELECTRONICS 4 LESS(CLS 10/03),4075217867,,,,FL,socrata:orlando_business_tax,,,,
standard,COASTAL TECHNICAL SERVICES LLC,7706424144,,,,FL,socrata:orlando_business_tax,,,,
standard,FERREIRAS CAFE,4078936300,,,,FL,socrata:orlando_business_tax,,,,
standard,"HEDGE, HAROLD G",4074253939,,,,FL,socrata:orlando_business_tax,,,,
standard,SPLIT ROCK SUPPLY CO,4078989875,,,,FL,socrata:orlando_business_tax,,,,
standard,LIL CHAMP FOOD STORE #1261/TAX,9197746700,,,,FL,socrata:orlando_business_tax,,,,
standard,MILLENIA CAFE AND CATERING,4076884978,,,,FL,socrata:orlando_business_tax,,,,
standard,ORLANDO ALLTERRAIN MONSTERS IN,4078776017,,,,FL,socrata:orlando_business_tax,,,,
standard,"BRENNER, ALANA C ATTORNEY AT L",4074229010,,,,FL,socrata:orlando_business_tax,,,,
standard,"RUTLAND, EDWARD COUNSELING",4075401122,,,,FL,socrata:orlando_business_tax,,,,
standard,DIVERSIFIED GOLF CARS INC,4079733439,,,,FL,socrata:orlando_business_tax,,,,
standard,JOY'S COTTAGE,4079295036,,,,FL,socrata:orlando_business_tax,,,,
standard,CENTERAMERICA PROPERTY TRUST(C,4076445466,,,,FL,socrata:orlando_business_tax,,,,
standard,DOCTOR MOON PA,3214401304,,,,FL,socrata:orlando_business_tax,,,,
standard,"DURNI, KATE(CLS 04/13/04)",4074380967,,,,FL,socrata:orlando_business_tax,,,,
standard,HI TECH PRO SHOP,4073833240,,,,FL,socrata:orlando_business_tax,,,,
standard,USA TOP FASHION(CLS 01/04),4073978998,,,,FL,socrata:orlando_business_tax,,,,
standard,"COBB, NAPOLEON B OD",4076496449,,,,FL,socrata:orlando_business_tax,,,,
standard,NEAL MCLEAN,4073463794,,,,FL,socrata:orlando_business_tax,,,,
standard,MOO SUL KWAN MARTIAL ARTS INST,4072983936,,,,FL,socrata:orlando_business_tax,,,,
standard,ALLTECH SPA SERVICE INC,4072775326,,,,FL,socrata:orlando_business_tax,,,,
standard,CAROLINE'S FLOWERS,4078949856,,,,FL,socrata:orlando_business_tax,,,,
standard,ALL GUEST SERVICES,4072954894,,,,FL,socrata:orlando_business_tax,,,,
standard,JOHN NICHOLAS,4072866259,,,,FL,socrata:orlando_business_tax,,,,
standard,CARIBBEAN SUNSHINE BAKERY(CLS,4077588101,,,,FL,socrata:orlando_business_tax,,,,
standard,DCC WINDOW BUILDING SUPPLIES I,4076990008,,,,FL,socrata:orlando_business_tax,,,,
standard,SAXON-CLARK FURNITURE,4077880836,,,,FL,socrata:orlando_business_tax,,,,
standard,FORIZS & DOGALI PL,4072530846,,,,FL,socrata:orlando_business_tax,,,,
standard,H & S ELECTRICAL INC,4075092668,,,,FL,socrata:orlando_business_tax,,,,
standard,E L THOMPSON ASSOCIATES LLC,4078724726,,,,FL,socrata:orlando_business_tax,,,,
standard,SPENCER DESIGN GROUP,4077013733,,,,FL,socrata:orlando_business_tax,,,,
standard,DEES HOT DOGS,4074823928,,,,FL,socrata:orlando_business_tax,,,,
standard,"MCKEEVER, MATTHEW/GRUBB",4074231200,,,,FL,socrata:orlando_business_tax,,,,
standard,"J D ALLEN GROUP INC, THE",4078897730,,,,FL,socrata:orlando_business_tax,,,,
standard,TIJUANA RESTAURANT(CLS 02/03),4072081766,,,,FL,socrata:orlando_business_tax,,,,
standard,PALM GROVE GARDEN APARTMENTS,4072959873,,,,FL,socrata:orlando_business_tax,,,,
standard,RESERVE AT ROSEMONT I,4072911891,,,,FL,socrata:orlando_business_tax,,,,
standard,CHASE INS LIFE & ANNUITY CO,8479307505,,,,FL,socrata:orlando_business_tax,,,,
standard,APARTMENT WASTE MANAGEMENT CO,3213887515,,,,FL,socrata:orlando_business_tax,,,,
standard,RAM CUSTOM UPHOLSTERY,4078942328,,,,FL,socrata:orlando_business_tax,,,,
standard,JOE DOWELL,7708151265,,,,FL,socrata:orlando_business_tax,,,,
standard,GUARANTY NATIONAL INS CO,8004564642,,,,FL,socrata:orlando_business_tax,,,,
standard,BLUE BISTRO & GRILL,4078985660,,,,FL,socrata:orlando_business_tax,,,,
standard,ULTIMATE ALUMINUM & RESCREEN L,4074437693,,,,FL,socrata:orlando_business_tax,,,,
standard,M & B DRYWALL,4072284202,,,,FL,socrata:orlando_business_tax,,,,
standard,AMERICAN EAGLE OUTFITTER,8156096451,,,,FL,socrata:orlando_business_tax,,,,
standard,LAW OFFICE OF FELIX T AGUILU P,4074269600,,,,FL,socrata:orlando_business_tax,,,,
standard,ALBA VALLEJO AV CLEANING SERVI,4073849078,,,,FL,socrata:orlando_business_tax,,,,
standard,"VILLEGAS, LUIS",4077373989,,,,FL,socrata:orlando_business_tax,,,,
standard,MAVEN INDUSTRIES LLC,4074467227,,,,FL,socrata:orlando_business_tax,,,,
standard,ALTRONICS SERVICES INC,4076470091,,,,FL,socrata:orlando_business_tax,,,,
standard,RUSSELL GAGNON,6306770506,,,,FL,socrata:orlando_business_tax,,,,
standard,NICKYLE ALTERNATIVE MOTORS LLC,4077709192,,,,FL,socrata:orlando_business_tax,,,,
standard,MUEBLERIAS CAMPOS FURNITURE(CL,4072073356,,,,FL,socrata:orlando_business_tax,,,,
standard,DUFFY AND LEE CO,9544388285,,,,FL,socrata:orlando_business_tax,,,,
standard,IN SAFE HANDS HOME BUSINESS AN,4075389060,,,,FL,socrata:orlando_business_tax,,,,
standard,MICA CONSTRUCTION INC,3216899755,,,,FL,socrata:orlando_business_tax,,,,
standard,LITTLE NEW YORK FOODS,4072074313,,,,FL,socrata:orlando_business_tax,,,,
standard,L 3 COMMUNICATIONS CORPORATION,4072443700,,,,FL,socrata:orlando_business_tax,,,,
standard,ALS FOOD STORE LLC,4074222022,,,,FL,socrata:orlando_business_tax,,,,
standard,SKAGGS PUBLIC SAFETY UNIFORMS,8012614400,,,,FL,socrata:orlando_business_tax,,,,
standard,"MILES, PALMER G",4078940344,,,,FL,socrata:orlando_business_tax,,,,
standard,KAIS L RAZKI,4075741516,,,,FL,socrata:orlando_business_tax,,,,
standard,50DOLLARS DUI IMMOBILIZATION C,4075686161,,,,FL,socrata:orlando_business_tax,,,,
standard,GENERAL INSULATION CO INC,4078439075,,,,FL,socrata:orlando_business_tax,,,,
standard,BJS WHOLESALE CLUB INC,5086516939,,,,FL,socrata:orlando_business_tax,,,,
standard,GEN ELECT SUPPLY CO/LICENSE TA,8132782511,,,,FL,socrata:orlando_business_tax,,,,
standard,FRY HAMMOND BARR INC,4072846654,,,,FL,socrata:orlando_business_tax,,,,
standard,"GOKEY,NICOLE M/GRANT THORNTON",8132224600,,,,FL,socrata:orlando_business_tax,,,,
standard,BRAZILIAN LAW INTERNATIONAL CO,9546097524,,,,FL,socrata:orlando_business_tax,,,,
standard,"MENDEZ, MARIA C/BEATTIE FAMILY",4076575053,,,,FL,socrata:orlando_business_tax,,,,
standard,A PERFECT VIEW WINDOW CLEANING,4072866886,,,,FL,socrata:orlando_business_tax,,,,
standard,"MEYER, CASSIE L/WRIGHT",4074250260,,,,FL,socrata:orlando_business_tax,,,,
standard,"MARTIN, DAVID C/SUNBELT",4078985051,,,,FL,socrata:orlando_business_tax,,,,
standard,SWEET TASTY TREAT LLC,4079515390,,,,FL,socrata:orlando_business_tax,,,,
standard,DONG PHUONG DUOC DRY HERBS & H,4072969010,,,,FL,socrata:orlando_business_tax,,,,
standard,ZAPF CREATION (U S) INC,4073517702,,,,FL,socrata:orlando_business_tax,,,,
standard,THE STERLING CONNEXTION INC,4072910696,,,,FL,socrata:orlando_business_tax,,,,
standard,"SHEWMAKER, JOHN/SUN",4072816843,,,,FL,socrata:orlando_business_tax,,,,
standard,HENRY VINSON PAINTING INC,4077610816,,,,FL,socrata:orlando_business_tax,,,,
standard,BELIEF INCORPORATED,4074209333,,,,FL,socrata:orlando_business_tax,,,,
standard,CRIMINAL SCREENING.COM INC,4072461377,,,,FL,socrata:orlando_business_tax,,,,
standard,PIZZERIA UNO,6173239200,,,,FL,socrata:orlando_business_tax,,,,
standard,GMS TECHNOLOGIES LLC,4073191211,,,,FL,socrata:orlando_business_tax,,,,
standard,SUZANNE ENNES/CARPETWORKS,4078986317,,,,FL,socrata:orlando_business_tax,,,,
standard,LIZ CLAIBORNE OUTLET STORE/8TH,2012957782,,,,FL,socrata:orlando_business_tax,,,,
standard,MARTIAL ARTS WORLD AT FESTIVAL,4079708263,,,,FL,socrata:orlando_business_tax,,,,
standard,"HOFFMAN, ELMO R/GRIFFIN(CLS 09",4076509044,,,,FL,socrata:orlando_business_tax,,,,
standard,NACM OF FLORIDA INC,4072997491,,,,FL,socrata:orlando_business_tax,,,,
standard,VISTA GIFTS,4073637962,,,,FL,socrata:orlando_business_tax,,,,
standard,FLORIDA INJURY & REHABILITATIO,4073243164,,,,FL,socrata:orlando_business_tax,,,,
standard,ORLANDO ELECTRONICS,4078955535,,,,FL,socrata:orlando_business_tax,,,,
standard,DIAMOND TRIUMPH AUTO GLASS INC,8006116123,,,,FL,socrata:orlando_business_tax,,,,
standard,WHATS YOUR BEEF,4072497084,,,,FL,socrata:orlando_business_tax,,,,
standard,PEOPLES CLEANERS,4078968812,,,,FL,socrata:orlando_business_tax,,,,
standard,SPERTI SHOE REPAIR,4072979155,,,,FL,socrata:orlando_business_tax,,,,
standard,"JOHNSON, EMILY A",4078395991,,,,FL,socrata:orlando_business_tax,,,,
standard,FLORIDA HEALTHCARE ACADEMY LLC,4073809355,,,,FL,socrata:orlando_business_tax,,,,
standard,"MURPHY, KELLI K/SPA RENAISSANC",4076567659,,,,FL,socrata:orlando_business_tax,,,,
standard,B K BREWER&SONS FUNERAL HOMES&,4074234991,,,,FL,socrata:orlando_business_tax,,,,
standard,SHARON TAYLOR,4072457348,,,,FL,socrata:orlando_business_tax,,,,
standard,TKSI TECHNOLOGY INC,3522552895,,,,FL,socrata:orlando_business_tax,,,,
standard,JEAN BEAUSEJOUR,4076920041,,,,FL,socrata:orlando_business_tax,,,,
standard,WILFREDO RODRIGUEZ,7867044018,,,,FL,socrata:orlando_business_tax,,,,
standard,TOWN & COUNTRY TAXI(TRN 22629-,4078276350,,,,FL,socrata:orlando_business_tax,,,,
standard,PREMIER CONVENTION SERVICES IN,4078727559,,,,FL,socrata:orlando_business_tax,,,,
standard,SHU HSIEN L HAGEN,4075189411,,,,FL,socrata:orlando_business_tax,,,,
standard,FOR RENT MAGAZINE,7576404000,,,,FL,socrata:orlando_business_tax,,,,
standard,FIDELITY NATIONAL TITLE ISURAN,4078759080,,,,FL,socrata:orlando_business_tax,,,,
standard,ASR CONSULTING INC,4078951170,,,,FL,socrata:orlando_business_tax,,,,
standard,"LATORRE, LUIS EVELIO CARPENTER",3212288514,,,,FL,socrata:orlando_business_tax,,,,
standard,NEW PORT FISH & SUBS,4072902519,,,,FL,socrata:orlando_business_tax,,,,
standard,KIDS WORLD,4078415597,,,,FL,socrata:orlando_business_tax,,,,
standard,JAMES M MCGEE/NEDUCHAL,4074231020,,,,FL,socrata:orlando_business_tax,,,,
standard,EZ PRICE INC,4076586631,,,,FL,socrata:orlando_business_tax,,,,
standard,O NATURALS,4076283575,,,,FL,socrata:orlando_business_tax,,,,
standard,FRED JONES ENTERPRISES LLC,4052313398,,,,FL,socrata:orlando_business_tax,,,,
standard,BUNGALOW WORKS INC,4078989261,,,,FL,socrata:orlando_business_tax,,,,
standard,XTREME KUSTOM PAINT WORKS INC,4075328200,,,,FL,socrata:orlando_business_tax,,,,
standard,THE LAW OFFICES OF GREGORY A M,3216626335,,,,FL,socrata:orlando_business_tax,,,,
standard,D&R CLEANING SVCS OF CENTRAL F,4072926316,,,,FL,socrata:orlando_business_tax,,,,
standard,AIRBRAS PARTS & SERVICE CORP,4073452960,,,,FL,socrata:orlando_business_tax,,,,
standard,AVIATION AIRPORT SERVICES INC,4072080944,,,,FL,socrata:orlando_business_tax,,,,
standard,WALTER MOORES HANDYMAN SERVICE,4079234788,,,,FL,socrata:orlando_business_tax,,,,
standard,GEO CONSTRUCTION SERVICES INC,4074868788,,,,FL,socrata:orlando_business_tax,,,,
standard,MADE IN GOLD CORP,4078980757,,,,FL,socrata:orlando_business_tax,,,,
standard,"OSTEOGENICS, INC",4073559970,,,,FL,socrata:orlando_business_tax,,,,
standard,"JOHNSON, APRIL",4078227980,,,,FL,socrata:orlando_business_tax,,,,
standard,GRAND WESTERN,5618454700,,,,FL,socrata:orlando_business_tax,,,,
standard,COOKIES OF ORLANDO INC,4074810003,,,,FL,socrata:orlando_business_tax,,,,
standard,SEMPER WOODS PA,4076508133,,,,FL,socrata:orlando_business_tax,,,,
standard,"WILSON, MATTHEW LMT",4079813906,,,,FL,socrata:orlando_business_tax,,,,
standard,AMERICAN EXPRESS FINANCIAL ADV,4078959090,,,,FL,socrata:orlando_business_tax,,,,
standard,CONWAY CLUB APARTMENTS,5123283966,,,,FL,socrata:orlando_business_tax,,,,
standard,NEW CITY MART,4076788839,,,,FL,socrata:orlando_business_tax,,,,
standard,"RIGGS, WILLIAM R",4078968919,,,,FL,socrata:orlando_business_tax,,,,
standard,SHORES TAGMAN BUTLER & COMPANY,4078720744,,,,FL,socrata:orlando_business_tax,,,,
standard,ACOUSTICAL CEILINGS LEVEL INC,4072468005,,,,FL,socrata:orlando_business_tax,,,,
standard,MEDICAL ART PRESCRIPTION PHARM,4077888131,,,,FL,socrata:orlando_business_tax,,,,
standard,MARY H SMITH,4075225862,,,,FL,socrata:orlando_business_tax,,,,
standard,FLORIDA INTL TRADE SERVICE INC,4078760193,,,,FL,socrata:orlando_business_tax,,,,
standard,MAGNUS METAL WORKS LLC,4074267576,,,,FL,socrata:orlando_business_tax,,,,
standard,"KRISTMANN, NAIRA L",4076584684,,,,FL,socrata:orlando_business_tax,,,,
standard,JOHN E RUSSO DMD,4078432112,,,,FL,socrata:orlando_business_tax,,,,
standard,QNAILS,4078490205,,,,FL,socrata:orlando_business_tax,,,,
standard,BOAT DOCTOR DETAILING,3213031197,,,,FL,socrata:orlando_business_tax,,,,
standard,CHARLIES FLOORS INC,4074384870,,,,FL,socrata:orlando_business_tax,,,,
standard,ALLSTAR LIQUORS ORLANDO,4077657586,,,,FL,socrata:orlando_business_tax,,,,
standard,ACADEMY OF FLA REAL ESTATE CAR,4072971186,,,,FL,socrata:orlando_business_tax,,,,
standard,WILLIAMSON AIRCRAFT(CLS 05/05/,4076497828,,,,FL,socrata:orlando_business_tax,,,,
standard,JARED LYLE,4073943028,,,,FL,socrata:orlando_business_tax,,,,
standard,"DUONG, THAI L DDS/THORNTON DEN",4078238952,,,,FL,socrata:orlando_business_tax,,,,
standard,SECRETS LAWN SERVICE,4074455059,,,,FL,socrata:orlando_business_tax,,,,
standard,CREATURE COMFORTS PET AND HOME,4078967264,,,,FL,socrata:orlando_business_tax,,,,
standard,WMD AUTO SALES,4075783807,,,,FL,socrata:orlando_business_tax,,,,
standard,TIPI INC,4078393751,,,,FL,socrata:orlando_business_tax,,,,
standard,"FIELER, RICHARD D/HLM",4074227061,,,,FL,socrata:orlando_business_tax,,,,
standard,KEYSTONE COURIER,4078922401,,,,FL,socrata:orlando_business_tax,,,,
standard,MERIDIAN MANAGEMENT CORP,4078361651,,,,FL,socrata:orlando_business_tax,,,,
standard,MONY LIFE INS CO,4078490560,,,,FL,socrata:orlando_business_tax,,,,
standard,SUDS WORLD COIN LAUNDRY/COOK,4078430018,,,,FL,socrata:orlando_business_tax,,,,
standard,JOSHUA B WALKER/WALKER REVELS GRENINGER PLLC,4077891830,,,,FL,socrata:orlando_business_tax,,,,
standard,JCS ENVIROMENTAL LLC,4073407024,,,,FL,socrata:orlando_business_tax,,,,
standard,NTA AMERICA,4072810775,,,,FL,socrata:orlando_business_tax,,,,
standard,"BRAUN, MICHAEL F CFP(TRNS TO 2",4078964521,,,,FL,socrata:orlando_business_tax,,,,
standard,"CARSWELL,TERRENCE T'S CLOTHING",8135460020,,,,FL,socrata:orlando_business_tax,,,,
standard,"LOTT, KEVIN D DC",4078940070,,,,FL,socrata:orlando_business_tax,,,,
standard,UNIVERSAL STAFFING EMPLOYMENT,4078763339,,,,FL,socrata:orlando_business_tax,,,,
standard,J & D TIRES AND MORE INC,4077581049,,,,FL,socrata:orlando_business_tax,,,,
standard,PRO BILLIARDS OF CENTRAL FLORI,4078983007,,,,FL,socrata:orlando_business_tax,,,,
standard,NIX SERVICES INC,4078461320,,,,FL,socrata:orlando_business_tax,,,,
standard,"HENSON, JAMES E PA",4076492117,,,,FL,socrata:orlando_business_tax,,,,
standard,MAITLAND IMPORTERS INC,4074810545,,,,FL,socrata:orlando_business_tax,,,,
standard,UNIVERSAL INVESTIGATIONS,4073833874,,,,FL,socrata:orlando_business_tax,,,,
standard,ANA JULIET CHAUX CLEANING SVC,4077017138,,,,FL,socrata:orlando_business_tax,,,,
standard,BILLIE BYRD,4072922801,,,,FL,socrata:orlando_business_tax,,,,
standard,"SMITH, JEAN BAPTISTE",4078124153,,,,FL,socrata:orlando_business_tax,,,,
standard,LINDA BENNETT/THE S/L/A/M COLLABORATIVE INC,4079926300,,,,FL,socrata:orlando_business_tax,,,,
standard,THE VILLAS AT PINECREST,4072736240,,,,FL,socrata:orlando_business_tax,,,,
standard,HARDRIVE PRODUCTIONS INC,4078512882,,,,FL,socrata:orlando_business_tax,,,,
standard,BUCK THORNTON ILLUSTRATIONS IN,4079264052,,,,FL,socrata:orlando_business_tax,,,,
standard,NICHOLS APARTMENTS,4072991702,,,,FL,socrata:orlando_business_tax,,,,
standard,SEAL IT INC,4072996400,,,,FL,socrata:orlando_business_tax,,,,
standard,STIEN EMMA JASINSKI,4077181314,,,,FL,socrata:orlando_business_tax,,,,
standard,VIET GARDEN,4077379575,,,,FL,socrata:orlando_business_tax,,,,
standard,AIRGAS USA LLC,7705906030,,,,FL,socrata:orlando_business_tax,,,,
standard,PINE CLUB II LIMITED PARTNERSH,4075783096,,,,FL,socrata:orlando_business_tax,,,,
standard,"NGUYEN, THAI SINH T DDS",4073238676,,,,FL,socrata:orlando_business_tax,,,,
standard,RDS UNIQUE CLEANING ENTERPRISE,4078721448,,,,FL,socrata:orlando_business_tax,,,,
standard,WORLD CAFE,4078761099,,,,FL,socrata:orlando_business_tax,,,,
standard,"RICH, ROSEMARY",4073557775,,,,FL,socrata:orlando_business_tax,,,,
standard,BEST DRY CLEANERS INC,4073834810,,,,FL,socrata:orlando_business_tax,,,,
standard,LUIS LARA CORONA FRUITS,8634220460,,,,FL,socrata:orlando_business_tax,,,,
standard,SHIRLEY WILLIAMS,4075785946,,,,FL,socrata:orlando_business_tax,,,,
standard,GRAHAM PLAZA APTS,4078552886,,,,FL,socrata:orlando_business_tax,,,,
standard,US EURO PARTNERS LLC,4078552711,,,,FL,socrata:orlando_business_tax,,,,
standard,"FUNDORA, UZIEL",4072075699,,,,FL,socrata:orlando_business_tax,,,,
standard,VIVIAN D HUNTER,3212174468,,,,FL,socrata:orlando_business_tax,,,,
standard,THE STANDERD,4073992351,,,,FL,socrata:orlando_business_tax,,,,
standard,PAT LITTLES BBQ SOUL FOOD & CA,4077393051,,,,FL,socrata:orlando_business_tax,,,,
standard,TERRY JAMES,4074689757,,,,FL,socrata:orlando_business_tax,,,,
standard,SOUTHPORT GUITAR STUDIO,4076601607,,,,FL,socrata:orlando_business_tax,,,,
standard,CHARLES E LEWIS PA,4077881040,,,,FL,socrata:orlando_business_tax,,,,
standard,GIFT LAND LLC,4078982198,,,,FL,socrata:orlando_business_tax,,,,
standard,COOK & COMPANY CRUISE&TOUR CEN,4073512721,,,,FL,socrata:orlando_business_tax,,,,
standard,ON STAGE,4076581498,,,,FL,socrata:orlando_business_tax,,,,
standard,INTERNATIONAL MORTGAGE FUNDING,4072458335,,,,FL,socrata:orlando_business_tax,,,,
standard,JESSE VAN GALYON,4078955509,,,,FL,socrata:orlando_business_tax,,,,
standard,HUA MEI DEVELOPMENT INTERNATIO,4079243443,,,,FL,socrata:orlando_business_tax,,,,
standard,ZEUS EVENTS & TRADESHOW FURNIT,4078541800,,,,FL,socrata:orlando_business_tax,,,,
standard,"SERVIN, MARIA LAS MARGARITAS(C",4074978911,,,,FL,socrata:orlando_business_tax,,,,
standard,SHORT ORDER BBQ,4072913464,,,,FL,socrata:orlando_business_tax,,,,
standard,RED SQUARE LOUNGE,4078351900,,,,FL,socrata:orlando_business_tax,,,,
standard,MASTER CARPET & TILE CORPORATI,4075221177,,,,FL,socrata:orlando_business_tax,,,,
standard,JASMINE REALTY INC,4073459202,,,,FL,socrata:orlando_business_tax,,,,
standard,"HARRISON, NOLAND B",4079133006,,,,FL,socrata:orlando_business_tax,,,,
standard,UY THI HOANG/MARK HOANG MD PA,4076830628,,,,FL,socrata:orlando_business_tax,,,,
standard,OLDE TOWN BROKERS FLORIDA REAL,4074255069,,,,FL,socrata:orlando_business_tax,,,,
standard,TEA HOUSE BAKERY(CLS 02/04),4072916490,,,,FL,socrata:orlando_business_tax,,,,
standard,KUPFER & COMPANY INC,4078971288,,,,FL,socrata:orlando_business_tax,,,,
standard,HIGH CARE COLLISION CENTER LLC,3214026945,,,,FL,socrata:orlando_business_tax,,,,
standard,TIMOTHY J LEMONS/L2 STUDIOS,4076488888,,,,FL,socrata:orlando_business_tax,,,,
standard,OKLAHOMA INSTALLATION CO,9182721899,,,,FL,socrata:orlando_business_tax,,,,
standard,ASHBURN & ASSOCIATES LEGAL SER,4074266800,,,,FL,socrata:orlando_business_tax,,,,
standard,A & B CLOSET,4074846651,,,,FL,socrata:orlando_business_tax,,,,
standard,"PARK,JAMES M PE",4075400335,,,,FL,socrata:orlando_business_tax,,,,
standard,PANAMA JACK INC,4078438110,,,,FL,socrata:orlando_business_tax,,,,
standard,BARTLETT TOWING,4072933362,,,,FL,socrata:orlando_business_tax,,,,
standard,JENNINGS CONSTRUCTION SERVICE,4078968181,,,,FL,socrata:orlando_business_tax,,,,
standard,JENNY'S FASHION,4077664890,,,,FL,socrata:orlando_business_tax,,,,
standard,GAIL JACKSON THOMAS RIBS,4072968625,,,,FL,socrata:orlando_business_tax,,,,
standard,ALL VERSION MOTORING,4078956266,,,,FL,socrata:orlando_business_tax,,,,
standard,NATIONAL INSURANCE BROKERAGE L,8002917985,,,,FL,socrata:orlando_business_tax,,,,
standard,J&M AUTOMOTIVE SERVICE CENTER,4076503866,,,,FL,socrata:orlando_business_tax,,,,
standard,ROSANA AGUIRRE SHANTELLY UNISE,4072525692,,,,FL,socrata:orlando_business_tax,,,,
standard,MARKETING 2131 (CLOSED BY OWNE,4072759810,,,,FL,socrata:orlando_business_tax,,,,
standard,LABERGE PRINTING,4074404204,,,,FL,socrata:orlando_business_tax,,,,
standard,STONES R US INC,4078987090,,,,FL,socrata:orlando_business_tax,,,,
standard,"KARABEDIAN, EDWARD P/E P K (TR",4078966300,,,,FL,socrata:orlando_business_tax,,,,
standard,NATIONAL PAINT & BODY SHOP INC,4074214290,,,,FL,socrata:orlando_business_tax,,,,
standard,ANGEL SENT ERRAND SERVICE,4072923326,,,,FL,socrata:orlando_business_tax,,,,
standard,"COY WASHINGTON, RENEA CPA",4076197565,,,,FL,socrata:orlando_business_tax,,,,
standard,BILL G HEADLEY PHOTO SERVICE,4072995780,,,,FL,socrata:orlando_business_tax,,,,
standard,ERNIES ENORMOUS WEENIES,4072080044,,,,FL,socrata:orlando_business_tax,,,,
standard,NEUROSURGICAL CONSULTANTS OF F,4076498585,,,,FL,socrata:orlando_business_tax,,,,
standard,ASIA DYNAMIC-ALTERNATIVE FITNE,4076776971,,,,FL,socrata:orlando_business_tax,,,,
standard,ALVARO MEJIA,4072424081,,,,FL,socrata:orlando_business_tax,,,,
standard,R & R CONSTRUCTION AND REMODEL,4073252166,,,,FL,socrata:orlando_business_tax,,,,
standard,KIMBERLY MULLEN CASTING,4074228164,,,,FL,socrata:orlando_business_tax,,,,
standard,JOHN A TAYLOR/FASSETT,4078720200,,,,FL,socrata:orlando_business_tax,,,,
standard,CUPPYS COFFEE SMOOTHIES & MORE,4073730790,,,,FL,socrata:orlando_business_tax,,,,
standard,ROBERT B BRANSON/LAW,4078946834,,,,FL,socrata:orlando_business_tax,,,,
standard,COIN LAUNDRY LAND INC,4076481324,,,,FL,socrata:orlando_business_tax,,,,
standard,WHY WALK PEDICAB COMPANY,4077407865,,,,FL,socrata:orlando_business_tax,,,,
standard,"ALL ORIGINAL FIX-IT, GIFT & CO",4076569942,,,,FL,socrata:orlando_business_tax,,,,
standard,MORENO FINANCIAL SERVICES PA,4072461515,,,,FL,socrata:orlando_business_tax,,,,
standard,EL JAY ENTERPRISES,4077883989,,,,FL,socrata:orlando_business_tax,,,,
standard,FAIRWAY RESTAURANT EQUIPMENT C,4072480388,,,,FL,socrata:orlando_business_tax,,,,
standard,CKS PACKAGING INC,4074230333,,,,FL,socrata:orlando_business_tax,,,,
standard,PRODUCE MARKETING OF FLORIDA,4076953319,,,,FL,socrata:orlando_business_tax,,,,
standard,HIGHSIDE INVESTMENTS INC,4073450937,,,,FL,socrata:orlando_business_tax,,,,
standard,CHARACTER PREMIERE,4079346400,,,,FL,socrata:orlando_business_tax,,,,
standard,COOL WAYS PROMOTIONAL PRODUCTS,4078949367,,,,FL,socrata:orlando_business_tax,,,,
standard,MARDI GRAS ICE(CLS 01/04 MELOD,4078987439,,,,FL,socrata:orlando_business_tax,,,,
standard,THRAILKILL BROUSSARD & SMITH P,4072737151,,,,FL,socrata:orlando_business_tax,,,,
standard,"FERRANDINO, JOSEPH (CLS 10/03)",4076578440,,,,FL,socrata:orlando_business_tax,,,,
standard,THE SEED & BEAD,8595763646,,,,FL,socrata:orlando_business_tax,,,,
standard,STUDIO CAFE,4078948735,,,,FL,socrata:orlando_business_tax,,,,
standard,ACCENTS ON PETS,4078967681,,,,FL,socrata:orlando_business_tax,,,,
standard,"WALKER,JOHN PALLETS(CLS 03/04)",4072401503,,,,FL,socrata:orlando_business_tax,,,,
standard,"LEWIS, DESIREE/GAIA MASSAGE",4076481806,,,,FL,socrata:orlando_business_tax,,,,
standard,ALLIANCE SERVICES LLC,7705149965,,,,FL,socrata:orlando_business_tax,,,,
standard,"PLAZA, MADELINE/WAVELENGHTS",4074844417,,,,FL,socrata:orlando_business_tax,,,,
standard,AURISOPH INC,4074819204,,,,FL,socrata:orlando_business_tax,,,,
standard,AFFORDABLE FILING SOLUTIONS,4079252228,,,,FL,socrata:orlando_business_tax,,,,
standard,IVANHOE BEAUTY SALON,4072927346,,,,FL,socrata:orlando_business_tax,,,,
standard,JAS CLEANING,4074042156,,,,FL,socrata:orlando_business_tax,,,,
standard,O TOWN LEATHER,4076486744,,,,FL,socrata:orlando_business_tax,,,,
standard,UNIDATA INC (TRNS TO 16378-4 0,4073822735,,,,FL,socrata:orlando_business_tax,,,,
standard,MOOG INC,4077828631,,,,FL,socrata:orlando_business_tax,,,,
standard,"FORTILIEN, HENRIQUEZ PAINTING",4073408139,,,,FL,socrata:orlando_business_tax,,,,
standard,ON TARGET STAFFING LLC,7329513210,,,,FL,socrata:orlando_business_tax,,,,
standard,METRO CARS INC,4078960269,,,,FL,socrata:orlando_business_tax,,,,
standard,"JOSEPH, VENEL",4075701961,,,,FL,socrata:orlando_business_tax,,,,
standard,YES DOLLAR PLUS,3212871103,,,,FL,socrata:orlando_business_tax,,,,
standard,NELSONS ICE CREAM TRUCK,4077369717,,,,FL,socrata:orlando_business_tax,,,,
standard,ALLSTATE  (CLOSED 10/02),4072827919,,,,FL,socrata:orlando_business_tax,,,,
standard,BILL WONGS RESTAURANTS INTERNA,4073525373,,,,FL,socrata:orlando_business_tax,,,,
standard,"NELSON, JANNELL FLOWERS(CLS 10",4073272970,,,,FL,socrata:orlando_business_tax,,,,
standard,ORLANDO NEPHROLOGY & HYPERTENS,4072304986,,,,FL,socrata:orlando_business_tax,,,,
standard,"COLLINS, LULA ANN",4072758601,,,,FL,socrata:orlando_business_tax,,,,
standard,QUALITY COLLISION SERVICE,4072901044,,,,FL,socrata:orlando_business_tax,,,,
standard,CONWAY DRY CLEANERS,4072730397,,,,FL,socrata:orlando_business_tax,,,,
standard,GAP # 7730,4073450467,,,,FL,socrata:orlando_business_tax,,,,
standard,"HEFLIN, BRENDA(CLS 10/03)",4074226279,,,,FL,socrata:orlando_business_tax,,,,
standard,"KRALJEV, BENJAMIN E SR",9047616331,,,,FL,socrata:orlando_business_tax,,,,
standard,PATRICK FORMELLA/GEICO GENERAL,4076488236,,,,FL,socrata:orlando_business_tax,,,,
standard,RENARD BENNETT PERSONAL TRAINE,4075798533,,,,FL,socrata:orlando_business_tax,,,,
standard,BENNETT ROAD AUTO SERVICE,3216891808,,,,FL,socrata:orlando_business_tax,,,,
standard,APEX SAUNAS & WINE CELLARS,4078225290,,,,FL,socrata:orlando_business_tax,,,,
standard,DELTEK ENTERPRISES,4072942791,,,,FL,socrata:orlando_business_tax,,,,
standard,"CARTER, DENISE MD",4078490840,,,,FL,socrata:orlando_business_tax,,,,
standard,RETAIL PLANNING & CONSTRUCTION,2153784863,,,,FL,socrata:orlando_business_tax,,,,
standard,PARK LIFESTYLES,3212517925,,,,FL,socrata:orlando_business_tax,,,,
standard,PAMELA RASH USED TIRES (CLOSED,4072770857,,,,FL,socrata:orlando_business_tax,,,,
standard,"NAVARRO, RAFAEL JR/PRICE",4072365168,,,,FL,socrata:orlando_business_tax,,,,
standard,CENTRAL FLA AIDS UNIFIED RESOU,4078491452,,,,FL,socrata:orlando_business_tax,,,,
standard,AMERICAN GENERAL LIFE INSURANC,7138313370,,,,FL,socrata:orlando_business_tax,,,,
standard,J D STUCCO & PLASTERING INC,4078438241,,,,FL,socrata:orlando_business_tax,,,,
standard,"INSCHO, ANGELA/THE DAY SPA",4078124248,,,,FL,socrata:orlando_business_tax,,,,
standard,STEVEN LEON LAY ENTERPRISE,7709961477,,,,FL,socrata:orlando_business_tax,,,,
standard,ORANGE ORLANDO APARTMENTS,4072751270,,,,FL,socrata:orlando_business_tax,,,,
standard,"COLEMAN, JAMINA",4078433734,,,,FL,socrata:orlando_business_tax,,,,
standard,K & P EMBROIDERY SERVICE,4072900255,,,,FL,socrata:orlando_business_tax,,,,
standard,WOLF DOG (TRANSF 17252-1 03/03,4078521118,,,,FL,socrata:orlando_business_tax,,,,
standard,PIZZA HUT OF AMERICA INC #638,3166819565,,,,FL,socrata:orlando_business_tax,,,,
standard,"BENEDICT, LINDA K",4073822777,,,,FL,socrata:orlando_business_tax,,,,
standard,"MARSHALL, BRYANT P PE/GEOTECHN",4074201010,,,,FL,socrata:orlando_business_tax,,,,
standard,SILVER HILLS HEALTH & REHAB CL,4076198267,,,,FL,socrata:orlando_business_tax,,,,
standard,HANY A SENNA/KBJ ARCHITECTS IN,4078395501,,,,FL,socrata:orlando_business_tax,,,,
standard,CSS CLEAN STAR SERVICES OF CEN,4074486494,,,,FL,socrata:orlando_business_tax,,,,
standard,CHEF HEVS LATIN CARIBBEAN CUIS,4072080205,,,,FL,socrata:orlando_business_tax,,,,
standard,RICHARD J MOSS INSURANCE,4078419381,,,,FL,socrata:orlando_business_tax,,,,
standard,ASHWOOD APARTMENTS,4073704400,,,,FL,socrata:orlando_business_tax,,,,
standard,CLARK FINISHING CO INC,4072994620,,,,FL,socrata:orlando_business_tax,,,,
standard,MARTINI GRAPHIC SERVICES INC,4072979774,,,,FL,socrata:orlando_business_tax,,,,
standard,ZURICH LIFE INSURANCE CO OF AM,8478747425,,,,FL,socrata:orlando_business_tax,,,,
standard,T G I FRIDAYS/#0191,9726625400,,,,FL,socrata:orlando_business_tax,,,,
standard,CENTRAL FLORIDA FAIR INC,4072953247,,,,FL,socrata:orlando_business_tax,,,,
standard,SOUTHERN DIAGNOSTIC IMAGING LL,3527355526,,,,FL,socrata:orlando_business_tax,,,,
standard,DANTES RESTAURANT INC(CLS 04/0,4076575433,,,,FL,socrata:orlando_business_tax,,,,
standard,HAYES AND NEWMAN PL,4076499947,,,,FL,socrata:orlando_business_tax,,,,
standard,CHELSEA WILLIAMS,4075741916,,,,FL,socrata:orlando_business_tax,,,,
standard,BRACOL STYLE OF VACATION CO,4072267292,,,,FL,socrata:orlando_business_tax,,,,
standard,KAWNEER CO INC,4076484511,,,,FL,socrata:orlando_business_tax,,,,
standard,SUCCESSFUL COLLEGE OF REAL EST,4074821711,,,,FL,socrata:orlando_business_tax,,,,
standard,EC ACCOUNTING SERVICES,4074269027,,,,FL,socrata:orlando_business_tax,,,,
standard,"HOLTUM, ROBERT A",4075688192,,,,FL,socrata:orlando_business_tax,,,,
standard,HILB ROGAL & HAMILTON CO OF OR,4078412230,,,,FL,socrata:orlando_business_tax,,,,
standard,ALLEN KOPET & ASSOCIATES LLC,4238998810,,,,FL,socrata:orlando_business_tax,,,,
standard,SERGIO FINE JEWELRY,4072736594,,,,FL,socrata:orlando_business_tax,,,,
standard,"YOUNG, VAUGHN A",4074267840,,,,FL,socrata:orlando_business_tax,,,,
standard,SMOOTH & DELI CAFE,9545997060,,,,FL,socrata:orlando_business_tax,,,,
standard,EDGARDO & DIANE DIAZ LAWN CARE,4072758605,,,,FL,socrata:orlando_business_tax,,,,
standard,SPIRIT SPORTS LLC,4073524689,,,,FL,socrata:orlando_business_tax,,,,
standard,BANKS R WASON/DEWBERRY,6892163764,,,,FL,socrata:orlando_business_tax,,,,
standard,P & D DISCOUNT BEVERAGES & FOO,4076587632,,,,FL,socrata:orlando_business_tax,,,,
standard,NEAL T MCSHANE,4076491500,,,,FL,socrata:orlando_business_tax,,,,
standard,"THOMPSON, JAMES PA/AMERICAS",4073523500,,,,FL,socrata:orlando_business_tax,,,,
standard,CLEOPHUS ODOMS,3219459003,,,,FL,socrata:orlando_business_tax,,,,
standard,FERGUSON ENTERPRISES INC,7579892459,,,,FL,socrata:orlando_business_tax,,,,
standard,PRINTING IDEAS BY M E INC,4074267776,,,,FL,socrata:orlando_business_tax,,,,
standard,PAPA JOHNS MOBILE SHARPENING S,4078956555,,,,FL,socrata:orlando_business_tax,,,,
standard,C JAIS UNISEX,4075685405,,,,FL,socrata:orlando_business_tax,,,,
standard,REALTY INTERNATIONAL OF ORLAND,4076488858,,,,FL,socrata:orlando_business_tax,,,,
standard,BRAZUCA CABLE COMMUNICATIONS L,4072097417,,,,FL,socrata:orlando_business_tax,,,,
standard,LUCY HOS,4073633967,,,,FL,socrata:orlando_business_tax,,,,
standard,WINGS LLC,4072649820,,,,FL,socrata:orlando_business_tax,,,,
standard,"POWERS, LARRY E JR",4078972247,,,,FL,socrata:orlando_business_tax,,,,
standard,B & S TILE AND MARBLE,4072723308,,,,FL,socrata:orlando_business_tax,,,,
standard,SUVON INC,4079634490,,,,FL,socrata:orlando_business_tax,,,,
standard,SAFENET INC,4077701100,,,,FL,socrata:orlando_business_tax,,,,
standard,DRESS BARN WOMAN #2876/TAX DEP,4073520748,,,,FL,socrata:orlando_business_tax,,,,
standard,STONE CRAZY,4072905790,,,,FL,socrata:orlando_business_tax,,,,
standard,CARGA EXPRESS SOLUCION CORP,4074311473,,,,FL,socrata:orlando_business_tax,,,,
standard,ALLIED FLOORS DIRECT,4078221925,,,,FL,socrata:orlando_business_tax,,,,
standard,DEVEREUX FOUNDATION INC,4074254491,,,,FL,socrata:orlando_business_tax,,,,
standard,COBIAN ENGINEERING AND TECHNIC,4074471140,,,,FL,socrata:orlando_business_tax,,,,
standard,RCBII DBA FLOOR TO CEILING,4073451554,,,,FL,socrata:orlando_business_tax,,,,
standard,CUSTOM DESIGN EMBROIDERY,4072511751,,,,FL,socrata:orlando_business_tax,,,,
standard,STARBUCKS AS2,4078511334,,,,FL,socrata:orlando_business_tax,,,,
standard,SESAME FOODS INC,4072863654,,,,FL,socrata:orlando_business_tax,,,,
standard,STEPHANIE L ADLER/JACKSON LEWI,3522390733,,,,FL,socrata:orlando_business_tax,,,,
standard,BERNARD J MANUEL/TKW,4073631201,,,,FL,socrata:orlando_business_tax,,,,
standard,"FRANCOIS, ARNOLD",4078720232,,,,FL,socrata:orlando_business_tax,,,,
standard,TRAVELERS INDEMNITY CO OF CONN,2032779365,,,,FL,socrata:orlando_business_tax,,,,
standard,J & B AUTO MALL,4078989910,,,,FL,socrata:orlando_business_tax,,,,
standard,"ANTHONY J CAGGIANO, ESQ/WARD",4078698726,,,,FL,socrata:orlando_business_tax,,,,
standard,JACKSON PIERCE PUBLIC AFFAIRS,4045842717,,,,FL,socrata:orlando_business_tax,,,,
standard,GOODINGS VALENCIA CC WEST,4078899000,,,,FL,socrata:orlando_business_tax,,,,
standard,DRAKE LAWN & PEST CONTROL INC,4072936300,,,,FL,socrata:orlando_business_tax,,,,
standard,ROBINSON PRODUCTIONS(CLS 05/03,4073458222,,,,FL,socrata:orlando_business_tax,,,,
standard,PENNEL & COMPANY,4074256283,,,,FL,socrata:orlando_business_tax,,,,
standard,ANGELA HILL,4077619379,,,,FL,socrata:orlando_business_tax,,,,
standard,AAM ARCHITECTURAL MANHATTAN DE,4075297714,,,,FL,socrata:orlando_business_tax,,,,
standard,A TO Z MEDICAL CENTER INC,4072979147,,,,FL,socrata:orlando_business_tax,,,,
standard,"ROSENTHAL, BENNETT PHD MD",4072925100,,,,FL,socrata:orlando_business_tax,,,,
standard,RODNEY BRACY MASONRY,4078945732,,,,FL,socrata:orlando_business_tax,,,,
standard,MICHAEL W TORKOS PA,4078967719,,,,FL,socrata:orlando_business_tax,,,,
standard,TINKER BELL FLORIST,4078940841,,,,FL,socrata:orlando_business_tax,,,,
standard,SPY MR BUSINESS SERVICES INC,3212500172,,,,FL,socrata:orlando_business_tax,,,,
standard,COMARK ROOFING SERVICES,4078986679,,,,FL,socrata:orlando_business_tax,,,,
standard,CURBSIDE GRILL,4075781380,,,,FL,socrata:orlando_business_tax,,,,
standard,JAMES M KEARNS PAINTING,4076976202,,,,FL,socrata:orlando_business_tax,,,,
standard,DEALER SERVICES CORP OF ORLAND,4074268252,,,,FL,socrata:orlando_business_tax,,,,
standard,GIFT SHOP,4079088123,,,,FL,socrata:orlando_business_tax,,,,
standard,COLE HAAN COMPANY STORE LLC,2078462500,,,,FL,socrata:orlando_business_tax,,,,
standard,TELEPORTCHESTER CORP(CLSD 9/26,8133531865,,,,FL,socrata:orlando_business_tax,,,,
standard,F D POU MORTGAGE INVESTMENT CO,4072080892,,,,FL,socrata:orlando_business_tax,,,,
standard,TRUFFLES & TRIFLES,4076480838,,,,FL,socrata:orlando_business_tax,,,,
standard,CUSTOM BUILDER MORTGAGE SERVIC,4072413554,,,,FL,socrata:orlando_business_tax,,,,
standard,1ST CONTINENTAL MORTGAGE INC,4073525626,,,,FL,socrata:orlando_business_tax,,,,
standard,GEBRU G HAMBIR,8133684971,,,,FL,socrata:orlando_business_tax,,,,
standard,IMPROV COMEDY CLUB & RESTAURAN,3212818000,,,,FL,socrata:orlando_business_tax,,,,
standard,PYRAMIDS TILE & STONE LLC,4072903227,,,,FL,socrata:orlando_business_tax,,,,
standard,HERITAGE CLEANERS,4072955071,,,,FL,socrata:orlando_business_tax,,,,
standard,ALTON BELL AL'S AUTO & WHEELS,4074225619,,,,FL,socrata:orlando_business_tax,,,,
standard,BOATWRIGHT CONSTRUCTION LLC,7708626591,,,,FL,socrata:orlando_business_tax,,,,
standard,"SANJURJO, RALPH",4074225631,,,,FL,socrata:orlando_business_tax,,,,
standard,RED BEARD ENTERPRISES,4072964625,,,,FL,socrata:orlando_business_tax,,,,
standard,ORLANDO NEIGHBORHOOD IMPROVEME,4076481623,,,,FL,socrata:orlando_business_tax,,,,
standard,JUSTICE FINANCIAL GROUP INC,3212312770,,,,FL,socrata:orlando_business_tax,,,,
standard,RESOLVE STAFFING INC,8136620074,,,,FL,socrata:orlando_business_tax,,,,
standard,"DOUGLAS, CLAUDIA",4072901592,,,,FL,socrata:orlando_business_tax,,,,
standard,"CHITTENDEN, MAYRA E SKIN CARE",4074385130,,,,FL,socrata:orlando_business_tax,,,,
standard,HISTORIC HOMEWORKS LLC,4072847774,,,,FL,socrata:orlando_business_tax,,,,
standard,"SHARMA, SHAMILA/BOND BOTES",4079992242,,,,FL,socrata:orlando_business_tax,,,,
standard,"RODRIQUEZ, PETER(CLS 04/07/04)",3865325803,,,,FL,socrata:orlando_business_tax,,,,
standard,THE INTELLIGENT OFFICE,4078353600,,,,FL,socrata:orlando_business_tax,,,,
standard,TWO J'S AUTO SALES,4078764023,,,,FL,socrata:orlando_business_tax,,,,
standard,CSA SOUTHEAST INC,4078865869,,,,FL,socrata:orlando_business_tax,,,,
standard,DEMAPS PHOTOGRAMMETRIC CONSULT,4072460855,,,,FL,socrata:orlando_business_tax,,,,
standard,GET ER DONE KARAOKE LLC,4077600260,,,,FL,socrata:orlando_business_tax,,,,
standard,TINY RIVERS PERSONAL TRAINER,4072284501,,,,FL,socrata:orlando_business_tax,,,,
standard,EL ENCANTO,4072492128,,,,FL,socrata:orlando_business_tax,,,,
standard,CENTURY 21 HOMES & INVESTMENT,4078987001,,,,FL,socrata:orlando_business_tax,,,,
standard,INFINITE RESERVATIONS(CLS 02/0,4073216904,,,,FL,socrata:orlando_business_tax,,,,
standard,"WELCH, JAMES JR(CLOSED 05/12/0",4072280762,,,,FL,socrata:orlando_business_tax,,,,
standard,HG SERVICES CONSTRUCTION CORP,4075754377,,,,FL,socrata:orlando_business_tax,,,,
standard,CRANE & EQUIPMENT CONSULTING I,4074235602,,,,FL,socrata:orlando_business_tax,,,,
standard,COLLEGE PARK MORTGAGE SERVICES,4074222940,,,,FL,socrata:orlando_business_tax,,,,
standard,HOME THEATER DESIGN,4078555537,,,,FL,socrata:orlando_business_tax,,,,
standard,MANUELS ON THE 28TH,4076474300,,,,FL,socrata:orlando_business_tax,,,,
standard,P & I USA INC,3212780065,,,,FL,socrata:orlando_business_tax,,,,
standard,WITCHARDS CLEANING SERVICE,3216632763,,,,FL,socrata:orlando_business_tax,,,,
standard,3 G BUSINESS SERVICE INC,4072341019,,,,FL,socrata:orlando_business_tax,,,,
standard,BACK 2 BACKS INC,4078946903,,,,FL,socrata:orlando_business_tax,,,,
standard,WITTNER & COMPANY,4072461246,,,,FL,socrata:orlando_business_tax,,,,
standard,LAW OFFICE OF MARY J HOFTIEZER,3212467710,,,,FL,socrata:orlando_business_tax,,,,
standard,STAG ENTERPRISES INC,3052455799,,,,FL,socrata:orlando_business_tax,,,,
standard,ECS FLORIDA LLC,4078598378,,,,FL,socrata:orlando_business_tax,,,,
standard,TAVISTOCK DEVELOPMENT MANAGEMENT LLC,4078550513,,,,FL,socrata:orlando_business_tax,,,,
standard,WILLIAM C MAHER OD PA,4073664821,,,,FL,socrata:orlando_business_tax,,,,
standard,JB ROBINSON JEWELERS #1909,3306685326,,,,FL,socrata:orlando_business_tax,,,,
standard,GARY S TURNER/RUMBERGER KIRK,4074251802,,,,FL,socrata:orlando_business_tax,,,,
standard,TELE-ORLANDO INC,4074471570,,,,FL,socrata:orlando_business_tax,,,,
standard,"BELL, CHARLES A/STONE",4074253330,,,,FL,socrata:orlando_business_tax,,,,
standard,PUBLIX LIQUOR STORE,4078721864,,,,FL,socrata:orlando_business_tax,,,,
standard,"STURGILL, STEVEN M(CLS 10/03)",4077361247,,,,FL,socrata:orlando_business_tax,,,,
standard,"SILVA, ELIANE",4072937499,,,,FL,socrata:orlando_business_tax,,,,
standard,HANDS OF LOVE THRIFT STORE,4072910682,,,,FL,socrata:orlando_business_tax,,,,
standard,"LE, GALEN C/FL RADIOLOGY",4077679433,,,,FL,socrata:orlando_business_tax,,,,
standard,WESTSIDE DEVELOPERS LLC,4078439901,,,,FL,socrata:orlando_business_tax,,,,
standard,STOCKTON TURNER LLC,4074474247,,,,FL,socrata:orlando_business_tax,,,,
standard,"MENARD, DENNIS (CLS 04/27/04)",4078691025,,,,FL,socrata:orlando_business_tax,,,,
standard,B & J CABINETRY,4072829873,,,,FL,socrata:orlando_business_tax,,,,
standard,AQUA RELAXSATIONS,4077911191,,,,FL,socrata:orlando_business_tax,,,,
standard,DIXIE PLYWOOD CO OF WASHINGTON,9124477000,,,,FL,socrata:orlando_business_tax,,,,
standard,LANIER PUBLISHERS INC,4074202112,,,,FL,socrata:orlando_business_tax,,,,
standard,PROTECTION CONSULTANTS INCORPO,4079829560,,,,FL,socrata:orlando_business_tax,,,,
standard,CS CAPITAL STRATEGIES FINANCIA,4078766116,,,,FL,socrata:orlando_business_tax,,,,
standard,HORACE CANNADATE CAROLINA CREE,8645613154,,,,FL,socrata:orlando_business_tax,,,,
standard,"HENNIG, E GLENN JR",4072751134,,,,FL,socrata:orlando_business_tax,,,,
standard,WINTERTHUR INTERNATIONAL AMERI,2039645350,,,,FL,socrata:orlando_business_tax,,,,
standard,"BANKER, ROCK",4074660620,,,,FL,socrata:orlando_business_tax,,,,
standard,YAMDD CORPORATION,4075181844,,,,FL,socrata:orlando_business_tax,,,,
standard,LEADERSHIP DEVELOPMENT LLC,4078981266,,,,FL,socrata:orlando_business_tax,,,,
standard,"MOYER, JUDITH LM HC CAP",4073311245,,,,FL,socrata:orlando_business_tax,,,,
standard,PARAMOUNT HEALTH CLUB,4072758200,,,,FL,socrata:orlando_business_tax,,,,
standard,"JOHNSON, LAVERNE",4072942890,,,,FL,socrata:orlando_business_tax,,,,
standard,SILVER & CO,4075325455,,,,FL,socrata:orlando_business_tax,,,,
standard,SOL TIME (CLS 08/03),4074819737,,,,FL,socrata:orlando_business_tax,,,,
standard,OMNISPRING LLC,4074238561,,,,FL,socrata:orlando_business_tax,,,,
standard,THE PRACTICE INC,4078140188,,,,FL,socrata:orlando_business_tax,,,,
standard,SPRINT COMMUNICATIONS CO LP,9136248492,,,,FL,socrata:orlando_business_tax,,,,
standard,"GAGE, RANDY E",4075924018,,,,FL,socrata:orlando_business_tax,,,,
standard,FLORIDA MORTGAGE PARTNERS INC,4075220778,,,,FL,socrata:orlando_business_tax,,,,
standard,FELKER METALS GROUP INC,3864410438,,,,FL,socrata:orlando_business_tax,,,,
standard,TAYLOR ACHITECTURAL PHOTOGRAPH,4078972005,,,,FL,socrata:orlando_business_tax,,,,
standard,"HARRIS, JAMES A",3214363787,,,,FL,socrata:orlando_business_tax,,,,
standard,"DALLAS, DEREK/AMERICAN ALLIANC",3213037702,,,,FL,socrata:orlando_business_tax,,,,
standard,ART DECO STONE INC,3058883221,,,,FL,socrata:orlando_business_tax,,,,
standard,PUFF N STUFF CATERING LLC,4076450848,,,,FL,socrata:orlando_business_tax,,,,
standard,EMPORIUM FUNDING LLC,4072766817,,,,FL,socrata:orlando_business_tax,,,,
standard,SLIPETS,4078440241,,,,FL,socrata:orlando_business_tax,,,,
standard,SPEZZI PROPERTIES INC,4074228358,,,,FL,socrata:orlando_business_tax,,,,
standard,ALFA ROMEO INC,4078565000,,,,FL,socrata:orlando_business_tax,,,,
standard,RUBY NAILS & HAIR,4072956752,,,,FL,socrata:orlando_business_tax,,,,
standard,FLORIDA TURFGRASS ASSOCIATION,4078966721,,,,FL,socrata:orlando_business_tax,,,,
standard,"LIM, EVELYN FLORES OD",4076786306,,,,FL,socrata:orlando_business_tax,,,,
standard,ATLAS PAINTING INC,3166813507,,,,FL,socrata:orlando_business_tax,,,,
standard,ANNE-MARIE L BOWEN PA,4072281300,,,,FL,socrata:orlando_business_tax,,,,
standard,HAJOCA CORPORATION,6106491430,,,,FL,socrata:orlando_business_tax,,,,
standard,THE STAUBACH COMPANY,4078391718,,,,FL,socrata:orlando_business_tax,,,,
standard,"WILLIAMS, BRIDGETT/NEW ATTITUD",4072921065,,,,FL,socrata:orlando_business_tax,,,,
standard,ROBERT E BATHEN /R W BECK INC,2066954700,,,,FL,socrata:orlando_business_tax,,,,
standard,SNYDER DESIGN GROUP,4076678813,,,,FL,socrata:orlando_business_tax,,,,
standard,SEQUER LLC,4073489957,,,,FL,socrata:orlando_business_tax,,,,
standard,L D PRICE & ASSOCIATES,4075329000,,,,FL,socrata:orlando_business_tax,,,,
standard,PENINSULA FOOD SERVICE INC,4079775825,,,,FL,socrata:orlando_business_tax,,,,
standard,THE CORNER CAFE INC,4076484978,,,,FL,socrata:orlando_business_tax,,,,
standard,H KYLE FLETCHER & ASSOC PA,4076797342,,,,FL,socrata:orlando_business_tax,,,,
standard,TD BANK NA,8642392286,,,,FL,socrata:orlando_business_tax,,,,
standard,RDA TELECOMMUNICATIONS LLC,4072493051,,,,FL,socrata:orlando_business_tax,,,,
standard,SHAWN ENTERPRISES ORLANDO INC,4075950368,,,,FL,socrata:orlando_business_tax,,,,
standard,DAVID MACIVOR/DOLCE,4072480885,,,,FL,socrata:orlando_business_tax,,,,
standard,JUAN AGRAMONTE,3212975602,,,,FL,socrata:orlando_business_tax,,,,
standard,MASTER JEWELERS (CLOSED 04/07/,4078430028,,,,FL,socrata:orlando_business_tax,,,,
standard,ARIEL SUNGLASSES,4072922207,,,,FL,socrata:orlando_business_tax,,,,
standard,"ALDOYN, MARICARMEN",4072401043,,,,FL,socrata:orlando_business_tax,,,,
standard,SUNCOAST HEAT TREAT INC,4078437145,,,,FL,socrata:orlando_business_tax,,,,
standard,MULTI ROOM MEDIA LLC,3212796031,,,,FL,socrata:orlando_business_tax,,,,
standard,CENTRAL FLORIDA FIX IT LLC,3212390742,,,,FL,socrata:orlando_business_tax,,,,
standard,NEW BROAD STREET MANAGEMENT LL,4072067232,,,,FL,socrata:orlando_business_tax,,,,
standard,"RACKARD, DAVID",4072921986,,,,FL,socrata:orlando_business_tax,,,,
standard,MAJESTIC TRADERS INC,4075631416,,,,FL,socrata:orlando_business_tax,,,,
standard,MOGULL MANAGEMENT INC,3212297353,,,,FL,socrata:orlando_business_tax,,,,
standard,ALLSTAR ICE OF CENTRAL FLORID,3212539388,,,,FL,socrata:orlando_business_tax,,,,
standard,"TOP SHOP IN MICA, THE",4074225417,,,,FL,socrata:orlando_business_tax,,,,
standard,"BLOOM, GWEN B/LEFKOWITZ",4074251974,,,,FL,socrata:orlando_business_tax,,,,
standard,"CALLE, ENRIQUE A MD",4074450680,,,,FL,socrata:orlando_business_tax,,,,
standard,SHANA THOMAS FABULASH PRODUCTS,8137708369,,,,FL,socrata:orlando_business_tax,,,,
standard,CAR CRAFTERS ORLANDO,4078800580,,,,FL,socrata:orlando_business_tax,,,,
standard,LUBA 3D STUDIOS (CLOSED 04/03),4074459056,,,,FL,socrata:orlando_business_tax,,,,
standard,CORRADO LA ROSA MARBLE & GRANI,3866271482,,,,FL,socrata:orlando_business_tax,,,,
standard,GAMESTOP,6104308100,,,,FL,socrata:orlando_business_tax,,,,
standard,MAXTIX INC,4074459530,,,,FL,socrata:orlando_business_tax,,,,
standard,TRADEMARK Q INC,4078581300,,,,FL,socrata:orlando_business_tax,,,,
standard,ADVANCED AUTOMOTIVE CONSULTANT,4077374314,,,,FL,socrata:orlando_business_tax,,,,
standard,BAILEY MOTOR EQUIPMENT CO,4074228134,,,,FL,socrata:orlando_business_tax,,,,
standard,TITAN STAFFING LLC,4078726056,,,,FL,socrata:orlando_business_tax,,,,
standard,ANGELA DAVIS,8506737569,,,,FL,socrata:orlando_business_tax,,,,
standard,REMINGTON,4078973330,,,,FL,socrata:orlando_business_tax,,,,
standard,"STERCHI,KERRI/HEALTHSOUTH",4074201061,,,,FL,socrata:orlando_business_tax,,,,
standard,DAC CABLE INC,7708654929,,,,FL,socrata:orlando_business_tax,,,,
standard,"WOODS, MICHAEL T",4078945599,,,,FL,socrata:orlando_business_tax,,,,
standard,NEW VISION HOME IMPROVEMENT IN,4074683027,,,,FL,socrata:orlando_business_tax,,,,
standard,A1A WIRELESS INC,4078733032,,,,FL,socrata:orlando_business_tax,,,,
standard,INFINITY SITE DEVELOPMENT LLC,3215943398,,,,FL,socrata:orlando_business_tax,,,,
standard,BILLS AUTO WORKS & FLEET,4072958448,,,,FL,socrata:orlando_business_tax,,,,
standard,DERDINE BROWN/YOGAPY LLC,3214306629,,,,FL,socrata:orlando_business_tax,,,,
standard,JACQUELINE MCCREE,4072993312,,,,FL,socrata:orlando_business_tax,,,,
standard,WILLIAMS & WILLIAMS(TRN 2506-1,4076484333,,,,FL,socrata:orlando_business_tax,,,,
standard,MARC USA/DALLAS L.P.,4076494899,,,,FL,socrata:orlando_business_tax,,,,
standard,TAX BY SAM,4072970062,,,,FL,socrata:orlando_business_tax,,,,
standard,DOYAL TEAMER AUTO & TIRE REPAI,4072984518,,,,FL,socrata:orlando_business_tax,,,,
standard,COLOUR INCORPORATED,4075390505,,,,FL,socrata:orlando_business_tax,,,,
standard,PRIORI TEE APPAREL INC,4072884903,,,,FL,socrata:orlando_business_tax,,,,
standard,DESLY HAIR REPLACEMENT CLUB,4074206524,,,,FL,socrata:orlando_business_tax,,,,
standard,STEPHEN S BAKER/ORLANDO UROLOGY ASSOCIATES PA,4078436645,,,,FL,socrata:orlando_business_tax,,,,
standard,GABRIELS SUB SHOP LLC,4074259926,,,,FL,socrata:orlando_business_tax,,,,
standard,ROYAL DENTAL STUDIO LLC,4074051280,,,,FL,socrata:orlando_business_tax,,,,
standard,INTERACTIVE MANAGEMENT SERVICE,4072957487,,,,FL,socrata:orlando_business_tax,,,,
standard,GREG VANDERGRIFT,4072902853,,,,FL,socrata:orlando_business_tax,,,,
standard,SEMINOLE SLEEP DISORDERS CENTE,4073393338,,,,FL,socrata:orlando_business_tax,,,,
standard,NISBETT REALTY INC,4074222221,,,,FL,socrata:orlando_business_tax,,,,
standard,IRWIN APPRAISAL GROUP INC,4078946065,,,,FL,socrata:orlando_business_tax,,,,
standard,LIN'S ACUPUNCTURE,4074898435,,,,FL,socrata:orlando_business_tax,,,,
standard,CARNIVAL OF FOODS INC,4073513645,,,,FL,socrata:orlando_business_tax,,,,
standard,"HETZ, JAMES T",4072106588,,,,FL,socrata:orlando_business_tax,,,,
standard,LUCERNE TOWERS/MCCONNELL & WET,4078490976,,,,FL,socrata:orlando_business_tax,,,,
standard,SPY 4 U INVESTIGATIONS INC,4075680057,,,,FL,socrata:orlando_business_tax,,,,
standard,VERIZON WIRELESS,8009220204,,,,FL,socrata:orlando_business_tax,,,,
standard,"ARABITG, GINA MD/WINSTON",4074231103,,,,FL,socrata:orlando_business_tax,,,,
standard,SUNSHINE STATE BAIL BONDS(CLS,3053895770,,,,FL,socrata:orlando_business_tax,,,,
standard,E S ENTERTAINMENT,4075781322,,,,FL,socrata:orlando_business_tax,,,,
standard,REZOLUTION PRODUCTIONS INC,4079995151,,,,FL,socrata:orlando_business_tax,,,,
standard,INTERNATIONAL WORLD CORPORATIO,4076576786,,,,FL,socrata:orlando_business_tax,,,,
standard,BLUE STARS SERVICE INC,4078597941,,,,FL,socrata:orlando_business_tax,,,,
standard,SKYCRAFT PARTS & SURPLUS INC,4076285634,,,,FL,socrata:orlando_business_tax,,,,
standard,WONDER DOG LLC,4078359200,,,,FL,socrata:orlando_business_tax,,,,
standard,JUDY BOLDEN,4075226920,,,,FL,socrata:orlando_business_tax,,,,
standard,WASHINGTON SHORES FISH MARKET(,4072737929,,,,FL,socrata:orlando_business_tax,,,,
standard,EDWIN ALLEN CONSTRUCTION CO,4074706301,,,,FL,socrata:orlando_business_tax,,,,
standard,AJ JOHNSON HOT DOGS,4074661999,,,,FL,socrata:orlando_business_tax,,,,
standard,OLLIRRAC INTERNATIONAL GROUP I,3522418234,,,,FL,socrata:orlando_business_tax,,,,
standard,TEETHWORK DENTAL LAB,4073516954,,,,FL,socrata:orlando_business_tax,,,,
standard,DISCOUNT MUSIC CENTER INC (TRA,4074234171,,,,FL,socrata:orlando_business_tax,,,,
standard,FURNELL & MULCAHY,4078720955,,,,FL,socrata:orlando_business_tax,,,,
standard,BEYOND THE GARDEN GATE,4072288884,,,,FL,socrata:orlando_business_tax,,,,
standard,MNA FOOD MART INC,4073543000,,,,FL,socrata:orlando_business_tax,,,,
standard,CENTRAL POINT PRINTING,4075401245,,,,FL,socrata:orlando_business_tax,,,,
standard,ROSEMARY MCGRIFF GAME ROOM,4073108334,,,,FL,socrata:orlando_business_tax,,,,
standard,K-WATCH,4074823345,,,,FL,socrata:orlando_business_tax,,,,
standard,JC DETAILING,4074859369,,,,FL,socrata:orlando_business_tax,,,,
standard,SOUTHERN STAFFING,4072533177,,,,FL,socrata:orlando_business_tax,,,,
standard,MINIATURE AIRCRAFT USA(CLS 04/,4072924267,,,,FL,socrata:orlando_business_tax,,,,
standard,FUTURE TECHNOLOGY CORP(CLS 03/,3212390518,,,,FL,socrata:orlando_business_tax,,,,
standard,GLOBAL REAL ESTATE SOLUTIONS L,4072902131,,,,FL,socrata:orlando_business_tax,,,,
standard,SUNSHINE STATE FLOORING CORP,4076970505,,,,FL,socrata:orlando_business_tax,,,,
standard,KATIE M HORTON/KATIE HORTON LAW PLLC,2027054989,,,,FL,socrata:orlando_business_tax,,,,
standard,CINDYS BEAUTY & GENERAL MERCHA,4078808472,,,,FL,socrata:orlando_business_tax,,,,
standard,THE HERTZ CORPORATION,4078168846,,,,FL,socrata:orlando_business_tax,,,,
standard,ANNE E ADAMS,4078983234,,,,FL,socrata:orlando_business_tax,,,,
standard,R & S CONCESSIONS,4073953127,,,,FL,socrata:orlando_business_tax,,,,
standard,THE AUTO CLUB GROUP INC,4076488542,,,,FL,socrata:orlando_business_tax,,,,
standard,COLLEGE PARK FITNESS INC,4078359995,,,,FL,socrata:orlando_business_tax,,,,
standard,JD NEW AND USED TIRES,4078795341,,,,FL,socrata:orlando_business_tax,,,,
standard,THE PROCTER & GAMBLE DISTRIBUT,4078582320,,,,FL,socrata:orlando_business_tax,,,,
standard,$10-$15-$20 STORE,4072995392,,,,FL,socrata:orlando_business_tax,,,,
standard,TAMPA BAY DRYWALL CO,7275249243,,,,FL,socrata:orlando_business_tax,,,,
standard,"GRIFFIN, H TERRELL/GRIFFIN",4074252518,,,,FL,socrata:orlando_business_tax,,,,
standard,OFFICE EQUIPMENT GROUP INT'L,4078899061,,,,FL,socrata:orlando_business_tax,,,,
standard,"HUNLEY, CHARLES JR(CLS 04/04)",4076496430,,,,FL,socrata:orlando_business_tax,,,,
standard,CHRISTOPHER CORDERO,4079527186,,,,FL,socrata:orlando_business_tax,,,,
standard,"MANGUM, KEVIN E/MEININGER",4072461585,,,,FL,socrata:orlando_business_tax,,,,
standard,KESTERN COMMUNICATIONS GROUP(T,4075219498,,,,FL,socrata:orlando_business_tax,,,,
standard,WRIGHT IMAGE & SPECIAL EVENTS,3212357439,,,,FL,socrata:orlando_business_tax,,,,
standard,DIAMONDS UNLIMITED OF ORLANDO,5134225400,,,,FL,socrata:orlando_business_tax,,,,
standard,KEILA GLASSWORKS LLC,4075903902,,,,FL,socrata:orlando_business_tax,,,,
standard,CENTRAL FLORIDA METALS LLC,4079320799,,,,FL,socrata:orlando_business_tax,,,,
standard,"DEGEL, SEM THI/ORANGE NAIL",4078976706,,,,FL,socrata:orlando_business_tax,,,,
standard,FLORIDA DENTAL ARTS (DISSOLVED,4076997117,,,,FL,socrata:orlando_business_tax,,,,
standard,TROUSSEAN LLC,4074150795,,,,FL,socrata:orlando_business_tax,,,,
standard,SUNSHINE CAR SERVICE INC,4072536609,,,,FL,socrata:orlando_business_tax,,,,
standard,LAKEHURST STORAGE INC,4073527867,,,,FL,socrata:orlando_business_tax,,,,
standard,SIMPLY COLOR ME BEAUTIFUL,4073535394,,,,FL,socrata:orlando_business_tax,,,,
standard,SHERWOOD CONSTRUCTION INC,4078438000,,,,FL,socrata:orlando_business_tax,,,,
standard,FAZOLIS RESTAURANT #1622,4078947006,,,,FL,socrata:orlando_business_tax,,,,
standard,SCHAKOLAD CHOCALATE FACTORY @O,3214397519,,,,FL,socrata:orlando_business_tax,,,,
standard,"MAHOY, MICHAEL E(CLS 05/04)",4072770995,,,,FL,socrata:orlando_business_tax,,,,
standard,CAPITAL TITLE AGENCY INC,4072060367,,,,FL,socrata:orlando_business_tax,,,,
standard,ELIA FILS AIME,4074451347,,,,FL,socrata:orlando_business_tax,,,,
standard,KEVIN SCRIBNER CERAMIC TILE &,9416286582,,,,FL,socrata:orlando_business_tax,,,,
standard,FIFOS TRANSPORT INC,4072341724,,,,FL,socrata:orlando_business_tax,,,,
standard,BROWNS SUGAR CARIBBEAN BAKERY,7723421463,,,,FL,socrata:orlando_business_tax,,,,
standard,"LEBLANC, ROBERT P/LEBLANC",4078967444,,,,FL,socrata:orlando_business_tax,,,,
standard,AMERICA ONE CLEANING SERVICES,3522178959,,,,FL,socrata:orlando_business_tax,,,,
standard,JULIE ANN RAO/ LANDSMART,4074274571,,,,FL,socrata:orlando_business_tax,,,,
standard,SECURITY BENEFIT LIFE INSURANC,7854385123,,,,FL,socrata:orlando_business_tax,,,,
standard,CENTRAL FLORIDA PEDIATRIC SLEE,4078977302,,,,FL,socrata:orlando_business_tax,,,,
standard,JUICE ON THE LOOSE LLC,4078144473,,,,FL,socrata:orlando_business_tax,,,,
standard,BELLE VENDING,4074923200,,,,FL,socrata:orlando_business_tax,,,,
standard,"TU KATZ ENTERPRISES I, INC",4078505951,,,,FL,socrata:orlando_business_tax,,,,
standard,ALOURDES POGGY LS FASHION,4073559891,,,,FL,socrata:orlando_business_tax,,,,
standard,UNIQUE BUILDING MAINTENANCE I,4076508833,,,,FL,socrata:orlando_business_tax,,,,
standard,ARISTOCRAT TRANSPORTATION OF F,4078320673,,,,FL,socrata:orlando_business_tax,,,,
standard,DAVID PRADA/CSA CENTRAL INC,4076488334,,,,FL,socrata:orlando_business_tax,,,,
standard,MC GENERAL CONSTRUCTIONS SERVI,4078433392,,,,FL,socrata:orlando_business_tax,,,,
standard,PREFERRED VACATION TRAVEL INC,4079631681,,,,FL,socrata:orlando_business_tax,,,,
standard,EQUITABLE TITLE OF EAST ORLAND,4077379988,,,,FL,socrata:orlando_business_tax,,,,
standard,"WATERS, JANIE",4075187898,,,,FL,socrata:orlando_business_tax,,,,
standard,PAT PACE TILE LLC,4073812456,,,,FL,socrata:orlando_business_tax,,,,
standard,DAVID A CHEESMAN DO/BODIES BY,3213545250,,,,FL,socrata:orlando_business_tax,,,,
standard,CITY GALLERY,4072776485,,,,FL,socrata:orlando_business_tax,,,,
standard,ALTERNATIVE CAPITAL,4075225353,,,,FL,socrata:orlando_business_tax,,,,
standard,TRAVAC USA INC(CLS 04/03),4078960014,,,,FL,socrata:orlando_business_tax,,,,
standard,CHICOS SUB SHOP,4076574355,,,,FL,socrata:orlando_business_tax,,,,
standard,MARTINEZ MARES TOWING SERVICE,4079289035,,,,FL,socrata:orlando_business_tax,,,,
standard,3 CS MERCHANDISE LIMITED LIABI,4076776118,,,,FL,socrata:orlando_business_tax,,,,
standard,"SCHWAMM, RICHARD/HALICZER",9545239922,,,,FL,socrata:orlando_business_tax,,,,
standard,TACO BELL #3996,5028746010,,,,FL,socrata:orlando_business_tax,,,,
standard,DIVERSITY W M L L C,3216820293,,,,FL,socrata:orlando_business_tax,,,,
standard,SHUTTLEPORT APCOA MCO JOINT VE,6305717070,,,,FL,socrata:orlando_business_tax,,,,
standard,DELANEY SHELL,4072266844,,,,FL,socrata:orlando_business_tax,,,,
standard,"NIXON, NORMAN A/BWSM&M",4079267700,,,,FL,socrata:orlando_business_tax,,,,
standard,ANDREW D SUTHERLAND/MILLENIA,4072425972,,,,FL,socrata:orlando_business_tax,,,,
standard,AQUATIC PLANT MANAGEMENT SERVI,4075280960,,,,FL,socrata:orlando_business_tax,,,,
standard,GERARDO F REQUE,4073615144,,,,FL,socrata:orlando_business_tax,,,,
standard,CRAFTSMAN COLLISION CENTER,4075787986,,,,FL,socrata:orlando_business_tax,,,,
standard,JEONG-YEAN CHO UNIQUE IMAGE,4077396379,,,,FL,socrata:orlando_business_tax,,,,
standard,BABBITTS BINDERY LC(CLS 10/03),4078981061,,,,FL,socrata:orlando_business_tax,,,,
standard,REEL FISH & LOBSTER INC,4079771550,,,,FL,socrata:orlando_business_tax,,,,
standard,GLORIA ABAD ARTS CRAFT & STAND,4074454637,,,,FL,socrata:orlando_business_tax,,,,
standard,G-FORCE MARKETING,4073979787,,,,FL,socrata:orlando_business_tax,,,,
standard,RADIUS MEDIA,4079298226,,,,FL,socrata:orlando_business_tax,,,,
standard,"DELANCETT, JOHN G/HENDRY",4078435880,,,,FL,socrata:orlando_business_tax,,,,
standard,PERDOMO CONSTRUCTION SERVICES,4072824215,,,,FL,socrata:orlando_business_tax,,,,
standard,SVEC AND IRVING LLC,4076498808,,,,FL,socrata:orlando_business_tax,,,,
standard,WACHOVIA BANK NA,9044894000,,,,FL,socrata:orlando_business_tax,,,,
standard,MOTION QUICKNESS,4077014749,,,,FL,socrata:orlando_business_tax,,,,
standard,PROMOTION TRANSPORTATION SERVI,4072756655,,,,FL,socrata:orlando_business_tax,,,,
standard,DAYBLOCKER,4078126902,,,,FL,socrata:orlando_business_tax,,,,
standard,ROGER KRISHNA,4079242042,,,,FL,socrata:orlando_business_tax,,,,
standard,GULF ATLANTIC TITLE(TRNS TO 15,4078433536,,,,FL,socrata:orlando_business_tax,,,,
standard,CHANDAN COMMUNICATIONS LLC (CL,4078520113,,,,FL,socrata:orlando_business_tax,,,,
standard,KELLEY & SON GLASS SVC INC,4072991774,,,,FL,socrata:orlando_business_tax,,,,
standard,HILLSIDE PROPERY MANAGEMENT IN,4079262449,,,,FL,socrata:orlando_business_tax,,,,
standard,FLORIDA HEALTH SCHOOL CENTER I,4077015808,,,,FL,socrata:orlando_business_tax,,,,
standard,JUSINCREDIBLE CUTZ,4022280080,,,,FL,socrata:orlando_business_tax,,,,
standard,PREMIER GOLF INC,6513981488,,,,FL,socrata:orlando_business_tax,,,,
standard,"BENNETT, NELDA/CENTER STAGE",4072774169,,,,FL,socrata:orlando_business_tax,,,,
standard,PARISIAN CLEANERS,4078942655,,,,FL,socrata:orlando_business_tax,,,,
standard,IRISH ROVER HOT DOG,4072933873,,,,FL,socrata:orlando_business_tax,,,,
standard,"MARTINELLI, LUCILLE/CENTURY",4072951700,,,,FL,socrata:orlando_business_tax,,,,
standard,SIMPLE TELECOM,4074202121,,,,FL,socrata:orlando_business_tax,,,,
standard,MIDIJET DOKO DBA SERVICE ONE J,4078595061,,,,FL,socrata:orlando_business_tax,,,,
standard,"O'HARROW, ROSA",4072992341,,,,FL,socrata:orlando_business_tax,,,,
standard,BRIGHT FUTURE MANAGEMENT,3212768531,,,,FL,socrata:orlando_business_tax,,,,
standard,MATTHEW SHIELDS/FROMANG & FROM,4076446681,,,,FL,socrata:orlando_business_tax,,,,
standard,CLAIRES ETC/#6610,9544333900,,,,FL,socrata:orlando_business_tax,,,,
standard,SUSAN MARIES SALON INC,4075997030,,,,FL,socrata:orlando_business_tax,,,,
standard,ANCORA EXPRESS CORPORATION,4072716868,,,,FL,socrata:orlando_business_tax,,,,
standard,O BOYS REAL SMOKED BAR B Q,4076446249,,,,FL,socrata:orlando_business_tax,,,,
standard,VERIZON WIRELESS PERSONAL COMM,4072458505,,,,FL,socrata:orlando_business_tax,,,,
standard,STATEWIDE LAUNDRY EQUIPMENT,4074259274,,,,FL,socrata:orlando_business_tax,,,,
standard,US LEGAL SUPPORT INC,7136537156,,,,FL,socrata:orlando_business_tax,,,,
standard,"FONSCA, SANDRA/TARGET OPTICAL",4404494100,,,,FL,socrata:orlando_business_tax,,,,
standard,3I,4074843023,,,,FL,socrata:orlando_business_tax,,,,
standard,ARIES FILMS INC,4078956030,,,,FL,socrata:orlando_business_tax,,,,
standard,ORLANDO AUTOTRONIC & SPEEDWORL,4075784630,,,,FL,socrata:orlando_business_tax,,,,
standard,DMYTRO KHYTRYCH,4079148474,,,,FL,socrata:orlando_business_tax,,,,
standard,"SCHMIDT, CINDY PA",4077612065,,,,FL,socrata:orlando_business_tax,,,,
standard,ALPHA 55 ENTERPRISES(10/17/03),4073440024,,,,FL,socrata:orlando_business_tax,,,,
standard,ANTHONY OWNES MINISTRIES,4072524480,,,,FL,socrata:orlando_business_tax,,,,
standard,THAI HOUSE,4078958142,,,,FL,socrata:orlando_business_tax,,,,
standard,SUN EQUITIES REALTY INC,4076494700,,,,FL,socrata:orlando_business_tax,,,,
standard,D R SIGNATURE GRAPHICS INC,4072489250,,,,FL,socrata:orlando_business_tax,,,,
standard,HEAVENLY CAFE,4072733304,,,,FL,socrata:orlando_business_tax,,,,
standard,FOUNDATION FINANCIAL GROUP(CLO,4072954227,,,,FL,socrata:orlando_business_tax,,,,
standard,GLAMOUR GLOW ON THE GO,4078954334,,,,FL,socrata:orlando_business_tax,,,,
standard,"BUSH, BARBARA(CLS 04/03)",4076494918,,,,FL,socrata:orlando_business_tax,,,,
standard,INSPIRATIONAL LIVING INC,4072488848,,,,FL,socrata:orlando_business_tax,,,,
standard,"CELLULAR STORE, THE(CLS 10/03)",4078801699,,,,FL,socrata:orlando_business_tax,,,,
standard,SIRVONTAY HOWARD,4072911734,,,,FL,socrata:orlando_business_tax,,,,
standard,RUG AND ART SHOWS,7275434443,,,,FL,socrata:orlando_business_tax,,,,
standard,CANDEIAS INTERNATIONAL CORP,4078589267,,,,FL,socrata:orlando_business_tax,,,,
standard,MAGIC PENCIL STUDIOS INC(CLS 0,4078727672,,,,FL,socrata:orlando_business_tax,,,,
standard,REGIONS BANK,4073510330,,,,FL,socrata:orlando_business_tax,,,,
standard,"EASTERLING, CONSTANCE B/M S CO",4073525434,,,,FL,socrata:orlando_business_tax,,,,
standard,FLORISTS MUTUAL INSURANCE CO,4072491866,,,,FL,socrata:orlando_business_tax,,,,
standard,COCOS ALL IN ONE SERVICES LLC,7035095612,,,,FL,socrata:orlando_business_tax,,,,
standard,KALEY LAUNDRY,4074250742,,,,FL,socrata:orlando_business_tax,,,,
standard,BETTER BUSINESS SERVICES INC,2106947884,,,,FL,socrata:orlando_business_tax,,,,
standard,DOLLAR CONCEPT,4073010941,,,,FL,socrata:orlando_business_tax,,,,
standard,GOLDEN STALLION CHINESE RESTAU,4072986923,,,,FL,socrata:orlando_business_tax,,,,
standard,GLOBAL ENGINEERING SCIENTIFIC,8507662233,,,,FL,socrata:orlando_business_tax,,,,
standard,"BORAKS, GARY R/COLONIAL SPORTS",4076500069,,,,FL,socrata:orlando_business_tax,,,,
standard,PRUDENTIAL AGRICULTURAL INVEST,4076499601,,,,FL,socrata:orlando_business_tax,,,,
standard,A 2 GROUP INC,4074475610,,,,FL,socrata:orlando_business_tax,,,,
standard,DR. SANT & ASSOCIATES O D P A,4079241370,,,,FL,socrata:orlando_business_tax,,,,
standard,EAST WEST PACKAGE STORE (TRANS,4074230730,,,,FL,socrata:orlando_business_tax,,,,
standard,"RIVERA, WILLIAM(CLOSED 06/20/0",3212886937,,,,FL,socrata:orlando_business_tax,,,,
standard,HOYMAN DOBSON & FORNESS PA,4074221681,,,,FL,socrata:orlando_business_tax,,,,
standard,METROPOLITAN GROUP PROPERTY &,4018272563,,,,FL,socrata:orlando_business_tax,,,,
standard,BUDDYS CINNAMON BUNS  (CLOSED,4073513646,,,,FL,socrata:orlando_business_tax,,,,
standard,WALTON ARCHITECTURAL ASSOC INC,4074230627,,,,FL,socrata:orlando_business_tax,,,,
standard,"WILSON, JOHN B",4075401400,,,,FL,socrata:orlando_business_tax,,,,
standard,HEMBREE CONSTRUCTION INC,4078419460,,,,FL,socrata:orlando_business_tax,,,,
standard,BLACK BELT CENTER OF ORLANDO(C,4072822815,,,,FL,socrata:orlando_business_tax,,,,
standard,"MCKNIGHT, JON C/STARSOULS",4072244719,,,,FL,socrata:orlando_business_tax,,,,
standard,"GERMANO, DANNI L/BROUSSARD",4076498717,,,,FL,socrata:orlando_business_tax,,,,
standard,COLUMBUS INSURANCE AGENCY INC,4074181112,,,,FL,socrata:orlando_business_tax,,,,
standard,HOTEL PARKING MANAGEMENT INC(C,4076589181,,,,FL,socrata:orlando_business_tax,,,,
standard,WATER BEDROOM LAND,4076775981,,,,FL,socrata:orlando_business_tax,,,,
standard,EXECUTIVE OFFICE SERVICES,6784450530,,,,FL,socrata:orlando_business_tax,,,,
standard,WOODWORK BY RYAN INC,4078960077,,,,FL,socrata:orlando_business_tax,,,,
standard,COMMERCIAL & GOVT INC(TRANS TO,4078986582,,,,FL,socrata:orlando_business_tax,,,,
standard,FAR EAST MASSAGE(CLS 10/03),3212979539,,,,FL,socrata:orlando_business_tax,,,,
standard,ALTERNATIVE CLEANING SOLUTIONS,4073402480,,,,FL,socrata:orlando_business_tax,,,,
standard,ADVANCE DISCOUNT AUTO PARTS #9,5405618432,,,,FL,socrata:orlando_business_tax,,,,
standard,CARPORT SALES & LEASING INC,4076790231,,,,FL,socrata:orlando_business_tax,,,,
standard,MOTEL 6 UNIVERSAL STUDIOS ORLANDO,4073516500,,,,FL,socrata:orlando_business_tax,,,,
standard,AUTO PRO OF ORLANDO INC,4074230795,,,,FL,socrata:orlando_business_tax,,,,
standard,EAST WEST MEDICAL CENTER INC,4078988000,,,,FL,socrata:orlando_business_tax,,,,
standard,JEDCO(TRNS 23876-1 08/03),4075237372,,,,FL,socrata:orlando_business_tax,,,,
standard,AA FURNITURE(CLS 06/04),4072457033,,,,FL,socrata:orlando_business_tax,,,,
standard,BELLAGIO APARTMENTS,4073822683,,,,FL,socrata:orlando_business_tax,,,,
standard,GRACIES TASTE OF HOME RESTAURA,4078727022,,,,FL,socrata:orlando_business_tax,,,,
standard,UNITED ASSOCIATES PROPERTIES I,4074221003,,,,FL,socrata:orlando_business_tax,,,,
standard,QUARTER5 LLC,3212930651,,,,FL,socrata:orlando_business_tax,,,,
standard,FSH CLEANING INC(CLS 04/04),4072924956,,,,FL,socrata:orlando_business_tax,,,,
standard,TIFFANY MCGHEE CLEANING SERVIC,4076837138,,,,FL,socrata:orlando_business_tax,,,,
standard,DEI AUTO SERVICE INC,4078971122,,,,FL,socrata:orlando_business_tax,,,,
standard,GIORDANOS SAND LAKE,3212189500,,,,FL,socrata:orlando_business_tax,,,,
standard,MANUEL HOT DOGS,3865323471,,,,FL,socrata:orlando_business_tax,,,,
standard,MAPLE DISTRIBUTION CENTERS INC,4072971004,,,,FL,socrata:orlando_business_tax,,,,
standard,TOM'S COIN LAUNDRY,4072731843,,,,FL,socrata:orlando_business_tax,,,,
standard,FREEDOM TRANSPORTATION INC(CLS,4072482501,,,,FL,socrata:orlando_business_tax,,,,
standard,FERNANDO ALBUQUERQUE INC(10/17,4078543472,,,,FL,socrata:orlando_business_tax,,,,
standard,EINSTEIN BROS BAGEL 2526,7635922452,,,,FL,socrata:orlando_business_tax,,,,
standard,SOL,8139003959,,,,FL,socrata:orlando_business_tax,,,,
standard,CDQ SERVICES INC,4072774587,,,,FL,socrata:orlando_business_tax,,,,
standard,ARTGRAPHIC SIGNS INC,4072926162,,,,FL,socrata:orlando_business_tax,,,,
standard,AMERICAN ANTIQUES,4078699747,,,,FL,socrata:orlando_business_tax,,,,
standard,SWANK,5082223400,,,,FL,socrata:orlando_business_tax,,,,
standard,THEORY 3 INC,4078396293,,,,FL,socrata:orlando_business_tax,,,,
standard,H S R FINANCIAL CORPORATION,4078987577,,,,FL,socrata:orlando_business_tax,,,,
standard,AMERICAN PIE,4072919019,,,,FL,socrata:orlando_business_tax,,,,
standard,MCT REAL ESTATE SCHOOL LLC,4078412034,,,,FL,socrata:orlando_business_tax,,,,
standard,COMPLETE CHIROPRACTIC CARE PA,4072282150,,,,FL,socrata:orlando_business_tax,,,,
standard,MAJE A MOVE PRODUCTIONS LLC,4076683220,,,,FL,socrata:orlando_business_tax,,,,
standard,HASSAN BENATTAR PILLOW PETS,4075298559,,,,FL,socrata:orlando_business_tax,,,,
standard,LUIS F VEGA ALICEA PA,4078474029,,,,FL,socrata:orlando_business_tax,,,,
standard,PREMIER FOAM DESIGNS INC,4074858591,,,,FL,socrata:orlando_business_tax,,,,
standard,D & M MACHINE SHOP AND SERVICE,4072345140,,,,FL,socrata:orlando_business_tax,,,,
standard,ARCH WIRELESS OPERATING COMPAN,4078943313,,,,FL,socrata:orlando_business_tax,,,,
standard,SPECIALTY INSURANCE GROUP LLC,4072977411,,,,FL,socrata:orlando_business_tax,,,,
standard,THE BENJAMIN LAW FIRM,4072280337,,,,FL,socrata:orlando_business_tax,,,,
standard,TERRY OVERTON,4073816139,,,,FL,socrata:orlando_business_tax,,,,
standard,SEAN S CHOI,4073332302,,,,FL,socrata:orlando_business_tax,,,,
standard,"LAM, KY MORTGAGE",4072734949,,,,FL,socrata:orlando_business_tax,,,,
standard,UP THE GROUND NIGHT CLUB & RES,4073514866,,,,FL,socrata:orlando_business_tax,,,,
standard,DUNG VAN LE,4072640405,,,,FL,socrata:orlando_business_tax,,,,
standard,THE DAVE SCHOOL,4072243283,,,,FL,socrata:orlando_business_tax,,,,
standard,"LE, PHUNG THU NATURAL NAIL",4072491661,,,,FL,socrata:orlando_business_tax,,,,
standard,RENT A CENTER #03973,4073802111,,,,FL,socrata:orlando_business_tax,,,,
standard,CEFIORE,5612526741,,,,FL,socrata:orlando_business_tax,,,,
standard,"WHITEWAY, CATHY E",4075323131,,,,FL,socrata:orlando_business_tax,,,,
standard,VALVERA INC,4074169885,,,,FL,socrata:orlando_business_tax,,,,
standard,OLENA PASIKA//NAIL MANIAC SALON LLC,3213186676,,,,FL,socrata:orlando_business_tax,,,,
standard,RGN SERVICES PLUS LLC,4077211472,,,,FL,socrata:orlando_business_tax,,,,
standard,ORLANDO CLASSIC MARBLE,4074258712,,,,FL,socrata:orlando_business_tax,,,,
standard,CENTR-WEST INC (CLS 09/03),4073837830,,,,FL,socrata:orlando_business_tax,,,,
standard,CAR-SPHERE LLC(CLS 09/03),4072268022,,,,FL,socrata:orlando_business_tax,,,,
standard,VANS JEWELER,4078961124,,,,FL,socrata:orlando_business_tax,,,,
standard,SUNSHINE FURNITURE GROUP INC,4075633842,,,,FL,socrata:orlando_business_tax,,,,
standard,EXOTIC FASHIONS,4076920603,,,,FL,socrata:orlando_business_tax,,,,
standard,HIGH PERFORMANCE TANNING INC,4072991978,,,,FL,socrata:orlando_business_tax,,,,
standard,TRUMBO CAPITAL MANAGEMENT LLC,4076482084,,,,FL,socrata:orlando_business_tax,,,,
standard,AMERICA ENVIOS TRAVEL INC,4073847808,,,,FL,socrata:orlando_business_tax,,,,
standard,FLORIDA INSTITUTE OF PROFESSIO,4075390004,,,,FL,socrata:orlando_business_tax,,,,
standard,LADIES SHAPE SHOP INC,4073060179,,,,FL,socrata:orlando_business_tax,,,,
standard,"ALI, ABBAS/FL CARDIO",4078936869,,,,FL,socrata:orlando_business_tax,,,,
standard,ZINC BAR,4077694056,,,,FL,socrata:orlando_business_tax,,,,
standard,H J FOX CONSTRUCTION CO INC,9018292687,,,,FL,socrata:orlando_business_tax,,,,
standard,AUTOMATED ARTISTS CORP,4078432188,,,,FL,socrata:orlando_business_tax,,,,
standard,GENERAL NUTRITION CENTERS,4076785131,,,,FL,socrata:orlando_business_tax,,,,
standard,JONES WALKER GROUP LLC,4074228935,,,,FL,socrata:orlando_business_tax,,,,
standard,LEES KOREAN BISTRO,4074253900,,,,FL,socrata:orlando_business_tax,,,,
standard,MARY MOORE,4074221458,,,,FL,socrata:orlando_business_tax,,,,
standard,ABYSSMAL ENTERTAINMENT INC,4074819292,,,,FL,socrata:orlando_business_tax,,,,
standard,"BUSH, LARRY STUCCO",4076499693,,,,FL,socrata:orlando_business_tax,,,,
standard,DA LINK ENTERTAINMENT INC,3212318206,,,,FL,socrata:orlando_business_tax,,,,
standard,HERTZ,4078598400,,,,FL,socrata:orlando_business_tax,,,,
standard,"JUDE, CHRISTOPHER",4078961399,,,,FL,socrata:orlando_business_tax,,,,
standard,EDUARDO GUILLEN CARRIBEAN FOOD,4073612201,,,,FL,socrata:orlando_business_tax,,,,
standard,TOUFAYAN BAKERY OF FL INC,4072952257,,,,FL,socrata:orlando_business_tax,,,,
standard,"HODGE, STEVE D, PE/FORENSIC",4073516789,,,,FL,socrata:orlando_business_tax,,,,
standard,"KUHN, LARRY MD/AGO/ATTN AMY SW",8138795701,,,,FL,socrata:orlando_business_tax,,,,
standard,MONTA ALTERATION,4073632748,,,,FL,socrata:orlando_business_tax,,,,
standard,DAMEWOOD DEVELOPMENT COMPANY(C,4078416305,,,,FL,socrata:orlando_business_tax,,,,
standard,"PHIPPS, ROBERT W PA",4074224171,,,,FL,socrata:orlando_business_tax,,,,
standard,"DAUMEN, BRUCE/AT YOUR",4078399996,,,,FL,socrata:orlando_business_tax,,,,
standard,A CLEAN START A HOME CLEANING,4072428803,,,,FL,socrata:orlando_business_tax,,,,
standard,QUANTUM RESOURCES CORP,4078940111,,,,FL,socrata:orlando_business_tax,,,,
standard,ALLIANCE CARE OF FLORIDA INC,5619950577,,,,FL,socrata:orlando_business_tax,,,,
standard,FLORIDA WIRE & RIGGING SUPPLY,4073315542,,,,FL,socrata:orlando_business_tax,,,,
standard,CURTIS SWEETS & TREATS,8636874775,,,,FL,socrata:orlando_business_tax,,,,
standard,LYDMAR CAFETERIA,4074382015,,,,FL,socrata:orlando_business_tax,,,,
standard,UNITED REFRIGERATION INC,2156989100,,,,FL,socrata:orlando_business_tax,,,,
standard,GARZA & SON LAWN CARE,4078940724,,,,FL,socrata:orlando_business_tax,,,,
standard,CHINO CONSTRUCTION CORP,4077226019,,,,FL,socrata:orlando_business_tax,,,,
standard,MERRIS MONTESSORI SCHOOL INC(T,4072758570,,,,FL,socrata:orlando_business_tax,,,,
standard,DATO ELECTRIC INC,3058837319,,,,FL,socrata:orlando_business_tax,,,,
standard,CHEZ CHEEZ INC,4076500029,,,,FL,socrata:orlando_business_tax,,,,
standard,THUYEN T LY/BEST,4072916151,,,,FL,socrata:orlando_business_tax,,,,
standard,"ELYSEE, LORMICHAT",4073756225,,,,FL,socrata:orlando_business_tax,,,,
standard,TOMMY JOHNSTON,4077317410,,,,FL,socrata:orlando_business_tax,,,,
standard,"SHULHA, VIKTOR",4079709699,,,,FL,socrata:orlando_business_tax,,,,
standard,"FETTER, ERIC ATTORNEY",4076501732,,,,FL,socrata:orlando_business_tax,,,,
standard,"RAMIREZ, MANUEL G",4072080151,,,,FL,socrata:orlando_business_tax,,,,
standard,ALL WAYS PROFESSIONAL INC,4077604700,,,,FL,socrata:orlando_business_tax,,,,
standard,USA GALLERY,4078762014,,,,FL,socrata:orlando_business_tax,,,,
standard,BROKERS TITLE OF ORLANDO LTD,4074819200,,,,FL,socrata:orlando_business_tax,,,,
standard,"GARCIA, LEONARDO",4073634707,,,,FL,socrata:orlando_business_tax,,,,
standard,GERPRI CORPORATION,7874335655,,,,FL,socrata:orlando_business_tax,,,,
standard,ORLANDO SPINAL HEALTH CLINIC,4078625566,,,,FL,socrata:orlando_business_tax,,,,
standard,THE DOWNTOWN POURHOUSE,4074257687,,,,FL,socrata:orlando_business_tax,,,,
standard,SONNYS REAL PIT BAR B Q,4076608888,,,,FL,socrata:orlando_business_tax,,,,
standard,SARAH BIRD PA ATTORNEY AT LAW,4074220274,,,,FL,socrata:orlando_business_tax,,,,
standard,MAID IMMACULATE,3212766087,,,,FL,socrata:orlando_business_tax,,,,
standard,REDEEMED & CLEANED LLC,4078104333,,,,FL,socrata:orlando_business_tax,,,,
standard,"LEONARD, JASON J/REGIS",4073512922,,,,FL,socrata:orlando_business_tax,,,,
standard,FRANCISCA MEDICAL EQUIPMENT IN,4078128744,,,,FL,socrata:orlando_business_tax,,,,
standard,NEW HOME REALTY SERVICES INC,4079267600,,,,FL,socrata:orlando_business_tax,,,,
standard,"THE GINN LAND COMPANY, LLC",4079999022,,,,FL,socrata:orlando_business_tax,,,,
standard,ART ANGELS MARKET,4078518272,,,,FL,socrata:orlando_business_tax,,,,
standard,ART SHOWS INTERNATIONAL II LLC,8506077003,,,,FL,socrata:orlando_business_tax,,,,
standard,STA ELEMENTS INC(CLS 10/03),4073553507,,,,FL,socrata:orlando_business_tax,,,,
standard,CLEARVIEW LAKES INC,4079254405,,,,FL,socrata:orlando_business_tax,,,,
standard,CLASSIC IMAGES BEAUTY SALON,8634244645,,,,FL,socrata:orlando_business_tax,,,,
standard,PEDRO RIVERA MENDEZ(CLS 04/04),8606147607,,,,FL,socrata:orlando_business_tax,,,,
standard,SPRINT COMMUNICATION CO LP,9133155766,,,,FL,socrata:orlando_business_tax,,,,
standard,COMPASSIONATE HEALING INC,4073424691,,,,FL,socrata:orlando_business_tax,,,,
standard,TOTAL WIRELESS,4074828030,,,,FL,socrata:orlando_business_tax,,,,
standard,RING POWER CORPORATION,9047377730,,,,FL,socrata:orlando_business_tax,,,,
standard,LINS DINER,4073450336,,,,FL,socrata:orlando_business_tax,,,,
standard,CRYSTAL MORTGAGE SERVICES INC(,4072734778,,,,FL,socrata:orlando_business_tax,,,,
standard,ROMI H MITRI HOLYLAND TREASURE,4074843741,,,,FL,socrata:orlando_business_tax,,,,
standard,WALTER CEVALLOS,8634094354,,,,FL,socrata:orlando_business_tax,,,,
standard,THE ROYAL GUARD OF AMEN RA INC,3522426390,,,,FL,socrata:orlando_business_tax,,,,
standard,SOUNDS OF SEATTLE RECORDS CO I,8506274515,,,,FL,socrata:orlando_business_tax,,,,
standard,H & H AUTO AND TRUCK SALES INC,4074473040,,,,FL,socrata:orlando_business_tax,,,,
standard,"NAIR, SANTOSH/FL HEMATOLOGY",4078940018,,,,FL,socrata:orlando_business_tax,,,,
standard,NNETTAS ISLAND NEST INC,4078432251,,,,FL,socrata:orlando_business_tax,,,,
standard,BELFOR USA GROUP INC,2485943188,,,,FL,socrata:orlando_business_tax,,,,
standard,DAVID SHIF,4072969025,,,,FL,socrata:orlando_business_tax,,,,
standard,ALL STAR IND DIV OF FOWNES BRO,4073511611,,,,FL,socrata:orlando_business_tax,,,,
standard,"RITTER, ELIZABETH A",2406201048,,,,FL,socrata:orlando_business_tax,,,,
standard,HM ESTATE JEWELERS INC,4076500520,,,,FL,socrata:orlando_business_tax,,,,
standard,PLAY IT AGAIN SPORTS(CLOSED BY,9416887757,,,,FL,socrata:orlando_business_tax,,,,
standard,SUNBELT TRUCKING INC,4078778711,,,,FL,socrata:orlando_business_tax,,,,
standard,AQUAGENIX C/O DEANGELO BROTHER,9549698000,,,,FL,socrata:orlando_business_tax,,,,
standard,CB RICHARD ELLIS INC,4078491269,,,,FL,socrata:orlando_business_tax,,,,
standard,GEMSTONES OF GLORY,4079231454,,,,FL,socrata:orlando_business_tax,,,,
standard,WANNA FIGHT PRODUCTIONS INC,4078950955,,,,FL,socrata:orlando_business_tax,,,,
standard,BEALLS OUTLET/568,9417472355,,,,FL,socrata:orlando_business_tax,,,,
standard,TERM PERSONNEL OF SARASOTA INC,9413599611,,,,FL,socrata:orlando_business_tax,,,,
standard,LEMAX CORPORATION,3212341867,,,,FL,socrata:orlando_business_tax,,,,
standard,JEMAL TRANSPORTATION SERVICES,4077910881,,,,FL,socrata:orlando_business_tax,,,,
standard,ZEE MEDICAL INC,9549810900,,,,FL,socrata:orlando_business_tax,,,,
standard,ORLANDO DECORATION & MANAGEMEN,4079242057,,,,FL,socrata:orlando_business_tax,,,,
standard,BIO TECH CONSULTING INC,4075233669,,,,FL,socrata:orlando_business_tax,,,,
standard,"CABRERA, DAMARIS",3212999912,,,,FL,socrata:orlando_business_tax,,,,
standard,JRW PARTNERS LLC,4072458330,,,,FL,socrata:orlando_business_tax,,,,
standard,GARDEN SALON AND DAY SPA,4079997966,,,,FL,socrata:orlando_business_tax,,,,
standard,OAKWOOD COMMONS,4078989371,,,,FL,socrata:orlando_business_tax,,,,
standard,DISNEYS CHARACTER WAREHOUSE-PR,4078284099,,,,FL,socrata:orlando_business_tax,,,,
standard,KAREN WONSETLER,4072992333,,,,FL,socrata:orlando_business_tax,,,,
standard,CHARMS OF LIFE(CLS 04/14/04),4078237922,,,,FL,socrata:orlando_business_tax,,,,
standard,FOR WALLS RENOVATIONS INC,4073168385,,,,FL,socrata:orlando_business_tax,,,,
standard,MASTER FRAMING INC,4078962489,,,,FL,socrata:orlando_business_tax,,,,
standard,MARIE SEVERE BOUTIQUE,4078391431,,,,FL,socrata:orlando_business_tax,,,,
standard,S & S CUSTOM PHOTOGRAPHIC SERV,4076497718,,,,FL,socrata:orlando_business_tax,,,,
standard,OLE GIFT LLC,4073529611,,,,FL,socrata:orlando_business_tax,,,,
standard,"GILMAN, CHARLES(CLS 11/03)",3522553180,,,,FL,socrata:orlando_business_tax,,,,
standard,LAW OFFICES OF NERY G WINTER,4078656600,,,,FL,socrata:orlando_business_tax,,,,
standard,EDR ENTERPRISES INC,4073121581,,,,FL,socrata:orlando_business_tax,,,,
standard,TRILL(CLS 03/04),4075230838,,,,FL,socrata:orlando_business_tax,,,,
standard,MACAU BILLARD & CAFE,4074271898,,,,FL,socrata:orlando_business_tax,,,,
standard,DIRECT GENERAL INSURANCE AGENC,4072814828,,,,FL,socrata:orlando_business_tax,,,,
standard,BEST WESTERN ORLANDO WEST,4078418600,,,,FL,socrata:orlando_business_tax,,,,
standard,DIRECT GENL INS AGENCY INC,6153653604,,,,FL,socrata:orlando_business_tax,,,,
standard,LUSAN C LLABONA/THE LLABONA LAW GROUP P A,4078946003,,,,FL,socrata:orlando_business_tax,,,,
standard,ADVANCE AUTO PARTS,5133946161,,,,FL,socrata:orlando_business_tax,,,,
standard,STAR BUSINESS AND TRAVEL INC,4074680755,,,,FL,socrata:orlando_business_tax,,,,
standard,PREPPY PET INC,3522432847,,,,FL,socrata:orlando_business_tax,,,,
standard,"SMITH, KAREN M",4076737741,,,,FL,socrata:orlando_business_tax,,,,
standard,DAY BY DAY CALENDAR,7344771100,,,,FL,socrata:orlando_business_tax,,,,
standard,P & R HOUSING MANAGEMENT INC,4078416248,,,,FL,socrata:orlando_business_tax,,,,
standard,SONGS LUGGAGE,4076496575,,,,FL,socrata:orlando_business_tax,,,,
standard,"MARTINEZ, AMILCAR & MYRIAM",4072738494,,,,FL,socrata:orlando_business_tax,,,,
standard,"LYONS, REBECCA/LESLIE COLLEEN",4079779080,,,,FL,socrata:orlando_business_tax,,,,
standard,J & P ENTERPRISES OF ORLANDO I,4073526671,,,,FL,socrata:orlando_business_tax,,,,
standard,SEAN HENDERSON LLC,4078351471,,,,FL,socrata:orlando_business_tax,,,,
standard,FRANCHISE CONSULTANTS INC,4072457776,,,,FL,socrata:orlando_business_tax,,,,
standard,FEMS MINI MART,4073812132,,,,FL,socrata:orlando_business_tax,,,,
standard,FLORIDA CHILDRENS MEDICAL GROU,4078948556,,,,FL,socrata:orlando_business_tax,,,,
standard,PIZZERIA DEL DIO,4078971230,,,,FL,socrata:orlando_business_tax,,,,
standard,RENAISSANCE ORLANDO HOTEL AIRP,4072401000,,,,FL,socrata:orlando_business_tax,,,,
standard,CENTRAL FLORIDA STROBE INC,4075924184,,,,FL,socrata:orlando_business_tax,,,,
standard,DUNKIN DONUTS,4078565656,,,,FL,socrata:orlando_business_tax,,,,
standard,LUCKY STAR CATERING III,4078510469,,,,FL,socrata:orlando_business_tax,,,,
standard,SEAWRIGHT FURNITURE DEN INC,4072952951,,,,FL,socrata:orlando_business_tax,,,,
standard,SUN WORLD REALTY,4074221359,,,,FL,socrata:orlando_business_tax,,,,
standard,FLORIDA COAST TO COAST INC(CLO,4073637100,,,,FL,socrata:orlando_business_tax,,,,
standard,ROOF CLEANING SPECIALISTS(CLS,4075226274,,,,FL,socrata:orlando_business_tax,,,,
standard,PRIMOR USA CORP,4079670688,,,,FL,socrata:orlando_business_tax,,,,
standard,G & M MAGIC INC,4073528696,,,,FL,socrata:orlando_business_tax,,,,
standard,IDEAS,8305346835,,,,FL,socrata:orlando_business_tax,,,,
standard,BEN WATCHES,4072962619,,,,FL,socrata:orlando_business_tax,,,,
standard,BRUCE BALTICH INSURANCE AGENCY,4072920836,,,,FL,socrata:orlando_business_tax,,,,
standard,"KELLER, INGRID A/TANGEL",4078491133,,,,FL,socrata:orlando_business_tax,,,,
standard,TAQUERIA LOS DELEITES,4074286297,,,,FL,socrata:orlando_business_tax,,,,
standard,GREG COLLINSWORTH INVESTMENT M,4077369210,,,,FL,socrata:orlando_business_tax,,,,
standard,MELLOS WORLD OF BEAUTY INC,4072649700,,,,FL,socrata:orlando_business_tax,,,,
standard,A N C CONSTRUCTION INC(CLS 04/,4074227177,,,,FL,socrata:orlando_business_tax,,,,
standard,NEISWENDER AND ASSOCIATES INC,4074251245,,,,FL,socrata:orlando_business_tax,,,,
standard,CHARLIE FRANKLIN,2023440694,,,,FL,socrata:orlando_business_tax,,,,
standard,KEVIN JON PRIBELL,4076454558,,,,FL,socrata:orlando_business_tax,,,,
standard,MR THIESSENS WALLPAPERING INC,4072563852,,,,FL,socrata:orlando_business_tax,,,,
standard,"TRIM, PAT LCSW",4076290560,,,,FL,socrata:orlando_business_tax,,,,
standard,SOUTHERN TECHNICAL INSTITUTE,4074476500,,,,FL,socrata:orlando_business_tax,,,,
standard,DOMINOS PIZZA #5121,4076178858,,,,FL,socrata:orlando_business_tax,,,,
standard,FCA US LLC,4078267002,,,,FL,socrata:orlando_business_tax,,,,
standard,JEAN DUREAU CLEANING SERVICES,4072712832,,,,FL,socrata:orlando_business_tax,,,,
standard,NORBERT N YOUNG/YOUNG & HAAS CPAS,4072918499,,,,FL,socrata:orlando_business_tax,,,,
standard,GARGIS RISTORANT ITALIANO(CLOS,4078947907,,,,FL,socrata:orlando_business_tax,,,,
standard,AUTOMOTIVE FINANCE CORP,3178159645,,,,FL,socrata:orlando_business_tax,,,,
standard,COMMERCIAL FIRST PROPERTIES IN,4074230003,,,,FL,socrata:orlando_business_tax,,,,
standard,M S GIFTS,4078728590,,,,FL,socrata:orlando_business_tax,,,,
standard,MICHELA COSTA CLEANING,4074094049,,,,FL,socrata:orlando_business_tax,,,,
standard,VILLIOTTI ENTERPRISES LLC,4122870841,,,,FL,socrata:orlando_business_tax,,,,
standard,SHEPARD FILBURN PA,4072062020,,,,FL,socrata:orlando_business_tax,,,,
standard,BARROTT VENDING SERVICES CORP,4072081985,,,,FL,socrata:orlando_business_tax,,,,
standard,KELLY SHANNON FLORAL INC,4075950057,,,,FL,socrata:orlando_business_tax,,,,
standard,M&J INCOME TAX SERVICES,4073813345,,,,FL,socrata:orlando_business_tax,,,,
standard,PERFECTION BY ERRICKA,4072920029,,,,FL,socrata:orlando_business_tax,,,,
standard,PRINCESS CHARMING PRODUCTIONS,4079242872,,,,FL,socrata:orlando_business_tax,,,,
standard,PROJECTFLOOR IMPORT & EXPORT,3212331525,,,,FL,socrata:orlando_business_tax,,,,
standard,"NGUYEN, HANG DIEU/BILLS",4072519853,,,,FL,socrata:orlando_business_tax,,,,
standard,KIERK TURNER,4074966492,,,,FL,socrata:orlando_business_tax,,,,
standard,UNLIMITED FLEET SERVICES INC,4078227090,,,,FL,socrata:orlando_business_tax,,,,
standard,CINNABON,2406944634,,,,FL,socrata:orlando_business_tax,,,,
standard,SHINGLE CARE SYSTEMS INC,4078959787,,,,FL,socrata:orlando_business_tax,,,,
standard,"SARCHET, CORBIN",4076489636,,,,FL,socrata:orlando_business_tax,,,,
standard,A & T CORP,4072827860,,,,FL,socrata:orlando_business_tax,,,,
standard,COOKIE JAR FOOD SERVICES INC,4076546638,,,,FL,socrata:orlando_business_tax,,,,
standard,"BILMAR GROUP INC, THE",7088966622,,,,FL,socrata:orlando_business_tax,,,,
standard,J & B GRANITE INC,3215438577,,,,FL,socrata:orlando_business_tax,,,,
standard,OCEAN GRILL THE,4073529993,,,,FL,socrata:orlando_business_tax,,,,
standard,CAROLINA CLOSETS&CUSTOM BUILT,4078126421,,,,FL,socrata:orlando_business_tax,,,,
standard,"LEVINE, GERALD M DMD PA",4072940067,,,,FL,socrata:orlando_business_tax,,,,
standard,LE PALMISTE(CLS 11/03),4072089314,,,,FL,socrata:orlando_business_tax,,,,
standard,RAINTREE VENDING INC(CLOSED BY,4073658815,,,,FL,socrata:orlando_business_tax,,,,
standard,BODY DESIGN INC(CLS 02/04),4074026184,,,,FL,socrata:orlando_business_tax,,,,
standard,"SANCHEZ, MARINA",4072244725,,,,FL,socrata:orlando_business_tax,,,,
standard,8 SECONDS,4074269166,,,,FL,socrata:orlando_business_tax,,,,
standard,CYPRESS CREEK COUNTRY CLUB,4076470005,,,,FL,socrata:orlando_business_tax,,,,
standard,STAR ETTA LONG/EUGENE HOWARD,4072460679,,,,FL,socrata:orlando_business_tax,,,,
standard,CESAR RIVAS LAWN CARE,4073876470,,,,FL,socrata:orlando_business_tax,,,,
standard,DIGITAL LOVE,4078545769,,,,FL,socrata:orlando_business_tax,,,,
standard,WORLD OF MID EASTERN DANCE INC,4073802706,,,,FL,socrata:orlando_business_tax,,,,
standard,CONSOLIDATED FUNDING GROUP INC,4072564717,,,,FL,socrata:orlando_business_tax,,,,
standard,THE KODA GROUP INC,4072346480,,,,FL,socrata:orlando_business_tax,,,,
standard,TROJAN INTERIORS(CLS 05/03),4072969886,,,,FL,socrata:orlando_business_tax,,,,
standard,FLORIDA INS PLANNERS,4078963323,,,,FL,socrata:orlando_business_tax,,,,
standard,COLLEGE PARK TREES(CLS 09/03),4076497788,,,,FL,socrata:orlando_business_tax,,,,
standard,LYDIA F PEREZ,4078947554,,,,FL,socrata:orlando_business_tax,,,,
standard,TROPICAL INTERNATIONAL CORP,3056337575,,,,FL,socrata:orlando_business_tax,,,,
standard,KERRY JON HAMANN,4074635163,,,,FL,socrata:orlando_business_tax,,,,
standard,PAULYS DINER,4074971199,,,,FL,socrata:orlando_business_tax,,,,
standard,PEVIN DAYS,4073522525,,,,FL,socrata:orlando_business_tax,,,,
standard,THE ORLANDO LIQUOR STORE,4076540571,,,,FL,socrata:orlando_business_tax,,,,
standard,A I W INC,4075214576,,,,FL,socrata:orlando_business_tax,,,,
standard,"THOMPSON, MICHAEL A/EAC",3052642557,,,,FL,socrata:orlando_business_tax,,,,
standard,"TAYLOR, RONALD A",3057288898,,,,FL,socrata:orlando_business_tax,,,,
standard,PENINSULA METAL FINISHING INC,4072911023,,,,FL,socrata:orlando_business_tax,,,,
standard,ROBERT BRANTON,4073616102,,,,FL,socrata:orlando_business_tax,,,,
standard,"WISENBURG, PEGGY J",4072996714,,,,FL,socrata:orlando_business_tax,,,,
standard,BUMPER CHAMPS,4072779205,,,,FL,socrata:orlando_business_tax,,,,
standard,PAIGE SCHUERMAN,4075788904,,,,FL,socrata:orlando_business_tax,,,,
standard,NNC DISTRIBUTORS CORPORATION,4078773947,,,,FL,socrata:orlando_business_tax,,,,
standard,GERALD L WILLIAMS CLEANING SER,4072925717,,,,FL,socrata:orlando_business_tax,,,,
standard,LIZAS CATERING,3525162973,,,,FL,socrata:orlando_business_tax,,,,
standard,TRADEWINDS RESORT SPECIALISTS,4073129009,,,,FL,socrata:orlando_business_tax,,,,
standard,CORPORATE INTEGRITY SERVICES L,4072441114,,,,FL,socrata:orlando_business_tax,,,,
standard,"NEIL GROWDEN, JR TILE",4078964188,,,,FL,socrata:orlando_business_tax,,,,
standard,CHIP DIXON & CO INC(TRNS TO 37,4076484105,,,,FL,socrata:orlando_business_tax,,,,
standard,"BRAMLETT,DAVE L",4072996774,,,,FL,socrata:orlando_business_tax,,,,
standard,GATOR & SEMINOLE FEVER,3523323365,,,,FL,socrata:orlando_business_tax,,,,
standard,"RAMSBY, DEWEY",4078946771,,,,FL,socrata:orlando_business_tax,,,,
standard,COFFEE TIME SERVICES INC,4072488539,,,,FL,socrata:orlando_business_tax,,,,
standard,SWEET AUDIO INC,4076198649,,,,FL,socrata:orlando_business_tax,,,,
standard,ISLAND MAGIC INC(CLS 04/04),4078723395,,,,FL,socrata:orlando_business_tax,,,,
standard,SILVER TREND INC(CLS 02/03),4072979952,,,,FL,socrata:orlando_business_tax,,,,
standard,BENNETT HIGHWAY MAINTENANCE CO,4079630245,,,,FL,socrata:orlando_business_tax,,,,
standard,BEBE'S DEBUT LLC,4076548011,,,,FL,socrata:orlando_business_tax,,,,
standard,ADVANCED CAR CARE INC(CLOSED 0,3867756428,,,,FL,socrata:orlando_business_tax,,,,
standard,"THE COORDINATOR, INC",4076499190,,,,FL,socrata:orlando_business_tax,,,,
standard,PREMIER PARTIES ENTERTAINMENT,3526857424,,,,FL,socrata:orlando_business_tax,,,,
standard,ENTITY BEAUTY INC,8008165270,,,,FL,socrata:orlando_business_tax,,,,
standard,A+ TUTOR U,3213567240,,,,FL,socrata:orlando_business_tax,,,,
standard,"PAULK, GLENN L DDS",4078438180,,,,FL,socrata:orlando_business_tax,,,,
standard,NATURAL HEALTHY LIFE,4072752037,,,,FL,socrata:orlando_business_tax,,,,
standard,VIETTAX CENTER,4078960850,,,,FL,socrata:orlando_business_tax,,,,
standard,"TRAN, KIENGHI T/RADIANT SKIN C",4078438153,,,,FL,socrata:orlando_business_tax,,,,
standard,CHEAP DELIVERY BY GEORGE OQUEN,4076258131,,,,FL,socrata:orlando_business_tax,,,,
standard,CHOICE INTERNATIONAL INC,4077747791,,,,FL,socrata:orlando_business_tax,,,,
standard,KAUFFMAN TIRE INC,4073665174,,,,FL,socrata:orlando_business_tax,,,,
standard,PINNACLE ALARM SYSTEM SOLUTION,4076962797,,,,FL,socrata:orlando_business_tax,,,,
standard,MILLS AVENUE COINS LAUNDRY INC,3212500060,,,,FL,socrata:orlando_business_tax,,,,
standard,ROBERT A WISEMAN,4074926927,,,,FL,socrata:orlando_business_tax,,,,
standard,NOVASOL ENERGY CORP,4072306385,,,,FL,socrata:orlando_business_tax,,,,
standard,ACCIDENT & INJURY ATTORNEY HOT,4075994007,,,,FL,socrata:orlando_business_tax,,,,
standard,METRO APPRAISAL,4072948175,,,,FL,socrata:orlando_business_tax,,,,
standard,ECO CLEAN ENVIRONMENTAL SERVIC,4072759558,,,,FL,socrata:orlando_business_tax,,,,
standard,TPR ENTERPRISES LLC,4074280088,,,,FL,socrata:orlando_business_tax,,,,
standard,MATRIX OF FLORIDA LLC,4072460904,,,,FL,socrata:orlando_business_tax,,,,
standard,HANOVER CAPITAL PARTNERS LLC,4072069302,,,,FL,socrata:orlando_business_tax,,,,
standard,JUSTICE #902,6144582022,,,,FL,socrata:orlando_business_tax,,,,
standard,GROUPER & CHIPS OF BALDWIN PAR,4076473474,,,,FL,socrata:orlando_business_tax,,,,
standard,WE MUST BE NUTS,4076723609,,,,FL,socrata:orlando_business_tax,,,,
standard,"BANKS, PATRICK PROFESSIONAL DE",4079255437,,,,FL,socrata:orlando_business_tax,,,,
standard,HELICOPTERS INC,6183372904,,,,FL,socrata:orlando_business_tax,,,,
standard,AUCTION AUTO RV S WHOLESALES,3214606256,,,,FL,socrata:orlando_business_tax,,,,
standard,MATTRESS GIANT CORP,4073316650,,,,FL,socrata:orlando_business_tax,,,,
standard,"NEW, KAREN P",4077747868,,,,FL,socrata:orlando_business_tax,,,,
standard,ABBA OFFICE FURNITURE,4078720500,,,,FL,socrata:orlando_business_tax,,,,
standard,FIX AUTO,3525369158,,,,FL,socrata:orlando_business_tax,,,,
standard,"BEEDLE, NICOLE/SWANSON",4078416200,,,,FL,socrata:orlando_business_tax,,,,
standard,SHANES RIB SHACK,4075329884,,,,FL,socrata:orlando_business_tax,,,,
standard,ALEXANDER WHITT ENTERPRISES IN,4072984298,,,,FL,socrata:orlando_business_tax,,,,
standard,"WALSTED, SHARON R/MASSAGE",4074268691,,,,FL,socrata:orlando_business_tax,,,,
standard,"ABRAHAM, JOY MD (TRANS TO 8165",4078764463,,,,FL,socrata:orlando_business_tax,,,,
standard,"MOSSO, CARL R/SILVER",4072979560,,,,FL,socrata:orlando_business_tax,,,,
standard,PEEPING & CREEPING INVESTIGATI,4072734199,,,,FL,socrata:orlando_business_tax,,,,
standard,IN TOUCH WIRELESS II(CLS 04/04,4042108789,,,,FL,socrata:orlando_business_tax,,,,
standard,ETIENNE AIGNER RETAIL OUTLET S,9082489200,,,,FL,socrata:orlando_business_tax,,,,
standard,VEHICLE PROTECTION SERVICES LL,4078643122,,,,FL,socrata:orlando_business_tax,,,,
standard,BUSINESS TELECOM LLC,9195107000,,,,FL,socrata:orlando_business_tax,,,,
standard,FEDERAL HOME LIFE INSURANCE CO,8046622661,,,,FL,socrata:orlando_business_tax,,,,
standard,H & R BLOCK(CLS 10/03),4072733930,,,,FL,socrata:orlando_business_tax,,,,
standard,"INNOVISION DESIGN, INC",4078417938,,,,FL,socrata:orlando_business_tax,,,,
standard,"TAYLOR, PAULA M/TAYLOR",4078982251,,,,FL,socrata:orlando_business_tax,,,,
standard,LAW OFFICES OF PAUL SHOUCAIR P,4074811184,,,,FL,socrata:orlando_business_tax,,,,
standard,DELMAC GENERAL CLEANING CORP,4074018753,,,,FL,socrata:orlando_business_tax,,,,
standard,"LEGGETT, ASHLEY (CLOSED 04/03)",4078804491,,,,FL,socrata:orlando_business_tax,,,,
standard,PRAXIS SOFTWARE INC,4079039396,,,,FL,socrata:orlando_business_tax,,,,
standard,MEGA SOLUTIONS INC,4072305592,,,,FL,socrata:orlando_business_tax,,,,
standard,LONG JOHN SILVERS/A & W ROOT B,9198500558,,,,FL,socrata:orlando_business_tax,,,,
standard,BISSERETH TAX EXPERT SERVICES,4072723610,,,,FL,socrata:orlando_business_tax,,,,
standard,CHOICE EXPRESS(CLS 10/03),4074231055,,,,FL,socrata:orlando_business_tax,,,,
standard,"MUNNS, FARRELL A/BOGIN",4078766179,,,,FL,socrata:orlando_business_tax,,,,
standard,KEEP IT CLEAN,4074660121,,,,FL,socrata:orlando_business_tax,,,,
standard,GIMA FINANCIAL SERVICES INC,4079260341,,,,FL,socrata:orlando_business_tax,,,,
standard,HAWAIIAN KITEWORKS INC,4079483334,,,,FL,socrata:orlando_business_tax,,,,
standard,THE GOURMET GARDEN OF CENTRAL,4076441511,,,,FL,socrata:orlando_business_tax,,,,
standard,AFBA LIFE INSURANCE COMPANY(CL,8174517200,,,,FL,socrata:orlando_business_tax,,,,
standard,LLOYDS GLASS SERVICE LLC,4073134455,,,,FL,socrata:orlando_business_tax,,,,
standard,SHORTER COATINGS INC,8133408453,,,,FL,socrata:orlando_business_tax,,,,
standard,MCGILLIVRAY CONSULTING GROUP L,4079090146,,,,FL,socrata:orlando_business_tax,,,,
standard,YOUNG WON INC DBA MOGA MOGA,4072540026,,,,FL,socrata:orlando_business_tax,,,,
standard,IMPACT SPORTS INC,4079058925,,,,FL,socrata:orlando_business_tax,,,,
standard,FLIPPERS PIZZA,4073515643,,,,FL,socrata:orlando_business_tax,,,,
standard,MIC HOTEL CORP,3055922712,,,,FL,socrata:orlando_business_tax,,,,
standard,COLONIALWARE WHLSE INC,4072954692,,,,FL,socrata:orlando_business_tax,,,,
standard,2 SCOOPS CAFE FRANCHISE DEVELO,4072736641,,,,FL,socrata:orlando_business_tax,,,,
standard,MOON LIMOUSINE SERVICE INC,4072072488,,,,FL,socrata:orlando_business_tax,,,,
standard,SUNBELT INSTALLATIONS LLC,3522278924,,,,FL,socrata:orlando_business_tax,,,,
standard,CHINA GRILL,4075229896,,,,FL,socrata:orlando_business_tax,,,,
standard,SIGNEX,4072519475,,,,FL,socrata:orlando_business_tax,,,,
standard,AIR CONDITIONING WEATHER MASTE,4078940881,,,,FL,socrata:orlando_business_tax,,,,
standard,WHITNEY GROVES APT,4076284295,,,,FL,socrata:orlando_business_tax,,,,
standard,TRIO,4073589952,,,,FL,socrata:orlando_business_tax,,,,
standard,J HADDOCK INTERIORS,4078560418,,,,FL,socrata:orlando_business_tax,,,,
standard,BALDWIN NAILS & DAY SPA,4078957295,,,,FL,socrata:orlando_business_tax,,,,
standard,"REGAN, CHRISTOPHER F/ALLEN",4078411330,,,,FL,socrata:orlando_business_tax,,,,
standard,RETAIL MOBILE CART #15 HERCULE,4073638320,,,,FL,socrata:orlando_business_tax,,,,
standard,ORGANIZE U,4077615740,,,,FL,socrata:orlando_business_tax,,,,
standard,SPECIALTY CARPETS,4072778776,,,,FL,socrata:orlando_business_tax,,,,
standard,FOOT POINT INC,4074269894,,,,FL,socrata:orlando_business_tax,,,,
standard,TANYA L BURNS & ASSOCIATES INC,4072755890,,,,FL,socrata:orlando_business_tax,,,,
standard,"BISSINGER, LESLIE B/BAKER",4076498704,,,,FL,socrata:orlando_business_tax,,,,
standard,TOWERS HOME CARE AND REHABILIT,4074252707,,,,FL,socrata:orlando_business_tax,,,,
standard,NEW CANTON CHINO RESTAURANT,4072814443,,,,FL,socrata:orlando_business_tax,,,,
standard,ESTHER BRADFORD/MILTONS FITNES,4077192338,,,,FL,socrata:orlando_business_tax,,,,
standard,INVESTIGATORS INC,4074257429,,,,FL,socrata:orlando_business_tax,,,,
standard,THE HARALSON GROUP LLC,4078948400,,,,FL,socrata:orlando_business_tax,,,,
standard,CHECKERS DRIVE IN REST #8129,8002753628,,,,FL,socrata:orlando_business_tax,,,,
standard,HOME TECHNOLOGY INTERNATIONAL,4073834685,,,,FL,socrata:orlando_business_tax,,,,
standard,"FLICK, JAMES J",4078553701,,,,FL,socrata:orlando_business_tax,,,,
standard,ASMAA EL HADA,4072761747,,,,FL,socrata:orlando_business_tax,,,,
standard,THE MONOGRAM MERCHANT,4078977003,,,,FL,socrata:orlando_business_tax,,,,
standard,"MARROCCO, ANGELA M/METRO",4073320558,,,,FL,socrata:orlando_business_tax,,,,
standard,AMERICAN FINANCIAL TRUST LLC,4073552201,,,,FL,socrata:orlando_business_tax,,,,
standard,XYZ SALES,4072287446,,,,FL,socrata:orlando_business_tax,,,,
standard,"TOUZE, MARIANE(CLOSED PER OWEN",4075327649,,,,FL,socrata:orlando_business_tax,,,,
standard,"BROOKS, STEPHEN M MD",4078438737,,,,FL,socrata:orlando_business_tax,,,,
standard,GOLDEN BUSINESS SERVICES LLC,4074853868,,,,FL,socrata:orlando_business_tax,,,,
standard,"HELBLING, PAMELA L/FLORIDA",4072998300,,,,FL,socrata:orlando_business_tax,,,,
standard,PLUMBING EXPRESS,7034610345,,,,FL,socrata:orlando_business_tax,,,,
standard,"STANLEY, GEORGE A MD PA(CLS 10",4077400701,,,,FL,socrata:orlando_business_tax,,,,
standard,GLEN D WIELAND/WIELAND & DELATTRE PA,4078417698,,,,FL,socrata:orlando_business_tax,,,,
standard,VELMA ARCE PROFESSIONAL CLEANI,4072436610,,,,FL,socrata:orlando_business_tax,,,,
standard,EARTH TONES SHOES & BAGS,4072971679,,,,FL,socrata:orlando_business_tax,,,,
standard,STEPHEN F BROOME,4072776911,,,,FL,socrata:orlando_business_tax,,,,
standard,STICKS N STUFF,2565700084,,,,FL,socrata:orlando_business_tax,,,,
standard,"QADIR, AFTAB MD/CARE MAX",4076542796,,,,FL,socrata:orlando_business_tax,,,,
standard,INK EXCHANGE OUTLET,4078702757,,,,FL,socrata:orlando_business_tax,,,,
standard,PROVISION MORTGAGE & INVESTMEN,4074232999,,,,FL,socrata:orlando_business_tax,,,,
standard,DSI DISTRIBUTING INC,3178454400,,,,FL,socrata:orlando_business_tax,,,,
standard,THE PRETZEL TWISTER,8634020377,,,,FL,socrata:orlando_business_tax,,,,
standard,COTTAGE HILL VILLAS,4077651441,,,,FL,socrata:orlando_business_tax,,,,
standard,PACKAGING CORP OF AMERICA,7174922740,,,,FL,socrata:orlando_business_tax,,,,
standard,4 DEEP MUSIC,4074997796,,,,FL,socrata:orlando_business_tax,,,,
standard,GABRIEL DIAZ,9415758502,,,,FL,socrata:orlando_business_tax,,,,
standard,TURBAX WHEEL CORP(CLS 05/03),3052559290,,,,FL,socrata:orlando_business_tax,,,,
standard,KB KUSTOM AUTOMOTIVE INC,4072999818,,,,FL,socrata:orlando_business_tax,,,,
standard,STEVENS INC,4076476417,,,,FL,socrata:orlando_business_tax,,,,
standard,MEYERCHICK LUXURY TRANSPORTATI,4073766708,,,,FL,socrata:orlando_business_tax,,,,
standard,UNIVERSAL PARKS & RESORTS VACA,4072240397,,,,FL,socrata:orlando_business_tax,,,,
standard,RISELDA PEREZ/RISELDAS WAVE,4073800079,,,,FL,socrata:orlando_business_tax,,,,
standard,RICHARD H FOWLER,4078978100,,,,FL,socrata:orlando_business_tax,,,,
standard,TIME ESSENTIALS CORP,4078513990,,,,FL,socrata:orlando_business_tax,,,,
standard,TAPPERS NAIL,4073805210,,,,FL,socrata:orlando_business_tax,,,,
standard,OLDE TOWN BROKERS @ 55 WEST,4074670911,,,,FL,socrata:orlando_business_tax,,,,
standard,"TRAUTMAN, HEATHER/METRO",4074217352,,,,FL,socrata:orlando_business_tax,,,,
standard,LEVYS CATERING,4078591405,,,,FL,socrata:orlando_business_tax,,,,
standard,DOUGHSON LLC,6185204131,,,,FL,socrata:orlando_business_tax,,,,
standard,BERRY ROOMING HOUSE,4078965459,,,,FL,socrata:orlando_business_tax,,,,
standard,LIBERTY TAX SERVICE(CLS 02/04),3212353409,,,,FL,socrata:orlando_business_tax,,,,
standard,FAMILY HOME THEATER,4078490009,,,,FL,socrata:orlando_business_tax,,,,
standard,"MAY, K RODNEY/GRONEK",4074815849,,,,FL,socrata:orlando_business_tax,,,,
standard,INS BY KEN BROWN,4078490490,,,,FL,socrata:orlando_business_tax,,,,
standard,"STOUMBOS, ZACHARY E",4076487450,,,,FL,socrata:orlando_business_tax,,,,
standard,PSA/KIDS MEDICAL CLUB,4044411580,,,,FL,socrata:orlando_business_tax,,,,
standard,AZURE INVITATIONS,3213038015,,,,FL,socrata:orlando_business_tax,,,,
standard,ROLLES MOVING COMPANY,4073997793,,,,FL,socrata:orlando_business_tax,,,,
standard,KRYSTAL RESTAURANTS LLC,7703514500,,,,FL,socrata:orlando_business_tax,,,,
standard,E & A DINER LLC,4072984384,,,,FL,socrata:orlando_business_tax,,,,
standard,CURTIS JONES THE NUK (CLS 04/0,4078435130,,,,FL,socrata:orlando_business_tax,,,,
standard,FOURNIERS AUTOMOTIVE INC,4078988002,,,,FL,socrata:orlando_business_tax,,,,
standard,SUNSHINE INVESTMENT REALTY INC,4072920094,,,,FL,socrata:orlando_business_tax,,,,
standard,"YATES, ROBERT MATTHEW",8506266419,,,,FL,socrata:orlando_business_tax,,,,
standard,"WESTON, CARL L DDS",4078629981,,,,FL,socrata:orlando_business_tax,,,,
standard,W H SMITH OF FLORIDA #820(CLS,4049333519,,,,FL,socrata:orlando_business_tax,,,,
standard,MICHAEL G BAJSA DC PA,8136255763,,,,FL,socrata:orlando_business_tax,,,,
standard,MATTHEW G DEBOARD/DEBOARD LAW PLLC,4072334840,,,,FL,socrata:orlando_business_tax,,,,
standard,"BELLISIMA HAIR, NAILS & SKIN C",4077379094,,,,FL,socrata:orlando_business_tax,,,,
standard,PREMIER AMUSEMENTS,4076962191,,,,FL,socrata:orlando_business_tax,,,,
standard,"MCCAMMACK, ROSA I/HAIRWAYS",4078941781,,,,FL,socrata:orlando_business_tax,,,,
standard,FAIRYTALE PARTIES INSPIRED BY,4077394901,,,,FL,socrata:orlando_business_tax,,,,
standard,MINUTEMAN PRESS,4078980776,,,,FL,socrata:orlando_business_tax,,,,
standard,A BETTER BARBER SHOP(CLS 02/04,4078958314,,,,FL,socrata:orlando_business_tax,,,,
standard,DVS COMMUNICATIONS INC,4073229192,,,,FL,socrata:orlando_business_tax,,,,
standard,"ODUM, OTIS CLEANING SERVICES",4074818295,,,,FL,socrata:orlando_business_tax,,,,
standard,UNDERHILL ANIMAL CLINIC DANIEL,4072770927,,,,FL,socrata:orlando_business_tax,,,,
standard,PATHOLOGY SPECIALISTS PA,4074221377,,,,FL,socrata:orlando_business_tax,,,,
standard,LAW OFFICES OF LAURA DAVIS /FI,4078776344,,,,FL,socrata:orlando_business_tax,,,,
standard,TAQUERIA LOS DELEITES(CLOSED B,4072072063,,,,FL,socrata:orlando_business_tax,,,,
standard,"HALLETT, SEAN(CLS 02/04)",4078921948,,,,FL,socrata:orlando_business_tax,,,,
standard,"SHIMEALL, ADRIANA/HANNAH",4078976305,,,,FL,socrata:orlando_business_tax,,,,
standard,"CHAPPELL, KAREN",4072432271,,,,FL,socrata:orlando_business_tax,,,,
standard,ROYAL INDEMNITY COMPANY,7045222000,,,,FL,socrata:orlando_business_tax,,,,
standard,KY ANN EHRHARD,4078830955,,,,FL,socrata:orlando_business_tax,,,,
standard,CHAPTERS BOOKSHOP & CAFE INC(C,4072461546,,,,FL,socrata:orlando_business_tax,,,,
standard,"WILLIS, CHRISTINE/ESCAPADES(CL",4077191928,,,,FL,socrata:orlando_business_tax,,,,
standard,PHOTOGENIC STUDIOS II,4075829768,,,,FL,socrata:orlando_business_tax,,,,
standard,"TOMLINSON, ETHEL M",4072935083,,,,FL,socrata:orlando_business_tax,,,,
standard,ACME CLEANERS INC,4072989313,,,,FL,socrata:orlando_business_tax,,,,
standard,LAKE UNDERHIL COIN LAUNDRY,4073239367,,,,FL,socrata:orlando_business_tax,,,,
standard,MI PEQUENO ANGELITO LLC,4077360281,,,,FL,socrata:orlando_business_tax,,,,
standard,W A BROWN INSTRUMENTS INC,4076489662,,,,FL,socrata:orlando_business_tax,,,,
standard,MORTAGE MAX LENDING GROUP INC,4078359229,,,,FL,socrata:orlando_business_tax,,,,
standard,JAMES PROVENCHER/JAMES PROVENCHER PA,4072347142,,,,FL,socrata:orlando_business_tax,,,,
standard,AIR ENGINEERS,4075789747,,,,FL,socrata:orlando_business_tax,,,,
standard,FFFB LLC(CLS 04/04),4076288868,,,,FL,socrata:orlando_business_tax,,,,
standard,"KHUU, HAO LUY CAR DETAIL(CLS 0",4078239208,,,,FL,socrata:orlando_business_tax,,,,
standard,"LOBNITZ, GLORIA S PHD LMFT (CL",4078987237,,,,FL,socrata:orlando_business_tax,,,,
standard,U S CENTRAL FLORIDA CONTRACTOR,4078037874,,,,FL,socrata:orlando_business_tax,,,,
standard,"EGAN, ROBERT",4078417699,,,,FL,socrata:orlando_business_tax,,,,
standard,EXCLUSIVELY TOPPS INC,4073756075,,,,FL,socrata:orlando_business_tax,,,,
standard,CASH PLUS,4075230879,,,,FL,socrata:orlando_business_tax,,,,
standard,STATE DISCOUNT,4072394424,,,,FL,socrata:orlando_business_tax,,,,
standard,"ANICETTE, PIERRE R(CLOSED BY O",4075324632,,,,FL,socrata:orlando_business_tax,,,,
standard,ORLANDO GOLFMASTER INC,4078988193,,,,FL,socrata:orlando_business_tax,,,,
standard,NORNEL AUTO REPAIRS(CLS 04/03),4073849436,,,,FL,socrata:orlando_business_tax,,,,
standard,PRO DETAILZ INC,4077869021,,,,FL,socrata:orlando_business_tax,,,,
standard,URBAN HOLDINGS LLC,4077581190,,,,FL,socrata:orlando_business_tax,,,,
standard,"SAY, EDWARD",4078475018,,,,FL,socrata:orlando_business_tax,,,,
standard,SCRUFFY MURPHYS IRISH PUB,4076485460,,,,FL,socrata:orlando_business_tax,,,,
standard,AT YOUR SERVICE MORTGAGE INC,4078939996,,,,FL,socrata:orlando_business_tax,,,,
standard,"PATTERSON, JEFFREY D/US REALTY",4076499292,,,,FL,socrata:orlando_business_tax,,,,
standard,ALL BUILDERS GLASS & SUPPLY CO,4074227335,,,,FL,socrata:orlando_business_tax,,,,
standard,WATER PERFECTION,4078036312,,,,FL,socrata:orlando_business_tax,,,,
standard,LOS COQUITOS,9046868304,,,,FL,socrata:orlando_business_tax,,,,
standard,DASH ENTERPRISES(CLS 03/03),4072983224,,,,FL,socrata:orlando_business_tax,,,,
standard,"VELASCO,JOSIE DR/BRINK",4078941559,,,,FL,socrata:orlando_business_tax,,,,
standard,"JOHNSON, ROSE",4076792829,,,,FL,socrata:orlando_business_tax,,,,
standard,"CRAWFORD, RUSSELL E",4074258659,,,,FL,socrata:orlando_business_tax,,,,
standard,GREAT START ACADEMY INC,4075789779,,,,FL,socrata:orlando_business_tax,,,,
standard,HIDEAWAY PINES APARTMENTS,4074380354,,,,FL,socrata:orlando_business_tax,,,,
standard,METRO ATHLETIC CENTER INC,4072525437,,,,FL,socrata:orlando_business_tax,,,,
standard,ANGIE'S COMETICS UNLIMITED(CLS,4076608799,,,,FL,socrata:orlando_business_tax,,,,
standard,JONES-HIATT LLC,4075631388,,,,FL,socrata:orlando_business_tax,,,,
standard,ALPHA BAR,4076577422,,,,FL,socrata:orlando_business_tax,,,,
standard,DAMAR ROOFING LLC,4074882642,,,,FL,socrata:orlando_business_tax,,,,
standard,L C ROGERS CONSTRUCTION CO,4075401424,,,,FL,socrata:orlando_business_tax,,,,
standard,RICKY JOHN,4076014693,,,,FL,socrata:orlando_business_tax,,,,
standard,DAVID LAVOIE DOES IT ALL,4074846018,,,,FL,socrata:orlando_business_tax,,,,
standard,CITRUS AMBULATORY SURGERY CENT,4074725095,,,,FL,socrata:orlando_business_tax,,,,
standard,ALLIED MECHANICAL SERVICES LLC,4072947138,,,,FL,socrata:orlando_business_tax,,,,
standard,"MUNOZ, WANDA CLEANING SERVICES",4078238207,,,,FL,socrata:orlando_business_tax,,,,
standard,"MERITHEW, CYNTHIA/SALON 58",4078960465,,,,FL,socrata:orlando_business_tax,,,,
standard,WATERFALL PICTURES AND CDS(CLS,4072130553,,,,FL,socrata:orlando_business_tax,,,,
standard,THERAPY FOR THE SENSES(CLS 02/,4072288925,,,,FL,socrata:orlando_business_tax,,,,
standard,TAMMY L WETHERUP,5617153570,,,,FL,socrata:orlando_business_tax,,,,
standard,TIMESHARE RESALE EXPRESS,4075324621,,,,FL,socrata:orlando_business_tax,,,,
standard,HOTEL PARKING MANAGEMENT INC(C,4073828850,,,,FL,socrata:orlando_business_tax,,,,
standard,BAR B QUE SHACK,4078519244,,,,FL,socrata:orlando_business_tax,,,,
standard,ICON ENTERTAINMENT INC(CLS 04/,3214590144,,,,FL,socrata:orlando_business_tax,,,,
standard,SPACE SCIENCE SERVICES INC,3346778565,,,,FL,socrata:orlando_business_tax,,,,
standard,NIHAD RASHID HELLA HELLA,4072074001,,,,FL,socrata:orlando_business_tax,,,,
standard,DOCKSIDE IMPORTS #138,4073800444,,,,FL,socrata:orlando_business_tax,,,,
standard,SUPERSAVINGSIGN.COM,4078940090,,,,FL,socrata:orlando_business_tax,,,,
standard,MURPHY MANAGEMENT GROUP INC,4074252154,,,,FL,socrata:orlando_business_tax,,,,
standard,C HODGES PHOTOGRAPHY,4076191883,,,,FL,socrata:orlando_business_tax,,,,
standard,KATHMANDU INC,4075995275,,,,FL,socrata:orlando_business_tax,,,,
standard,ORLANDO SUPER SOUND ELECTRONIC,8638321210,,,,FL,socrata:orlando_business_tax,,,,
standard,320509844,8006786179,,,,FL,socrata:orlando_business_tax,,,,
standard,FORT MILLENIUM INC,4078533370,,,,FL,socrata:orlando_business_tax,,,,
standard,CURVES FOR WOMEN,4072443999,,,,FL,socrata:orlando_business_tax,,,,
standard,TAG MEDICAL & VETERINARY,4073986633,,,,FL,socrata:orlando_business_tax,,,,
standard,EXOTIC GARDENS LLC,4078973352,,,,FL,socrata:orlando_business_tax,,,,
standard,EXPRESS MEN/#1262,6144154619,,,,FL,socrata:orlando_business_tax,,,,
standard,BEYOND WORDS,4073168622,,,,FL,socrata:orlando_business_tax,,,,
standard,DESTINATION DEBT SOLUTIONS LLC,4079235276,,,,FL,socrata:orlando_business_tax,,,,
standard,LUXURY CONSTRUCTION SERVICE IN,3212315723,,,,FL,socrata:orlando_business_tax,,,,
standard,THE WELLNESS THERAPY PROGRAM C,4074201771,,,,FL,socrata:orlando_business_tax,,,,
standard,STATION 441,4078439523,,,,FL,socrata:orlando_business_tax,,,,
standard,FLORIDA CLEANERS,4072924520,,,,FL,socrata:orlando_business_tax,,,,
standard,ORLANDO LITHOTRIPTERS LLC,4073031844,,,,FL,socrata:orlando_business_tax,,,,
standard,"RUFIANGE, ANNE BARRETT",4077888587,,,,FL,socrata:orlando_business_tax,,,,
standard,SHAHZAIB INC,4076823319,,,,FL,socrata:orlando_business_tax,,,,
standard,BIG DADDYS COIN LAUNDRY,4075231155,,,,FL,socrata:orlando_business_tax,,,,
standard,ANN TAYLOR #875,2032838602,,,,FL,socrata:orlando_business_tax,,,,
standard,LUCILIA DALGE,4074548580,,,,FL,socrata:orlando_business_tax,,,,
standard,DELROY W CARTER RESTORATION,9542003366,,,,FL,socrata:orlando_business_tax,,,,
standard,BUHAIN BUHAIN & CARR,4079631320,,,,FL,socrata:orlando_business_tax,,,,
standard,CONCRETE MASONRY,4078490011,,,,FL,socrata:orlando_business_tax,,,,
standard,J C MORTGAGE INC,4078943008,,,,FL,socrata:orlando_business_tax,,,,
standard,"VALENTINE, HENRIETTA/SAGE CENT",4072817672,,,,FL,socrata:orlando_business_tax,,,,
standard,JNT TILE LLC,3212025389,,,,FL,socrata:orlando_business_tax,,,,
standard,AMERICAN SUNSHINE VACATIONS IN,4077095583,,,,FL,socrata:orlando_business_tax,,,,
standard,FLORIDA HOSPITAL CENTRA CARE,4073516682,,,,FL,socrata:orlando_business_tax,,,,
standard,RODNEY PHILLIPS PAINTING,4075565745,,,,FL,socrata:orlando_business_tax,,,,
standard,APENBERRYS INC,4072863429,,,,FL,socrata:orlando_business_tax,,,,
standard,SAMSONITE COMPANY STORES INC,4012452100,,,,FL,socrata:orlando_business_tax,,,,
standard,TSI CO OF SC,4074228998,,,,FL,socrata:orlando_business_tax,,,,
standard,DRIFTWOOD DECOR,4074234173,,,,FL,socrata:orlando_business_tax,,,,
standard,BATTS PORCELAIN SERVICE,4078627357,,,,FL,socrata:orlando_business_tax,,,,
standard,FLORIDA OUTDOOR LANDSCAPE & DE,4077884250,,,,FL,socrata:orlando_business_tax,,,,
standard,STEVE ADAMS HANDYMAN,4078037458,,,,FL,socrata:orlando_business_tax,,,,
standard,CAROL LEE CONSULTING INC,4078082449,,,,FL,socrata:orlando_business_tax,,,,
standard,NEW HORIZONS TI INC,4072735443,,,,FL,socrata:orlando_business_tax,,,,
standard,SAFETY NATIONAL CASUALTY CORPO,3149955300,,,,FL,socrata:orlando_business_tax,,,,
standard,LA PLUS SERVICES INC,4079707220,,,,FL,socrata:orlando_business_tax,,,,
standard,LEPEEP RESTAURANT,4073636986,,,,FL,socrata:orlando_business_tax,,,,
standard,SEASONS HARVEST CAFE & CATERIN,4074267607,,,,FL,socrata:orlando_business_tax,,,,
standard,UNIQUE BEAUTY SALON,4073406165,,,,FL,socrata:orlando_business_tax,,,,
standard,COMMON SENSE OFFICE FURNITURE,4072065040,,,,FL,socrata:orlando_business_tax,,,,
standard,ALEXANDER MENDEZ & YADEL S ROS,4077381655,,,,FL,socrata:orlando_business_tax,,,,
standard,IMANI TECHNICAL SERVICES,3525571735,,,,FL,socrata:orlando_business_tax,,,,
standard,"MUSZYNSKI, JANE S/PEDIATRIC",4078417296,,,,FL,socrata:orlando_business_tax,,,,
standard,KENNETH JIMENEZ,4074887331,,,,FL,socrata:orlando_business_tax,,,,
standard,SAS FACTORY SHOE STORE #70,2109217372,,,,FL,socrata:orlando_business_tax,,,,
standard,TACOS DON RAMON,3524290899,,,,FL,socrata:orlando_business_tax,,,,
standard,LONGWOOD EQUESTRIAN CENTER INC,4072659665,,,,FL,socrata:orlando_business_tax,,,,
standard,BUDGET INSURANCE AGENCY INC,4074470366,,,,FL,socrata:orlando_business_tax,,,,
standard,"WILLIAMS, TRAVIS PA",4075410585,,,,FL,socrata:orlando_business_tax,,,,
standard,SMARTWEAR USA INC,4076491686,,,,FL,socrata:orlando_business_tax,,,,
standard,CENTURY GRAPHICS & METALS INC,4072957818,,,,FL,socrata:orlando_business_tax,,,,
standard,"KERN, SHERRY (CLS 09/03)",4078438189,,,,FL,socrata:orlando_business_tax,,,,
standard,T P JEWELRY AND ALTERATIONS,4078491669,,,,FL,socrata:orlando_business_tax,,,,
standard,"ROCABADO, NUBIA S/ACQUA",4074475276,,,,FL,socrata:orlando_business_tax,,,,
standard,AIRFLOW-AMERICA INC,9194619668,,,,FL,socrata:orlando_business_tax,,,,
standard,P C NAILS,4079055366,,,,FL,socrata:orlando_business_tax,,,,
standard,MULTIMEDIA INC,4079035000,,,,FL,socrata:orlando_business_tax,,,,
standard,"WILLIAMSON, EDWIN L JR/GILES",4074253591,,,,FL,socrata:orlando_business_tax,,,,
standard,SERGE TOUSSAINT TRUCKING,4078598557,,,,FL,socrata:orlando_business_tax,,,,
standard,"MOUNT, LILIETH/JANIKING",4072954042,,,,FL,socrata:orlando_business_tax,,,,
standard,ORLANDO MEDICAL WALK IN CLINIC,8139313311,,,,FL,socrata:orlando_business_tax,,,,
standard,"PAYAS, ARMANDO R/PAYAS",4074231333,,,,FL,socrata:orlando_business_tax,,,,
standard,PRO POINT ENTERTAINMENT INC,3213037190,,,,FL,socrata:orlando_business_tax,,,,
standard,CIRCUS HERMANOS VAZQUEZ,8328654357,,,,FL,socrata:orlando_business_tax,,,,
standard,"MYERS, KATHY/HEALTHSOUTH",8007654772,,,,FL,socrata:orlando_business_tax,,,,
standard,THE RAWLS COMPANY,4075784455,,,,FL,socrata:orlando_business_tax,,,,
standard,THE SURFERS KNOT,4074259129,,,,FL,socrata:orlando_business_tax,,,,
standard,DRESSMARY ALTERATIONS INC,4072732030,,,,FL,socrata:orlando_business_tax,,,,
standard,A+ PLUS TOWING SERVICE,4073241503,,,,FL,socrata:orlando_business_tax,,,,
standard,GIFT CENTRE,4074466228,,,,FL,socrata:orlando_business_tax,,,,
standard,BIG COLOR GRAPHICS INC,4075953347,,,,FL,socrata:orlando_business_tax,,,,
standard,FITZ & FLOYD FACTORY OUTLET,9728743480,,,,FL,socrata:orlando_business_tax,,,,
standard,BRANDON STRUCTURES INC,4076288925,,,,FL,socrata:orlando_business_tax,,,,
standard,LEGAL DYNAMICS INC,4078980885,,,,FL,socrata:orlando_business_tax,,,,
standard,NATURES TABLE,4074476818,,,,FL,socrata:orlando_business_tax,,,,
standard,PHARMACYMAX INC,4073700985,,,,FL,socrata:orlando_business_tax,,,,
standard,THE BOX OF CENTRAL FLORIDA INC,4074450683,,,,FL,socrata:orlando_business_tax,,,,
standard,ILLINOIS ST APARTMENTS LLC,4079486973,,,,FL,socrata:orlando_business_tax,,,,
standard,"HILTONEN, ANDRENA",4075957836,,,,FL,socrata:orlando_business_tax,,,,
standard,PROFESSIONAL GROUT CLEANING IN,8667338453,,,,FL,socrata:orlando_business_tax,,,,
standard,PIZZA UP!,4073457900,,,,FL,socrata:orlando_business_tax,,,,
standard,NIGELS BREAD AND BUTTER CAFE,4072772736,,,,FL,socrata:orlando_business_tax,,,,
standard,MIGHTY TOUCH INC,4075214450,,,,FL,socrata:orlando_business_tax,,,,
standard,BASTOS BRICK PAVERS CORP,4074703394,,,,FL,socrata:orlando_business_tax,,,,
standard,"HICKS, CHERYL S/WOMENS CENTER",4078410822,,,,FL,socrata:orlando_business_tax,,,,
standard,LMJ CLEANING SERVICES INC,4074915797,,,,FL,socrata:orlando_business_tax,,,,
standard,SECURITY TITLE INSURANCE SERVI,4074221000,,,,FL,socrata:orlando_business_tax,,,,
standard,HYATT REGENCY ORLANDO INTERNAT,4078251234,,,,FL,socrata:orlando_business_tax,,,,
standard,NAORIS LINARES,3216829950,,,,FL,socrata:orlando_business_tax,,,,
standard,BLOSSOM CORNERS I APTS/BARON C,5139845001,,,,FL,socrata:orlando_business_tax,,,,
standard,MARBEC GLASS,9369678606,,,,FL,socrata:orlando_business_tax,,,,
standard,KALEY AVENUE LAUNDRY (CLOSED 0,4072954479,,,,FL,socrata:orlando_business_tax,,,,
standard,"JOHNSON, OTIS E(CLS 04/03)",4074459104,,,,FL,socrata:orlando_business_tax,,,,
standard,CAJET INN - EMERALD LAKE APART,4073325064,,,,FL,socrata:orlando_business_tax,,,,
standard,"JAMES, DAVID",4072465488,,,,FL,socrata:orlando_business_tax,,,,
standard,"WYNN, GLEN P",4072934536,,,,FL,socrata:orlando_business_tax,,,,
standard,FIREHOUSE SUBS,4072990673,,,,FL,socrata:orlando_business_tax,,,,
standard,"LATTO, HEIDRUN W",4078439582,,,,FL,socrata:orlando_business_tax,,,,
standard,EL COQUI DEL ENCANTO INC,4073588081,,,,FL,socrata:orlando_business_tax,,,,
standard,"GEORGE, JACQUELINE M",4078943058,,,,FL,socrata:orlando_business_tax,,,,
standard,"HINSON, ROBIN OTR L",4078391229,,,,FL,socrata:orlando_business_tax,,,,
standard,YOLIES FASHIONS(TR-6966-4 10/2,4078237572,,,,FL,socrata:orlando_business_tax,,,,
standard,HRA PARTNERS INC,4072242614,,,,FL,socrata:orlando_business_tax,,,,
standard,LA BEAUTE CAYENNE RESTAURANT,4075408236,,,,FL,socrata:orlando_business_tax,,,,
standard,DIRTY JOBS R US,4074031260,,,,FL,socrata:orlando_business_tax,,,,
standard,FLORIDA SKOOTSTER LLC,4078412700,,,,FL,socrata:orlando_business_tax,,,,
standard,BETH E STONE,3212433468,,,,FL,socrata:orlando_business_tax,,,,
standard,HAIR STYLES OF DOWNTOWN,4078973302,,,,FL,socrata:orlando_business_tax,,,,
standard,SEQUENT PICTORIA INC,4072956181,,,,FL,socrata:orlando_business_tax,,,,
standard,CAP & COMPASS INC,2514761987,,,,FL,socrata:orlando_business_tax,,,,
standard,"HILDEBRANDT, THOMAS J/BJS OPTI",3304863000,,,,FL,socrata:orlando_business_tax,,,,
standard,INTERNATIONAL TRADING & CONSUL,4072650009,,,,FL,socrata:orlando_business_tax,,,,
standard,FUTURE MEDICAL TRANSCRIPTIONIS,3213777110,,,,FL,socrata:orlando_business_tax,,,,
standard,SIGNATURE FLIGHT SUPPORT LLC,4078256999,,,,FL,socrata:orlando_business_tax,,,,
standard,DOMINICK C CASTELLANO WELLNESS,4072909817,,,,FL,socrata:orlando_business_tax,,,,
standard,TOTAL ELEGANCE INC,4078974022,,,,FL,socrata:orlando_business_tax,,,,
standard,"REINHARDT, JACK INC(TRANS TO 2",4074223641,,,,FL,socrata:orlando_business_tax,,,,
standard,JUNGLE CUTS INC,4079282093,,,,FL,socrata:orlando_business_tax,,,,
standard,SKYCOASTER,4072996937,,,,FL,socrata:orlando_business_tax,,,,
standard,CITI FINANCIAL INC,4103323000,,,,FL,socrata:orlando_business_tax,,,,
standard,ALL SOULS TOUCHED WITH HEALING,4078833251,,,,FL,socrata:orlando_business_tax,,,,
standard,"ROGERS, LEE CURRY",4075403793,,,,FL,socrata:orlando_business_tax,,,,
standard,JUAN LASTRA,4076974517,,,,FL,socrata:orlando_business_tax,,,,
standard,"GONZALEZ, ANDRES",7045003845,,,,FL,socrata:orlando_business_tax,,,,
standard,CARTOON YOU CARICATURES LLC,4074896181,,,,FL,socrata:orlando_business_tax,,,,
standard,ALIEN SURF PRODUCTIONS,4079796600,,,,FL,socrata:orlando_business_tax,,,,
standard,CAPSTONE MEDIA GROUP INC,4072245743,,,,FL,socrata:orlando_business_tax,,,,
standard,NEIGHBOR TO FAMILY INC,4078933060,,,,FL,socrata:orlando_business_tax,,,,
standard,ONE MIND ART INC,4077609320,,,,FL,socrata:orlando_business_tax,,,,
standard,S & L ARTISTIC PAINTINGS INC,4077311943,,,,FL,socrata:orlando_business_tax,,,,
standard,"CROWELL, PATRICK C PA",4076487499,,,,FL,socrata:orlando_business_tax,,,,
standard,ABSOLUTE TOURS & TRAVEL INC,3215772177,,,,FL,socrata:orlando_business_tax,,,,
standard,"FUNDERBURK,ANGELA BUSINESS SER",4072927653,,,,FL,socrata:orlando_business_tax,,,,
standard,PAMELA R JOHNSON,3213039088,,,,FL,socrata:orlando_business_tax,,,,
standard,"MEJIA, MIRIAN",4072286800,,,,FL,socrata:orlando_business_tax,,,,
standard,"BAJSA, MICHAEL G",4072779093,,,,FL,socrata:orlando_business_tax,,,,
standard,SELECT STATIONERS LLC,3522173391,,,,FL,socrata:orlando_business_tax,,,,
standard,CDL MARKETING INC,4072833778,,,,FL,socrata:orlando_business_tax,,,,
standard,TAP ENTERPRISES INC,8009893295,,,,FL,socrata:orlando_business_tax,,,,
standard,FEI POON,4074621244,,,,FL,socrata:orlando_business_tax,,,,
standard,RELIANT FRAMING SYSTEMS INC,4076545904,,,,FL,socrata:orlando_business_tax,,,,
standard,HOME MASTERS LLC,4077222153,,,,FL,socrata:orlando_business_tax,,,,
standard,PROPERTYCENTRAL GROUP INC,4074455061,,,,FL,socrata:orlando_business_tax,,,,
standard,LONG MOUNTAIN SOFTWARE INC,4078558991,,,,FL,socrata:orlando_business_tax,,,,
standard,JJS HOT DOGS(CLS 04/13/04),4072971578,,,,FL,socrata:orlando_business_tax,,,,
standard,WESTERN PEST SERVICES,4075210025,,,,FL,socrata:orlando_business_tax,,,,
standard,HARBOUR COVE APARTMENTS,2148917070,,,,FL,socrata:orlando_business_tax,,,,
standard,MELISSA M TAYLOR/ANITA L BARBE,4074720595,,,,FL,socrata:orlando_business_tax,,,,
standard,COLD STONE CREAMERY,4078164260,,,,FL,socrata:orlando_business_tax,,,,
standard,JEAN DELANCE IMPORT & EXPORT,4078598032,,,,FL,socrata:orlando_business_tax,,,,
standard,PAYLESS SHOESOURCE #1732,7852335171,,,,FL,socrata:orlando_business_tax,,,,
standard,DIVERSIONS,4078945101,,,,FL,socrata:orlando_business_tax,,,,
standard,"DIAZ, JESUS O",4072818954,,,,FL,socrata:orlando_business_tax,,,,
standard,DISC GO ROUND,4078961535,,,,FL,socrata:orlando_business_tax,,,,
standard,HIGHWOODS PROPERTIES INC,4078492275,,,,FL,socrata:orlando_business_tax,,,,
standard,VAIMEX USA INC (CLS 10/03),4076783702,,,,FL,socrata:orlando_business_tax,,,,
standard,"MORAIS, CARLOS PAINTING SERVIC",4074250023,,,,FL,socrata:orlando_business_tax,,,,
standard,KUMONCT,4078985542,,,,FL,socrata:orlando_business_tax,,,,
standard,ROCHELLE FLORAL DESIGN INC,4072076313,,,,FL,socrata:orlando_business_tax,,,,
standard,WINDERMERE COMMUNICATIONS INC,4072101560,,,,FL,socrata:orlando_business_tax,,,,
standard,"OPAZO,WALTER HORACIO(CLOSED 07",4078933898,,,,FL,socrata:orlando_business_tax,,,,
standard,LE MONDE DES PETITS KIDS STORE,4075216726,,,,FL,socrata:orlando_business_tax,,,,
standard,CHINA JADE CHINESE RESTAURANT,4078986394,,,,FL,socrata:orlando_business_tax,,,,
standard,CRENSHAW APARTMENT,4075381065,,,,FL,socrata:orlando_business_tax,,,,
standard,LEA & ELLIOTT INC,4072640783,,,,FL,socrata:orlando_business_tax,,,,
standard,CHILD NEUROLOGY CENTER OF ORLA,4075922237,,,,FL,socrata:orlando_business_tax,,,,
standard,FLOWERS FROM THE HEART--ORLAND,4074239471,,,,FL,socrata:orlando_business_tax,,,,
standard,LIVE OAKS APARTMENTS/ORLANDO,4077199774,,,,FL,socrata:orlando_business_tax,,,,
standard,"WHITE, PRESTON B DMD",4072959161,,,,FL,socrata:orlando_business_tax,,,,
standard,BRIDGEWELL CAPITAL LLC,4074475000,,,,FL,socrata:orlando_business_tax,,,,
standard,GREAT GRAPHICS PHOTOSCAN,4078395029,,,,FL,socrata:orlando_business_tax,,,,
standard,"LEMMEN, ALICE M",7275225579,,,,FL,socrata:orlando_business_tax,,,,
standard,CANNON PRESS,4073827173,,,,FL,socrata:orlando_business_tax,,,,
standard,"WIERNIK, ALYSE",4076966945,,,,FL,socrata:orlando_business_tax,,,,
standard,"DAVIS, D PAUL",4074220425,,,,FL,socrata:orlando_business_tax,,,,
standard,LUIS VALDEZ,4079527045,,,,FL,socrata:orlando_business_tax,,,,
standard,HINDUSTAN WEB INC,4078985651,,,,FL,socrata:orlando_business_tax,,,,
standard,HIGH TIDE,4072983913,,,,FL,socrata:orlando_business_tax,,,,
standard,101 EOLA CONDOMINIUMS ASSOCIATION INC,4077046919,,,,FL,socrata:orlando_business_tax,,,,
standard,BROOK INSURANCE & FINANCIAL SE,4078982454,,,,FL,socrata:orlando_business_tax,,,,
standard,RICHARDSON ENGINEERING,4074254002,,,,FL,socrata:orlando_business_tax,,,,
standard,SPARKLING IMAGE CAR WASH,4078238771,,,,FL,socrata:orlando_business_tax,,,,
standard,JACKSON HEWITT TAX SERVICE,4073232973,,,,FL,socrata:orlando_business_tax,,,,
standard,STAND-UP MRI OF ORLANDO,4078411800,,,,FL,socrata:orlando_business_tax,,,,
standard,KOOSON INC,4074181115,,,,FL,socrata:orlando_business_tax,,,,
standard,FRESHFIELDS ORLANDO LLC,4074223001,,,,FL,socrata:orlando_business_tax,,,,
standard,PICKLES ORIGINAL NY DELI,4074269064,,,,FL,socrata:orlando_business_tax,,,,
standard,HOUSE SUBS,4079823336,,,,FL,socrata:orlando_business_tax,,,,
standard,DRAVEN CORPORATION,4076206118,,,,FL,socrata:orlando_business_tax,,,,
standard,HACIENDA LAS DELICIAS RESTAURA,4074855136,,,,FL,socrata:orlando_business_tax,,,,
standard,PUNTO RICO LATINO,4072818709,,,,FL,socrata:orlando_business_tax,,,,
standard,MISSION KIDS,4073550316,,,,FL,socrata:orlando_business_tax,,,,
standard,THAI CAFE,4072964546,,,,FL,socrata:orlando_business_tax,,,,
standard,ACCENT MOVING AND STORAGE INC,4074693112,,,,FL,socrata:orlando_business_tax,,,,
standard,"MCLEOD, SAMUEL L III MD",4078756600,,,,FL,socrata:orlando_business_tax,,,,
standard,GARADAN ENTERPRISES INC,4073450222,,,,FL,socrata:orlando_business_tax,,,,
standard,"JIMENEZ, EVELYN(CLOSED MOVED O",4072996286,,,,FL,socrata:orlando_business_tax,,,,
standard,K & W AUTO REPAIR,4072461914,,,,FL,socrata:orlando_business_tax,,,,
standard,RITE CHOICE MAINTENANCE LLC,3523464822,,,,FL,socrata:orlando_business_tax,,,,
standard,NATURALIZER #3632,3148544141,,,,FL,socrata:orlando_business_tax,,,,
standard,ORANGE AUTO BODY(CLS 04/16/04),4078490233,,,,FL,socrata:orlando_business_tax,,,,
standard,CORPORATE SEARCH CONSULTANTS I,4075783888,,,,FL,socrata:orlando_business_tax,,,,
standard,JFJ VENTURE LLC,4072034054,,,,FL,socrata:orlando_business_tax,,,,
standard,BILLY BEAN PRODUCTS LLC,4078981043,,,,FL,socrata:orlando_business_tax,,,,
standard,CABLE IMAGING INC,4074480800,,,,FL,socrata:orlando_business_tax,,,,
standard,"KING, HOLLY A",4074201628,,,,FL,socrata:orlando_business_tax,,,,
standard,STUDIO TEW,9047750715,,,,FL,socrata:orlando_business_tax,,,,
standard,HITOMI O CASMER/MY THAI MASSAG,4078961868,,,,FL,socrata:orlando_business_tax,,,,
standard,BRITTANY AT ROSEMONT,4075216688,,,,FL,socrata:orlando_business_tax,,,,
standard,CORPORATE VISUAL SERVICES,4078945205,,,,FL,socrata:orlando_business_tax,,,,
standard,MOD VENTURES LLC,4075400765,,,,FL,socrata:orlando_business_tax,,,,
standard,INTELICOAT TECHNOLOGIES IMAGE,4135395738,,,,FL,socrata:orlando_business_tax,,,,
standard,TOTURA & COMPANY(CLS 05/24/04,4078946678,,,,FL,socrata:orlando_business_tax,,,,
standard,INTERIOR TRIM SERVICES INC,3058648002,,,,FL,socrata:orlando_business_tax,,,,
standard,BELZ FACTORY OUTLET MALL & ANN,2148267080,,,,FL,socrata:orlando_business_tax,,,,
standard,SIEMENS DEMATIC CORP,6164516318,,,,FL,socrata:orlando_business_tax,,,,
standard,YOUR DOLLAR STORE @ THE PLAZA,4078413131,,,,FL,socrata:orlando_business_tax,,,,
standard,MELS DRIVE IN,4073838000,,,,FL,socrata:orlando_business_tax,,,,
standard,PROSHOTS SPORTS PHOTOGRAPHY IN,4078573731,,,,FL,socrata:orlando_business_tax,,,,
standard,ADVANTAGE LEASING & STAFFING I,4074472939,,,,FL,socrata:orlando_business_tax,,,,
standard,CHESTERFIELD PROPERTIES INC,4072929607,,,,FL,socrata:orlando_business_tax,,,,
standard,RAYMOND ORLANG INC,4079680500,,,,FL,socrata:orlando_business_tax,,,,
standard,MICHAEL BARINA TOTAL ENTRY SYS,4073254653,,,,FL,socrata:orlando_business_tax,,,,
standard,OFFICE FURNITURE PLUS,4073598487,,,,FL,socrata:orlando_business_tax,,,,
standard,LEADING EDGE LAND SVC INC(CLS,4073518864,,,,FL,socrata:orlando_business_tax,,,,
standard,GREEN ALERT LAWNS INC(CLS 04/1,4074677100,,,,FL,socrata:orlando_business_tax,,,,
standard,JAMES F CARLES INVESTIGATIONS,4078947589,,,,FL,socrata:orlando_business_tax,,,,
standard,KOSMO STUDIOS INC,4076496790,,,,FL,socrata:orlando_business_tax,,,,
standard,PATRICIA A CASHMAN PA,4078727005,,,,FL,socrata:orlando_business_tax,,,,
standard,A1 TITLE QUALITY SERVICE INC,4077195943,,,,FL,socrata:orlando_business_tax,,,,
standard,CISCOLICIOUS CUISINE LLC,4077581752,,,,FL,socrata:orlando_business_tax,,,,
standard,SEARS SURVEYING CO INC(CLS 04/,4078976220,,,,FL,socrata:orlando_business_tax,,,,
standard,ALL STAR MARINE SPECIALISTS LLC,4074234259,,,,FL,socrata:orlando_business_tax,,,,
standard,LAST MINUTE GIFT SHOP(CLS 04/0,4075382423,,,,FL,socrata:orlando_business_tax,,,,
standard,DOWNTOWN MOTORS ENTERPRISE INC,4078548576,,,,FL,socrata:orlando_business_tax,,,,
standard,VOICE CDC INC,4077372882,,,,FL,socrata:orlando_business_tax,,,,
standard,WILLIAM KEITH MADIGAN LLC,4079475071,,,,FL,socrata:orlando_business_tax,,,,
standard,"RAMOS, REINALDO",4077193965,,,,FL,socrata:orlando_business_tax,,,,
standard,GREGORY A MEYER/ MEYER BONGIRA,4078964007,,,,FL,socrata:orlando_business_tax,,,,
standard,GLENDELL MARSH HOME REPAIRS,4072758209,,,,FL,socrata:orlando_business_tax,,,,
standard,SHINE MAID SERVICES CORP,4074684406,,,,FL,socrata:orlando_business_tax,,,,
standard,PARTRIDGE CONSULTING GROUP INC,4074257733,,,,FL,socrata:orlando_business_tax,,,,
standard,"CHASE, CHARLES MD/AGO/ATTN AMY",8138795707,,,,FL,socrata:orlando_business_tax,,,,
standard,SALON ELYSEE INC,4078968962,,,,FL,socrata:orlando_business_tax,,,,
standard,DHL EXPRESS USA INC,6148658635,,,,FL,socrata:orlando_business_tax,,,,
standard,STARSOLES INC,4078770897,,,,FL,socrata:orlando_business_tax,,,,
standard,APEX CONSTRUCTION GROUP LLC/HU,4079652444,,,,FL,socrata:orlando_business_tax,,,,
standard,R E R ENTERPRISES,4078720058,,,,FL,socrata:orlando_business_tax,,,,
standard,CONDESA CLEANING SERVICES INC,4076682764,,,,FL,socrata:orlando_business_tax,,,,
standard,"FERNANDEZ,ORESTES M",4072540005,,,,FL,socrata:orlando_business_tax,,,,
standard,"DAO, LIEN  (CLOSED BY OWNER 12",4073802793,,,,FL,socrata:orlando_business_tax,,,,
standard,MASCHMEYER CONCRETE COMPANY OF,5612677479,,,,FL,socrata:orlando_business_tax,,,,
standard,LEXINGTON HOME MORTGAGE LLC,4073980398,,,,FL,socrata:orlando_business_tax,,,,
standard,ANGELS OXI PLUS INC,3215352753,,,,FL,socrata:orlando_business_tax,,,,
standard,INNOVATIVE QUEST II CORP(CLS 0,4074383006,,,,FL,socrata:orlando_business_tax,,,,
standard,JW MACHINE CORP,4072989171,,,,FL,socrata:orlando_business_tax,,,,
standard,NEEAS CAFE,4074269501,,,,FL,socrata:orlando_business_tax,,,,
standard,PHO HOA RESTAURANT,4078956098,,,,FL,socrata:orlando_business_tax,,,,
standard,PINNACLE ENDODONTICS PERIODONTICS AND IMPLANTS,4075329856,,,,FL,socrata:orlando_business_tax,,,,
standard,SIMPLY MASSAGE(TRN 24836-1 05/,4072956567,,,,FL,socrata:orlando_business_tax,,,,
standard,CRAMER CORPORATION,4072368300,,,,FL,socrata:orlando_business_tax,,,,
standard,WILLIAM T. NORDIN A. R. N. P.,4078496359,,,,FL,socrata:orlando_business_tax,,,,
standard,POWER HOUSE MUSIC INC,4074258096,,,,FL,socrata:orlando_business_tax,,,,
standard,CITYARTS FACTORY,4076487060,,,,FL,socrata:orlando_business_tax,,,,
standard,"BOGGS, JANE G/ORH",4076496151,,,,FL,socrata:orlando_business_tax,,,,
standard,"WITTER, LESLIE",4078260517,,,,FL,socrata:orlando_business_tax,,,,
standard,FELONES SMALLS,4042468346,,,,FL,socrata:orlando_business_tax,,,,
standard,"BROWN, RENE",4078944776,,,,FL,socrata:orlando_business_tax,,,,
standard,AVIATION CORES & ROTABLES INC,4072827477,,,,FL,socrata:orlando_business_tax,,,,
standard,ORLANDO NEUROSURGERY PA,4078942362,,,,FL,socrata:orlando_business_tax,,,,
standard,OPTRONIC LABORATORIES INC,4074223171,,,,FL,socrata:orlando_business_tax,,,,
standard,LAW OFFICE OF GUY H GILBERT(TR,4074812711,,,,FL,socrata:orlando_business_tax,,,,
standard,RHN TRANSPORTATION CO,4072943867,,,,FL,socrata:orlando_business_tax,,,,
standard,"SANDS, STEVE/SANDS WHITE",3867343995,,,,FL,socrata:orlando_business_tax,,,,
standard,UHAUL CENTER OF ORLANDO,4072409999,,,,FL,socrata:orlando_business_tax,,,,
standard,"GRONEK, ROBERT J/GRONEK",4078760641,,,,FL,socrata:orlando_business_tax,,,,
standard,WALTER JOHNSON APPLIANCE REPAI,4072989494,,,,FL,socrata:orlando_business_tax,,,,
standard,4 SEASONS SEAFOOD MARKET,3219486202,,,,FL,socrata:orlando_business_tax,,,,
standard,"DRUMMER, RONALD LEON",4077396363,,,,FL,socrata:orlando_business_tax,,,,
standard,A GIFT FOR TEACHING,4073173261,,,,FL,socrata:orlando_business_tax,,,,
standard,IDOL APPAREL & ACCESSORIES INC,3868473897,,,,FL,socrata:orlando_business_tax,,,,
standard,FINISH LINE SPEED PARTS,4078961738,,,,FL,socrata:orlando_business_tax,,,,
standard,CRAIG STICKLER PRODUCTIONS,4072081968,,,,FL,socrata:orlando_business_tax,,,,
standard,PRETTY LADY INC(CLS 04/14/04),4072773502,,,,FL,socrata:orlando_business_tax,,,,
standard,TITUS PROPERTIES & DEVELOPMENT,4079828662,,,,FL,socrata:orlando_business_tax,,,,
standard,DANCING DJ ENTERTAINMENT,4072935673,,,,FL,socrata:orlando_business_tax,,,,
standard,CENTRAL FLORIDA GOSPEL,4079145481,,,,FL,socrata:orlando_business_tax,,,,
standard,LANDAU,6104334114,,,,FL,socrata:orlando_business_tax,,,,
standard,TOP ONE TOURS AND TRANSPORTATI,3212462069,,,,FL,socrata:orlando_business_tax,,,,
standard,SIERRA CONSTRUCTION CO,4078954649,,,,FL,socrata:orlando_business_tax,,,,
standard,CONWAY AUTO INSURANCE INC,4078942232,,,,FL,socrata:orlando_business_tax,,,,
standard,DIREC 4U ORLANDO LLC,4074828688,,,,FL,socrata:orlando_business_tax,,,,
standard,ROSEMARY H HAYES/HAYES AND NEWMAN PL,4073412242,,,,FL,socrata:orlando_business_tax,,,,
standard,VVC CLEANING SERVICES NELIDA R,4075567248,,,,FL,socrata:orlando_business_tax,,,,
standard,UJ TAKE OUT RESTAURANT,4075233688,,,,FL,socrata:orlando_business_tax,,,,
standard,"ARUGU, ODIATOR C",4076493019,,,,FL,socrata:orlando_business_tax,,,,
standard,KBI PREFEERRED REALTY(TRANS TO,4072979929,,,,FL,socrata:orlando_business_tax,,,,
standard,TO YOU BY ROSSY,3214384619,,,,FL,socrata:orlando_business_tax,,,,
standard,MARIO C DIAS-DE OLIVEIRA,4078390849,,,,FL,socrata:orlando_business_tax,,,,
standard,COMMUNICATIONS WORKERS OF AMER,4074226554,,,,FL,socrata:orlando_business_tax,,,,
standard,"HUGHES, BRIAN(CLS 10/03)",4072779618,,,,FL,socrata:orlando_business_tax,,,,
standard,SWEET GUYS LLC,4079297358,,,,FL,socrata:orlando_business_tax,,,,
standard,METRO FRAMING & DRYWALL INC,4073700295,,,,FL,socrata:orlando_business_tax,,,,
standard,"DUARTE, HUGO R",4072499629,,,,FL,socrata:orlando_business_tax,,,,
standard,JEANNIE MACCHI/THORNE AND STOR,4074881222,,,,FL,socrata:orlando_business_tax,,,,
standard,HAN GLOBAL INVESTMENTS INC,4072464575,,,,FL,socrata:orlando_business_tax,,,,
standard,MARTIN/VARGAS CONSULTING LLC,4076224954,,,,FL,socrata:orlando_business_tax,,,,
standard,FIELDCREST ARMS APTS/SHEFFIELD,4072988981,,,,FL,socrata:orlando_business_tax,,,,
standard,HOUSE OF FLOWERS,4078439660,,,,FL,socrata:orlando_business_tax,,,,
standard,CHIMERA GLASS INC,4072244720,,,,FL,socrata:orlando_business_tax,,,,
standard,"GOOD, MICHAEL RD/COLDWELL",4078958883,,,,FL,socrata:orlando_business_tax,,,,
standard,KLN MEDICAL LEGAL CONSULTING I,4074979191,,,,FL,socrata:orlando_business_tax,,,,
standard,INTERACTIVE DIGITAL ACCESS INC,4078962143,,,,FL,socrata:orlando_business_tax,,,,
standard,KEVIN FARLEY PERFECT TOUCH MOB,7542443584,,,,FL,socrata:orlando_business_tax,,,,
standard,WORLD IMPORT DISTRIBUTOR,3212972813,,,,FL,socrata:orlando_business_tax,,,,
standard,DUNKIN DONUTS,8136368111,,,,FL,socrata:orlando_business_tax,,,,
standard,MARY D SOLIK/DOTY SOLIK LAW PA,4073677868,,,,FL,socrata:orlando_business_tax,,,,
standard,MOHAMMED A K MOOSA/PRIMECARE M,4072950500,,,,FL,socrata:orlando_business_tax,,,,
standard,NETPROTEC II,4072600425,,,,FL,socrata:orlando_business_tax,,,,
standard,"CASTRO, JOSHUA L.",4074476683,,,,FL,socrata:orlando_business_tax,,,,
standard,OLYMPUS MEDIA GROUP LLC,4076221040,,,,FL,socrata:orlando_business_tax,,,,
standard,NUESTRA TIENDA WIRELESS,4078590787,,,,FL,socrata:orlando_business_tax,,,,
standard,BURLESON WATER SERVICES LLC,4072289782,,,,FL,socrata:orlando_business_tax,,,,
standard,KENDRAE CURRY,4079368362,,,,FL,socrata:orlando_business_tax,,,,
standard,"BLACK, JAMES R",4072540937,,,,FL,socrata:orlando_business_tax,,,,
standard,HOMES TO GO,4078563838,,,,FL,socrata:orlando_business_tax,,,,
standard,TRANCO TITLE INC,4078937179,,,,FL,socrata:orlando_business_tax,,,,
standard,BON VOYAGE INC,4072714521,,,,FL,socrata:orlando_business_tax,,,,
standard,A HOT SPOT,4073300015,,,,FL,socrata:orlando_business_tax,,,,
standard,"DELIUS, MARIE MR WELDING",4072929517,,,,FL,socrata:orlando_business_tax,,,,
standard,MINDLEAP LLC,4074235327,,,,FL,socrata:orlando_business_tax,,,,
standard,HOMETOWN TITLE LLC,4073843488,,,,FL,socrata:orlando_business_tax,,,,
standard,KARSMETICS,4075384042,,,,FL,socrata:orlando_business_tax,,,,
standard,ORLANDO SEALS HOCKEY CLUB,4079997887,,,,FL,socrata:orlando_business_tax,,,,
standard,AMERICAN BRIDAL,4078987165,,,,FL,socrata:orlando_business_tax,,,,
standard,VISIT US INC(CLS 05/04),3054446213,,,,FL,socrata:orlando_business_tax,,,,
standard,AGM MAID SERVICE LLC,4074860719,,,,FL,socrata:orlando_business_tax,,,,
standard,"MONARCH BUILDING SERVICES, INC",7403878357,,,,FL,socrata:orlando_business_tax,,,,
standard,PROVIDENCE WASHINGTON INSURANC,4014537068,,,,FL,socrata:orlando_business_tax,,,,
standard,ALAN COGGINS MASTERBRAND CABIN,7277268283,,,,FL,socrata:orlando_business_tax,,,,
standard,UNIVERSAL HAIR,4073512374,,,,FL,socrata:orlando_business_tax,,,,
standard,SA COMUNALE CO INC,3307063040,,,,FL,socrata:orlando_business_tax,,,,
standard,SAMMYS SERVICES INC,3213324201,,,,FL,socrata:orlando_business_tax,,,,
standard,SEMINOLE TECHS COMPUTER SOLUTI,4077971247,,,,FL,socrata:orlando_business_tax,,,,
standard,A A TAXBUSTERS(CLS 04/03),4074227079,,,,FL,socrata:orlando_business_tax,,,,
standard,LAKESIDE SURGERY CENTER,4072062375,,,,FL,socrata:orlando_business_tax,,,,
standard,ERIC D KURITZKY,4074966697,,,,FL,socrata:orlando_business_tax,,,,
standard,C & G BRICK PAVERS CORP,4076922111,,,,FL,socrata:orlando_business_tax,,,,
standard,DIOCESAN PUBLICATIONS(CLS 02/0,4076778100,,,,FL,socrata:orlando_business_tax,,,,
standard,PARCEL POST,4072810950,,,,FL,socrata:orlando_business_tax,,,,
standard,ANDREA S WALLACE ENTERPRISES,4075221834,,,,FL,socrata:orlando_business_tax,,,,
standard,TOMPKINS ASSOCIATES INC,4074820694,,,,FL,socrata:orlando_business_tax,,,,
standard,KRAUS ANDERSON CONSTRUCTION CO,6123327281,,,,FL,socrata:orlando_business_tax,,,,
standard,SNACK SQUARE,4078515388,,,,FL,socrata:orlando_business_tax,,,,
standard,INSPIRATIONS TO INNOVATIONS IN,4078981104,,,,FL,socrata:orlando_business_tax,,,,
standard,PARKER HANNIFIN(CLS 01/04),4074234462,,,,FL,socrata:orlando_business_tax,,,,
standard,NORTH ORANGE CONDOMINIUM I DEV,4074202066,,,,FL,socrata:orlando_business_tax,,,,
standard,IBM CORP/BUS LICENSE TAX DEPT,2034863016,,,,FL,socrata:orlando_business_tax,,,,
standard,COMPREHENSIVE SLEEP DISORDER C,4078984600,,,,FL,socrata:orlando_business_tax,,,,
standard,FLORIDA LIFT SYSTEMS INC,8136211000,,,,FL,socrata:orlando_business_tax,,,,
standard,SJAERCZYK OF FLORIDA INC,4076945118,,,,FL,socrata:orlando_business_tax,,,,
standard,MDN QUALITY SERVICES INC,4074702627,,,,FL,socrata:orlando_business_tax,,,,
standard,TOP TO BOTTOM CLEANING SERVICE,4079701317,,,,FL,socrata:orlando_business_tax,,,,
standard,KATHY JANE ANDERSON PA(CLOSED,4078391364,,,,FL,socrata:orlando_business_tax,,,,
standard,S V B K CONSULTING GROUP INC,4078721500,,,,FL,socrata:orlando_business_tax,,,,
standard,IRBY & STUTCHMAN VACUUMS INC,4078520183,,,,FL,socrata:orlando_business_tax,,,,
standard,J & S INSTALLATION SPECIALTIST,4078502572,,,,FL,socrata:orlando_business_tax,,,,
standard,ADVANCED STAGING TECHNOLOGIES,4074819291,,,,FL,socrata:orlando_business_tax,,,,
standard,REDMOND MARKETING SERVICES(CLS,4072775917,,,,FL,socrata:orlando_business_tax,,,,
standard,ARTISTIC DRIVING SCHOOL,4079050486,,,,FL,socrata:orlando_business_tax,,,,
standard,CARRINGCORP INDUSTRIES LLC,4074211143,,,,FL,socrata:orlando_business_tax,,,,
standard,HEALTHY KNEADS LLC,4078149171,,,,FL,socrata:orlando_business_tax,,,,
standard,SWEET MEMORIES,4073847176,,,,FL,socrata:orlando_business_tax,,,,
standard,ROYAL DRY CLEANER,4078964082,,,,FL,socrata:orlando_business_tax,,,,
standard,ELSA M NOLAN/CHRISTOPHER,4077663687,,,,FL,socrata:orlando_business_tax,,,,
standard,REAL TRUST FINANCIAL CORP,4079331949,,,,FL,socrata:orlando_business_tax,,,,
standard,UNIVERSITY HOUSING PROPERTY MA,4079022502,,,,FL,socrata:orlando_business_tax,,,,
standard,"LITE HOUSE, THE(CLS 01/03)",4078396261,,,,FL,socrata:orlando_business_tax,,,,
standard,SING ALONG MUSIC WORLD,4072757708,,,,FL,socrata:orlando_business_tax,,,,
standard,BLACK BAR MANUFACTURING COMPAN,4072671585,,,,FL,socrata:orlando_business_tax,,,,
standard,ZIPS TOBACCO OUTLET INC,8634202194,,,,FL,socrata:orlando_business_tax,,,,
standard,P M DESIGN(TRN 4571-10 04/04),4078433836,,,,FL,socrata:orlando_business_tax,,,,
standard,EVERGREEN CONSTRUCTION COMPANY,6782446508,,,,FL,socrata:orlando_business_tax,,,,
standard,S & K FAMOUS BRANDS INC,8043462547,,,,FL,socrata:orlando_business_tax,,,,
standard,SUPER 8 MOTEL,4072952781,,,,FL,socrata:orlando_business_tax,,,,
standard,DREW LARKINS/ACCIDENT,8132866448,,,,FL,socrata:orlando_business_tax,,,,
standard,"NEWTON, CHARLES R/DA-MAR",4072492998,,,,FL,socrata:orlando_business_tax,,,,
standard,ACCURATE TYPING & TRANSCRIPTIO,4078884818,,,,FL,socrata:orlando_business_tax,,,,
standard,T & D MEDICAL DIAGNOSIS CENTER,4074680959,,,,FL,socrata:orlando_business_tax,,,,
standard,OH QUE BUENO RESTAURANT,4074475026,,,,FL,socrata:orlando_business_tax,,,,
standard,CLIFF DAVID ENTERPRISES INC,4076482111,,,,FL,socrata:orlando_business_tax,,,,
standard,EDWARD W LANGDON,4078981396,,,,FL,socrata:orlando_business_tax,,,,
standard,"RUEDA, CARLOS A/COMPREHENSIVE(",4072461110,,,,FL,socrata:orlando_business_tax,,,,
standard,I PEDAL BIKES LLC,7577485582,,,,FL,socrata:orlando_business_tax,,,,
standard,ELITE MARKETING INTERNATIONAL,4078161364,,,,FL,socrata:orlando_business_tax,,,,
standard,BENNIGANS #1014,9725885000,,,,FL,socrata:orlando_business_tax,,,,
standard,ROOF MASTER OF CENTRAL FL INC,4078898684,,,,FL,socrata:orlando_business_tax,,,,
standard,"BRADFORD, CARTER A(TRN 6716-5",4072460828,,,,FL,socrata:orlando_business_tax,,,,
standard,WILLIAM F EDWARD,4078491355,,,,FL,socrata:orlando_business_tax,,,,
standard,RODRIGO HAZARD REMODELING,4076908729,,,,FL,socrata:orlando_business_tax,,,,
standard,REAL CASH REMITTANCE CORP,4074689464,,,,FL,socrata:orlando_business_tax,,,,
standard,STEPHENS FLOOR SERVICE(CLS 01/,4074229869,,,,FL,socrata:orlando_business_tax,,,,
standard,DAVID A WILLIAMS,4074257316,,,,FL,socrata:orlando_business_tax,,,,
standard,LTC LEADERSHIP TRAINING CLASSE,4079143818,,,,FL,socrata:orlando_business_tax,,,,
standard,VILLAGE FINANCIAL SERVICES,4073333619,,,,FL,socrata:orlando_business_tax,,,,
standard,FLAMINGOS COFFEE SHOP,4079237353,,,,FL,socrata:orlando_business_tax,,,,
standard,HOKKAIDO JAPANESE RESTAURANT,4072949627,,,,FL,socrata:orlando_business_tax,,,,
standard,EMILIO NIEVES,4074043866,,,,FL,socrata:orlando_business_tax,,,,
standard,ASIAN FOOD SERVICE,4077197108,,,,FL,socrata:orlando_business_tax,,,,
standard,CENTRAL FLA POWDER COATING,4075392540,,,,FL,socrata:orlando_business_tax,,,,
standard,A UNIQUE EVENT OF CENTRAL FLOR,4075142611,,,,FL,socrata:orlando_business_tax,,,,
standard,LIBBY MAID LLC,4075836028,,,,FL,socrata:orlando_business_tax,,,,
standard,GLOBAL ADVERTISEMENTS LLC,3212877970,,,,FL,socrata:orlando_business_tax,,,,
standard,T&T IMPORT EXPORT LLC,9042888148,,,,FL,socrata:orlando_business_tax,,,,
standard,LESLIE BOYD GALLERY,4076222662,,,,FL,socrata:orlando_business_tax,,,,
standard,PHILIP W RICHARDSON PL,4075784492,,,,FL,socrata:orlando_business_tax,,,,
standard,SEAN FRANK/MAINFRAME REAL ESTATE INC,4075134257,,,,FL,socrata:orlando_business_tax,,,,
standard,EYE ROC INC,4074205828,,,,FL,socrata:orlando_business_tax,,,,
standard,ASPIRE HEALTH PARTNERS INC,4072450045,,,,FL,socrata:orlando_business_tax,,,,
standard,VANGUARD CLEANING SYSTEMS,3212341575,,,,FL,socrata:orlando_business_tax,,,,
standard,HAYES PROPERTY GROUP LLC,4078592665,,,,FL,socrata:orlando_business_tax,,,,
standard,TRAN SON VIET,8139329729,,,,FL,socrata:orlando_business_tax,,,,
standard,UNIVERSAL CELLULAR INC,4074387766,,,,FL,socrata:orlando_business_tax,,,,
standard,AMAKOR INC(CLS 05/03),3023782921,,,,FL,socrata:orlando_business_tax,,,,
standard,OFFICE FURNITURE OUTLET,4073160101,,,,FL,socrata:orlando_business_tax,,,,
standard,CLASSIC RENOVATIONS INC,4074252006,,,,FL,socrata:orlando_business_tax,,,,
standard,CLYDE T LOVETTE PAINTING SERVI,4074223221,,,,FL,socrata:orlando_business_tax,,,,
standard,TIC HOLDINGS GROUP INC,4077023952,,,,FL,socrata:orlando_business_tax,,,,
standard,INSTEPAY INCORPORATED,4072545940,,,,FL,socrata:orlando_business_tax,,,,
standard,SOUTHMOST DRYWALL INC,4076482788,,,,FL,socrata:orlando_business_tax,,,,
standard,STEWART & STEVENSON TUG LLC,7138687700,,,,FL,socrata:orlando_business_tax,,,,
standard,LAW OFFICE OF PETER S GARCIA,4072826817,,,,FL,socrata:orlando_business_tax,,,,
standard,CENTRAL ORLANDO DIALYSIS,4072465192,,,,FL,socrata:orlando_business_tax,,,,
standard,BROOKS EQUIPMENT CO INC(TRANS,4078722212,,,,FL,socrata:orlando_business_tax,,,,
standard,MICROJET IRRIGATION SYSTEMS IN,4074267444,,,,FL,socrata:orlando_business_tax,,,,
standard,RJS INTERIORS LLC,4078977400,,,,FL,socrata:orlando_business_tax,,,,
standard,LAUREL CATHERINE HORTON TOGNAZ,4072916127,,,,FL,socrata:orlando_business_tax,,,,
standard,MIRACLES SALON EXPRESS,3212874864,,,,FL,socrata:orlando_business_tax,,,,
standard,"STEFAN, MANUEL DDS",4072818700,,,,FL,socrata:orlando_business_tax,,,,
standard,"CHAMPAGNE,ANDREA K/KPMG",4075632259,,,,FL,socrata:orlando_business_tax,,,,
standard,CHAD JORDAN HOT DOGS(CLS 02/04,4074232080,,,,FL,socrata:orlando_business_tax,,,,
standard,CECES HOME DECOR INC,4079255579,,,,FL,socrata:orlando_business_tax,,,,
standard,BLOCKBUSTER VIDEO #12024,4078947541,,,,FL,socrata:orlando_business_tax,,,,
standard,AD FLEA MARKET,4076490169,,,,FL,socrata:orlando_business_tax,,,,
standard,HESS FOOD MART,4075220092,,,,FL,socrata:orlando_business_tax,,,,
standard,PROFESSIONAL AIR CONDITIONING,4075683837,,,,FL,socrata:orlando_business_tax,,,,
standard,IN HOME HEALTH CARE INC,4072916614,,,,FL,socrata:orlando_business_tax,,,,
standard,GREATER ORLANDO MORTGAGE INC,4073060602,,,,FL,socrata:orlando_business_tax,,,,
standard,MCQUAY SERVICE,4076484476,,,,FL,socrata:orlando_business_tax,,,,
standard,ATLANTIC AVIATION ORLANDO LLC,4078518304,,,,FL,socrata:orlando_business_tax,,,,
standard,ORIGINAL HERB CO INC,4072674972,,,,FL,socrata:orlando_business_tax,,,,
standard,ENCORE CLEANING SERVICE,4073510323,,,,FL,socrata:orlando_business_tax,,,,
standard,DAVID RIDDLE,4072850678,,,,FL,socrata:orlando_business_tax,,,,
standard,UNIVERSITY OF PHOENIX/90-0044F,6029665394,,,,FL,socrata:orlando_business_tax,,,,
standard,"MAUI DIVERS OF HAWAII, LIMITED",8089438328,,,,FL,socrata:orlando_business_tax,,,,
standard,DAVID STOLLER PA,4077731770,,,,FL,socrata:orlando_business_tax,,,,
standard,TRAVELEADERS LLC,4075409800,,,,FL,socrata:orlando_business_tax,,,,
standard,LICENSED REAL ESTATE SERVICES,4073706685,,,,FL,socrata:orlando_business_tax,,,,
standard,COMCAST OF FLORIDA/GEORGIA LLC,3523156606,,,,FL,socrata:orlando_business_tax,,,,
standard,RENAISSANCE CROWN AND TRIM MOU,4078888262,,,,FL,socrata:orlando_business_tax,,,,
standard,MARPE INTERNATIONAL ENTERPRISE,4074233442,,,,FL,socrata:orlando_business_tax,,,,
standard,GRASS MASTERS LAWN SERVICE INC,4078439231,,,,FL,socrata:orlando_business_tax,,,,
standard,LA QUINTA INN,4073514100,,,,FL,socrata:orlando_business_tax,,,,
standard,"GALLETTA, MICHAEL",4076450544,,,,FL,socrata:orlando_business_tax,,,,
standard,COLORALL OF ORLANDO,4074692179,,,,FL,socrata:orlando_business_tax,,,,
standard,PRO CHOICE SERVICES LLC,4076163918,,,,FL,socrata:orlando_business_tax,,,,
standard,PERFECT SHOT INC,4078956222,,,,FL,socrata:orlando_business_tax,,,,
standard,AKA BIG COLOR GRAPHICS INC,4074818220,,,,FL,socrata:orlando_business_tax,,,,
standard,ANTHONY ROBERSON ANYTHING,4072094600,,,,FL,socrata:orlando_business_tax,,,,
standard,USAA REALTY COMPANY,4078410111,,,,FL,socrata:orlando_business_tax,,,,
standard,BRENDA O MURPHY,4076574512,,,,FL,socrata:orlando_business_tax,,,,
standard,PLATINUM PLUS AUTO BODY REPAIR,4072945199,,,,FL,socrata:orlando_business_tax,,,,
standard,PUMPWORKS INC(CLOSED 04/10/03),4072934437,,,,FL,socrata:orlando_business_tax,,,,
standard,WIGS RAGS & MORE,4078943811,,,,FL,socrata:orlando_business_tax,,,,
standard,"DE LA ROSA, SARA FRUITS",9418422327,,,,FL,socrata:orlando_business_tax,,,,
standard,DALE G SALATHICH MD/DALE G SAL,4072475424,,,,FL,socrata:orlando_business_tax,,,,
standard,HELISIGHT INTERNATIONAL PARTS&,4075669181,,,,FL,socrata:orlando_business_tax,,,,
standard,GUIDANCE FINANCIAL NETWORK INC,4074810121,,,,FL,socrata:orlando_business_tax,,,,
standard,THOMAS JORDAN/JORDAN HOMES AT,4072471642,,,,FL,socrata:orlando_business_tax,,,,
standard,LUCERNE PLAZA INC,3216892279,,,,FL,socrata:orlando_business_tax,,,,
standard,ALT SHIFT DATA(CLS 09/03),4076508780,,,,FL,socrata:orlando_business_tax,,,,
standard,QUALEX INC/ATTN: TAX DEPT,9193838535,,,,FL,socrata:orlando_business_tax,,,,
standard,S & G SUPPLIES LLC,4078939974,,,,FL,socrata:orlando_business_tax,,,,
standard,DOLLAR MANIA 2,6308160565,,,,FL,socrata:orlando_business_tax,,,,
standard,NO MERCY RECORDS,4074272574,,,,FL,socrata:orlando_business_tax,,,,
standard,LOW RENTS INC,4074234776,,,,FL,socrata:orlando_business_tax,,,,
standard,MARZENA BAKUN,4076737033,,,,FL,socrata:orlando_business_tax,,,,
standard,THE DELI PLANET,4072973621,,,,FL,socrata:orlando_business_tax,,,,
standard,ERIC SHIPPIE CLEANING SERVICES,4078439496,,,,FL,socrata:orlando_business_tax,,,,
standard,ALL STAR ELECTRONICS LLC,4076256889,,,,FL,socrata:orlando_business_tax,,,,
standard,BIRMINGHAM VENDING CO,4074251505,,,,FL,socrata:orlando_business_tax,,,,
standard,JIFFY LUBE,9412845722,,,,FL,socrata:orlando_business_tax,,,,
standard,"SHWETZER, WILLIAM",4078910909,,,,FL,socrata:orlando_business_tax,,,,
standard,ORIENT EXQUISITE(CLOSED 06/12/,4078593967,,,,FL,socrata:orlando_business_tax,,,,
standard,T G I FRIDAYS,4079030338,,,,FL,socrata:orlando_business_tax,,,,
standard,KEVIN WHEELER'S PROFESSIONAL S,4078948660,,,,FL,socrata:orlando_business_tax,,,,
standard,"RUSSELL, JOANNE M",4073815067,,,,FL,socrata:orlando_business_tax,,,,
standard,FIGNAZ PROFESSIONAL RESIDENTIA,4079673580,,,,FL,socrata:orlando_business_tax,,,,
standard,BILLS CHICKEN & RIBS,4072992075,,,,FL,socrata:orlando_business_tax,,,,
standard,STAR FOOD MART,4074233171,,,,FL,socrata:orlando_business_tax,,,,
standard,KLICK INC,4072799538,,,,FL,socrata:orlando_business_tax,,,,
standard,IMAGES LANDSCAPING & IRRIGAT(T,4078942009,,,,FL,socrata:orlando_business_tax,,,,
standard,FOSTER PRODUCTIONS(CLS 01/04),4072540953,,,,FL,socrata:orlando_business_tax,,,,
standard,QUEST KIDS,4078894530,,,,FL,socrata:orlando_business_tax,,,,
standard,IGT ONLINE ENTERTAINMENT SYSTE,4072403999,,,,FL,socrata:orlando_business_tax,,,,
standard,FRAMING OF CENTRAL FLA INC,4076680467,,,,FL,socrata:orlando_business_tax,,,,
standard,FULL MOON SALOON INC,4075928725,,,,FL,socrata:orlando_business_tax,,,,
standard,"MARRERO, ABIEZER",4079709875,,,,FL,socrata:orlando_business_tax,,,,
standard,VANESSAS ANGELS LLC,5514828081,,,,FL,socrata:orlando_business_tax,,,,
standard,NEW GOLDEN HORSE INC,4074250208,,,,FL,socrata:orlando_business_tax,,,,
standard,POWERHAUS CORPORATION,4078142229,,,,FL,socrata:orlando_business_tax,,,,
standard,MARTIN CLEMENT HOT DOGS,4072770583,,,,FL,socrata:orlando_business_tax,,,,
standard,INSIDE APPEAL,4078980154,,,,FL,socrata:orlando_business_tax,,,,
standard,CUSTOM DESIGNS,4078980373,,,,FL,socrata:orlando_business_tax,,,,
standard,"HARNISCH, AMY(CLOSED 04/07/03)",4074226490,,,,FL,socrata:orlando_business_tax,,,,
standard,TEE'S TOTS DAYCARE/PRESCHOOL I,4073800621,,,,FL,socrata:orlando_business_tax,,,,
standard,IMMACULATE CONCESSION    (CLOS,4075392136,,,,FL,socrata:orlando_business_tax,,,,
standard,YOREL OF ORANGE INC,4073461222,,,,FL,socrata:orlando_business_tax,,,,
standard,SURFCOLOR INC,3212972707,,,,FL,socrata:orlando_business_tax,,,,
standard,"JETHA, NIZARALLY K/AYRES",4079266809,,,,FL,socrata:orlando_business_tax,,,,
standard,CITY COMMUNICATIONS & SERVICES,4073396926,,,,FL,socrata:orlando_business_tax,,,,
standard,SPA TACULAR HAIR & TAN INC,4075680080,,,,FL,socrata:orlando_business_tax,,,,
standard,RICHMOND SOUND DESIGN INC(CLS,4073520458,,,,FL,socrata:orlando_business_tax,,,,
standard,NIKKIS PLACE INC,4072995888,,,,FL,socrata:orlando_business_tax,,,,
standard,"SHEA, TIMOTHY R",4078948776,,,,FL,socrata:orlando_business_tax,,,,
standard,DRYCLEAN R US,4074222229,,,,FL,socrata:orlando_business_tax,,,,
standard,J B MATHEWS INVESTIGATIVE GROU,4078968520,,,,FL,socrata:orlando_business_tax,,,,
standard,SHERATON SUITES ORLANDO AIRPOR,4072405555,,,,FL,socrata:orlando_business_tax,,,,
standard,MCCULLY CONSTRUCTION COMPANY,4074251941,,,,FL,socrata:orlando_business_tax,,,,
standard,"CHARLES, MICHELLE J DDS",4072774693,,,,FL,socrata:orlando_business_tax,,,,
standard,VINH RESTAURANT,4076956542,,,,FL,socrata:orlando_business_tax,,,,
standard,57 SOLUTIONS LLC,4078941158,,,,FL,socrata:orlando_business_tax,,,,
standard,HEADS SILKS & CERAMICS,4074221299,,,,FL,socrata:orlando_business_tax,,,,
standard,BANG & OLUFSON,4073540516,,,,FL,socrata:orlando_business_tax,,,,
standard,ERIC ZIKO,4074777359,,,,FL,socrata:orlando_business_tax,,,,
standard,MCCULLY REALTY INC,4072950392,,,,FL,socrata:orlando_business_tax,,,,
standard,"MIDDLETON, GEORGE W(CLS 02/04)",4078965707,,,,FL,socrata:orlando_business_tax,,,,
standard,"BAKKE, JAMES ROGER/METRO",4076581115,,,,FL,socrata:orlando_business_tax,,,,
standard,MIGUEL A MARTINEZ ARTWORK,4075919467,,,,FL,socrata:orlando_business_tax,,,,
standard,CHURCH STREET CAPITAL LLC(TRN,4076493104,,,,FL,socrata:orlando_business_tax,,,,
standard,KROL ENTERPRISES INC,4072986372,,,,FL,socrata:orlando_business_tax,,,,
standard,OUR SALON INC(CLS 11/03),4073824177,,,,FL,socrata:orlando_business_tax,,,,
standard,SILENT RECORDS INC,4077025721,,,,FL,socrata:orlando_business_tax,,,,
standard,GACCIA BROWN,3212631351,,,,FL,socrata:orlando_business_tax,,,,
standard,ONE DOLLAR DEPOT INC,4078861937,,,,FL,socrata:orlando_business_tax,,,,
standard,"LANG, SHEILA S CPA PA",4076299105,,,,FL,socrata:orlando_business_tax,,,,
standard,BISCO INDUSTRIES INC,4073817446,,,,FL,socrata:orlando_business_tax,,,,
standard,A B C SUPPLY CO INC,4078496445,,,,FL,socrata:orlando_business_tax,,,,
standard,INTERNATIONAL CAR WASH,4078434912,,,,FL,socrata:orlando_business_tax,,,,
standard,AT&T/BUS LIC DEPT/C260/W30,9736441215,,,,FL,socrata:orlando_business_tax,,,,
standard,ROCK PROPERTIES INC,4076220175,,,,FL,socrata:orlando_business_tax,,,,
standard,BARTO GALLERY LTD CORP,4075326368,,,,FL,socrata:orlando_business_tax,,,,
standard,FLORIDA TAP ROOM,3523946863,,,,FL,socrata:orlando_business_tax,,,,
standard,EDWARD T BYRD & COMPANY,4074268868,,,,FL,socrata:orlando_business_tax,,,,
standard,"JANNEY, JONATHAN",4072735502,,,,FL,socrata:orlando_business_tax,,,,
standard,RE NU,3212312304,,,,FL,socrata:orlando_business_tax,,,,
standard,"MCNAMARA, VICTOR F DPM",4078587878,,,,FL,socrata:orlando_business_tax,,,,
standard,QDOBA MEXICAN GRILL,3052678510,,,,FL,socrata:orlando_business_tax,,,,
standard,PHOENIX PRINTING INC,4073634499,,,,FL,socrata:orlando_business_tax,,,,
standard,RUTLAND PROPERTIES,4073536960,,,,FL,socrata:orlando_business_tax,,,,
standard,ANDRE'S AUTO SALE & SERVICE,4072992596,,,,FL,socrata:orlando_business_tax,,,,
standard,STACEY BROWN,3528161880,,,,FL,socrata:orlando_business_tax,,,,
standard,MANGO FANDANGO CATERING,4076822112,,,,FL,socrata:orlando_business_tax,,,,
standard,PROSOURCE OF ORLANDO INC,8133821295,,,,FL,socrata:orlando_business_tax,,,,
standard,DENNIS LANE,4072190892,,,,FL,socrata:orlando_business_tax,,,,
standard,PALMWAY INTERNATIONAL INC,4078225722,,,,FL,socrata:orlando_business_tax,,,,
standard,FILMHUT GRAPHIC SOLUTIONS INC,4079257269,,,,FL,socrata:orlando_business_tax,,,,
standard,CURADO CONSTRUCTION SERVICES L,4075564700,,,,FL,socrata:orlando_business_tax,,,,
standard,KEVIN W KORTH/KORTH & ASSOCIAT,3097662311,,,,FL,socrata:orlando_business_tax,,,,
standard,THOMAS HUNTER DALE,4072457055,,,,FL,socrata:orlando_business_tax,,,,
standard,NEW CHINA GOURMET,4078944846,,,,FL,socrata:orlando_business_tax,,,,
standard,A MINUS MORTGAGE CORP,4076493075,,,,FL,socrata:orlando_business_tax,,,,
standard,CENTRAL FLORIDA INSPECTION SER,4078394711,,,,FL,socrata:orlando_business_tax,,,,
standard,ARCHANGEL ENTERPRISES,4076484002,,,,FL,socrata:orlando_business_tax,,,,
standard,SAMS SNACKS,3525145930,,,,FL,socrata:orlando_business_tax,,,,
standard,"MIN H SO LAW FIRM, PA",4079265764,,,,FL,socrata:orlando_business_tax,,,,
standard,FRIENDLY COMPUTERS 157,3219847727,,,,FL,socrata:orlando_business_tax,,,,
standard,L ANTHONY BOOTHE INC,3214986315,,,,FL,socrata:orlando_business_tax,,,,
standard,AAA SIGNATURE TRANS INC,4073526070,,,,FL,socrata:orlando_business_tax,,,,
standard,BALDWIN CONSTRUCTION SERVICES,9107621959,,,,FL,socrata:orlando_business_tax,,,,
standard,CHRIS WHALEY LLC,3219462249,,,,FL,socrata:orlando_business_tax,,,,
standard,CARL D MOTES PA,4078505993,,,,FL,socrata:orlando_business_tax,,,,
standard,GOHAPPYFEET.COM,3214395460,,,,FL,socrata:orlando_business_tax,,,,
standard,NEAF CONSTRUCTION COMPANY LLC,4073133138,,,,FL,socrata:orlando_business_tax,,,,
standard,"ARNOLD, DWAYNE",4074153915,,,,FL,socrata:orlando_business_tax,,,,
standard,"ORDEN, CHARLES/CENTURY 21",4078769221,,,,FL,socrata:orlando_business_tax,,,,
standard,2807 EAST SOUTH STREET CORP,4078981425,,,,FL,socrata:orlando_business_tax,,,,
standard,WASHINGTON SHORES SUPERMARKET,4076546119,,,,FL,socrata:orlando_business_tax,,,,
standard,LANCE INC,7045578246,,,,FL,socrata:orlando_business_tax,,,,
standard,TELA HOT DOG(CLS 04/03),4072408957,,,,FL,socrata:orlando_business_tax,,,,
standard,JAKE BROTHERS INC(CLS 10/03),4075228740,,,,FL,socrata:orlando_business_tax,,,,
standard,JOSE ESPINOSA SERVICES,4075234776,,,,FL,socrata:orlando_business_tax,,,,
standard,"KIEFER, GREGORY",4078411216,,,,FL,socrata:orlando_business_tax,,,,
standard,MAA BALDWIN PARK,4078496330,,,,FL,socrata:orlando_business_tax,,,,
standard,TIJUANA FLATS BURRITO COMPANY,4079479237,,,,FL,socrata:orlando_business_tax,,,,
standard,"GOODLESS, DEAN R MD",4075668778,,,,FL,socrata:orlando_business_tax,,,,
standard,SCHERER MARKETING,4074267272,,,,FL,socrata:orlando_business_tax,,,,
standard,"WAGNER, CURTIS B DPM",4073397759,,,,FL,socrata:orlando_business_tax,,,,
standard,"ALLEN, KIONAS L",4072997079,,,,FL,socrata:orlando_business_tax,,,,
standard,"PANG, JANICE/KMPG",4075633381,,,,FL,socrata:orlando_business_tax,,,,
standard,"PAINTER, JOHN F/BECK",4074224911,,,,FL,socrata:orlando_business_tax,,,,
standard,"BANKSTON, JAMES",4076491798,,,,FL,socrata:orlando_business_tax,,,,
standard,FDJ ENTERPRISES INC,3212310262,,,,FL,socrata:orlando_business_tax,,,,
standard,GOLDEN RULE INSURANCE CO,3172974123,,,,FL,socrata:orlando_business_tax,,,,
standard,ABSOLUTE INSURANCE SERVICES,4078956967,,,,FL,socrata:orlando_business_tax,,,,
standard,SURGERY ONE IPA INC,4074819698,,,,FL,socrata:orlando_business_tax,,,,
standard,CENTRAL FLORIDA PARKING LLC,4077708598,,,,FL,socrata:orlando_business_tax,,,,
standard,ROBERT TODD HEROLD LLC,4076101414,,,,FL,socrata:orlando_business_tax,,,,
standard,DAVID D CASSIDY/EMERGENCY,4178415236,,,,FL,socrata:orlando_business_tax,,,,
standard,JIM RAGSDALE INSTALLATION SERV,4074155562,,,,FL,socrata:orlando_business_tax,,,,
standard,TISOREN R & P LLC,4075225350,,,,FL,socrata:orlando_business_tax,,,,
standard,EDUTECH INTERNATIONAL LEARNING,4073526711,,,,FL,socrata:orlando_business_tax,,,,
standard,SPECTRUM SUNSHINE STATE LLC,3143949867,,,,FL,socrata:orlando_business_tax,,,,
standard,FS INVESTMENTS,2154951175,,,,FL,socrata:orlando_business_tax,,,,
standard,THE ENDANGERED SPECIES STORE,8084837600,,,,FL,socrata:orlando_business_tax,,,,
standard,POOLE & FULLER ENVIRONMENTAL S,4073397845,,,,FL,socrata:orlando_business_tax,,,,
standard,ORLANDO APPAREL INC,4078625909,,,,FL,socrata:orlando_business_tax,,,,
standard,JUST FOR KIDS,4072959253,,,,FL,socrata:orlando_business_tax,,,,
standard,SANDS WHITE SANDS PA,3862581622,,,,FL,socrata:orlando_business_tax,,,,
standard,"ORELLANA, EMERITA A/METRO",4072810519,,,,FL,socrata:orlando_business_tax,,,,
standard,SUGEY G ORTIZ,4072818247,,,,FL,socrata:orlando_business_tax,,,,
standard,LENNYS SUB SHOP,4078958521,,,,FL,socrata:orlando_business_tax,,,,
standard,LAJEUNE WILLIAMS DEBT RELATION,4078727080,,,,FL,socrata:orlando_business_tax,,,,
standard,GRAND CENTRAL SQUARE,4078967723,,,,FL,socrata:orlando_business_tax,,,,
standard,DESMOND REILLY CONSTRUCTION SE,4079246758,,,,FL,socrata:orlando_business_tax,,,,
standard,AVISTA MANAGEMENT INC,4075819000,,,,FL,socrata:orlando_business_tax,,,,
standard,MEDCYL SERVICES LTD,5612612964,,,,FL,socrata:orlando_business_tax,,,,
standard,THOMPSON JEWELERS,4078959499,,,,FL,socrata:orlando_business_tax,,,,
standard,TRANSTAR INDUSTRIES INC,4072325100,,,,FL,socrata:orlando_business_tax,,,,
standard,STAR TOURS INTERNATIONAL,4073543060,,,,FL,socrata:orlando_business_tax,,,,
standard,TCREATIVE INC,4078967590,,,,FL,socrata:orlando_business_tax,,,,
standard,ROJAS CLEANING & MAINTENANCE S,4078577857,,,,FL,socrata:orlando_business_tax,,,,
standard,WILLIES PAINT & BODY SHOP INC,4078509410,,,,FL,socrata:orlando_business_tax,,,,
standard,RUDY'S AIR CONDITIONING SERVIC,4078987279,,,,FL,socrata:orlando_business_tax,,,,
standard,ADVANTAGE COMPUTERS INC,4072997357,,,,FL,socrata:orlando_business_tax,,,,
standard,EMPIRE FIRE MARINE INSURANCE C,8476056000,,,,FL,socrata:orlando_business_tax,,,,
standard,WATTS IN A BOX,4078982744,,,,FL,socrata:orlando_business_tax,,,,
standard,"ROSADO, ABIGAIL",4074818883,,,,FL,socrata:orlando_business_tax,,,,
standard,FLORIDA GARAGE DOOR SPECIALTY,4072913492,,,,FL,socrata:orlando_business_tax,,,,
standard,MICHIGAN HEALTH & REHAB INC,4079143566,,,,FL,socrata:orlando_business_tax,,,,
standard,GIFT & LUGGAGE SHOP,4073840320,,,,FL,socrata:orlando_business_tax,,,,
standard,EDGEWATER TITLE COMPANY,4074237331,,,,FL,socrata:orlando_business_tax,,,,
standard,FLORIDA MARQUES CORPORATION,4075678935,,,,FL,socrata:orlando_business_tax,,,,
standard,THE CENTER FOR MULTICULTURAL W,4076775241,,,,FL,socrata:orlando_business_tax,,,,
standard,TAYLOR XAVIER & ASSOCIATES INC,2142895862,,,,FL,socrata:orlando_business_tax,,,,
standard,BLUE BOTTOMS POOL SERVICES INC,3216891878,,,,FL,socrata:orlando_business_tax,,,,
standard,THE ROBERTS FAMILY LAW FIRM P,4071266999,,,,FL,socrata:orlando_business_tax,,,,
standard,CIGARZ ON CHURCH STREET(CLS 02,4077371026,,,,FL,socrata:orlando_business_tax,,,,
standard,PAUL F HILLMAN BARGAIN MARK,4073160324,,,,FL,socrata:orlando_business_tax,,,,
standard,MODEL BEHAVIOR,4078446059,,,,FL,socrata:orlando_business_tax,,,,
standard,"PATTANAYAK, LISA/METRO(TRN 242",4072958972,,,,FL,socrata:orlando_business_tax,,,,
standard,JULIO ARIAS,5785707462,,,,FL,socrata:orlando_business_tax,,,,
standard,ARMSTRONG CABINET PRODUCTS/ATT,7173963501,,,,FL,socrata:orlando_business_tax,,,,
standard,ANDYS LAWN SERVICES,4076571941,,,,FL,socrata:orlando_business_tax,,,,
standard,"KREUTER, WILLIAM E ESQ",4078412190,,,,FL,socrata:orlando_business_tax,,,,
standard,AUTOBAHN TOWING & RECOVERY INC,3213035968,,,,FL,socrata:orlando_business_tax,,,,
standard,PCS MOBILE SOLUTIONS LLC,2487631003,,,,FL,socrata:orlando_business_tax,,,,
standard,MARKESTEYN CONTRACTING INC,3212312112,,,,FL,socrata:orlando_business_tax,,,,
standard,MODELSCOUT INC,4074205888,,,,FL,socrata:orlando_business_tax,,,,
standard,LEAD2LOANS PRICE ALLIANCE INC,8662014004,,,,FL,socrata:orlando_business_tax,,,,
standard,KENDRICK ROWLS,4072594267,,,,FL,socrata:orlando_business_tax,,,,
standard,TRISTAN ALLEN INC,4076195989,,,,FL,socrata:orlando_business_tax,,,,
standard,TANIAS FASHION & MORE,4078888582,,,,FL,socrata:orlando_business_tax,,,,
standard,THE NEW SABOR INC,4079253939,,,,FL,socrata:orlando_business_tax,,,,
standard,"RAHMAN, RIAZ MD/MEDICENTER",4074915582,,,,FL,socrata:orlando_business_tax,,,,
standard,BALDWIN PARK FAMILY DENTAL,4078971120,,,,FL,socrata:orlando_business_tax,,,,
standard,BASETEC OFFICE SOLUTIONS INC,4078761166,,,,FL,socrata:orlando_business_tax,,,,
standard,"VALDEZ & DANIELS, LLC",4072281330,,,,FL,socrata:orlando_business_tax,,,,
standard,AFRICAN RENAISSANCE USA INC(CL,4078971258,,,,FL,socrata:orlando_business_tax,,,,
standard,SEMONES & FIELDS LLC,4076480220,,,,FL,socrata:orlando_business_tax,,,,
standard,RESTRUCTURE PARTNERS LLC(CLOSE,8136857435,,,,FL,socrata:orlando_business_tax,,,,
standard,FIRST ALLIANCE CAPITAL INC(CLS,4078434199,,,,FL,socrata:orlando_business_tax,,,,
standard,CHECHAMARINA LLC,4078491314,,,,FL,socrata:orlando_business_tax,,,,
standard,"PHERAI, JOHN G",4077588073,,,,FL,socrata:orlando_business_tax,,,,
standard,A V ELECTRONICS,4072955609,,,,FL,socrata:orlando_business_tax,,,,
standard,CARDIOVASCULAR INTERVENTIONS P,4078944880,,,,FL,socrata:orlando_business_tax,,,,
standard,"BLACK, MARC H",4078980096,,,,FL,socrata:orlando_business_tax,,,,
standard,ANDALE LLC,4074831996,,,,FL,socrata:orlando_business_tax,,,,
standard,TOP CAMERA,4073550465,,,,FL,socrata:orlando_business_tax,,,,
standard,KINDERCARE LEARNING CENTER 119,2052775070,,,,FL,socrata:orlando_business_tax,,,,
standard,KITCHEN BOUTIQUE,4077295093,,,,FL,socrata:orlando_business_tax,,,,
standard,ROSE GARDEN SPORTSBAR & RESTAU,4072982022,,,,FL,socrata:orlando_business_tax,,,,
standard,INTERNATIONAL EQUITY HOLDING I,4073459960,,,,FL,socrata:orlando_business_tax,,,,
standard,G STYLE,4073635980,,,,FL,socrata:orlando_business_tax,,,,
standard,ADVANCED COATINGS & WATERPROOF,4073629901,,,,FL,socrata:orlando_business_tax,,,,
standard,WARCLOUD INC,4072303902,,,,FL,socrata:orlando_business_tax,,,,
standard,PALMER AUTO BODY SHOP INC,4078413832,,,,FL,socrata:orlando_business_tax,,,,
standard,"MANN, KATIE",4078943445,,,,FL,socrata:orlando_business_tax,,,,
standard,T MEDIA,4075326737,,,,FL,socrata:orlando_business_tax,,,,
standard,LET US FRAME IT INC,4074227692,,,,FL,socrata:orlando_business_tax,,,,
standard,ROKO IMP LLC,4075063431,,,,FL,socrata:orlando_business_tax,,,,
standard,JAFRA JESSYE Y YO(CLS 10/03),4078504613,,,,FL,socrata:orlando_business_tax,,,,
standard,LOTUS INDUSTRIES INC(CLS 10/03,4072942267,,,,FL,socrata:orlando_business_tax,,,,
standard,ERIC BROCHU,3212398931,,,,FL,socrata:orlando_business_tax,,,,
standard,NELSON R SIMMONS JR,4078550697,,,,FL,socrata:orlando_business_tax,,,,
standard,ORLANDO BUSINESS TELEPHONE SYS,4078439000,,,,FL,socrata:orlando_business_tax,,,,
standard,THE ADVOCATE   (TRANS TO 24347,4073527101,,,,FL,socrata:orlando_business_tax,,,,
standard,CXA INC,4075669410,,,,FL,socrata:orlando_business_tax,,,,
standard,SOUTHERN AIR SPECIALISTS INC,2568787161,,,,FL,socrata:orlando_business_tax,,,,
standard,JERRY MUFFLER & BRAKE SHOP,4078229310,,,,FL,socrata:orlando_business_tax,,,,
standard,ORLANDO DIRECT SYSTEMS,4072443101,,,,FL,socrata:orlando_business_tax,,,,
standard,AMERILINK NACOM(CLS 04/03),4072908477,,,,FL,socrata:orlando_business_tax,,,,
standard,K & B CUSTOM BUILDING PRODUCTS,2058784238,,,,FL,socrata:orlando_business_tax,,,,
standard,M & I MARSHALL & ILSLEY BANK,4076482120,,,,FL,socrata:orlando_business_tax,,,,
standard,CILLE CHRISTIAN ACADEMY LLC,4076500546,,,,FL,socrata:orlando_business_tax,,,,
standard,LEAK DOCTOR INC,4074269995,,,,FL,socrata:orlando_business_tax,,,,
standard,MEISSNER CONSTRUCTION INC,4073257743,,,,FL,socrata:orlando_business_tax,,,,
standard,UNITED TROPHY & AWARDS LLC,4078412525,,,,FL,socrata:orlando_business_tax,,,,
standard,GOOD THINKING TUTORS AND CONSU,4076942854,,,,FL,socrata:orlando_business_tax,,,,
standard,THE AMERICAN TRADE PRINTING CO,4076484232,,,,FL,socrata:orlando_business_tax,,,,
standard,ERNESTO LOPEZ BARGAIN,4078656591,,,,FL,socrata:orlando_business_tax,,,,
standard,DAVID CAMPBELL,4079700921,,,,FL,socrata:orlando_business_tax,,,,
standard,AUTO CLINIC C F INC(CLS 05/27/,4078435310,,,,FL,socrata:orlando_business_tax,,,,
standard,V A & B CONSULTING,4074477778,,,,FL,socrata:orlando_business_tax,,,,
standard,"OLAONIYE, AYO(CLS 05/04)",4073825675,,,,FL,socrata:orlando_business_tax,,,,
standard,SO CHIC NEW YORK,4076255900,,,,FL,socrata:orlando_business_tax,,,,
standard,LAKE IVANHOE WINE & CIGARS,4074475855,,,,FL,socrata:orlando_business_tax,,,,
standard,"PFEIFFER, CASIE L MEDICAL BILL",4078958306,,,,FL,socrata:orlando_business_tax,,,,
standard,C H E R SPORTSWEAR/CLEMENT MAS,4072964815,,,,FL,socrata:orlando_business_tax,,,,
standard,MACDOCTOR INC,4075883262,,,,FL,socrata:orlando_business_tax,,,,
standard,UNUM LIFE INSURANCE CO OF AMER,2077702364,,,,FL,socrata:orlando_business_tax,,,,
standard,MELANIE KRBEC HAYNES,4074482248,,,,FL,socrata:orlando_business_tax,,,,
standard,TV FITNESS PROS,4077047892,,,,FL,socrata:orlando_business_tax,,,,
standard,"HOWELL, TODD PATRICK/33RD",4076480076,,,,FL,socrata:orlando_business_tax,,,,
standard,HARRY D LUFF/LAW OFFICES,4072903262,,,,FL,socrata:orlando_business_tax,,,,
standard,"SOFGE, JUANITA",4078989945,,,,FL,socrata:orlando_business_tax,,,,
standard,PEOPLEREADY,2536808355,,,,FL,socrata:orlando_business_tax,,,,
standard,"HARRIS, LUIS F",4074258611,,,,FL,socrata:orlando_business_tax,,,,
standard,WACHOVIA SECURITIES LLC,3149553000,,,,FL,socrata:orlando_business_tax,,,,
standard,JAMIE T POULOS/POULOS BROWN LL,4074436912,,,,FL,socrata:orlando_business_tax,,,,
standard,TOP SERVICE ENTERPRISE,4072978449,,,,FL,socrata:orlando_business_tax,,,,
standard,JET POWER SOLUTIONS INC,4072957660,,,,FL,socrata:orlando_business_tax,,,,
standard,PARTY CITY #500,2013358900,,,,FL,socrata:orlando_business_tax,,,,
standard,CHERISHED MOMENTS,4072407981,,,,FL,socrata:orlando_business_tax,,,,
standard,COUNSELING CORNER INC,4073830039,,,,FL,socrata:orlando_business_tax,,,,
standard,BANTEK WEST INC,3037301889,,,,FL,socrata:orlando_business_tax,,,,
standard,ORLANDO SUPER SHUTTLE & TRANSP,4079482943,,,,FL,socrata:orlando_business_tax,,,,
standard,WORKABLE SOLUTIONS INC,4077016127,,,,FL,socrata:orlando_business_tax,,,,
standard,MUELA MAINTENANCE MANAGEMENT,4077332490,,,,FL,socrata:orlando_business_tax,,,,
standard,SCOTT ATKINS,4078416067,,,,FL,socrata:orlando_business_tax,,,,
standard,"CASTILLO SR, ISMAEL(CLS 01/04)",4075328268,,,,FL,socrata:orlando_business_tax,,,,
standard,MISTIKO,4078959253,,,,FL,socrata:orlando_business_tax,,,,
standard,"ADUDDELL, TIM(CLS 06/04)",4057372237,,,,FL,socrata:orlando_business_tax,,,,
standard,ACTION INTERNATIONAL INC,4078504336,,,,FL,socrata:orlando_business_tax,,,,
standard,MICHIGAN WOODS CONSTRUCTION CO,5866153419,,,,FL,socrata:orlando_business_tax,,,,
standard,PRINTWORKS INC,4077015961,,,,FL,socrata:orlando_business_tax,,,,
standard,JUAN DIONISIO BAEZ,4078735058,,,,FL,socrata:orlando_business_tax,,,,
standard,BLUEGREEN CORPORATION,2177210181,,,,FL,socrata:orlando_business_tax,,,,
standard,MISTER MONEY MORTGAGE COMPANY,3212359001,,,,FL,socrata:orlando_business_tax,,,,
standard,INFINITE MORTGAGE SOLUTIONS,4078988775,,,,FL,socrata:orlando_business_tax,,,,
standard,"PANAGAKIS, NICHOLAS P/RIGDON",4078490069,,,,FL,socrata:orlando_business_tax,,,,
standard,ZEE ELECTRIC INC,4075223798,,,,FL,socrata:orlando_business_tax,,,,
standard,ADELPHIA CABLE COMMUNUCATIONS,8143746765,,,,FL,socrata:orlando_business_tax,,,,
standard,"SCHON, JONATHAN",4074253731,,,,FL,socrata:orlando_business_tax,,,,
standard,AFFINITY AUTO GROUP,4072839002,,,,FL,socrata:orlando_business_tax,,,,
standard,BLUEGREEN VACATIONS UNLIMITED,3213566100,,,,FL,socrata:orlando_business_tax,,,,
standard,SUN PAVING,4078472688,,,,FL,socrata:orlando_business_tax,,,,
standard,"HAYGOOD, WILLIAM R PE/MECHANIC",4078958300,,,,FL,socrata:orlando_business_tax,,,,
standard,CHELSEA HOKANSON,6365770113,,,,FL,socrata:orlando_business_tax,,,,
standard,"ARSLANIAN, EDWARD J MD",4072976141,,,,FL,socrata:orlando_business_tax,,,,
standard,ADVANCED COMPUTING SOLUTIONS I,3212973709,,,,FL,socrata:orlando_business_tax,,,,
standard,"SOMOZA, FIORINDO/AAA",4078358880,,,,FL,socrata:orlando_business_tax,,,,
standard,"HOANG, HO TAN/NAILPORT EXPRESS",4072401247,,,,FL,socrata:orlando_business_tax,,,,
standard,SANKAR,4072983254,,,,FL,socrata:orlando_business_tax,,,,
standard,DIGITAL DIRECT,4073458060,,,,FL,socrata:orlando_business_tax,,,,
standard,MACRO MAINTENANCE,4073818194,,,,FL,socrata:orlando_business_tax,,,,
standard,KENNETH JLEEMING/INTERNATIONAL,5613619381,,,,FL,socrata:orlando_business_tax,,,,
standard,JOYCE D GLENN,8134948411,,,,FL,socrata:orlando_business_tax,,,,
standard,MILLENIA TITLE LLC,4075293200,,,,FL,socrata:orlando_business_tax,,,,
standard,ROBB & STUCKY,4073522333,,,,FL,socrata:orlando_business_tax,,,,
standard,SYNERGY WRAPS & TATOOS(CLOSED,8634223178,,,,FL,socrata:orlando_business_tax,,,,
standard,MOSLER INC,5738701186,,,,FL,socrata:orlando_business_tax,,,,
standard,"CRAWFORD, DERRICK J MOBILE DET",3216893262,,,,FL,socrata:orlando_business_tax,,,,
standard,HT CONSTRUCTION/PAINTING,4077292156,,,,FL,socrata:orlando_business_tax,,,,
standard,ALL PHASE ENVIRONMENTAL INC,5616208222,,,,FL,socrata:orlando_business_tax,,,,
standard,STRANGE PLAN PRODUCTIONS,4079252157,,,,FL,socrata:orlando_business_tax,,,,
standard,LIL PEAS & CARROTS,4074254218,,,,FL,socrata:orlando_business_tax,,,,
standard,ANGIE'S BABY BASKETS(CLOSED 07,4074250391,,,,FL,socrata:orlando_business_tax,,,,
standard,CORNELL GORDON SIGNATURE BARBQ,4073533571,,,,FL,socrata:orlando_business_tax,,,,
standard,"LECAROS, ANDRES(CLS 02/04)",4073809822,,,,FL,socrata:orlando_business_tax,,,,
standard,NEET SONOGRAPHIC ENTERPRISES I,4073819474,,,,FL,socrata:orlando_business_tax,,,,
standard,EARLE & SMITH PL,4078418294,,,,FL,socrata:orlando_business_tax,,,,
standard,THE KITCHEN COLLECTION INC(TRA,4073702080,,,,FL,socrata:orlando_business_tax,,,,
standard,VANNI & MATIAS PAINTING INC,4072347349,,,,FL,socrata:orlando_business_tax,,,,
standard,THOMAS R OLSEN/OLSEN LAW GROUP COM PA,3212078384,,,,FL,socrata:orlando_business_tax,,,,
standard,G I O FOOD SUPPLY INC,3219483744,,,,FL,socrata:orlando_business_tax,,,,
standard,WALL AIRCRAFT CORP,4078973300,,,,FL,socrata:orlando_business_tax,,,,
standard,HGM PAINTING INC,4074488436,,,,FL,socrata:orlando_business_tax,,,,
standard,TECHNODAN GENERAL SERVICES INC,4073554994,,,,FL,socrata:orlando_business_tax,,,,
standard,SUNNY & CO TOYS,4078264910,,,,FL,socrata:orlando_business_tax,,,,
standard,PIONEER LAND USE SERVICES LLC,4074358529,,,,FL,socrata:orlando_business_tax,,,,
standard,VERTIGO CREATIVE,4078957220,,,,FL,socrata:orlando_business_tax,,,,
standard,MERNEET HARVINS CARDS & GIFTS,4073244591,,,,FL,socrata:orlando_business_tax,,,,
standard,RESOURCE CONSULTING GROUP INC,4074220252,,,,FL,socrata:orlando_business_tax,,,,
standard,"MOREUS, ILANDIEU",4072906878,,,,FL,socrata:orlando_business_tax,,,,
standard,A PLUS ACCOUNTING INC,4072921964,,,,FL,socrata:orlando_business_tax,,,,
standard,MICHAEL ASSOCIATES INC OF ORLA,4078971163,,,,FL,socrata:orlando_business_tax,,,,
standard,FASCINOS INC,4076546216,,,,FL,socrata:orlando_business_tax,,,,
standard,COOF LLC,4072300515,,,,FL,socrata:orlando_business_tax,,,,
standard,FOX INTERNATIONAL TOUR OPERATO,4073521000,,,,FL,socrata:orlando_business_tax,,,,
standard,CURE WATER DAMAGE ORLANDO INC,4078880778,,,,FL,socrata:orlando_business_tax,,,,
standard,"PETERSON, RONALD G",4078968055,,,,FL,socrata:orlando_business_tax,,,,
standard,UNITED WORLD ELECTRIC,4078570622,,,,FL,socrata:orlando_business_tax,,,,
standard,"MARTINEZ, HUN",4073233797,,,,FL,socrata:orlando_business_tax,,,,
standard,SCS CONTRACTING INC,4076442488,,,,FL,socrata:orlando_business_tax,,,,
standard,CORNERSTONE SOLUTIONS INC,4078956062,,,,FL,socrata:orlando_business_tax,,,,
standard,LITTLE HANDS LITTLE MINDS CHRI,4072284100,,,,FL,socrata:orlando_business_tax,,,,
standard,MASSAGE SOLUTIONS OF CENTRAL F,4078933963,,,,FL,socrata:orlando_business_tax,,,,
standard,TRINITY COOPERATIVE CORPORATIO,4073700109,,,,FL,socrata:orlando_business_tax,,,,
standard,MIDSTATE PERFORMANCE(TRN 23454,4078980162,,,,FL,socrata:orlando_business_tax,,,,
standard,LCO BRICK PAVERS LLC,3212311077,,,,FL,socrata:orlando_business_tax,,,,
standard,D & S DISCOUNT HOME CENTERS IN,4076825714,,,,FL,socrata:orlando_business_tax,,,,
standard,DIGITALLY INTUITIVE GURUS INC,4078967579,,,,FL,socrata:orlando_business_tax,,,,
standard,ENDOTEC INC,4078220021,,,,FL,socrata:orlando_business_tax,,,,
standard,"THE CASH STATION, INC",4072771806,,,,FL,socrata:orlando_business_tax,,,,
standard,TOMYS LAWN CARE LLC,4075295767,,,,FL,socrata:orlando_business_tax,,,,
standard,SUNGLASSES AT THE BAY,4076581488,,,,FL,socrata:orlando_business_tax,,,,
standard,BLUE SKY PAVERS,4073832049,,,,FL,socrata:orlando_business_tax,,,,
standard,PEGGY MARTIN EDITING,4078985389,,,,FL,socrata:orlando_business_tax,,,,
standard,JULIE WILLIAMS PHOTOGRAPHY,7277090933,,,,FL,socrata:orlando_business_tax,,,,
standard,"KOTZIN, KURT",4073511887,,,,FL,socrata:orlando_business_tax,,,,
standard,ORLANDO CAMERA EXCHANGE   (CLO,4076717475,,,,FL,socrata:orlando_business_tax,,,,
standard,VIVATICKET INC,4073702900,,,,FL,socrata:orlando_business_tax,,,,
standard,ANTONIOS CONSTRUCTION INC,4077073206,,,,FL,socrata:orlando_business_tax,,,,
standard,EAGLE CLEANING CO,4072987611,,,,FL,socrata:orlando_business_tax,,,,
standard,TERMITE EXPRESS SERVICES LLC,3212316737,,,,FL,socrata:orlando_business_tax,,,,
standard,"ALZATE, ANDRES F",4078981913,,,,FL,socrata:orlando_business_tax,,,,
standard,"MARTINEZ, ALINA L",4078595999,,,,FL,socrata:orlando_business_tax,,,,
standard,PROFESSIONAL LAWN CARE OF ORLA,4074812997,,,,FL,socrata:orlando_business_tax,,,,
standard,C K DESIGNS,4078951651,,,,FL,socrata:orlando_business_tax,,,,
standard,OMEGA 2000 SALES & MARKETING,4072267260,,,,FL,socrata:orlando_business_tax,,,,
standard,"MORANT, ANDREA",4072941603,,,,FL,socrata:orlando_business_tax,,,,
standard,EDENS RICHELIEU,4074538612,,,,FL,socrata:orlando_business_tax,,,,
standard,"SALAAM, ADIB/SWEET ENGERY",4076447459,,,,FL,socrata:orlando_business_tax,,,,
standard,ARTHUR LILLY,4077014511,,,,FL,socrata:orlando_business_tax,,,,
standard,"LIAO, GOWER/AA PACIFIC",4073454710,,,,FL,socrata:orlando_business_tax,,,,
standard,JW FRAMEWORKS INC,4079027982,,,,FL,socrata:orlando_business_tax,,,,
standard,"WILLIS, STEPHEN E/CARTER",4074258488,,,,FL,socrata:orlando_business_tax,,,,
standard,OLGA KARABINOVA HOUSE CLEANING,4072976520,,,,FL,socrata:orlando_business_tax,,,,
standard,UNDER THE SUN,3212799591,,,,FL,socrata:orlando_business_tax,,,,
standard,OCCIDENTAL LIFE INS CO OF NC,2542972775,,,,FL,socrata:orlando_business_tax,,,,
standard,CACTUS CLUB,4076499030,,,,FL,socrata:orlando_business_tax,,,,
standard,CENTRAL CITY TRUCKING INC,3212173822,,,,FL,socrata:orlando_business_tax,,,,
standard,MERCHANTS METALS,4077413028,,,,FL,socrata:orlando_business_tax,,,,
standard,VC SOLUTIONS LLC,4076976865,,,,FL,socrata:orlando_business_tax,,,,
standard,"BERLINSKY, STEPHEN J",4074262000,,,,FL,socrata:orlando_business_tax,,,,
standard,FOX CHIROPRACTIC SERVICES INC,4072281140,,,,FL,socrata:orlando_business_tax,,,,
standard,HAWKEYE SHARED SERVICES LLC,4074227480,,,,FL,socrata:orlando_business_tax,,,,
standard,RANDOLPH GUY TRI STAR,4076941822,,,,FL,socrata:orlando_business_tax,,,,
standard,GLORIA SLAUGHTER'S KITCHEN,4076251804,,,,FL,socrata:orlando_business_tax,,,,
standard,MAX LIFE BUSINESS CORP,4073678388,,,,FL,socrata:orlando_business_tax,,,,
standard,QUALITY SHINE CLEANING SERVICE,4079706472,,,,FL,socrata:orlando_business_tax,,,,
standard,ROZELL NUNN JR R & R ENTERPRIS,7709960994,,,,FL,socrata:orlando_business_tax,,,,
standard,SIDEWALK TREASURE,4078594690,,,,FL,socrata:orlando_business_tax,,,,
standard,AMERICAN EAGLE FIREWORKS INC(C,5712131776,,,,FL,socrata:orlando_business_tax,,,,
standard,TMC MUSIC INC,4072468607,,,,FL,socrata:orlando_business_tax,,,,
standard,TWENTY TWO SOUTH INC,4077406220,,,,FL,socrata:orlando_business_tax,,,,
standard,TWENTY THREE DEGREES SOUTH INC,3212282458,,,,FL,socrata:orlando_business_tax,,,,
standard,ORLANDO WEB DEVELOPMENT,4079730631,,,,FL,socrata:orlando_business_tax,,,,
standard,SWAROVSKI RETAIL VENTURES LTD,4014632542,,,,FL,socrata:orlando_business_tax,,,,
standard,MAGIC MANAGEMENT INC(CLS 10/03,4076576294,,,,FL,socrata:orlando_business_tax,,,,
standard,JET WHITE CLEANING,4074258203,,,,FL,socrata:orlando_business_tax,,,,
standard,RUSSIAN ACADEMY OF BALLET,4072752405,,,,FL,socrata:orlando_business_tax,,,,
standard,SNOWIE SHAVED ICE,9544365847,,,,FL,socrata:orlando_business_tax,,,,
standard,DIEHL FOR DEALS REALTY LLC,4078237653,,,,FL,socrata:orlando_business_tax,,,,
standard,SMALL BUSINESS RESOURES INC,4074452757,,,,FL,socrata:orlando_business_tax,,,,
standard,"FOX, RICHARD",7273933810,,,,FL,socrata:orlando_business_tax,,,,
standard,"MANCERA, JOSE(CLS 10/03)",3212283113,,,,FL,socrata:orlando_business_tax,,,,
standard,ELCANA GRAPHIC & MULTI SERVICE,4078268350,,,,FL,socrata:orlando_business_tax,,,,
standard,SUNBELT MEDICAL SUPPLY & OXYGE,4073160010,,,,FL,socrata:orlando_business_tax,,,,
standard,CONVERIUM INS NORTH AMERICA IN,8002949242,,,,FL,socrata:orlando_business_tax,,,,
standard,GUERET JEANS CLEANING SERVICE,4073168710,,,,FL,socrata:orlando_business_tax,,,,
standard,FRP ENGINEERING INC,4079274699,,,,FL,socrata:orlando_business_tax,,,,
standard,NEW WAVE INVESTMENTS INC,4072912861,,,,FL,socrata:orlando_business_tax,,,,
standard,CREDENCE CONSTRUCTION INC,4078957122,,,,FL,socrata:orlando_business_tax,,,,
standard,KHA FLOOR COVERING/TILES INC,4072974302,,,,FL,socrata:orlando_business_tax,,,,
standard,K&K OFFICE CLEANING,3212979018,,,,FL,socrata:orlando_business_tax,,,,
standard,MARIA RUIZ CLEANING(CLS 09/03),3212765900,,,,FL,socrata:orlando_business_tax,,,,
standard,PLANET BEACH,4078268685,,,,FL,socrata:orlando_business_tax,,,,
standard,ACCESS AUDIO VISUALS INCORPORA,4079261866,,,,FL,socrata:orlando_business_tax,,,,
standard,MICROTEK TRAINING & CONFRENCE,4073658870,,,,FL,socrata:orlando_business_tax,,,,
standard,"VERGARO, EDUARDO TILES(CLS 04/",4072811823,,,,FL,socrata:orlando_business_tax,,,,
standard,DURGA CITGO,4078946916,,,,FL,socrata:orlando_business_tax,,,,
standard,JENFER PRODUCTS DISTRIBUTOR,4073802571,,,,FL,socrata:orlando_business_tax,,,,
standard,PARKYS DELI,4078620602,,,,FL,socrata:orlando_business_tax,,,,
standard,TRAVELCOMM INDUSTRIES INC,4079255954,,,,FL,socrata:orlando_business_tax,,,,
standard,DESIGNWORKS OF ORLANDO INC,4078967014,,,,FL,socrata:orlando_business_tax,,,,
standard,"BLACK, ELIZABETH INTERIORS",4078981268,,,,FL,socrata:orlando_business_tax,,,,
standard,"RONCA, LOUIS GARY/CLASSIC HOME",3523853818,,,,FL,socrata:orlando_business_tax,,,,
standard,OPAL WEB SOLUTIONS(10/17/03),3212351811,,,,FL,socrata:orlando_business_tax,,,,
standard,USE INC,3213567322,,,,FL,socrata:orlando_business_tax,,,,
standard,"DACEY, JACOB PAINTING",4078579659,,,,FL,socrata:orlando_business_tax,,,,
standard,SCALETTA CORPORATION,4076222499,,,,FL,socrata:orlando_business_tax,,,,
standard,THE HOT DOG HOUSE,4073542451,,,,FL,socrata:orlando_business_tax,,,,
standard,BOGAN CONTRACTING INC,4072943586,,,,FL,socrata:orlando_business_tax,,,,
standard,RICHARD M HENDERSON CONSULTING,4078720132,,,,FL,socrata:orlando_business_tax,,,,
standard,GLADYS SCHMANSKI-BRYANT TILE C,4077825048,,,,FL,socrata:orlando_business_tax,,,,
standard,ORLANDO ALE HOUSE,4077432299,,,,FL,socrata:orlando_business_tax,,,,
standard,D A D COMMUNICTIONS LLC,4072520464,,,,FL,socrata:orlando_business_tax,,,,
standard,BLUE DIAMOND POOL DESIGNS INC,3216249951,,,,FL,socrata:orlando_business_tax,,,,
standard,C & S ENTERPRISES OF CENTRAL F,4078941896,,,,FL,socrata:orlando_business_tax,,,,
standard,LI & ASSOCIATES INC,4079997778,,,,FL,socrata:orlando_business_tax,,,,
standard,SECURITY FINANCIAL LIFE INSURA,4024349500,,,,FL,socrata:orlando_business_tax,,,,
standard,LUCIA R BARROS,4074143853,,,,FL,socrata:orlando_business_tax,,,,
standard,DARREN FIELD INC,4078989726,,,,FL,socrata:orlando_business_tax,,,,
standard,AIRPORT PARKING ACCOUNTANTS IN,4078696620,,,,FL,socrata:orlando_business_tax,,,,
standard,A & L ENTERPRISE,4079287558,,,,FL,socrata:orlando_business_tax,,,,
standard,PRESTIGE PRODUCTIONS LLC,4078762952,,,,FL,socrata:orlando_business_tax,,,,
standard,ADRAVKO MENDOV,4076499107,,,,FL,socrata:orlando_business_tax,,,,
standard,COPYJOES,4074157494,,,,FL,socrata:orlando_business_tax,,,,
standard,CYPRESS FAIRWAY,4079965000,,,,FL,socrata:orlando_business_tax,,,,
standard,XEROGRAPHIC DIGITAL PRINTING,4074750075,,,,FL,socrata:orlando_business_tax,,,,
standard,MERTON ENTERPRISES,3212173697,,,,FL,socrata:orlando_business_tax,,,,
standard,"GRIFFITH, RAWLE",4078462504,,,,FL,socrata:orlando_business_tax,,,,
standard,"PIEZON, ROBERT PAINT",4076813424,,,,FL,socrata:orlando_business_tax,,,,
standard,NICKOLE E FREDERICK ESQUIRE,4076543089,,,,FL,socrata:orlando_business_tax,,,,
standard,BOBOSART,4076163023,,,,FL,socrata:orlando_business_tax,,,,
standard,KEITH KUSMIERZ CPA,4079268720,,,,FL,socrata:orlando_business_tax,,,,
standard,CENTRAL FL INT'L CHAMBER OF CO,4072451155,,,,FL,socrata:orlando_business_tax,,,,
standard,JEFFREY BARKIN,4078726202,,,,FL,socrata:orlando_business_tax,,,,
standard,EL TUCAN,4076542915,,,,FL,socrata:orlando_business_tax,,,,
standard,BRIGHT BUSINESS SOLUTIONS INC,3212396121,,,,FL,socrata:orlando_business_tax,,,,
standard,ASSURED MORTGAGE INC,4078229050,,,,FL,socrata:orlando_business_tax,,,,
standard,ANN MARIE W TONEY,4072358143,,,,FL,socrata:orlando_business_tax,,,,
standard,"LEYVA, MISAEL",4072751607,,,,FL,socrata:orlando_business_tax,,,,
standard,"DEMING, DAVID",4074810354,,,,FL,socrata:orlando_business_tax,,,,
standard,"ROBINSON, DAVID N MD",4078982343,,,,FL,socrata:orlando_business_tax,,,,
standard,M & M AUTO REPAIR,4072914166,,,,FL,socrata:orlando_business_tax,,,,
standard,"VARGAS, TROY/WBQ DESIGN",4078394300,,,,FL,socrata:orlando_business_tax,,,,
standard,RYAN & DESLAURIERS SOUTHEAST L,4075156055,,,,FL,socrata:orlando_business_tax,,,,
standard,AMERICAN A D SPECIALTIES INC(T,4076497784,,,,FL,socrata:orlando_business_tax,,,,
standard,CUMBERLAND FARMS #9604,6178284900,,,,FL,socrata:orlando_business_tax,,,,
standard,MERRY MAIDS,4078312490,,,,FL,socrata:orlando_business_tax,,,,
standard,RIFKIN & FOX ISCOFF PA,4074258472,,,,FL,socrata:orlando_business_tax,,,,
standard,COMMUNITY DRY CLEANING INC,4076082011,,,,FL,socrata:orlando_business_tax,,,,
standard,YOGA FOR TRANSFORMATION INC,4076498539,,,,FL,socrata:orlando_business_tax,,,,
standard,LORRAINE M DURHAM PA,4073639664,,,,FL,socrata:orlando_business_tax,,,,
standard,ORLANDO RECYCLING INC,4072988442,,,,FL,socrata:orlando_business_tax,,,,
standard,SAMSONITE CLEARANCE OUTLET,4073515601,,,,FL,socrata:orlando_business_tax,,,,
standard,FLORIDA MULTI SERVICES INC,4078972141,,,,FL,socrata:orlando_business_tax,,,,
standard,IT SERVICE SOLUTIONS INC,4075295436,,,,FL,socrata:orlando_business_tax,,,,
standard,"THIBAUT,WILFRED ALL IN ONE PAI",4075221462,,,,FL,socrata:orlando_business_tax,,,,
standard,"KOLEV, HRISTO",4078982853,,,,FL,socrata:orlando_business_tax,,,,
standard,ROBERT C GEORGE,3525526214,,,,FL,socrata:orlando_business_tax,,,,
standard,ESSENCE OF INDIA,4073521666,,,,FL,socrata:orlando_business_tax,,,,
standard,AFFORDABLE HOMES OF CENTRAL FL,4078393376,,,,FL,socrata:orlando_business_tax,,,,
standard,"PEREZ, ANA & MARTINEZ, CARLOS",3214382553,,,,FL,socrata:orlando_business_tax,,,,
standard,"KRUEGER, TED",4078986919,,,,FL,socrata:orlando_business_tax,,,,
standard,"MARTINEZ, IVETTE",4075220507,,,,FL,socrata:orlando_business_tax,,,,
standard,"SAHRAOUI, BRAHIM(CLOSED BY OWN",4073702289,,,,FL,socrata:orlando_business_tax,,,,
standard,N SPACE INC(CLS 06/03),4078512261,,,,FL,socrata:orlando_business_tax,,,,
standard,THE HOUSE DR LLC,4074511259,,,,FL,socrata:orlando_business_tax,,,,
standard,MERIT BADGES INTERNATIONAL LLC,4072640507,,,,FL,socrata:orlando_business_tax,,,,
standard,PLAN CONCEPTS INC(CLS 04/29/04,4072964022,,,,FL,socrata:orlando_business_tax,,,,
standard,ROCHA NASCIMENTO & COMPANY INC,4073702041,,,,FL,socrata:orlando_business_tax,,,,
standard,HAZEL ANN LETT,3216952927,,,,FL,socrata:orlando_business_tax,,,,
standard,"CRANE, DARRYL KCC ADJUSTING(CL",4076945686,,,,FL,socrata:orlando_business_tax,,,,
standard,LUZ VELASCO FLOWERS,4078437631,,,,FL,socrata:orlando_business_tax,,,,
standard,ARM & HAMMER CONSTRUCTION INC,3212994724,,,,FL,socrata:orlando_business_tax,,,,
standard,"LYNADY, JOHN R III",4074221553,,,,FL,socrata:orlando_business_tax,,,,
standard,RS OF CENTRAL FLORIDA COMPANY,4072905628,,,,FL,socrata:orlando_business_tax,,,,
standard,ALLTOUR OF AMERICA INC,4073542540,,,,FL,socrata:orlando_business_tax,,,,
standard,WILLIAMSON DICKIE OUTLET STORE,4073455404,,,,FL,socrata:orlando_business_tax,,,,
standard,FERRELL TRANSPORT INC,4074476005,,,,FL,socrata:orlando_business_tax,,,,
standard,NU LOOK SERVICES INC,4072074734,,,,FL,socrata:orlando_business_tax,,,,
standard,DIVIDEON,4072900936,,,,FL,socrata:orlando_business_tax,,,,
standard,JUST 4 THE MOW OF IT,4079247366,,,,FL,socrata:orlando_business_tax,,,,
standard,ALAIN CORREDOR TILE,4079244992,,,,FL,socrata:orlando_business_tax,,,,
standard,NAVARETI LC,4079039753,,,,FL,socrata:orlando_business_tax,,,,
standard,"TOTARO, ALEJANDRO",4072530796,,,,FL,socrata:orlando_business_tax,,,,
standard,FASNAP CORP,5742641185,,,,FL,socrata:orlando_business_tax,,,,
standard,BLACK JACK TOWING & RECOVERY,4079739303,,,,FL,socrata:orlando_business_tax,,,,
standard,JUSTWRIGHT ENTERTAINMENT INC(C,3212793935,,,,FL,socrata:orlando_business_tax,,,,
standard,EPHESUS FASHION DESIGN LC,4079288216,,,,FL,socrata:orlando_business_tax,,,,
standard,"NUSSBAUM, LAURYN D",8132050291,,,,FL,socrata:orlando_business_tax,,,,
standard,"CABRERA, BERTICA",4074268916,,,,FL,socrata:orlando_business_tax,,,,
standard,COLBERT/BALL TAX SERVICE,4078433400,,,,FL,socrata:orlando_business_tax,,,,
standard,TAQUITOS JALISCO INC,4079055423,,,,FL,socrata:orlando_business_tax,,,,
standard,RONALD CARTER,4072911266,,,,FL,socrata:orlando_business_tax,,,,
standard,CLASSICS UNIFORMS,4072517640,,,,FL,socrata:orlando_business_tax,,,,
standard,VAICON INTERNATIONAL LLC,3214388534,,,,FL,socrata:orlando_business_tax,,,,
standard,INTERSTATE CONSTRUCTION INC(CL,4078082024,,,,FL,socrata:orlando_business_tax,,,,
standard,"HARRIS, RICHARD(CLS 09/03)",4078410779,,,,FL,socrata:orlando_business_tax,,,,
standard,"FEDRICK, CAROLYN",4072913950,,,,FL,socrata:orlando_business_tax,,,,
standard,"INNIS, KAREN K(CLS 04/04)",4072817177,,,,FL,socrata:orlando_business_tax,,,,
standard,WORKMAN TRANSPORTATION CO,4077379525,,,,FL,socrata:orlando_business_tax,,,,
standard,DIANA IBARRA /IBARRA COLLABORA,4078959565,,,,FL,socrata:orlando_business_tax,,,,
standard,ROBBIE'S FOOD SERVICE,3867604422,,,,FL,socrata:orlando_business_tax,,,,
standard,HOSTDIME.COM INC,4074672502,,,,FL,socrata:orlando_business_tax,,,,
standard,SCRATCH THE SURFACE TATTOO II,4073519794,,,,FL,socrata:orlando_business_tax,,,,
standard,JELAS ALL CONTRACTOR INC,4079291646,,,,FL,socrata:orlando_business_tax,,,,
standard,UNITED SERVICE WORKERS,4078438520,,,,FL,socrata:orlando_business_tax,,,,
standard,ANNS PRESTIGIOUS CLEANING SERV,4077015127,,,,FL,socrata:orlando_business_tax,,,,
standard,COMMUNICATIVE SOLUTIONS INC,4074918623,,,,FL,socrata:orlando_business_tax,,,,
standard,MAITLAND INTERIOR DSG GROUP IN,4078983799,,,,FL,socrata:orlando_business_tax,,,,
standard,HIGUITA PAINTING INC,4072073216,,,,FL,socrata:orlando_business_tax,,,,
standard,"KENNEDY, RICHARD D JR",4078961964,,,,FL,socrata:orlando_business_tax,,,,
standard,AMBROSE INDUSTRIES INC,4072959566,,,,FL,socrata:orlando_business_tax,,,,
standard,"PINERO, JOSE M & PEREZ, BLANCA",4076176756,,,,FL,socrata:orlando_business_tax,,,,
standard,KHANHYEN TA GIFT SHOP,4073757375,,,,FL,socrata:orlando_business_tax,,,,
standard,MAGNUS CLEANING SOLUTIONS LLC,4074063840,,,,FL,socrata:orlando_business_tax,,,,
standard,"BETSHER, CHRISTOPHER G",8663573630,,,,FL,socrata:orlando_business_tax,,,,
standard,D & J CLEANING SERVICES,4078430593,,,,FL,socrata:orlando_business_tax,,,,
standard,FMG PAINTING LLC,4076587950,,,,FL,socrata:orlando_business_tax,,,,
standard,CNL LIFESTYLE COMPANY LLC,4076501552,,,,FL,socrata:orlando_business_tax,,,,
standard,SARGENT PRODUCTS & SERVICES,4076282077,,,,FL,socrata:orlando_business_tax,,,,
standard,BEHRS CHOCOLATES,4076482020,,,,FL,socrata:orlando_business_tax,,,,
standard,NESA INTERNATIONAL MARRIAGE AG,4075787582,,,,FL,socrata:orlando_business_tax,,,,
standard,CHENGS CHINESE RESTAURANT,4074926865,,,,FL,socrata:orlando_business_tax,,,,
standard,COOL WORLD TRADERS,4078514743,,,,FL,socrata:orlando_business_tax,,,,
standard,DYNASTY AUTO SERVICES LLC,9546088038,,,,FL,socrata:orlando_business_tax,,,,
standard,DUNG THI LE/TIP TOP NAIL,4073106445,,,,FL,socrata:orlando_business_tax,,,,
standard,KEPANO CARGO EXPRESS INC,4073803988,,,,FL,socrata:orlando_business_tax,,,,
standard,"GRINDSTAFF, MICHAEL J",4076497423,,,,FL,socrata:orlando_business_tax,,,,
standard,FLORIDA PRECISION CUTTING LLC,4077829159,,,,FL,socrata:orlando_business_tax,,,,
standard,LA QUINTA ORLANDO AIRPORT NORTH,4072405000,,,,FL,socrata:orlando_business_tax,,,,
standard,ROBERT GENTRY,4076493333,,,,FL,socrata:orlando_business_tax,,,,
standard,VERNON L WALKER,3212318526,,,,FL,socrata:orlando_business_tax,,,,
standard,ASSOCIATES JANITORIAL INC,4072819426,,,,FL,socrata:orlando_business_tax,,,,
standard,COGNISA SECURITY INC,4046843086,,,,FL,socrata:orlando_business_tax,,,,
standard,CHURCH STREET REALTY LLC,4075929727,,,,FL,socrata:orlando_business_tax,,,,
standard,SUMMIT BROADBAND INC,4079968900,,,,FL,socrata:orlando_business_tax,,,,
standard,STEPPING STONE MEDICAL EQUIPME,4076494100,,,,FL,socrata:orlando_business_tax,,,,
standard,ROBERT & ERICA YOUNG ENTERPRIS,4072966913,,,,FL,socrata:orlando_business_tax,,,,
standard,SAGE BUILDERS INC,4073515255,,,,FL,socrata:orlando_business_tax,,,,
standard,CASEY AUTO REPAIR INC,4074812894,,,,FL,socrata:orlando_business_tax,,,,
standard,MARKET CAFE,4073550550,,,,FL,socrata:orlando_business_tax,,,,
standard,INTERNATIONAL NAILS & TAN,4073541159,,,,FL,socrata:orlando_business_tax,,,,
standard,"MCDONNELL, TIM J/CHEETAH",4072952121,,,,FL,socrata:orlando_business_tax,,,,
standard,"BROOKS, CARL BACKHOE SERVICE(C",4072811780,,,,FL,socrata:orlando_business_tax,,,,
standard,KIMBERLY A LASURE/THOMAS F EGA,4072461055,,,,FL,socrata:orlando_business_tax,,,,
standard,"HALL, KELSEY",4072927859,,,,FL,socrata:orlando_business_tax,,,,
standard,MID FLORIDA SITE DEVELOPMENT I,4079252440,,,,FL,socrata:orlando_business_tax,,,,
standard,INTERIORS & DESIGN,3213834453,,,,FL,socrata:orlando_business_tax,,,,
standard,CREATIVE ZING PROMOTION GROUP,4078769116,,,,FL,socrata:orlando_business_tax,,,,
standard,THE HEALTH CENTER OF WINDERMER,4074202090,,,,FL,socrata:orlando_business_tax,,,,
standard,M & J TILE SERVICES INC,4075401714,,,,FL,socrata:orlando_business_tax,,,,
standard,"JAMES, GEORGE",4072943202,,,,FL,socrata:orlando_business_tax,,,,
standard,MICROCAP MANAGEMENT LLC,4078221110,,,,FL,socrata:orlando_business_tax,,,,
standard,WELCOME HOME INSPECTION SERVIC,4072982100,,,,FL,socrata:orlando_business_tax,,,,
standard,"FAIRBROTHER, LARRY E/HALLIWELL",4076481770,,,,FL,socrata:orlando_business_tax,,,,
standard,HANDS ON LEARNING ACADEMY,4072934366,,,,FL,socrata:orlando_business_tax,,,,
standard,FERNIC CORPORATION,3212992898,,,,FL,socrata:orlando_business_tax,,,,
standard,"BLACK, DOUGLAS C",4078269801,,,,FL,socrata:orlando_business_tax,,,,
standard,EQUOTE INC,4073250300,,,,FL,socrata:orlando_business_tax,,,,
standard,ALICIA CRUMITY FLORAL,4074913551,,,,FL,socrata:orlando_business_tax,,,,
standard,ITS ABOUT TIME,4078936846,,,,FL,socrata:orlando_business_tax,,,,
standard,EXOTICA BODYART STUDIO,4074431558,,,,FL,socrata:orlando_business_tax,,,,
standard,CGV CONSTRUCTION INC,3214367250,,,,FL,socrata:orlando_business_tax,,,,
standard,ARTBEAT CERAMICS,4078359855,,,,FL,socrata:orlando_business_tax,,,,
standard,TRAVEL NOW INTERNATIONAL,4073800808,,,,FL,socrata:orlando_business_tax,,,,
standard,CHARLSTAN LANDSCAPING,4079266533,,,,FL,socrata:orlando_business_tax,,,,
standard,MATERNITY WORKS #617(TRNS TO 1,2156259259,,,,FL,socrata:orlando_business_tax,,,,
standard,FRENCH NEST,4074473078,,,,FL,socrata:orlando_business_tax,,,,
standard,SUPERFA INC,4078417442,,,,FL,socrata:orlando_business_tax,,,,
standard,FORMCRAFT INTERIORS INC,2156450325,,,,FL,socrata:orlando_business_tax,,,,
standard,WILLIE J GREEN,4072977721,,,,FL,socrata:orlando_business_tax,,,,
standard,ACTION PERFORMANCE(CLS 10/03),9047672464,,,,FL,socrata:orlando_business_tax,,,,
standard,ISLAND INK JET SYSTEMS,4079710456,,,,FL,socrata:orlando_business_tax,,,,
standard,"CHIPUNGU, EMMANUEL ART SOURCE(",4075327258,,,,FL,socrata:orlando_business_tax,,,,
standard,AAA PARKING,4072392878,,,,FL,socrata:orlando_business_tax,,,,
standard,ERIN JAMES INTL INVESTMENTS IN,4073451585,,,,FL,socrata:orlando_business_tax,,,,
standard,EVANI ROGERS COLLECTIONS,3212744336,,,,FL,socrata:orlando_business_tax,,,,
standard,BALLET ACADEMY OF CENTRAL FLOR,4074257422,,,,FL,socrata:orlando_business_tax,,,,
standard,"FISHER, MARK F ATTY(CLS 10/03)",4074239455,,,,FL,socrata:orlando_business_tax,,,,
standard,BEST COIN LAUNDRY,4072978874,,,,FL,socrata:orlando_business_tax,,,,
standard,WILSONS AUTO FINANCE & SALES,4076508890,,,,FL,socrata:orlando_business_tax,,,,
standard,"WHITAKER, DAVID P/BASELINE",4078847932,,,,FL,socrata:orlando_business_tax,,,,
standard,TG PROJECTS DESIGNS AND MKTG,3212024860,,,,FL,socrata:orlando_business_tax,,,,
standard,T N B CONSULTING GROUP INC (CL,4072468794,,,,FL,socrata:orlando_business_tax,,,,
standard,BO DINKS BILLIARD & GAME ROOM,4078491985,,,,FL,socrata:orlando_business_tax,,,,
standard,ALL POINTS ONLINE TRAFFIC SCH,4072921985,,,,FL,socrata:orlando_business_tax,,,,
standard,ALL IN ONE CLEANING,4072985223,,,,FL,socrata:orlando_business_tax,,,,
standard,PENA UPHOLSTERY INC,4074389117,,,,FL,socrata:orlando_business_tax,,,,
standard,CARLOS DELEON STUDIO,4072920349,,,,FL,socrata:orlando_business_tax,,,,
standard,FAVIAN OCHOA STUCCO,4073822144,,,,FL,socrata:orlando_business_tax,,,,
standard,EDGEWATER FINANCIAL GROUP LLC,4078352999,,,,FL,socrata:orlando_business_tax,,,,
standard,WAYNES WORLDS,4074260566,,,,FL,socrata:orlando_business_tax,,,,
standard,LALO'S MEAT MARKET,4078572660,,,,FL,socrata:orlando_business_tax,,,,
standard,"PRINGLE, LATONIA/ 3 IN 1",4072956987,,,,FL,socrata:orlando_business_tax,,,,
standard,"BUNKER, FELECIA",4076945193,,,,FL,socrata:orlando_business_tax,,,,
standard,TIMBER SOUND APARTMENTS,4079310400,,,,FL,socrata:orlando_business_tax,,,,
standard,LYNN WESTLAKE/ALTERNATIVE SERV,4074701011,,,,FL,socrata:orlando_business_tax,,,,
standard,HERBAL NUTRITION CENTER,4078571088,,,,FL,socrata:orlando_business_tax,,,,
standard,FOXY MAMA,4072945946,,,,FL,socrata:orlando_business_tax,,,,
standard,"FORD, GLEN FORD CUSTOM TRIM",4076250679,,,,FL,socrata:orlando_business_tax,,,,
standard,"WEIRICH,JONATHAN APPLIANCE REP",4072810348,,,,FL,socrata:orlando_business_tax,,,,
standard,MARCELUS MAGLOIRE VARIETY STOR,4074458625,,,,FL,socrata:orlando_business_tax,,,,
standard,CURLEY & PYNN PUBLIC RELATIONS,4074238000,,,,FL,socrata:orlando_business_tax,,,,
standard,FLORIDIAN BANK,4072445999,,,,FL,socrata:orlando_business_tax,,,,
standard,DELROY AIKEN,3212024227,,,,FL,socrata:orlando_business_tax,,,,
standard,SOLI,4072777433,,,,FL,socrata:orlando_business_tax,,,,
standard,QUICK CONNECT WIRELESS LLC,4077700000,,,,FL,socrata:orlando_business_tax,,,,
standard,"WADE, KIMBERLY C",4078950580,,,,FL,socrata:orlando_business_tax,,,,
standard,DUN-RITE PRECAST INC,4075225485,,,,FL,socrata:orlando_business_tax,,,,
standard,STRICTLY STRUCTURED,4072987929,,,,FL,socrata:orlando_business_tax,,,,
standard,RAMADA EXPRESS BREAKFAST,4073543996,,,,FL,socrata:orlando_business_tax,,,,
standard,VALLEY NATIONAL BANK,5616163024,,,,FL,socrata:orlando_business_tax,,,,
standard,GARY WILLIAMS MASONRY INC,4074154279,,,,FL,socrata:orlando_business_tax,,,,
standard,TILES BY LYLIAN PACI,4072488633,,,,FL,socrata:orlando_business_tax,,,,
standard,"ZHENG, DANHUA",4075231182,,,,FL,socrata:orlando_business_tax,,,,
standard,UNITED ELECTRICAL SALES LTD,4078956808,,,,FL,socrata:orlando_business_tax,,,,
standard,ON TIME BILLING LLC,4079965229,,,,FL,socrata:orlando_business_tax,,,,
standard,NIKOLAY A LOKHANOV,4074354651,,,,FL,socrata:orlando_business_tax,,,,
standard,MONACO AGENCY CORP,3212355775,,,,FL,socrata:orlando_business_tax,,,,
standard,SAFCO,9544971000,,,,FL,socrata:orlando_business_tax,,,,
standard,PRECISION WOOD FRAMING INC,3212398794,,,,FL,socrata:orlando_business_tax,,,,
standard,REBO COMMERCIAL FLOORING INC,4074477326,,,,FL,socrata:orlando_business_tax,,,,
standard,WORTH INTERNATIONAL COMMUNICAT,3059358763,,,,FL,socrata:orlando_business_tax,,,,
standard,BRIX,4072920523,,,,FL,socrata:orlando_business_tax,,,,
standard,"GRANGER, LEROME (CLOSED 04/04/",4078228659,,,,FL,socrata:orlando_business_tax,,,,
standard,DIVERS DIRECT OUTLET,9544290116,,,,FL,socrata:orlando_business_tax,,,,
standard,"WEAVER, MARCIA",4072733998,,,,FL,socrata:orlando_business_tax,,,,
standard,STATEWIDE FLEET DETAILING SERV,4072936886,,,,FL,socrata:orlando_business_tax,,,,
standard,SANDRA HUTNICK/METROWEST LASER,4072937727,,,,FL,socrata:orlando_business_tax,,,,
standard,KEY ELEVATOR INC,8008118709,,,,FL,socrata:orlando_business_tax,,,,
standard,"BATTLE, CHASWAN",3212315629,,,,FL,socrata:orlando_business_tax,,,,
standard,"SMITH, RICHARD A",4076974130,,,,FL,socrata:orlando_business_tax,,,,
standard,VIP TOWING & RECOVERY LLC,3212026515,,,,FL,socrata:orlando_business_tax,,,,
standard,HYDROTECH POOL & SPA,4072977426,,,,FL,socrata:orlando_business_tax,,,,
standard,MD NAILS BY TY INC,4075233663,,,,FL,socrata:orlando_business_tax,,,,
standard,MYDOCHUB INC,3213566302,,,,FL,socrata:orlando_business_tax,,,,
standard,PASSPORT RESTAURANTS INC,3217840608,,,,FL,socrata:orlando_business_tax,,,,
standard,"SANCHEZ, JOE JR",3014749606,,,,FL,socrata:orlando_business_tax,,,,
standard,REAL ESTATE STRATEGIES INC,4073160200,,,,FL,socrata:orlando_business_tax,,,,
standard,ODYSSEY LEACH/SOUTHWEST ORLAND,4072260377,,,,FL,socrata:orlando_business_tax,,,,
standard,SAMUEL L MORRIS,4072979254,,,,FL,socrata:orlando_business_tax,,,,
standard,THOMAS ISAAC DC SHINE & ARMOR,3216337699,,,,FL,socrata:orlando_business_tax,,,,
standard,DOG DAY CAFE INC,4074483713,,,,FL,socrata:orlando_business_tax,,,,
standard,ERIC OSKAR KLEINSTEUBER/KMF ARCHITECTS,4072981988,,,,FL,socrata:orlando_business_tax,,,,
standard,BURLINGTON BRANDS (CLS 08/03),9192277060,,,,FL,socrata:orlando_business_tax,,,,
standard,FLORENCE HOME SERVICES(CLS 08/,4076489751,,,,FL,socrata:orlando_business_tax,,,,
standard,APSI INVESTIGATIVE SERVICES,4073544480,,,,FL,socrata:orlando_business_tax,,,,
standard,SPEEEDY COURIER SERVICE INC,4079997727,,,,FL,socrata:orlando_business_tax,,,,
standard,DAN BAR INC,4074212818,,,,FL,socrata:orlando_business_tax,,,,
standard,JOHN READE ART & ILLUSTRATIONS,4078505649,,,,FL,socrata:orlando_business_tax,,,,
standard,FRUITS OF THE SPIRIT,4072923770,,,,FL,socrata:orlando_business_tax,,,,
standard,"ARENT, DEBRA",8636960176,,,,FL,socrata:orlando_business_tax,,,,
standard,LXC CONSTRUCTION INC,4073526233,,,,FL,socrata:orlando_business_tax,,,,
standard,ELIANA MIANO CLEANING SERVICES,4072445500,,,,FL,socrata:orlando_business_tax,,,,
standard,TOTAL DIVA INC,4072926682,,,,FL,socrata:orlando_business_tax,,,,
standard,GISLEINE MIRABELLI,4073709911,,,,FL,socrata:orlando_business_tax,,,,
standard,ANTONIO WILSON DIGITAL MEDIA,9046165768,,,,FL,socrata:orlando_business_tax,,,,
standard,BLOCKBUSTER VIDEO #12097,4078393885,,,,FL,socrata:orlando_business_tax,,,,
standard,COMM ONE SUPPLY(CLS 05/03),4072956492,,,,FL,socrata:orlando_business_tax,,,,
standard,DU JEWELRY,4076481035,,,,FL,socrata:orlando_business_tax,,,,
standard,STANLEY S BILLINGS TRIPLE B'S,4073255360,,,,FL,socrata:orlando_business_tax,,,,
standard,MASCO INC,4073665572,,,,FL,socrata:orlando_business_tax,,,,
standard,CHARLOS ENTERPRISE INC,4072937500,,,,FL,socrata:orlando_business_tax,,,,
standard,CROWNE MEDICAL TRANSPORT INC,4072499262,,,,FL,socrata:orlando_business_tax,,,,
standard,USA DIRECT LOGISTICS TRANS(CLS,4074253575,,,,FL,socrata:orlando_business_tax,,,,
standard,RDBT INTERESTS/BIOJOUX TERNER,4078733922,,,,FL,socrata:orlando_business_tax,,,,
standard,CRACKER BARREL #520,6154445533,,,,FL,socrata:orlando_business_tax,,,,
standard,WESTON DIAGNOSTICS LLC,4074682532,,,,FL,socrata:orlando_business_tax,,,,
standard,J C S IMAGE CENTRE INC,4072776707,,,,FL,socrata:orlando_business_tax,,,,
standard,ABSOLUTE LANDSCAPE,4078438376,,,,FL,socrata:orlando_business_tax,,,,
standard,HAIRCOLORISTS.COM,4072281933,,,,FL,socrata:orlando_business_tax,,,,
standard,"WILSON, JEAN E /NABORS",4078394245,,,,FL,socrata:orlando_business_tax,,,,
standard,WORLDPAY,4074060944,,,,FL,socrata:orlando_business_tax,,,,
standard,ORION FLOOR COVERING CORP,6026921633,,,,FL,socrata:orlando_business_tax,,,,
standard,EDUARDO T LEME,4072932801,,,,FL,socrata:orlando_business_tax,,,,
standard,Y S KIM JANITORY,4073841329,,,,FL,socrata:orlando_business_tax,,,,
standard,GALAXY FIREWORKS INC,8138774971,,,,FL,socrata:orlando_business_tax,,,,
standard,BELLAS WOOD DESIGN INC,4072349546,,,,FL,socrata:orlando_business_tax,,,,
standard,TROPICAL GIFT & MORE BY D & W(,4075789435,,,,FL,socrata:orlando_business_tax,,,,
standard,DALTON CUNNINGHAM CLEANING,4078431386,,,,FL,socrata:orlando_business_tax,,,,
standard,"BENSON, ADAM S",4075391106,,,,FL,socrata:orlando_business_tax,,,,
standard,BOOK IT INC(TRNS 8454-53 08/03,4075221432,,,,FL,socrata:orlando_business_tax,,,,
standard,"NOLAN, THOMAS C",4078432446,,,,FL,socrata:orlando_business_tax,,,,
standard,"SCHROPPEL, SHERYL",4074972215,,,,FL,socrata:orlando_business_tax,,,,
standard,"BRISBOIS, STEVE",4072940963,,,,FL,socrata:orlando_business_tax,,,,
standard,QWERTY GADGETS INC,3212061555,,,,FL,socrata:orlando_business_tax,,,,
standard,NORDICTRACK INC,4357505000,,,,FL,socrata:orlando_business_tax,,,,
standard,CENTRAL FLORIDA MEDIA,4077191593,,,,FL,socrata:orlando_business_tax,,,,
standard,JANET L CABASCANGO LMHC,4076709041,,,,FL,socrata:orlando_business_tax,,,,
standard,CHAMA CENTER,4072958853,,,,FL,socrata:orlando_business_tax,,,,
standard,WHOLE NINE YARDS,4074256962,,,,FL,socrata:orlando_business_tax,,,,
standard,REMEDY STAFFING/ATTN: ACOUNTIN,4073700470,,,,FL,socrata:orlando_business_tax,,,,
standard,SECURITY ONE SYSTEMS INC,4073399177,,,,FL,socrata:orlando_business_tax,,,,
standard,CENTRAL FL SECURITY GROUP,4072908946,,,,FL,socrata:orlando_business_tax,,,,
standard,"CRUZ, ELBA I",4072963497,,,,FL,socrata:orlando_business_tax,,,,
standard,OWENS & MINOR,4072995490,,,,FL,socrata:orlando_business_tax,,,,
standard,"MUELLNER, JAMES A",4072482584,,,,FL,socrata:orlando_business_tax,,,,
standard,CARIBBEAN PINA COLADA,4078702322,,,,FL,socrata:orlando_business_tax,,,,
standard,JOES PEANUT ROASTING,4074257409,,,,FL,socrata:orlando_business_tax,,,,
standard,"FREEMAN, WAYNE",4072958341,,,,FL,socrata:orlando_business_tax,,,,
standard,ALPHA LEARNING ACADEMY INC,4074226941,,,,FL,socrata:orlando_business_tax,,,,
standard,LUCY HOS BAMBOO GARDEN(CLS 04/,4073630988,,,,FL,socrata:orlando_business_tax,,,,
standard,TERENCE F BRENNAN/ROETZEL,4078962224,,,,FL,socrata:orlando_business_tax,,,,
standard,SUNSHINE SINKS INC,4074088744,,,,FL,socrata:orlando_business_tax,,,,
standard,FIELDS OF GREEN LANDSCAPING IN,4072346534,,,,FL,socrata:orlando_business_tax,,,,
standard,MCDONALDS #38466,4078583070,,,,FL,socrata:orlando_business_tax,,,,
standard,TRAKFAIR SERVICES LLC,4077382130,,,,FL,socrata:orlando_business_tax,,,,
standard,SOVERIEIGN RESIDENTIAL SERVICE,4074475698,,,,FL,socrata:orlando_business_tax,,,,
standard,MY ATM NETWORK SOLUTIONS LLC,4074811199,,,,FL,socrata:orlando_business_tax,,,,
standard,H ALEXANDER BROUMAND,4072300637,,,,FL,socrata:orlando_business_tax,,,,
standard,BUILDING SERVICES CONNECTION I,4078981169,,,,FL,socrata:orlando_business_tax,,,,
standard,SECURITY STAFFING SOLUTIONS,4072530348,,,,FL,socrata:orlando_business_tax,,,,
standard,MELISSA A FERRIS,4078087997,,,,FL,socrata:orlando_business_tax,,,,
standard,U S AUTO WASH AND DETAIL LLC,4073419070,,,,FL,socrata:orlando_business_tax,,,,
standard,KEVIN CLAYBORNE HANDYMAN SERVI,4073060271,,,,FL,socrata:orlando_business_tax,,,,
standard,SOUTHERN SOFTWOODS INC,4078974077,,,,FL,socrata:orlando_business_tax,,,,
standard,STANEK INSTALLATION INC,4072270588,,,,FL,socrata:orlando_business_tax,,,,
standard,FUNHOUSE PRODUCTS INC,4078966101,,,,FL,socrata:orlando_business_tax,,,,
standard,LARRY BELLS ITALIAN ICE,4078359779,,,,FL,socrata:orlando_business_tax,,,,
standard,BELLOMO HERBERT & COMPANY INC(,4076294511,,,,FL,socrata:orlando_business_tax,,,,
standard,ADVANCED CONSTRUCTION PRODUCTS,4078500092,,,,FL,socrata:orlando_business_tax,,,,
standard,3599 MIDIRON DR,3522426003,,,,FL,socrata:orlando_business_tax,,,,
standard,MARYS FOOD & CATERING,4072406659,,,,FL,socrata:orlando_business_tax,,,,
standard,GABOR'S LANDSCAPING,4078564695,,,,FL,socrata:orlando_business_tax,,,,
standard,HEALTH & WEALTH NETWORK INC,4072939652,,,,FL,socrata:orlando_business_tax,,,,
standard,VENTACE LLC,4078957441,,,,FL,socrata:orlando_business_tax,,,,
standard,FRANKLIN MOLINA CLEANING SERVI,4074489275,,,,FL,socrata:orlando_business_tax,,,,
standard,NEIL MEYEROWITZ,4078917779,,,,FL,socrata:orlando_business_tax,,,,
standard,NEOPOST FLORIDA,8138766245,,,,FL,socrata:orlando_business_tax,,,,
standard,E BRAND RESTAURANT LLC,4072261433,,,,FL,socrata:orlando_business_tax,,,,
standard,KING CARPET CLEANING CORPORATI,3216244759,,,,FL,socrata:orlando_business_tax,,,,
standard,ADDESIGN SERVICES INC,4078411880,,,,FL,socrata:orlando_business_tax,,,,
standard,BEERY BEERY DESIGN GROUP INC,4078390053,,,,FL,socrata:orlando_business_tax,,,,
standard,TARGET MARKETING LIST CORPORAT,4074824923,,,,FL,socrata:orlando_business_tax,,,,
standard,BURRITO XPRESS,4074823000,,,,FL,socrata:orlando_business_tax,,,,
standard,TUG SERVICE CENTERS NETWORK,7704227230,,,,FL,socrata:orlando_business_tax,,,,
standard,SURGICAL TISSUE NETWORK INC,4073802424,,,,FL,socrata:orlando_business_tax,,,,
standard,JOHN P LEON,4072340452,,,,FL,socrata:orlando_business_tax,,,,
standard,K & E CONTRACTOR OF CENTRAL FL,4075228837,,,,FL,socrata:orlando_business_tax,,,,
standard,RAMON SANTANA,4078036222,,,,FL,socrata:orlando_business_tax,,,,
standard,"RICHARDSON, ARTHUR",7278668216,,,,FL,socrata:orlando_business_tax,,,,
standard,"OMIECINSKI, THERESA",4077580178,,,,FL,socrata:orlando_business_tax,,,,
standard,KIRBY RENTALS LLC,4074221001,,,,FL,socrata:orlando_business_tax,,,,
standard,IPDS HOLDING INC,4072916262,,,,FL,socrata:orlando_business_tax,,,,
standard,DOMINIAN LLC,4075815678,,,,FL,socrata:orlando_business_tax,,,,
standard,ACCESSORIES OF CENTRAL FLORIDA,4078890071,,,,FL,socrata:orlando_business_tax,,,,
standard,ALPHA LEARNING ACADEMY INC,4074472897,,,,FL,socrata:orlando_business_tax,,,,
standard,IMAGE HOT DOG(CLOSED 10/22/03),4074209436,,,,FL,socrata:orlando_business_tax,,,,
standard,MJ COLLECTION,4078359466,,,,FL,socrata:orlando_business_tax,,,,
standard,"QUINN,VERNON",3055769822,,,,FL,socrata:orlando_business_tax,,,,
standard,BIG APPLE BUFFET,4073857220,,,,FL,socrata:orlando_business_tax,,,,
standard,Q E CONTROLS INC,4076582771,,,,FL,socrata:orlando_business_tax,,,,
standard,LACHINA,4078980600,,,,FL,socrata:orlando_business_tax,,,,
standard,PLAN9 FILMS,4072286666,,,,FL,socrata:orlando_business_tax,,,,
standard,VIDEO EXPRESS II,4078398835,,,,FL,socrata:orlando_business_tax,,,,
standard,CCLC AT ORLANDO,5038721438,,,,FL,socrata:orlando_business_tax,,,,
standard,WAYNE HOLTZCLAW FRAMING LLC,4075956516,,,,FL,socrata:orlando_business_tax,,,,
standard,SUNVEST HOMES INC,4076827463,,,,FL,socrata:orlando_business_tax,,,,
standard,"KIRK, CLAIRE",4075391481,,,,FL,socrata:orlando_business_tax,,,,
standard,J&D SPIC SPAN CLEANING,3213316713,,,,FL,socrata:orlando_business_tax,,,,
standard,"CARON, RAYMOND F MD(CLS 09/03)",4072924453,,,,FL,socrata:orlando_business_tax,,,,
standard,ADVENTURE DISCOVERIES INC,4076292929,,,,FL,socrata:orlando_business_tax,,,,
standard,DANNY'S CHOICE INC (CLS 05/04),2673040147,,,,FL,socrata:orlando_business_tax,,,,
standard,JABARIS KILPATRICK LAWN SERVIC,3212637149,,,,FL,socrata:orlando_business_tax,,,,
standard,RICHARD ANDERSON CONSULTANT,4078351046,,,,FL,socrata:orlando_business_tax,,,,
standard,STEVEN PERRY STRICTLY BUSINESS,4078344516,,,,FL,socrata:orlando_business_tax,,,,
standard,RIKERS ROADSIDE SERVICES,4078557776,,,,FL,socrata:orlando_business_tax,,,,
standard,"GARCIA, JOHN",3213777629,,,,FL,socrata:orlando_business_tax,,,,
standard,THE CHECK CASHING STORE,9549383550,,,,FL,socrata:orlando_business_tax,,,,
standard,R. HOUSE INSPECTIONS,4078431733,,,,FL,socrata:orlando_business_tax,,,,
standard,"SHAH, CONSTANCE M",8509949800,,,,FL,socrata:orlando_business_tax,,,,
standard,ATRIUM RESTAURANT & LOBBY BAR,4072937477,,,,FL,socrata:orlando_business_tax,,,,
standard,PERFECT 10 SATELLITE DISTRIBUT,5016900471,,,,FL,socrata:orlando_business_tax,,,,
standard,JOHN Y BENFORD PA,4074818030,,,,FL,socrata:orlando_business_tax,,,,
standard,CARPETS BY LAINES & ASSOCIATES,4074232900,,,,FL,socrata:orlando_business_tax,,,,
standard,"PETERSON, KAREN (TRANS TO 740-",4078390876,,,,FL,socrata:orlando_business_tax,,,,
standard,TILE INNOVATIONS INC,3213771355,,,,FL,socrata:orlando_business_tax,,,,
standard,FLORMAR THRIFT SHOP INC,4073800214,,,,FL,socrata:orlando_business_tax,,,,
standard,"BATTIFORA, ELENA",4076168310,,,,FL,socrata:orlando_business_tax,,,,
standard,ORLANDO PAVING COMPANY,4072934340,,,,FL,socrata:orlando_business_tax,,,,
standard,PUCH MANUFACTURING CORP,4076509926,,,,FL,socrata:orlando_business_tax,,,,
standard,COBLE CONSTRUCTION LLC,4072278937,,,,FL,socrata:orlando_business_tax,,,,
standard,RENT N ROLL # 305,4074471800,,,,FL,socrata:orlando_business_tax,,,,
standard,KENNETH D MORSE PA,4074222411,,,,FL,socrata:orlando_business_tax,,,,
standard,"GOMEZ, FERNANDO/PARSONS",4072739919,,,,FL,socrata:orlando_business_tax,,,,
standard,PARRAMORES BEST INC,4079249009,,,,FL,socrata:orlando_business_tax,,,,
standard,LAW OFFICE OF BLAINE MCCHESNEY,4072461112,,,,FL,socrata:orlando_business_tax,,,,
standard,CHRISTOPHER RAMIREZ PAINTING S,3212873475,,,,FL,socrata:orlando_business_tax,,,,
standard,MATTHEW JAMES CONSTRUCTION,4077192013,,,,FL,socrata:orlando_business_tax,,,,
standard,AMB HOME INSPECTION LLC,4075327895,,,,FL,socrata:orlando_business_tax,,,,
standard,JASON ROMAN PAINTING,4079256379,,,,FL,socrata:orlando_business_tax,,,,
standard,BOTTLED OCEAN,4078956700,,,,FL,socrata:orlando_business_tax,,,,
standard,"BOYKIN, THEORY",4073135268,,,,FL,socrata:orlando_business_tax,,,,
standard,HOAN MY JEWELERS INCORPORATED,4078978887,,,,FL,socrata:orlando_business_tax,,,,
standard,"FAJARDO, EVA M",4078439203,,,,FL,socrata:orlando_business_tax,,,,
standard,CLINICAL MEASUREMENTS INC,4078762281,,,,FL,socrata:orlando_business_tax,,,,
standard,"THOMAS,TOM E/HELLMUTH",4076498825,,,,FL,socrata:orlando_business_tax,,,,
standard,"THOMAS, KEITH W",4076484932,,,,FL,socrata:orlando_business_tax,,,,
standard,STATIONMARRY LLC,6152948141,,,,FL,socrata:orlando_business_tax,,,,
standard,NATIONAL KARATE ACADEMY INC(CL,4072988449,,,,FL,socrata:orlando_business_tax,,,,
standard,WALK A BOUT LANDSCAPING,4078940809,,,,FL,socrata:orlando_business_tax,,,,
standard,WORLD CLASS STONE & TILE LLC,4073178330,,,,FL,socrata:orlando_business_tax,,,,
standard,DORIS LEVERSTON,4074320375,,,,FL,socrata:orlando_business_tax,,,,
standard,ANDREWS FILTER & SUPPLY CORP,4074233310,,,,FL,socrata:orlando_business_tax,,,,
standard,MAKOTEK LLC,4075210402,,,,FL,socrata:orlando_business_tax,,,,
standard,JOP SERVICES INC,4074842104,,,,FL,socrata:orlando_business_tax,,,,
standard,ALFREDO ESCAMILLA FRAMING INC,4077372636,,,,FL,socrata:orlando_business_tax,,,,
standard,COMPREHENSIVE HEALTH CENTER LL,4072825867,,,,FL,socrata:orlando_business_tax,,,,
standard,LINDY LAKE CORPORATION,4079089195,,,,FL,socrata:orlando_business_tax,,,,
standard,GREAT WEST LIFE & ANNUITY INSU,3038893000,,,,FL,socrata:orlando_business_tax,,,,
standard,"PERALTA, RAFAEL",4078326760,,,,FL,socrata:orlando_business_tax,,,,
standard,W G PEEK & ASSOCIATES LLC,4044422894,,,,FL,socrata:orlando_business_tax,,,,
standard,JET SET LINE INC,4076496599,,,,FL,socrata:orlando_business_tax,,,,
standard,PUMPS ETC INC(CLS 05/03),4078410256,,,,FL,socrata:orlando_business_tax,,,,
standard,AT TAWHEED COMMUNITY DEVELOPME,4076228076,,,,FL,socrata:orlando_business_tax,,,,
standard,"JORDAN, JOHN E ESQ/WOOLFOLK",4076489899,,,,FL,socrata:orlando_business_tax,,,,
standard,GLORY CLOUD ENTERPRISE INC,4076946074,,,,FL,socrata:orlando_business_tax,,,,
standard,57 ELECTRONICS INC,4078228828,,,,FL,socrata:orlando_business_tax,,,,
standard,THE WOOD SPOT,4077218683,,,,FL,socrata:orlando_business_tax,,,,
standard,FIREPLACE AND VERANDAH,4078126626,,,,FL,socrata:orlando_business_tax,,,,
standard,JOSE A TORRES MD,4079336506,,,,FL,socrata:orlando_business_tax,,,,
standard,EST DIGITAL MEDIA SERVICES,4078766669,,,,FL,socrata:orlando_business_tax,,,,
standard,"DEMARCHI, ANTHONY K CPA",4079772263,,,,FL,socrata:orlando_business_tax,,,,
standard,THE LAW OFFICE OF PAUL COURTRI,4076509111,,,,FL,socrata:orlando_business_tax,,,,
standard,PASCARELLA HOOVER FINKELSTEIN,4078983433,,,,FL,socrata:orlando_business_tax,,,,
standard,C & M PAVERS INC,3212992896,,,,FL,socrata:orlando_business_tax,,,,
standard,"MILATTI, RAPHAEL CONSTRUCTION(",4073252430,,,,FL,socrata:orlando_business_tax,,,,
standard,"BAEZ, LUIS A",4072517483,,,,FL,socrata:orlando_business_tax,,,,
standard,METROWEST FOOT AND ANKLE CENTE,4073450300,,,,FL,socrata:orlando_business_tax,,,,
standard,CLAYTON L WILLIAMS,4078750957,,,,FL,socrata:orlando_business_tax,,,,
standard,STRONG TOWER CLEANING & CONST,3216635408,,,,FL,socrata:orlando_business_tax,,,,
standard,A 1 ENGINE PARTS WAREHOUSE INC,4076574202,,,,FL,socrata:orlando_business_tax,,,,
standard,ELAINE LEMON,4074476443,,,,FL,socrata:orlando_business_tax,,,,
standard,PUNCH MODEL & TALENT GROUP LLC,4078963500,,,,FL,socrata:orlando_business_tax,,,,
standard,L CARRIB CONSTRUCTION INC,4073516415,,,,FL,socrata:orlando_business_tax,,,,
standard,COMMUNITY CONSTRUCTORS INC,4078966985,,,,FL,socrata:orlando_business_tax,,,,
standard,HEALTH CARE CENTER FOR THE HOM,4072036856,,,,FL,socrata:orlando_business_tax,,,,
standard,ORLANDO AUTO AUCTION INC,4072993904,,,,FL,socrata:orlando_business_tax,,,,
standard,"PRINCE, FOSTER",4072958697,,,,FL,socrata:orlando_business_tax,,,,
standard,MAGELLAN GOLF INC,4078516852,,,,FL,socrata:orlando_business_tax,,,,
standard,BENNETT & ASSOCIATES INC(CLOSE,4072369739,,,,FL,socrata:orlando_business_tax,,,,
standard,EDS,2012093393,,,,FL,socrata:orlando_business_tax,,,,
standard,PACIFIC SEAFOOD RESTAURANT INC,4078394736,,,,FL,socrata:orlando_business_tax,,,,
standard,JAVA EXPRESS LLC,4074972640,,,,FL,socrata:orlando_business_tax,,,,
standard,DON FREDEY BAKERY SERVICE TECH,4072772676,,,,FL,socrata:orlando_business_tax,,,,
standard,GLOBAL NETWORK SERVICES INC,4073521161,,,,FL,socrata:orlando_business_tax,,,,
standard,"MANCUSO, LORRAINE M(CLS 01/04)",4078525711,,,,FL,socrata:orlando_business_tax,,,,
standard,"BUCKLES, MARK A/HANNAH",4074819449,,,,FL,socrata:orlando_business_tax,,,,
standard,AUTO BODY SHOP SUPPLIES,4075788661,,,,FL,socrata:orlando_business_tax,,,,
standard,WILSON TECHNOLOGIES INC,4072995994,,,,FL,socrata:orlando_business_tax,,,,
standard,ACADEMY LIFE INSURANCE COMPANY,3193988574,,,,FL,socrata:orlando_business_tax,,,,
standard,WET ORANGE STUDIO INC(CLS 04/0,4078393965,,,,FL,socrata:orlando_business_tax,,,,
standard,"STONE, JEFFREY LEE",4078081199,,,,FL,socrata:orlando_business_tax,,,,
standard,RUGBY MAR INC,4072404191,,,,FL,socrata:orlando_business_tax,,,,
standard,NUAD JOHANA MANZUR,4078567955,,,,FL,socrata:orlando_business_tax,,,,
standard,KASSIMI ADAM TOWN CAR SERVICES,4073631669,,,,FL,socrata:orlando_business_tax,,,,
standard,ROBERT W WELCH BARBER SHOP,4072750812,,,,FL,socrata:orlando_business_tax,,,,
standard,"HARRIS, TOBIAS(CLS 04/04)",4072078101,,,,FL,socrata:orlando_business_tax,,,,
standard,RAYMOND JAMES & ASSOCIATES INC,4076484488,,,,FL,socrata:orlando_business_tax,,,,
standard,IDA COLEMAN'S GIFT IDEAS,4074226018,,,,FL,socrata:orlando_business_tax,,,,
standard,BAHIA BRICK PAVERS CORP,4072531152,,,,FL,socrata:orlando_business_tax,,,,
standard,OUTLOOK MEDIA INC,4073631212,,,,FL,socrata:orlando_business_tax,,,,
standard,TDM INVESTMENT GROUP INC,4079299043,,,,FL,socrata:orlando_business_tax,,,,
standard,DABBA DO MULTIMEDIA(CLS 05/04),4078238011,,,,FL,socrata:orlando_business_tax,,,,
standard,D & D CORP SALES,3056608564,,,,FL,socrata:orlando_business_tax,,,,
standard,"CANE, ANNA MARIA",4078943998,,,,FL,socrata:orlando_business_tax,,,,
standard,GLOBAL REMODELING SERVICE,4073806969,,,,FL,socrata:orlando_business_tax,,,,
standard,3 BROTHERS TRANSPORTATION,4075134545,,,,FL,socrata:orlando_business_tax,,,,
standard,JP FLOORS & MORE,4076949864,,,,FL,socrata:orlando_business_tax,,,,
standard,THE CENTENARIO CONSTRUCTION IN,4073345012,,,,FL,socrata:orlando_business_tax,,,,
standard,CUTTING EDGE CARPET INC,4073663774,,,,FL,socrata:orlando_business_tax,,,,
standard,R A SIMASEK PA,4078945050,,,,FL,socrata:orlando_business_tax,,,,
standard,LDS SUPERIOR PAINTING INC,4073751150,,,,FL,socrata:orlando_business_tax,,,,
standard,JAVA LAVA COFFEE SHOPS LLC,4076540212,,,,FL,socrata:orlando_business_tax,,,,
standard,HEART OF FLORIDA UNITED WAY IN,4078350900,,,,FL,socrata:orlando_business_tax,,,,
standard,EVERYTHING NATURE INC,3214806715,,,,FL,socrata:orlando_business_tax,,,,
standard,TLE CONSULTANTS INC,4074201560,,,,FL,socrata:orlando_business_tax,,,,
standard,MARIA C NETTLETON CLEANING SER,4072443139,,,,FL,socrata:orlando_business_tax,,,,
standard,C & D VENTURES,4072739222,,,,FL,socrata:orlando_business_tax,,,,
standard,HOWL AT THE MOON ORLANDO(CLS 1,6064917888,,,,FL,socrata:orlando_business_tax,,,,
standard,ATASHA HOLLEY INC,4076508319,,,,FL,socrata:orlando_business_tax,,,,
standard,LOLITO LOW WATCH ZONE,4073993591,,,,FL,socrata:orlando_business_tax,,,,
standard,STAY IN FLA INC,4079968379,,,,FL,socrata:orlando_business_tax,,,,
standard,ALAN S GOLDMAN LLC,3212765552,,,,FL,socrata:orlando_business_tax,,,,
standard,QWEST ENTERPRISES,4073833829,,,,FL,socrata:orlando_business_tax,,,,
standard,ELITE AWNINGS,4078973555,,,,FL,socrata:orlando_business_tax,,,,
standard,GIGACOM WIRELESS INC,3212341665,,,,FL,socrata:orlando_business_tax,,,,
standard,ATES N ERTAN,4077604984,,,,FL,socrata:orlando_business_tax,,,,
standard,"HERNANDEZ, WASHINGTON INSTALLA",4077560094,,,,FL,socrata:orlando_business_tax,,,,
standard,"MCCULLY, WALTER/MCCULLY",4075219090,,,,FL,socrata:orlando_business_tax,,,,
standard,"CONFUSIONE, RYAN J(CLS 10/03)",3213777516,,,,FL,socrata:orlando_business_tax,,,,
standard,ROYAL TOWN CAR INC,4074206510,,,,FL,socrata:orlando_business_tax,,,,
standard,LILLIAN J JOHNSON ANTIQUES & C,4078968708,,,,FL,socrata:orlando_business_tax,,,,
standard,RHUBARB PRODUCTIONS INC,4072081109,,,,FL,socrata:orlando_business_tax,,,,
standard,SHERIDEN CABLE CORPORATION,4078494655,,,,FL,socrata:orlando_business_tax,,,,
standard,J M CONSTRUCTION & ASSOCIATES,4078968811,,,,FL,socrata:orlando_business_tax,,,,
standard,GMPG INC   (CLOSED BY OWNER),4073411583,,,,FL,socrata:orlando_business_tax,,,,
standard,RHYTHM AND FLOW,4078412475,,,,FL,socrata:orlando_business_tax,,,,
standard,"FELIX, ROSEMARIE(CLS 04/04)",4072917306,,,,FL,socrata:orlando_business_tax,,,,
standard,FORTUNE GLOBAL REALTY,4078546181,,,,FL,socrata:orlando_business_tax,,,,
standard,EVELYN SINGLETON,4074913543,,,,FL,socrata:orlando_business_tax,,,,
standard,REMODELING UNLIMITED,4072978182,,,,FL,socrata:orlando_business_tax,,,,
standard,EUROWEST GROUP INC,4073412423,,,,FL,socrata:orlando_business_tax,,,,
standard,KENNETH J. SCHMITT LOOKING UP,7863902331,,,,FL,socrata:orlando_business_tax,,,,
standard,CMO MARKETING,4073400110,,,,FL,socrata:orlando_business_tax,,,,
standard,CURRENT ELECTRIC CONTRACTING C,4072987235,,,,FL,socrata:orlando_business_tax,,,,
standard,ACCESS TOUR & TRANSPORTATION I,4075784717,,,,FL,socrata:orlando_business_tax,,,,
standard,"MULVA PEARSON, MD",4072991155,,,,FL,socrata:orlando_business_tax,,,,
standard,THE GAINSBOROUGH GROUP INC,4078509298,,,,FL,socrata:orlando_business_tax,,,,
standard,CONSUMER BUSINESS NETWORK LLC,4072750837,,,,FL,socrata:orlando_business_tax,,,,
standard,EAST COAST MEDICAL NETWORK INC,4076570739,,,,FL,socrata:orlando_business_tax,,,,
standard,POWERPLAY ARCADE INC,4079089257,,,,FL,socrata:orlando_business_tax,,,,
standard,SRV/CHRISTMAS CORNER,9125961945,,,,FL,socrata:orlando_business_tax,,,,
standard,CYCLE SPORT CENTER INC,4072999191,,,,FL,socrata:orlando_business_tax,,,,
standard,BUTCH'S AUTO REPAIR,4078571210,,,,FL,socrata:orlando_business_tax,,,,
standard,HEALTH CHIROPRACTIC CENTER INC,4077706767,,,,FL,socrata:orlando_business_tax,,,,
standard,PINNACLE MASONRY,4074389577,,,,FL,socrata:orlando_business_tax,,,,
standard,"GONZALEZ, VICTOR",4076569729,,,,FL,socrata:orlando_business_tax,,,,
standard,HANNOVER USA REAL ESTATE CORP,4072545454,,,,FL,socrata:orlando_business_tax,,,,
standard,MARCUS F LIMA INC,4073131611,,,,FL,socrata:orlando_business_tax,,,,
standard,PRO TAX SERVICES INC,4078359845,,,,FL,socrata:orlando_business_tax,,,,
standard,CONWAY'S BBQ,4076728675,,,,FL,socrata:orlando_business_tax,,,,
standard,RAVEN WALKER LETS MAKE IT!,3216622532,,,,FL,socrata:orlando_business_tax,,,,
standard,D2 PRODUCTIONS,4072221812,,,,FL,socrata:orlando_business_tax,,,,
standard,ADRIAN RIVERA VERTICLES,3216637082,,,,FL,socrata:orlando_business_tax,,,,
standard,U N DELIVERY CORPORATION,3219462487,,,,FL,socrata:orlando_business_tax,,,,
standard,STAYBRIDGE SUITES,5612072700,,,,FL,socrata:orlando_business_tax,,,,
standard,HARRY AMOS CONSULTING COMPANY(,4078499985,,,,FL,socrata:orlando_business_tax,,,,
standard,DORIS HIPPOLITE,4077600684,,,,FL,socrata:orlando_business_tax,,,,
standard,COASTAL FLOORING CONCEPTS INC,7322665198,,,,FL,socrata:orlando_business_tax,,,,
standard,SPIRIT ONE LLC,4073755034,,,,FL,socrata:orlando_business_tax,,,,
standard,TRAVI D PRESSURE CLEANING EXTR,4076175850,,,,FL,socrata:orlando_business_tax,,,,
standard,TOPBRANDWINES.COM,4072900866,,,,FL,socrata:orlando_business_tax,,,,
standard,HARRY & DAVID,5418642121,,,,FL,socrata:orlando_business_tax,,,,
standard,THE PAVER PEOPLE OF CENTRAL FL,4072928633,,,,FL,socrata:orlando_business_tax,,,,
standard,ALVARO LUIZ LOPES,4072073740,,,,FL,socrata:orlando_business_tax,,,,
standard,T B A ADVISORY SERVICES LLC,4075781250,,,,FL,socrata:orlando_business_tax,,,,
standard,TOMMYS BAIL BONDS,4076497645,,,,FL,socrata:orlando_business_tax,,,,
standard,MODERN GRACE BOUTIQUE INC,4076481777,,,,FL,socrata:orlando_business_tax,,,,
standard,A/C 4 U,4072432275,,,,FL,socrata:orlando_business_tax,,,,
standard,CLUB CLASSIC,4076687281,,,,FL,socrata:orlando_business_tax,,,,
standard,VU CLEANERS AND TAILOR,4076568872,,,,FL,socrata:orlando_business_tax,,,,
standard,DAEDALUS DESIGN STUDIO LLC,4075993789,,,,FL,socrata:orlando_business_tax,,,,
standard,SPECIALIZED FLOORING INC(CLOSE,4078964210,,,,FL,socrata:orlando_business_tax,,,,
standard,L J WHITES CLEANING SERVICES,4073769954,,,,FL,socrata:orlando_business_tax,,,,
standard,GARYS SEAFOOD SPECIALITES INC,4074238550,,,,FL,socrata:orlando_business_tax,,,,
standard,"TERRELL, ISAAC ATTORNEY(TRANS",4074810944,,,,FL,socrata:orlando_business_tax,,,,
standard,LANCO & HARRIS CORP,4072404000,,,,FL,socrata:orlando_business_tax,,,,
standard,ANDRE F PICHON/GULF,4076968766,,,,FL,socrata:orlando_business_tax,,,,
standard,ZILA'S INT'L TRANSPORTATION SV,4073702083,,,,FL,socrata:orlando_business_tax,,,,
standard,THE LAW OFFICE OF KA JUEL J WA,4078221130,,,,FL,socrata:orlando_business_tax,,,,
standard,"RIVERA, ANA MARIA ARNP/ORHS SU",4078263000,,,,FL,socrata:orlando_business_tax,,,,
standard,TIME SAVER IMPORT/EXPORT CORP,4073135130,,,,FL,socrata:orlando_business_tax,,,,
standard,UNIDRIVERS UNION OF INDEPENDEN,4072917730,,,,FL,socrata:orlando_business_tax,,,,
standard,LES CLAIRE DESIGN,4074638076,,,,FL,socrata:orlando_business_tax,,,,
standard,T BRIGHT CABLE(CLS 02/04),3212551143,,,,FL,socrata:orlando_business_tax,,,,
standard,GLOBAL FINISHING & RESTORATION,4072282109,,,,FL,socrata:orlando_business_tax,,,,
standard,ETHAN ALLEN HOME INTERIORS,4075787000,,,,FL,socrata:orlando_business_tax,,,,
standard,GLOBAL 3 ACQUISITIONS & INVEST,3212178938,,,,FL,socrata:orlando_business_tax,,,,
standard,"CAGLE, CLIFF",4078933760,,,,FL,socrata:orlando_business_tax,,,,
standard,GERALD LEMUS,7723609138,,,,FL,socrata:orlando_business_tax,,,,
standard,ECHELON AT CHENEY PLACE,4074268300,,,,FL,socrata:orlando_business_tax,,,,
standard,MARKS LAWN CARE,4078962659,,,,FL,socrata:orlando_business_tax,,,,
standard,NAMI ENTERPRISES LLC,4072106567,,,,FL,socrata:orlando_business_tax,,,,
standard,CUSTOM RESURFACING INC(CLS 01/,4074457236,,,,FL,socrata:orlando_business_tax,,,,
standard,AGELITA 24 HOURS CLEANING SERV,4072755194,,,,FL,socrata:orlando_business_tax,,,,
standard,WALGREENS HEALTH CARE PLUS,4073451700,,,,FL,socrata:orlando_business_tax,,,,
standard,AIR TRAFFIC SERVICES INC,4078412586,,,,FL,socrata:orlando_business_tax,,,,
standard,PIZZA HUT #638033,4078964461,,,,FL,socrata:orlando_business_tax,,,,
standard,MAC ALL STARS,4073520001,,,,FL,socrata:orlando_business_tax,,,,
standard,UNICORP USA,4072103892,,,,FL,socrata:orlando_business_tax,,,,
standard,LAWN N ORDER INC,4075756101,,,,FL,socrata:orlando_business_tax,,,,
standard,AMERICAN WAY AUTO SALES INC,4075216800,,,,FL,socrata:orlando_business_tax,,,,
standard,TIP-TOP NAILS,4074891118,,,,FL,socrata:orlando_business_tax,,,,
standard,SUNGLASS HUT AT MACYS,5137656285,,,,FL,socrata:orlando_business_tax,,,,
standard,UNIVERSAL SOLUTIONS OF WEST FL,4073135237,,,,FL,socrata:orlando_business_tax,,,,
standard,HZ CONSTRUCTION INC,4079090715,,,,FL,socrata:orlando_business_tax,,,,
standard,FRIEDMANS JEWELERS #4023,4073544599,,,,FL,socrata:orlando_business_tax,,,,
standard,QUICK ALUMINUM INC,4073832153,,,,FL,socrata:orlando_business_tax,,,,
standard,THE INSPIRIT LLC,4076502046,,,,FL,socrata:orlando_business_tax,,,,
standard,SPEER CONSTRUCTION LLC,4078968915,,,,FL,socrata:orlando_business_tax,,,,
standard,WOLFGRAMM PRODUCTIONS INC,4076508169,,,,FL,socrata:orlando_business_tax,,,,
standard,DAVID C SHARPE,3522557226,,,,FL,socrata:orlando_business_tax,,,,
standard,ALFREDO MUJICA ART STUDIO,4072964796,,,,FL,socrata:orlando_business_tax,,,,
standard,ALL ABOUT COOLING INC,3212970955,,,,FL,socrata:orlando_business_tax,,,,
standard,"FREEMAN, JUDY REALTY (CLOSED 2",4074124632,,,,FL,socrata:orlando_business_tax,,,,
standard,"COPPOCK, LEE A/DAVID(CLS 04/04",4075400122,,,,FL,socrata:orlando_business_tax,,,,
standard,TC DELIVERS,4078558262,,,,FL,socrata:orlando_business_tax,,,,
standard,"STEVENS, KATINA M",4076494951,,,,FL,socrata:orlando_business_tax,,,,
standard,A S C I COMPUTER INC(CLS 06/03,4076958666,,,,FL,socrata:orlando_business_tax,,,,
standard,"MELENDEZ, RAMON/HOOPER",4078954722,,,,FL,socrata:orlando_business_tax,,,,
standard,RYAN NOLL DRYER DUCT CLEANING,4078506996,,,,FL,socrata:orlando_business_tax,,,,
standard,ROGERS & SARK CONSULTING INC,4074810909,,,,FL,socrata:orlando_business_tax,,,,
standard,ISABEL VALENCIA PAINTING SERVI,4076586376,,,,FL,socrata:orlando_business_tax,,,,
standard,DANIEL S HENDERSON,4072488686,,,,FL,socrata:orlando_business_tax,,,,
standard,CHILLIN INC,3212310566,,,,FL,socrata:orlando_business_tax,,,,
standard,THE STERN COMPANIES INC,3055345614,,,,FL,socrata:orlando_business_tax,,,,
standard,CORPORATE HUMAN RESOURCES,4072227651,,,,FL,socrata:orlando_business_tax,,,,
standard,ATLANTA BREAD COMPANY,4072947709,,,,FL,socrata:orlando_business_tax,,,,
standard,THE TUCKER WOOTEN COLLECTION,4078436742,,,,FL,socrata:orlando_business_tax,,,,
standard,E & E TOWING AND TIRE SERVICES,4073513558,,,,FL,socrata:orlando_business_tax,,,,
standard,MCROSE INC,4078237875,,,,FL,socrata:orlando_business_tax,,,,
standard,ONLINE TRADING ACADEMY OF ORLA,4073491130,,,,FL,socrata:orlando_business_tax,,,,
standard,METROWEST CARPET & TILES,4072932273,,,,FL,socrata:orlando_business_tax,,,,
standard,MARVELOUS PHOTOS,4072460436,,,,FL,socrata:orlando_business_tax,,,,
standard,VITEC BROADCAST SERVICES INC,4073519545,,,,FL,socrata:orlando_business_tax,,,,
standard,C & C DENTAL LAB OF CENTRAL FL,4073802378,,,,FL,socrata:orlando_business_tax,,,,
standard,WADE F JOHNSON JR PA,4078959288,,,,FL,socrata:orlando_business_tax,,,,
standard,KIDDIE KANDIDS LLC,8015617550,,,,FL,socrata:orlando_business_tax,,,,
standard,ARTHUR J HIGGINS PA,4074230455,,,,FL,socrata:orlando_business_tax,,,,
standard,EMPIRE STATE FOODS IV,4079286464,,,,FL,socrata:orlando_business_tax,,,,
standard,CURASCRIPT PHARMACY INC,4078524903,,,,FL,socrata:orlando_business_tax,,,,
standard,PETER A CAFARO III/LOWES HOME,4078328085,,,,FL,socrata:orlando_business_tax,,,,
standard,SITEK ADVERTISING INC,4074818545,,,,FL,socrata:orlando_business_tax,,,,
standard,"WHEELER, LORI",4078942861,,,,FL,socrata:orlando_business_tax,,,,
standard,DAVID B STEVENS MS LMFT LLC,4079050508,,,,FL,socrata:orlando_business_tax,,,,
standard,I AM CHRISTIAN ACADEMY INC,4072993611,,,,FL,socrata:orlando_business_tax,,,,
standard,SERVICE POINT USA INC,8719356020,,,,FL,socrata:orlando_business_tax,,,,
standard,THE DIEZ CENTER FOR WOMENS CARE LLC,4074220037,,,,FL,socrata:orlando_business_tax,,,,
standard,CHURROS KING(CLS 04/04),4078129593,,,,FL,socrata:orlando_business_tax,,,,
standard,ACE FIXTURES OF AMERICA INC,4074156352,,,,FL,socrata:orlando_business_tax,,,,
standard,VACATION TIME INTERNATIONAL IN,4078556369,,,,FL,socrata:orlando_business_tax,,,,
standard,MOUNT UP PRODUCTIONS,4077566265,,,,FL,socrata:orlando_business_tax,,,,
standard,GEOFFREY BEENE CO #152,9086988637,,,,FL,socrata:orlando_business_tax,,,,
standard,CENTRAL FLORIDA POOL FENCE INC,4072460618,,,,FL,socrata:orlando_business_tax,,,,
standard,BRIANS TILE INSTALLATION CORP,4074145594,,,,FL,socrata:orlando_business_tax,,,,
standard,EDWARD H HURT JR PA,4078431924,,,,FL,socrata:orlando_business_tax,,,,
standard,THE MULLET SALON,4078971221,,,,FL,socrata:orlando_business_tax,,,,
standard,POWERCARE AND SERVICE SOLUTION,4073618355,,,,FL,socrata:orlando_business_tax,,,,
standard,NEW AGE STAFFING LLC,4072824242,,,,FL,socrata:orlando_business_tax,,,,
standard,MCO FREIGHT CONNECTION INC,4072073370,,,,FL,socrata:orlando_business_tax,,,,
standard,JACKIE SANDERSON REAL ESTATE I,4078977007,,,,FL,socrata:orlando_business_tax,,,,
standard,"HERNANDEZ, ALIOSHA LAWN MAINTE",3213037035,,,,FL,socrata:orlando_business_tax,,,,
standard,FRANCHI BUSINESS ENTERPRISES,4072989014,,,,FL,socrata:orlando_business_tax,,,,
standard,ROWANA A WILLIAMS,4075232886,,,,FL,socrata:orlando_business_tax,,,,
standard,FURNITURE SERVICES CORPORATION,4075217500,,,,FL,socrata:orlando_business_tax,,,,
standard,CHIROPRACTIC PHYSICIAN REHAB-N,4078550052,,,,FL,socrata:orlando_business_tax,,,,
standard,CONTROLLED COMFORT SERVICE(CLO,4076488559,,,,FL,socrata:orlando_business_tax,,,,
standard,ALLSTATE MORTGAGE & LOAN CORPO,4072755993,,,,FL,socrata:orlando_business_tax,,,,
standard,D HUT INC,3216243356,,,,FL,socrata:orlando_business_tax,,,,
standard,ALAN GOMES CLEANING,4073066189,,,,FL,socrata:orlando_business_tax,,,,
standard,EXPRESSIONS OF TEE (CLS 10/03),4072967647,,,,FL,socrata:orlando_business_tax,,,,
standard,TRICOM INC,4076492009,,,,FL,socrata:orlando_business_tax,,,,
standard,DAILY MEDICAL EQUIPMENT CORP,4072756035,,,,FL,socrata:orlando_business_tax,,,,
standard,"BUCHETTI, FERNANDO",4073806982,,,,FL,socrata:orlando_business_tax,,,,
standard,PIERRE HOOD COMPUTER SERVICES,4078966504,,,,FL,socrata:orlando_business_tax,,,,
standard,PERES FLOOR COVERING INC,4079639550,,,,FL,socrata:orlando_business_tax,,,,
standard,SYS SUPPLIES INC,5616897711,,,,FL,socrata:orlando_business_tax,,,,
standard,THE PRETZEL TWISTER,4073703288,,,,FL,socrata:orlando_business_tax,,,,
standard,GRILL EXPRESS,4072926676,,,,FL,socrata:orlando_business_tax,,,,
standard,AFTAB QADIR/AMERICAN THERAPEU,3052050113,,,,FL,socrata:orlando_business_tax,,,,
standard,PHILLY CONNECTION,4078771960,,,,FL,socrata:orlando_business_tax,,,,
standard,HUDSON LAW FIRM PLLC,4076500059,,,,FL,socrata:orlando_business_tax,,,,
standard,QUIZNOS SUB,4072973989,,,,FL,socrata:orlando_business_tax,,,,
standard,FELIPE A PESQUIRA,4077977621,,,,FL,socrata:orlando_business_tax,,,,
standard,PRISCILLA FLOWERS HOLIDAY HEAR,4077702060,,,,FL,socrata:orlando_business_tax,,,,
standard,WHITE OAKS DESIGN INC,4078982844,,,,FL,socrata:orlando_business_tax,,,,
standard,RICCI REMODELING & DESIGN LLC,4075957876,,,,FL,socrata:orlando_business_tax,,,,
standard,TRADESHOWCARPETS.COM,4076498383,,,,FL,socrata:orlando_business_tax,,,,
standard,CHIROWELL CENTER INC,4073630686,,,,FL,socrata:orlando_business_tax,,,,
standard,NGOC NGUYEN BIOMEDICAL(CLOSED,4078940485,,,,FL,socrata:orlando_business_tax,,,,
standard,HESTCO INC,4077369063,,,,FL,socrata:orlando_business_tax,,,,
standard,PORTABLE FLOORMAKERS USA LLC,5133492662,,,,FL,socrata:orlando_business_tax,,,,
standard,"ALBORNOZ, DANIEL(CLS 04/04)",4072490485,,,,FL,socrata:orlando_business_tax,,,,
standard,"KING, STEPHEN W(TRN 6259-3 09/",4072491728,,,,FL,socrata:orlando_business_tax,,,,
standard,BOO TEX HOME IMPROVEMENT INC,4072941725,,,,FL,socrata:orlando_business_tax,,,,
standard,STONEVIEW CONSTRUCTION LLC,4072302328,,,,FL,socrata:orlando_business_tax,,,,
standard,ADVANCED DOCUMENT IMAGING,4078524041,,,,FL,socrata:orlando_business_tax,,,,
standard,MOSES MERCHANDISE -N- THINGS,4072971570,,,,FL,socrata:orlando_business_tax,,,,
standard,REAL CLEAN PLAYGROUND SERVICES,4078559427,,,,FL,socrata:orlando_business_tax,,,,
standard,JOSEPH P LESSARD CONTRACTORS,4074511376,,,,FL,socrata:orlando_business_tax,,,,
standard,NELSONS BAIL BONDING INC,4078434150,,,,FL,socrata:orlando_business_tax,,,,
standard,ASPEN GOLF COURSE DESIGN & CON,4072106632,,,,FL,socrata:orlando_business_tax,,,,
standard,FRANESKA USA INC,3212068807,,,,FL,socrata:orlando_business_tax,,,,
standard,"HARDY, KELLY/SPLIT ENDZ",4072755074,,,,FL,socrata:orlando_business_tax,,,,
standard,PROFESSIONAL MEDICAL CONSULTAN,4076480529,,,,FL,socrata:orlando_business_tax,,,,
standard,K O CADD & GRAPHICS INC(CLS 04,4078950225,,,,FL,socrata:orlando_business_tax,,,,
standard,SOUL SNATCHER PRODUCTIONZ INC,4076252003,,,,FL,socrata:orlando_business_tax,,,,
standard,THE FLOW,4078168908,,,,FL,socrata:orlando_business_tax,,,,
standard,ARK OF FAITH MINISTRIES INC,4078720543,,,,FL,socrata:orlando_business_tax,,,,
standard,A-1 EXPORT IMPORT GENERAL MERC,7343779218,,,,FL,socrata:orlando_business_tax,,,,
standard,WAGNERS RESTORATION AND REMODE,4074910879,,,,FL,socrata:orlando_business_tax,,,,
standard,BARON INVESTMENT GROUP INC(CLO,4078720870,,,,FL,socrata:orlando_business_tax,,,,
standard,PREMIER GETAWAYS INC,4073528900,,,,FL,socrata:orlando_business_tax,,,,
standard,NRGY ENTERTAINMENT INC,4078983863,,,,FL,socrata:orlando_business_tax,,,,
standard,HOUSE AMERICA MORTGAGE BANKING,4078221000,,,,FL,socrata:orlando_business_tax,,,,
standard,THOMAS P CALLAN PA,4074269141,,,,FL,socrata:orlando_business_tax,,,,
standard,SHANNON L MAYHEW PRODUCTIONS,4073813476,,,,FL,socrata:orlando_business_tax,,,,
standard,A B BARBECUE,4072993521,,,,FL,socrata:orlando_business_tax,,,,
standard,VISUAL MEDIA PRODUCTIONS INC,4072996685,,,,FL,socrata:orlando_business_tax,,,,
standard,FLORIDA COOLING SUPPLY INC,4072967727,,,,FL,socrata:orlando_business_tax,,,,
standard,WINSTON D CLARKE LLC,4073168129,,,,FL,socrata:orlando_business_tax,,,,
standard,GERRIS LASTING IMPRESSIONS HAI,4072983267,,,,FL,socrata:orlando_business_tax,,,,
standard,"Q & CO SERVICES, LLC",4074849448,,,,FL,socrata:orlando_business_tax,,,,
standard,TOUS,3216957040,,,,FL,socrata:orlando_business_tax,,,,
standard,MARLENE L SCHIRO/GLORY PSYCHIA,4072758577,,,,FL,socrata:orlando_business_tax,,,,
standard,R S V P PUBLICATIONS OF ORLAND,4072979854,,,,FL,socrata:orlando_business_tax,,,,
standard,FLOORS TODAY,4078940926,,,,FL,socrata:orlando_business_tax,,,,
standard,"FRIAS, LUIS G",4074382209,,,,FL,socrata:orlando_business_tax,,,,
standard,GROUNDS MAINTENANCE SERVICES,4073519381,,,,FL,socrata:orlando_business_tax,,,,
standard,LEARNING POINT INC(CLS 10/03),4072949650,,,,FL,socrata:orlando_business_tax,,,,
standard,SPHERION,9549387625,,,,FL,socrata:orlando_business_tax,,,,
standard,LAW OFFICES OF ROSALYN DUNLAP,4078646939,,,,FL,socrata:orlando_business_tax,,,,
standard,"MCDONALD, STEVENSON DETAILING",4074205806,,,,FL,socrata:orlando_business_tax,,,,
standard,LARRY COLLETON/THE COLLETON,4072828628,,,,FL,socrata:orlando_business_tax,,,,
standard,ONEIDA FACTORY STORE,4073516337,,,,FL,socrata:orlando_business_tax,,,,
standard,BRETT WILSON INSULATION,4074237200,,,,FL,socrata:orlando_business_tax,,,,
standard,"SHAFER, PAUL R",4078959181,,,,FL,socrata:orlando_business_tax,,,,
standard,AUDUBON PLANT SERVICES,4078942263,,,,FL,socrata:orlando_business_tax,,,,
standard,MARCELLA M BUJNOVSKY/VAN DYKE,4073169997,,,,FL,socrata:orlando_business_tax,,,,
standard,PARAGON BUSINESS SYSTEMS INC(T,4072933311,,,,FL,socrata:orlando_business_tax,,,,
standard,QUALEX INC/TAX DEPT,4078987406,,,,FL,socrata:orlando_business_tax,,,,
standard,OSMACA SERVICES CORPORATION,4073543817,,,,FL,socrata:orlando_business_tax,,,,
standard,KAMEN INC,4079484667,,,,FL,socrata:orlando_business_tax,,,,
standard,CHARLIE MCDANIEL RESTORATION,4078947715,,,,FL,socrata:orlando_business_tax,,,,
standard,"TORTORA, LOUIS PAINTING",4073451583,,,,FL,socrata:orlando_business_tax,,,,
standard,"GEBOW, NORMAN",4072930947,,,,FL,socrata:orlando_business_tax,,,,
standard,GLAMZ INC,4079086173,,,,FL,socrata:orlando_business_tax,,,,
standard,BALDWIN BARK PET SUPPLY INC,4078936868,,,,FL,socrata:orlando_business_tax,,,,
standard,KEY COMPONENTS,4072758272,,,,FL,socrata:orlando_business_tax,,,,
standard,BEAUTY FIRST,4072640355,,,,FL,socrata:orlando_business_tax,,,,
standard,DESIGN BY THE YARD LLC,4074899625,,,,FL,socrata:orlando_business_tax,,,,
standard,"QUALITY ASSURED SERVICES, INC",8009224515,,,,FL,socrata:orlando_business_tax,,,,
standard,N M S AT YOUR SERVICE,4078948676,,,,FL,socrata:orlando_business_tax,,,,
standard,REMOTE CONTROL SOLUTIONS LLC,4075322769,,,,FL,socrata:orlando_business_tax,,,,
standard,K & R IMPORTS INC,4072955131,,,,FL,socrata:orlando_business_tax,,,,
standard,"RAMIREZ, JEVENAL FLOWERS(CLOSE",4079242962,,,,FL,socrata:orlando_business_tax,,,,
standard,EAGLE CONSTRUCTION,4073160404,,,,FL,socrata:orlando_business_tax,,,,
standard,R F WOLTERS CO INC,4074495855,,,,FL,socrata:orlando_business_tax,,,,
standard,EXECUTIVE ENTERTAINMENT,4077589911,,,,FL,socrata:orlando_business_tax,,,,
standard,RADIANT LIVINGS INC,4072997704,,,,FL,socrata:orlando_business_tax,,,,
standard,MICHAEL MCNALLY,4077668264,,,,FL,socrata:orlando_business_tax,,,,
standard,FERNANDEZ PAINTING EXPERTS INC,4077614283,,,,FL,socrata:orlando_business_tax,,,,
standard,MRKOHN LLC,4074686685,,,,FL,socrata:orlando_business_tax,,,,
standard,EMORYS LAWN SERVICES,4072990480,,,,FL,socrata:orlando_business_tax,,,,
standard,RONALD W DIEUX,3019382462,,,,FL,socrata:orlando_business_tax,,,,
standard,ORTIZ CARPET INSTALLATION LLC,4072956161,,,,FL,socrata:orlando_business_tax,,,,
standard,ALL CELLULAR ORLANDO LLC,4073730070,,,,FL,socrata:orlando_business_tax,,,,
standard,ALBERT HUGHES (SHOES),3212020504,,,,FL,socrata:orlando_business_tax,,,,
standard,MCPAINTING SERVICES LLC,6892511646,,,,FL,socrata:orlando_business_tax,,,,
standard,H P R PROPERTIES INC,4078088073,,,,FL,socrata:orlando_business_tax,,,,
standard,MODA FINA (CLOSED 04/03),4072482276,,,,FL,socrata:orlando_business_tax,,,,
standard,DATAFIND SERVICES,4072770588,,,,FL,socrata:orlando_business_tax,,,,
standard,ANDY ONCALL,4072995577,,,,FL,socrata:orlando_business_tax,,,,
standard,FORTUNE ONE MORTGAGE INC,4079091723,,,,FL,socrata:orlando_business_tax,,,,
standard,R N O SEAFOOD DINER,4075683307,,,,FL,socrata:orlando_business_tax,,,,
standard,GREGORY CAMPBELL AUTO DETAILIN,4072919949,,,,FL,socrata:orlando_business_tax,,,,
standard,THOMAS R ALLEN PA,4074232038,,,,FL,socrata:orlando_business_tax,,,,
standard,"GIROUARD, GREG(CLS 10/03)",3377811156,,,,FL,socrata:orlando_business_tax,,,,
standard,"DYER,MICHAEL",3212990791,,,,FL,socrata:orlando_business_tax,,,,
standard,AMERICA SUPER SERVICE INC,4073703299,,,,FL,socrata:orlando_business_tax,,,,
standard,HUBERT H GARNSEY DO,3212177992,,,,FL,socrata:orlando_business_tax,,,,
standard,M & Y QUALITY SERVICE INC,4078037045,,,,FL,socrata:orlando_business_tax,,,,
standard,"ZIAJKA, PAUL MD/THE FLORIDA",4074819900,,,,FL,socrata:orlando_business_tax,,,,
standard,DAN THE MAN CLEAN UP SERVICE I,4072824077,,,,FL,socrata:orlando_business_tax,,,,
standard,PHILIP L PARTRIDGE/PHILIP PART,4079561111,,,,FL,socrata:orlando_business_tax,,,,
standard,HI FLO MUFFLER SHOP INC,4078802162,,,,FL,socrata:orlando_business_tax,,,,
standard,"DIAZ, RICARDO",4072080286,,,,FL,socrata:orlando_business_tax,,,,
standard,FLORIDA SHED COMPANY INC,4075249191,,,,FL,socrata:orlando_business_tax,,,,
standard,BUSINESS MANAGEMENT PROFESSION,4072306708,,,,FL,socrata:orlando_business_tax,,,,
standard,MELANIE LEA D DOLL,4074926325,,,,FL,socrata:orlando_business_tax,,,,
standard,JPS INVESTMENTS GROUP INC,3212996100,,,,FL,socrata:orlando_business_tax,,,,
standard,THE MORGANTI GROUP INC,4078358008,,,,FL,socrata:orlando_business_tax,,,,
standard,"MOORE, TERESA",4074841048,,,,FL,socrata:orlando_business_tax,,,,
standard,SOUTHERN CROSS ANTIQUES(CLS 04,4074891356,,,,FL,socrata:orlando_business_tax,,,,
standard,CLARENCE A GROSS/PEARLE VISION,4073520679,,,,FL,socrata:orlando_business_tax,,,,
standard,L J RUFFIN & ASSOCIATES,4072940092,,,,FL,socrata:orlando_business_tax,,,,
standard,LOPEZ PAINTING & HANDYMAN INC,4073838626,,,,FL,socrata:orlando_business_tax,,,,
standard,"THIGPEN, WHITNEY",4074269104,,,,FL,socrata:orlando_business_tax,,,,
standard,THE MOORE GROUP OF FLORIDA,4072829072,,,,FL,socrata:orlando_business_tax,,,,
standard,"LUCAS, MATTHEW W",4078882052,,,,FL,socrata:orlando_business_tax,,,,
standard,TAHRENCE KEITH GONZALEZ FLOOR,4076731264,,,,FL,socrata:orlando_business_tax,,,,
standard,HARBOR COMMUNITY BANK,4079631344,,,,FL,socrata:orlando_business_tax,,,,
standard,FLAVOURS OF INDIA,4072642877,,,,FL,socrata:orlando_business_tax,,,,
standard,FIRST TO THE FINISH COURIER SE,4073832264,,,,FL,socrata:orlando_business_tax,,,,
standard,IMPORT CASTLE FURNITURE,4078959233,,,,FL,socrata:orlando_business_tax,,,,
standard,JOSE LEVY LANDSCAPE,3212350393,,,,FL,socrata:orlando_business_tax,,,,
standard,"SESKO, ALAN D",4078969891,,,,FL,socrata:orlando_business_tax,,,,
standard,5TH ELEMENT,4072659691,,,,FL,socrata:orlando_business_tax,,,,
standard,BLUE MIRAGE,4078592325,,,,FL,socrata:orlando_business_tax,,,,
standard,"GARDNER, ANTOINETTE",4072942083,,,,FL,socrata:orlando_business_tax,,,,
standard,"DANIEL,THESINA CLAUDIA(CLOSED",4072488588,,,,FL,socrata:orlando_business_tax,,,,
standard,DONNELL CONSTRUCTION,4078943771,,,,FL,socrata:orlando_business_tax,,,,
standard,ROSIE KENDRICK LAWN MAINTENANC,4079826885,,,,FL,socrata:orlando_business_tax,,,,
standard,ZAHEDA RAMJIT CART COMPANY,4074431499,,,,FL,socrata:orlando_business_tax,,,,
standard,AARON SCHNEIDER,8505447349,,,,FL,socrata:orlando_business_tax,,,,
standard,CASH CORPORATION,4073523577,,,,FL,socrata:orlando_business_tax,,,,
standard,"JACKSON, GREGORY W",4073827606,,,,FL,socrata:orlando_business_tax,,,,
standard,"TORRES, ARLENE CLEANERS(CLS 05",4073769490,,,,FL,socrata:orlando_business_tax,,,,
standard,GENERAL TOUCHES INC,4076170295,,,,FL,socrata:orlando_business_tax,,,,
standard,PHASE 3 MINISTRIES A CORPOR,4076945190,,,,FL,socrata:orlando_business_tax,,,,
standard,ST AUGUSTIN,4072912082,,,,FL,socrata:orlando_business_tax,,,,
standard,DAVID'S ACRYLIC DECKS INC,4078287509,,,,FL,socrata:orlando_business_tax,,,,
standard,BRIARCLIFF LAWN & LANDSCAPE,4078966072,,,,FL,socrata:orlando_business_tax,,,,
standard,NICHOLS MEDIA GROUP LLC,4078769953,,,,FL,socrata:orlando_business_tax,,,,
standard,BILLYBANGZ INSTALLTION INC,4074350115,,,,FL,socrata:orlando_business_tax,,,,
standard,AMR PROPERTIES & MORTGAGE SERV,4073815647,,,,FL,socrata:orlando_business_tax,,,,
standard,"CURLEY, PAMELA/SMITH TODD",4078951177,,,,FL,socrata:orlando_business_tax,,,,
standard,INDEPENDENT PEDICAB COMPANY LL,3214380484,,,,FL,socrata:orlando_business_tax,,,,
standard,PAPUS TOUR CORP(CLS 05/03),4073452974,,,,FL,socrata:orlando_business_tax,,,,
standard,"ODOM, MARY S",2299850663,,,,FL,socrata:orlando_business_tax,,,,
standard,ISLAND ONE RESORTS/ATTN STAN W,4078434902,,,,FL,socrata:orlando_business_tax,,,,
standard,YOASHIE,4072943460,,,,FL,socrata:orlando_business_tax,,,,
standard,"CHATAU, STEPHANIE/STAR SOULS",4075997911,,,,FL,socrata:orlando_business_tax,,,,
standard,LHS CONSTRUCTION INC,3212318847,,,,FL,socrata:orlando_business_tax,,,,
standard,HUBERN SAMUELS UNITY,4079268596,,,,FL,socrata:orlando_business_tax,,,,
standard,800 MONEY FAST(TRNS TO 23268-1,4073545659,,,,FL,socrata:orlando_business_tax,,,,
standard,VICTOR RIVERA/ J & D FLORIDA,4079438966,,,,FL,socrata:orlando_business_tax,,,,
standard,TEMP SERVICES INC(CLS 02/04),9547641418,,,,FL,socrata:orlando_business_tax,,,,
standard,SGH LLC,4079299933,,,,FL,socrata:orlando_business_tax,,,,
standard,GOTHRIEL JOHNSON GOTCHA TASTEB,4075236833,,,,FL,socrata:orlando_business_tax,,,,
standard,"SCHUETT, JASON",3212359414,,,,FL,socrata:orlando_business_tax,,,,
standard,"SMITH, JULIA M",3212355500,,,,FL,socrata:orlando_business_tax,,,,
standard,FELICIA MEDLEY,4077562847,,,,FL,socrata:orlando_business_tax,,,,
standard,DEJA VU YOUR CONSIGNMENT SHOPP,4072903050,,,,FL,socrata:orlando_business_tax,,,,
standard,RAJPAUL BIPAT,8634273349,,,,FL,socrata:orlando_business_tax,,,,
standard,SPECTRUM AVP ORLANDO INC,3212516017,,,,FL,socrata:orlando_business_tax,,,,
standard,MCDONALDS #15907,4073843332,,,,FL,socrata:orlando_business_tax,,,,
standard,CONGO RIVER GOLF & EXPLORATION,6169419005,,,,FL,socrata:orlando_business_tax,,,,
standard,PARTS TRADING & SERVICE I,4078723892,,,,FL,socrata:orlando_business_tax,,,,
standard,JM PRO FLOORS INC,4074681603,,,,FL,socrata:orlando_business_tax,,,,
standard,ALL MY SONS MOVING & STORAGE O,4076500200,,,,FL,socrata:orlando_business_tax,,,,
standard,"SILVA, JOCIMAR FERNANDO",4073451479,,,,FL,socrata:orlando_business_tax,,,,
standard,"SANDERS, JENNIFER/DAVID'S",4078964051,,,,FL,socrata:orlando_business_tax,,,,
standard,FRAMEMASTERS GALLERY INC(TRN 2,4078940811,,,,FL,socrata:orlando_business_tax,,,,
standard,"DEMPS, REGINALD D",4079998907,,,,FL,socrata:orlando_business_tax,,,,
standard,FANTASY & FAUX INC(CLS 01/04),4076443489,,,,FL,socrata:orlando_business_tax,,,,
standard,CARIBBEAN PACIFIC NATURAL PROD,4072268889,,,,FL,socrata:orlando_business_tax,,,,
standard,PAVOL STANKAY/STANKAY ENGINEER,4072404402,,,,FL,socrata:orlando_business_tax,,,,
standard,PEOPLE PLEASERS,4073812306,,,,FL,socrata:orlando_business_tax,,,,
standard,TERRANCE H DITTMER PA,4073324922,,,,FL,socrata:orlando_business_tax,,,,
standard,RACK ROOM SHOES #780,7046336302,,,,FL,socrata:orlando_business_tax,,,,
standard,THE DELANEY CO (GA),4076486619,,,,FL,socrata:orlando_business_tax,,,,
standard,OFF BROADWAY SHOE WAREHOUS(CLS,7705650912,,,,FL,socrata:orlando_business_tax,,,,
standard,INNOVATIVE APPAREL LLC,4078569995,,,,FL,socrata:orlando_business_tax,,,,
standard,ISSACHER MORGAN CLEANING SERVI,4072905207,,,,FL,socrata:orlando_business_tax,,,,
standard,NARO USA INC(CLS 04/04),4072931382,,,,FL,socrata:orlando_business_tax,,,,
standard,ALPHABALLOONS(CLS 09/03),4078598287,,,,FL,socrata:orlando_business_tax,,,,
standard,JOVINO VALLEJOS LAWN MAINTENAN,4072074754,,,,FL,socrata:orlando_business_tax,,,,
standard,"RUSSE, JONATHAN(CLOSED BY INVO",4074456076,,,,FL,socrata:orlando_business_tax,,,,
standard,CENTRAL FLORIDA GASTROENTEROLO,4078777155,,,,FL,socrata:orlando_business_tax,,,,
standard,CREATIVE BODYWORKS,4078975377,,,,FL,socrata:orlando_business_tax,,,,
standard,KEVIN BARNES CONTRUCTIONS INC,4078165582,,,,FL,socrata:orlando_business_tax,,,,
standard,LAROCA BUILDING SERVICES (CLOS,4078965545,,,,FL,socrata:orlando_business_tax,,,,
standard,SUNSET MUSIC STREET MUSICIAN,4073786987,,,,FL,socrata:orlando_business_tax,,,,
standard,NUTRITIOUS LIFESTYLES INC,4078941444,,,,FL,socrata:orlando_business_tax,,,,
standard,"LAWING, STEVEN LAWN MAINTENANC",4072621111,,,,FL,socrata:orlando_business_tax,,,,
standard,CATHERINE SIMKHOVITCH & ASSOC,4075097743,,,,FL,socrata:orlando_business_tax,,,,
standard,M & M INVESTMENTS LLC,4075744866,,,,FL,socrata:orlando_business_tax,,,,
standard,CHRISTINE CHEW & ASSOCIATE INC,4078947259,,,,FL,socrata:orlando_business_tax,,,,
standard,COAST DENTAL LLC,4072938324,,,,FL,socrata:orlando_business_tax,,,,
standard,INERTIA ENTERTAINMENT INC,4072106627,,,,FL,socrata:orlando_business_tax,,,,
standard,UNITED PRINTING UNLIMITED,4078394884,,,,FL,socrata:orlando_business_tax,,,,
standard,CLEAN TEAM INC,4072493879,,,,FL,socrata:orlando_business_tax,,,,
standard,JOHN JENKINS JR,4078961251,,,,FL,socrata:orlando_business_tax,,,,
standard,GRABBER ORLANDO,4072977278,,,,FL,socrata:orlando_business_tax,,,,
standard,INFRASTRUCTURE CORP OF AMERICA,4074720750,,,,FL,socrata:orlando_business_tax,,,,
standard,EULALIA MEDINA JANITORIAL SERV,4077217961,,,,FL,socrata:orlando_business_tax,,,,
standard,ITAL YOUTHS CATERING & MORE,4072982075,,,,FL,socrata:orlando_business_tax,,,,
standard,DMM LAWN SERVICE,4076979228,,,,FL,socrata:orlando_business_tax,,,,
standard,BRIAN MD CONSULTING,4078969762,,,,FL,socrata:orlando_business_tax,,,,
standard,"KUKUK, ROSE",4077369657,,,,FL,socrata:orlando_business_tax,,,,
standard,PENGYUAN LLC,4076543891,,,,FL,socrata:orlando_business_tax,,,,
standard,JETPORT ENVIRONMENTAL INC,4078592100,,,,FL,socrata:orlando_business_tax,,,,
standard,LANIER PARKING SYSTEMS OF FLOR,4078398538,,,,FL,socrata:orlando_business_tax,,,,
standard,VENTURE BRICK COMPANY,4072959160,,,,FL,socrata:orlando_business_tax,,,,
standard,PALM BEACH ATLANTIC UNIVERSITY,5618032000,,,,FL,socrata:orlando_business_tax,,,,
standard,BERNIER HOME INVESTMENTS & HOM,4073845779,,,,FL,socrata:orlando_business_tax,,,,
standard,SAINT-JACQUES BOTANICA,4076509921,,,,FL,socrata:orlando_business_tax,,,,
standard,CARECO INSURANCE GROUP INC,4076575110,,,,FL,socrata:orlando_business_tax,,,,
standard,"HANDLEY, SUSAN",4078727397,,,,FL,socrata:orlando_business_tax,,,,
standard,MICHELLE C SKINNER,4072288405,,,,FL,socrata:orlando_business_tax,,,,
standard,SEVERINA CRISTINA RIVERA,4076823762,,,,FL,socrata:orlando_business_tax,,,,
standard,K & R INSTRUMENTS INC,4072947721,,,,FL,socrata:orlando_business_tax,,,,
standard,MAYHUES LEARNING CENTER,4072983593,,,,FL,socrata:orlando_business_tax,,,,
standard,DPH COLON AND RECTAL ASSOCIATE,4078967000,,,,FL,socrata:orlando_business_tax,,,,
standard,"FRANK, ANNE",4072989866,,,,FL,socrata:orlando_business_tax,,,,
standard,NICOLE L GENTILE/ TEDDER JAME,4078412050,,,,FL,socrata:orlando_business_tax,,,,
standard,MOISE MAXIME DBA JANI-KING,4074456168,,,,FL,socrata:orlando_business_tax,,,,
standard,SBC LONG DISTANCE,2102468754,,,,FL,socrata:orlando_business_tax,,,,
standard,MCI SALES AND SERVICE INC,8003900287,,,,FL,socrata:orlando_business_tax,,,,
standard,CREATING SPACES INC,4078945332,,,,FL,socrata:orlando_business_tax,,,,
standard,GUY GABALDON JR/ SMART MORTGAG,4078950011,,,,FL,socrata:orlando_business_tax,,,,
standard,PULMO-DOSE,4076485228,,,,FL,socrata:orlando_business_tax,,,,
standard,J & A AUTO REPAIR SERVICES INC,3528748674,,,,FL,socrata:orlando_business_tax,,,,
standard,"MOON, WALTER R",4078986600,,,,FL,socrata:orlando_business_tax,,,,
standard,"CHARGO, JOE DRYWALL FINISHER",4072821176,,,,FL,socrata:orlando_business_tax,,,,
standard,ALVINES AUTO REPAIR,4076488212,,,,FL,socrata:orlando_business_tax,,,,
standard,INTERNATIONAL CAN OF AMERICA I,4078984757,,,,FL,socrata:orlando_business_tax,,,,
standard,MICKEYS PLACE FOR AUTOMOTIVE R,4079576740,,,,FL,socrata:orlando_business_tax,,,,
standard,"RIFE, MARK D ESQ",4078966198,,,,FL,socrata:orlando_business_tax,,,,
standard,MCDUFFIE SEAFOOD & MORE,3522923377,,,,FL,socrata:orlando_business_tax,,,,
standard,"FARLESS, PATRICIA L/R & F",4078963850,,,,FL,socrata:orlando_business_tax,,,,
standard,"REED, CHRISTOPHER W OD/VISION",4072292292,,,,FL,socrata:orlando_business_tax,,,,
standard,MIC PROPERTY AND CASUALTY INSU,3132636963,,,,FL,socrata:orlando_business_tax,,,,
standard,KOFALA SERVICE CENTER,4077167325,,,,FL,socrata:orlando_business_tax,,,,
standard,FLORIDA COMMUNITY LOAN FUND IN,4072460846,,,,FL,socrata:orlando_business_tax,,,,
standard,ORLANDO WINTER PARK REALTY,4078418252,,,,FL,socrata:orlando_business_tax,,,,
standard,"ALBEKORD, HOSSEIN CRS GRI",4072773585,,,,FL,socrata:orlando_business_tax,,,,
standard,ADS ON HOLD(CLS 04/09/04),4075217774,,,,FL,socrata:orlando_business_tax,,,,
standard,STEAM MASTERS CARPET AND UPHOL,4073826818,,,,FL,socrata:orlando_business_tax,,,,
standard,"JOYEAU, HERMIN",3212974170,,,,FL,socrata:orlando_business_tax,,,,
standard,FLYING FOOD GROUP LLC,4078518297,,,,FL,socrata:orlando_business_tax,,,,
standard,"CLAYMAN, DARRELL A(CLOSED 04/1",4078944237,,,,FL,socrata:orlando_business_tax,,,,
standard,PERSONAL OFFICE WORKOUTS,4078965449,,,,FL,socrata:orlando_business_tax,,,,
standard,LIPORI MANUAL PHYSICAL THERAPY,4079636269,,,,FL,socrata:orlando_business_tax,,,,
standard,"ADDIOUI, FATIMA",4076161074,,,,FL,socrata:orlando_business_tax,,,,
standard,"WILLIAMS, ARTHUR JANITORIAL",4072979410,,,,FL,socrata:orlando_business_tax,,,,
standard,"GROSMAN, KURT E(10/17/03)",4078390600,,,,FL,socrata:orlando_business_tax,,,,
standard,NCOVENANT CONSTRUCTION & HANDY,4079258035,,,,FL,socrata:orlando_business_tax,,,,
standard,HAIRMASTERS # 60778,4073800073,,,,FL,socrata:orlando_business_tax,,,,
standard,"DIAZ,MARIAURORA(CLS 02/04)",4077181931,,,,FL,socrata:orlando_business_tax,,,,
standard,"WARMAN, DAVID",4076485338,,,,FL,socrata:orlando_business_tax,,,,
standard,ENTENSITY INC,3212930206,,,,FL,socrata:orlando_business_tax,,,,
standard,LEISURE BAY MANUFACTURING INC,4072102260,,,,FL,socrata:orlando_business_tax,,,,
standard,MICHAEL DERENTHAL/ DERENTAL,4079651919,,,,FL,socrata:orlando_business_tax,,,,
standard,"SMITH, GRAY R",4073135226,,,,FL,socrata:orlando_business_tax,,,,
standard,"NATION, ELRADO",4076508108,,,,FL,socrata:orlando_business_tax,,,,
standard,ESSENTIAL MARKETING CONCEPTS,4077600076,,,,FL,socrata:orlando_business_tax,,,,
standard,"FLORES, JEANETTE",4078431918,,,,FL,socrata:orlando_business_tax,,,,
standard,"HARPER JR, ROBERT J(TRN 24812-",4072938175,,,,FL,socrata:orlando_business_tax,,,,
standard,HEINMILLER HEATING & COOLING I,4078593416,,,,FL,socrata:orlando_business_tax,,,,
standard,BPR INVESTMENT INC,4079778415,,,,FL,socrata:orlando_business_tax,,,,
standard,FRAMES COM INC,2143439460,,,,FL,socrata:orlando_business_tax,,,,
standard,TEMPRANOS TILE INC,4072771644,,,,FL,socrata:orlando_business_tax,,,,
standard,ADVANTAGE AUTO SALES & LEASING,4075633751,,,,FL,socrata:orlando_business_tax,,,,
standard,"KLOTZ, ERIC(CLS 09/03)",4078129086,,,,FL,socrata:orlando_business_tax,,,,
standard,WORLDOFSTONES.NET,4072941831,,,,FL,socrata:orlando_business_tax,,,,
standard,MENUVANTAGE LLC,4078978533,,,,FL,socrata:orlando_business_tax,,,,
standard,HOPE FOR ALL LEARNING CENTER,4078438897,,,,FL,socrata:orlando_business_tax,,,,
standard,MR HOOK IT UP,4078968352,,,,FL,socrata:orlando_business_tax,,,,
standard,SHAW ENTERPRISE,4074273826,,,,FL,socrata:orlando_business_tax,,,,
standard,KENNETH BERRY CONSTRUCTION,3525045971,,,,FL,socrata:orlando_business_tax,,,,
standard,"WILCOXON, JOSEPH",4073800204,,,,FL,socrata:orlando_business_tax,,,,
standard,GREENSPOON MARDER LLP,3215581450,,,,FL,socrata:orlando_business_tax,,,,
standard,BEE TOTAL IMPORT & EXPORT INC,4072466677,,,,FL,socrata:orlando_business_tax,,,,
standard,SAVOY ORLANDO,4073832172,,,,FL,socrata:orlando_business_tax,,,,
standard,"WHITE, WILLIAM D",4078416673,,,,FL,socrata:orlando_business_tax,,,,
standard,HONG KONG TONGS BBQ,4078700866,,,,FL,socrata:orlando_business_tax,,,,
standard,CORPORATE LAW COUNSELORS PL(CL,4073104814,,,,FL,socrata:orlando_business_tax,,,,
standard,MEDIAMAXIM ADVERTISING,8885039463,,,,FL,socrata:orlando_business_tax,,,,
standard,VENDORELLI,4076457424,,,,FL,socrata:orlando_business_tax,,,,
standard,BLUE 4 U POOL SERVICE,4079707153,,,,FL,socrata:orlando_business_tax,,,,
standard,FLORIDA GYN GROUP PA,4078987151,,,,FL,socrata:orlando_business_tax,,,,
standard,MCAULIFFE LANDSCAPE SOLUTIONS,4078986435,,,,FL,socrata:orlando_business_tax,,,,
standard,MICHAEL J ORLANDO,4073519875,,,,FL,socrata:orlando_business_tax,,,,
standard,DYNAMICS INTERNATIONAL NETWORK,4077377581,,,,FL,socrata:orlando_business_tax,,,,
standard,SHORES MINI MART,4075785415,,,,FL,socrata:orlando_business_tax,,,,
standard,TARQUIN J ADAMS/TARQUIN J ADAM,4076280727,,,,FL,socrata:orlando_business_tax,,,,
standard,BLUE MARTINI ORLANDO LLC,4074472583,,,,FL,socrata:orlando_business_tax,,,,
standard,"RICHLIEU, JOHN",4072943973,,,,FL,socrata:orlando_business_tax,,,,
standard,BENJAMIN TRIBE INC,4076968085,,,,FL,socrata:orlando_business_tax,,,,
standard,T & T SPECIALTY SERVICES INC,4074487647,,,,FL,socrata:orlando_business_tax,,,,
standard,"DAVIS, RICK PAINTING",4073822125,,,,FL,socrata:orlando_business_tax,,,,
standard,PIECES OF COLOR,4078987575,,,,FL,socrata:orlando_business_tax,,,,
standard,BELINDA GARNER JANITORIAL SERV,4075321914,,,,FL,socrata:orlando_business_tax,,,,
standard,"ARIAS, AGUSTIN D(10/17/03)",4072730653,,,,FL,socrata:orlando_business_tax,,,,
standard,BURR & TYLER GRUNDEN FENCE MAS,4072280775,,,,FL,socrata:orlando_business_tax,,,,
standard,FANOK DESIGN,4073179084,,,,FL,socrata:orlando_business_tax,,,,
standard,J & J CREATIONS,4075234415,,,,FL,socrata:orlando_business_tax,,,,
standard,PRICE CONCRETE STUDIO,4074205854,,,,FL,socrata:orlando_business_tax,,,,
standard,"DON, BRUCE/BID",4075789311,,,,FL,socrata:orlando_business_tax,,,,
standard,EAGLE EYES TILE CORP,4073836267,,,,FL,socrata:orlando_business_tax,,,,
standard,WONDERFUL COUNSELOR & COMPANY,4072987249,,,,FL,socrata:orlando_business_tax,,,,
standard,NO LIMIT NO BOUNDARY ENTERPRIS,4072916469,,,,FL,socrata:orlando_business_tax,,,,
standard,HAMIDOU SY KING GALLERY,2164815894,,,,FL,socrata:orlando_business_tax,,,,
standard,AMERICANA MEDICAL CLINIC INC,4079472030,,,,FL,socrata:orlando_business_tax,,,,
standard,RICKY HAWKS JANITORIAL,3217467171,,,,FL,socrata:orlando_business_tax,,,,
standard,YAZ N JAZ,4072343598,,,,FL,socrata:orlando_business_tax,,,,
standard,J T H CONCRETE,4078720552,,,,FL,socrata:orlando_business_tax,,,,
standard,TIME OUT CAFE,4078765795,,,,FL,socrata:orlando_business_tax,,,,
standard,"HAGER, MARK SCREEN DESIGN",4073840996,,,,FL,socrata:orlando_business_tax,,,,
standard,PHO 97 VIETNAMESE NOODLES AND,4078950944,,,,FL,socrata:orlando_business_tax,,,,
standard,FLAMIN HOTDOGS,4078889590,,,,FL,socrata:orlando_business_tax,,,,
standard,HIGH SPEED SOLUTIONS LLC(TRN 2,4072280211,,,,FL,socrata:orlando_business_tax,,,,
standard,CHRISTY DISTRIBUTION CENTER IN,4078961800,,,,FL,socrata:orlando_business_tax,,,,
standard,"CURRIE, VIRGIL N SR CLEANING S",3212878640,,,,FL,socrata:orlando_business_tax,,,,
standard,LINDA T BUTLER EA,4077484293,,,,FL,socrata:orlando_business_tax,,,,
standard,WAVATRON(CLS 05/04),4073107516,,,,FL,socrata:orlando_business_tax,,,,
standard,ORLANDOJAMS INC,4072978537,,,,FL,socrata:orlando_business_tax,,,,
standard,TWO MEN AND A TRUCK,3212026271,,,,FL,socrata:orlando_business_tax,,,,
standard,ROYAL BEAUTY PLUS,4072532283,,,,FL,socrata:orlando_business_tax,,,,
standard,THE VENGARD GROUP LLC,4078438606,,,,FL,socrata:orlando_business_tax,,,,
standard,JENKINS ENTERPRISES,4078239621,,,,FL,socrata:orlando_business_tax,,,,
standard,THRELFALL FLOORING LLC,4075230963,,,,FL,socrata:orlando_business_tax,,,,
standard,NEW WAY ALPHA INC,3213036418,,,,FL,socrata:orlando_business_tax,,,,
standard,MAANAIM OF AMERICA CORP(CLS 02,4078590642,,,,FL,socrata:orlando_business_tax,,,,
standard,ATLANTIC SOUTHEAST DEVELOPMENT,4079262455,,,,FL,socrata:orlando_business_tax,,,,
standard,"JEPSON, MICA ROBERTSON (CLOSED",4072755190,,,,FL,socrata:orlando_business_tax,,,,
standard,AN UNCOMMON COMPANY,4074250488,,,,FL,socrata:orlando_business_tax,,,,
standard,YOUR ADDRESS PROFESSIONAL MASS,4072964898,,,,FL,socrata:orlando_business_tax,,,,
standard,FAMILY CLEANING SERVICES,4075329278,,,,FL,socrata:orlando_business_tax,,,,
standard,LEINDECKER SECURITY LLC,4078529400,,,,FL,socrata:orlando_business_tax,,,,
standard,FIRST OPTION REALTY INC,4075401154,,,,FL,socrata:orlando_business_tax,,,,
standard,2 EXTREME L & L CORP,4074217877,,,,FL,socrata:orlando_business_tax,,,,
standard,DEFAULT LINK INVESTIGATIONS IN,4077374155,,,,FL,socrata:orlando_business_tax,,,,
standard,SANDUNGUEO PARTY INC,4074055599,,,,FL,socrata:orlando_business_tax,,,,
standard,LA SHELL CLINIQUE SALON INC,4077215734,,,,FL,socrata:orlando_business_tax,,,,
standard,"THORNTON PARK CONSTRUCTION, LL",4077394100,,,,FL,socrata:orlando_business_tax,,,,
standard,MAPLE DISTRIBUTION CENTER LLC,4072971755,,,,FL,socrata:orlando_business_tax,,,,
standard,INFECTIOUS DISEASES ORLANDO PA,4078495008,,,,FL,socrata:orlando_business_tax,,,,
standard,GREEN CROSS PERSONNEL INC,4079266801,,,,FL,socrata:orlando_business_tax,,,,
standard,SECURAMERICA LLC,4074154311,,,,FL,socrata:orlando_business_tax,,,,
standard,HK FOOTWEAR INC,4072242658,,,,FL,socrata:orlando_business_tax,,,,
standard,CRYSTAL CLEANING INC,4078960387,,,,FL,socrata:orlando_business_tax,,,,
standard,SOW MAME MASS TRAIDING INTERNA,4045389815,,,,FL,socrata:orlando_business_tax,,,,
standard,MIAMI JET TOURS INC(TRN 20576-,3058633967,,,,FL,socrata:orlando_business_tax,,,,
standard,"LEE, VICTORIA M",4072461949,,,,FL,socrata:orlando_business_tax,,,,
standard,ELENA ESPINOZA WINDOW CLEANING,4073802285,,,,FL,socrata:orlando_business_tax,,,,
standard,HERNAN ZULETA DBA JANI KING(CL,4078962754,,,,FL,socrata:orlando_business_tax,,,,
standard,FULL CIRCLE ENTERPRISE INC,6785971266,,,,FL,socrata:orlando_business_tax,,,,
standard,SALON CIELO,4073700770,,,,FL,socrata:orlando_business_tax,,,,
standard,ECHEVARRIA CODILIS & STAWIARSK,8133422200,,,,FL,socrata:orlando_business_tax,,,,
standard,PURSES UNLIMITED LLC,4076946632,,,,FL,socrata:orlando_business_tax,,,,
standard,"POTTS, DODIE/THE DAY SPA",4073799973,,,,FL,socrata:orlando_business_tax,,,,
standard,MOVIE MOVERS INC(CLS 06/03),7036503378,,,,FL,socrata:orlando_business_tax,,,,
standard,SUNBODY TANNING INC,4072908267,,,,FL,socrata:orlando_business_tax,,,,
standard,"BEACH,JACQUELINE/STAR SOULS(CL",4072478316,,,,FL,socrata:orlando_business_tax,,,,
standard,ALAN K OPPEL,4077107903,,,,FL,socrata:orlando_business_tax,,,,
standard,I PAWS FOR A CAUSE(CLS 10/03),4078552885,,,,FL,socrata:orlando_business_tax,,,,
standard,SPECTRUM GLOBAL FINANCE INC,4076484199,,,,FL,socrata:orlando_business_tax,,,,
standard,POPCORN INITIATIVE INC,4072284879,,,,FL,socrata:orlando_business_tax,,,,
standard,COLLIER JAGUAR,4072971212,,,,FL,socrata:orlando_business_tax,,,,
standard,MEYER INTERNAL MEDICINE,4072973626,,,,FL,socrata:orlando_business_tax,,,,
standard,FLOORING SOLUTIONS LLC,4073450160,,,,FL,socrata:orlando_business_tax,,,,
standard,MAMA NEMS RESTURANT INC,4072537743,,,,FL,socrata:orlando_business_tax,,,,
standard,T&DS OFFICE CLEANING SERVICES,4074235633,,,,FL,socrata:orlando_business_tax,,,,
standard,AUTOMATED BUSINESS MACHINES OF,4072955972,,,,FL,socrata:orlando_business_tax,,,,
standard,ORLANDO MORTGAGE SOLUTIONS INC,4074932125,,,,FL,socrata:orlando_business_tax,,,,
standard,KANG'S JEWELRY,4075950650,,,,FL,socrata:orlando_business_tax,,,,
standard,NAILS PLUS,4076730156,,,,FL,socrata:orlando_business_tax,,,,
standard,VINTAGE COTTAGE APT HOMES AT V,4072439100,,,,FL,socrata:orlando_business_tax,,,,
standard,MARISA RAE COCHRANE/LARSEN &,4078416555,,,,FL,socrata:orlando_business_tax,,,,
standard,"RUBIN, JERRY A",4078762149,,,,FL,socrata:orlando_business_tax,,,,
standard,PINNACLE ALARM SYSTEM SOLUTION,3216890200,,,,FL,socrata:orlando_business_tax,,,,
standard,"GEORGIEVA, MARIA",4074455943,,,,FL,socrata:orlando_business_tax,,,,
standard,G & M SERVICES,4076484859,,,,FL,socrata:orlando_business_tax,,,,
standard,ELIO CARPET CORP,3214363010,,,,FL,socrata:orlando_business_tax,,,,
standard,FIRST MORTGAGE GROUP INC(TR 15,4074269502,,,,FL,socrata:orlando_business_tax,,,,
standard,"LEVIN, MICHAEL(CLOSED 04/27/04",4073524636,,,,FL,socrata:orlando_business_tax,,,,
standard,C SNOW INC,3212393096,,,,FL,socrata:orlando_business_tax,,,,
standard,"DRAVES, ALLAN C",4074222462,,,,FL,socrata:orlando_business_tax,,,,
standard,CHOICE GREETINGS & THINGS,4072979509,,,,FL,socrata:orlando_business_tax,,,,
standard,AUTO MOBILE SHOP INC,4072518201,,,,FL,socrata:orlando_business_tax,,,,
standard,"GERALD S LIVINGSTON, PA",4074222524,,,,FL,socrata:orlando_business_tax,,,,
standard,LIGHTNING STRIKES PRO SHOP INC,4073516262,,,,FL,socrata:orlando_business_tax,,,,
standard,JOSEFINA RIVERA HANDYWOMAN SER,4072776519,,,,FL,socrata:orlando_business_tax,,,,
standard,PAUL LOPEZ WINDOWS INC,4075218036,,,,FL,socrata:orlando_business_tax,,,,
standard,AVINYA DISTRIBUTORS INC,4078761163,,,,FL,socrata:orlando_business_tax,,,,
standard,HOME FRONT LENDING LLC,4078350099,,,,FL,socrata:orlando_business_tax,,,,
standard,SO FRESH & SO CLEAN(CLS 04/04),4072928556,,,,FL,socrata:orlando_business_tax,,,,
standard,GIFT OF GOLD(CLS 09/03),4075238248,,,,FL,socrata:orlando_business_tax,,,,
standard,JJ CONSTRUCTORS LLC,4074250053,,,,FL,socrata:orlando_business_tax,,,,
standard,REPUBLIC WESTERN INS CO,6022636755,,,,FL,socrata:orlando_business_tax,,,,
standard,MACOR REMODELING INC,4074630655,,,,FL,socrata:orlando_business_tax,,,,
standard,FLORIDA QUALITY INSPECTIONS IN,4074327916,,,,FL,socrata:orlando_business_tax,,,,
standard,JP CONSULTING & BUSINESS GROUP,4072106631,,,,FL,socrata:orlando_business_tax,,,,
standard,MARTYS DRYWALL SERVICE INC,4072944777,,,,FL,socrata:orlando_business_tax,,,,
standard,DRESSFLY.COM,4075215395,,,,FL,socrata:orlando_business_tax,,,,
standard,"BARNGROVER, NICOLE E (CLS 08/0",4079090739,,,,FL,socrata:orlando_business_tax,,,,
standard,GERALD X URRUTIA INC,3212288499,,,,FL,socrata:orlando_business_tax,,,,
standard,JAMES GARNER JR/RBC,4074283037,,,,FL,socrata:orlando_business_tax,,,,
standard,MARCIA PEREZ BEAUTY SPOT,3522433298,,,,FL,socrata:orlando_business_tax,,,,
standard,INVISION AUTOMOTIVE SYSTEMS IN,4072811305,,,,FL,socrata:orlando_business_tax,,,,
standard,MILLS SMITH LAWN CARE,4077602731,,,,FL,socrata:orlando_business_tax,,,,
standard,JOHNNY RHYMES LAWNS ETC,4073160322,,,,FL,socrata:orlando_business_tax,,,,
standard,ERA,4078967878,,,,FL,socrata:orlando_business_tax,,,,
standard,"NEWBERRY, JANE S",4078391508,,,,FL,socrata:orlando_business_tax,,,,
standard,PIXEL PERFECT CONVENTIONS(CLS,4072942888,,,,FL,socrata:orlando_business_tax,,,,
standard,"MCKENNA, CATHERINE SIRKIN/DELO",4072468221,,,,FL,socrata:orlando_business_tax,,,,
standard,IMTAZ ALLI CLEANING SERVICES,4078591029,,,,FL,socrata:orlando_business_tax,,,,
standard,COTTAGE INDUSTRIES,4078940738,,,,FL,socrata:orlando_business_tax,,,,
standard,SIGN A RAMA,4078492323,,,,FL,socrata:orlando_business_tax,,,,
standard,"VAZQUEZ, VALENTIN (TR-20341-29",4076580216,,,,FL,socrata:orlando_business_tax,,,,
standard,CASUAL MALE BIG & TALL #9483/T,4078986152,,,,FL,socrata:orlando_business_tax,,,,
standard,MARCUS D DOYLE/ VERACITY RESE,8006542185,,,,FL,socrata:orlando_business_tax,,,,
standard,T MOBILE,4079252008,,,,FL,socrata:orlando_business_tax,,,,
standard,FAITH CHRISTIAN UNIVERSITY,4076771179,,,,FL,socrata:orlando_business_tax,,,,
standard,R & D STRATEGIES LLC,4076686871,,,,FL,socrata:orlando_business_tax,,,,
standard,JAMES H MONROE PA,4078727447,,,,FL,socrata:orlando_business_tax,,,,
standard,COVENANT CLEANING SERVICES,4072471027,,,,FL,socrata:orlando_business_tax,,,,
standard,"JOHNSON,MATTIE M/HAIR DYNASTY",4072994263,,,,FL,socrata:orlando_business_tax,,,,
standard,ALONSO TILE INC,3212297480,,,,FL,socrata:orlando_business_tax,,,,
standard,SIBONEY BRIDAL & DRESS SHOP IN,4078953022,,,,FL,socrata:orlando_business_tax,,,,
standard,KANPAI OF TOKYO,4073524811,,,,FL,socrata:orlando_business_tax,,,,
standard,CATHERINE ANDREWS MD PA,4074239993,,,,FL,socrata:orlando_business_tax,,,,
standard,STUDIO 6 INC(CLS 04/03),4072928154,,,,FL,socrata:orlando_business_tax,,,,
standard,INTERNET MARKET INC(CLS 06/04),4075216635,,,,FL,socrata:orlando_business_tax,,,,
standard,RUVOLA INSTALLATION INC,4077613743,,,,FL,socrata:orlando_business_tax,,,,
standard,TORRIES BAIL BONDS,4075238249,,,,FL,socrata:orlando_business_tax,,,,
standard,BIG MIKES BAIL BONDS (CLOSED 0,4079486576,,,,FL,socrata:orlando_business_tax,,,,
standard,AMERISCAPES LANDSCAPE MANAGEME,4074677398,,,,FL,socrata:orlando_business_tax,,,,
standard,"GONZALEZ, LUIS",4073801719,,,,FL,socrata:orlando_business_tax,,,,
standard,SUNSTATE TEMPORARY AGENCY INC,4078966650,,,,FL,socrata:orlando_business_tax,,,,
standard,ATMOSPHERE LAMP,4078491703,,,,FL,socrata:orlando_business_tax,,,,
standard,TELISE L JOSEPH ROSE GARDEN,4078413905,,,,FL,socrata:orlando_business_tax,,,,
standard,P K HANDY (CLOSED 05/14/03),4072953997,,,,FL,socrata:orlando_business_tax,,,,
standard,EDWIN D MCDERMOTT PERSONAL TRA,4074967635,,,,FL,socrata:orlando_business_tax,,,,
standard,PATTIE BURNS,4072932750,,,,FL,socrata:orlando_business_tax,,,,
standard,KELVIN PEREZ DBA SERVICE ONE J,4075783669,,,,FL,socrata:orlando_business_tax,,,,
standard,MICHAEL SOFER/CENTRAL FLORIDA,4079206735,,,,FL,socrata:orlando_business_tax,,,,
standard,STOWELL BUILDERS INC,4078973779,,,,FL,socrata:orlando_business_tax,,,,
standard,CARLOS BARRIOS/BAKER BARRIOS A,4079263000,,,,FL,socrata:orlando_business_tax,,,,
standard,UNIVERSAL RESOURCES INC,4078973640,,,,FL,socrata:orlando_business_tax,,,,
standard,BERGMAN & ASSOCIATES INC,4076196400,,,,FL,socrata:orlando_business_tax,,,,
standard,"SIMON, ESAU JR",4074254535,,,,FL,socrata:orlando_business_tax,,,,
standard,ENTENMANNS BAKERY OF FL INC,4078986036,,,,FL,socrata:orlando_business_tax,,,,
standard,GAME CITY INC,4072307116,,,,FL,socrata:orlando_business_tax,,,,
standard,AT&T MOBILITY,6783207190,,,,FL,socrata:orlando_business_tax,,,,
standard,SELECT SPACE LOGISTICS COMPANY,4078551486,,,,FL,socrata:orlando_business_tax,,,,
standard,HANA TRADING LLC,4078938111,,,,FL,socrata:orlando_business_tax,,,,
standard,A J OGLESBY INC,4072779321,,,,FL,socrata:orlando_business_tax,,,,
standard,BEATRIZ CURET BURGOS/ LITTLE B,4076780372,,,,FL,socrata:orlando_business_tax,,,,
standard,CENTRAL FLORIDA ORIENTAL NOODL,4078394785,,,,FL,socrata:orlando_business_tax,,,,
standard,"MCKEE, MIKE",4078964522,,,,FL,socrata:orlando_business_tax,,,,
standard,"HENDRICK, RANDY/HENDRICK ROOFI",7275311025,,,,FL,socrata:orlando_business_tax,,,,
standard,"CAMBARERI, EDWARD",4079482723,,,,FL,socrata:orlando_business_tax,,,,
standard,FLORIDA INTERIOR TEXTILES,4076481666,,,,FL,socrata:orlando_business_tax,,,,
standard,LA BERL CREOL,4074269976,,,,FL,socrata:orlando_business_tax,,,,
standard,THE DOLLAR T STORE,4078772499,,,,FL,socrata:orlando_business_tax,,,,
standard,ENVIROMEDICTEAM,4078413011,,,,FL,socrata:orlando_business_tax,,,,
standard,LARRY GETER,9126748425,,,,FL,socrata:orlando_business_tax,,,,
standard,MS. J'S PIES(CLS 05/04),3213566912,,,,FL,socrata:orlando_business_tax,,,,
standard,AUTOMATED DESIGNS(CLOSED 05/29,4072821457,,,,FL,socrata:orlando_business_tax,,,,
standard,WENDY GORES WORLDWIDE TRAVEL(C,4072467055,,,,FL,socrata:orlando_business_tax,,,,
standard,JDROSARIO LLC,3216773140,,,,FL,socrata:orlando_business_tax,,,,
standard,DE SAI REALTY INC,3212390502,,,,FL,socrata:orlando_business_tax,,,,
standard,R DEVIE(CLS 02/04),4072984323,,,,FL,socrata:orlando_business_tax,,,,
standard,JVC APPRAISALS & HOME INSPECTI,4078940201,,,,FL,socrata:orlando_business_tax,,,,
standard,ABSOLUTE LAWNSCAPE  MAINTENANC,4072998387,,,,FL,socrata:orlando_business_tax,,,,
standard,KENNEDYS ALL AMERICAN BARBER C,4078958012,,,,FL,socrata:orlando_business_tax,,,,
standard,"MAXWELL II, CHARLES RAY",4072402666,,,,FL,socrata:orlando_business_tax,,,,
standard,JULIO BONILLA CABINETS,3219478299,,,,FL,socrata:orlando_business_tax,,,,
standard,SANFORD DIXSON SANFORD & SON,4072920990,,,,FL,socrata:orlando_business_tax,,,,
standard,SCREEN PROS OF ORLANDO INC,4072987212,,,,FL,socrata:orlando_business_tax,,,,
standard,ELLAS PLAN B LLC,4074669842,,,,FL,socrata:orlando_business_tax,,,,
standard,JUNE CARDIN REALTY CORP(CLS 10,4078541993,,,,FL,socrata:orlando_business_tax,,,,
standard,MARTA I SANCHEZ BORI MEX,4079631874,,,,FL,socrata:orlando_business_tax,,,,
standard,ABLEST INC,8138307700,,,,FL,socrata:orlando_business_tax,,,,
standard,MURALISTICALLY INCLINED INC,4079634427,,,,FL,socrata:orlando_business_tax,,,,
standard,SVF INSURANCE AGENCY LLC,4072995655,,,,FL,socrata:orlando_business_tax,,,,
standard,WHITE ACCOUNTING & TAX SERVICE,4078415624,,,,FL,socrata:orlando_business_tax,,,,
standard,"BOHALL, RHODORA D",4078946144,,,,FL,socrata:orlando_business_tax,,,,
standard,ALLIANCE TITLE SERVICE LTD,4075392620,,,,FL,socrata:orlando_business_tax,,,,
standard,MICHAEL SOMBECK/FLORIDA ONCOLO,3212853389,,,,FL,socrata:orlando_business_tax,,,,
standard,SANREMO SPECIALTY FOODS INC,4078597669,,,,FL,socrata:orlando_business_tax,,,,
standard,MEARS DESTINATION SERVICES,4072540266,,,,FL,socrata:orlando_business_tax,,,,
standard,BROOKS CONSULTING SERVICES(CLS,4072469376,,,,FL,socrata:orlando_business_tax,,,,
standard,L B QUALITY CORPORATION INC,4072229485,,,,FL,socrata:orlando_business_tax,,,,
standard,LEXON HOMES INC,4072964600,,,,FL,socrata:orlando_business_tax,,,,
standard,INTERNATIONAL STATION LTD,9012607230,,,,FL,socrata:orlando_business_tax,,,,
standard,JOANNE CAROLE PHOTOGRAPHY,4078969605,,,,FL,socrata:orlando_business_tax,,,,
standard,AMERICA VISA CENTER LLC,4078709300,,,,FL,socrata:orlando_business_tax,,,,
standard,PH CLEANERS(10/17/03),4074458506,,,,FL,socrata:orlando_business_tax,,,,
standard,DEB E S GRILL,3522435432,,,,FL,socrata:orlando_business_tax,,,,
standard,MITBRY CORP,4078577048,,,,FL,socrata:orlando_business_tax,,,,
standard,INTELLIORG INC,4072777400,,,,FL,socrata:orlando_business_tax,,,,
standard,"MCINTYRE, DEBBIE L",4072260707,,,,FL,socrata:orlando_business_tax,,,,
standard,C & S SUPPLY OF ORLANDO INC(TR,4072758217,,,,FL,socrata:orlando_business_tax,,,,
standard,TOP NOTCH LAWN CARE INC(02-04,4072946875,,,,FL,socrata:orlando_business_tax,,,,
standard,UNLIMITED FASHIONS(CLS 02/04),4075210830,,,,FL,socrata:orlando_business_tax,,,,
standard,ANTHONY GOMES,8888885960,,,,FL,socrata:orlando_business_tax,,,,
standard,MILLENNIA GROCERIES LLC,4073522294,,,,FL,socrata:orlando_business_tax,,,,
standard,ANTIQUE EMPORIUM ON CHURCH ST,4078490553,,,,FL,socrata:orlando_business_tax,,,,
standard,THINGS MADE OF WOOL,4078989595,,,,FL,socrata:orlando_business_tax,,,,
standard,GOLD & SILVER FASHIONS,4076887366,,,,FL,socrata:orlando_business_tax,,,,
standard,THE FRANZ CENTER PA,4078592147,,,,FL,socrata:orlando_business_tax,,,,
standard,UNITED SECURITY ASSUANCE COMPA,2157233044,,,,FL,socrata:orlando_business_tax,,,,
standard,GB MEDICAL CENTER INC,4074230102,,,,FL,socrata:orlando_business_tax,,,,
standard,"YOUNG, LORETTA GIFTS & THINGS",4072968697,,,,FL,socrata:orlando_business_tax,,,,
standard,"CAPPER, JOSHUA J",4076172593,,,,FL,socrata:orlando_business_tax,,,,
standard,ALL SERVICE ELECTRIC OF ORLAND,4072683565,,,,FL,socrata:orlando_business_tax,,,,
standard,GALLEGOS LIGHTING DESIGN,4074204011,,,,FL,socrata:orlando_business_tax,,,,
standard,WEIGTH WATCHERS NORTH AMERICA,4078751751,,,,FL,socrata:orlando_business_tax,,,,
standard,JOHNNY MCCOY MAINTENANCE,3212355019,,,,FL,socrata:orlando_business_tax,,,,
standard,URBAN REALTY GROUP INC,4077706966,,,,FL,socrata:orlando_business_tax,,,,
standard,STAR MARKETING,4072752594,,,,FL,socrata:orlando_business_tax,,,,
standard,BEST SIDING CONSTRUCTION INC,4074660456,,,,FL,socrata:orlando_business_tax,,,,
standard,BILLIARD DISTRIBUTORS OF FLORI,4074228004,,,,FL,socrata:orlando_business_tax,,,,
standard,WELDON PARTS INC,4072988240,,,,FL,socrata:orlando_business_tax,,,,
standard,TREE REALTY,4078982985,,,,FL,socrata:orlando_business_tax,,,,
standard,LUNA LINK SERVICES,4073511507,,,,FL,socrata:orlando_business_tax,,,,
standard,"LEBRON, VICTOR & VICTOR M",4073489521,,,,FL,socrata:orlando_business_tax,,,,
standard,ORLANDO TRANSPORTATION SPECIAL,4074821150,,,,FL,socrata:orlando_business_tax,,,,
standard,J & E QUALITY CONSTRUCTION INC,3216629673,,,,FL,socrata:orlando_business_tax,,,,
standard,STATEWIDE PRISONER EXTRADITION,4073424551,,,,FL,socrata:orlando_business_tax,,,,
standard,AIR ORLANDO CHARTER INC(TRANS,4078961368,,,,FL,socrata:orlando_business_tax,,,,
standard,JEANNINE CIERIS SHAVED ICE,3219390657,,,,FL,socrata:orlando_business_tax,,,,
standard,CARPET ONE,4075660401,,,,FL,socrata:orlando_business_tax,,,,
standard,S & J POOLS INC,4073985257,,,,FL,socrata:orlando_business_tax,,,,
standard,RAFAEL RODRIGUEZ KING CHURROS,4077369562,,,,FL,socrata:orlando_business_tax,,,,
standard,R & P CERAMIC & MARBLE INSTALL,4074673796,,,,FL,socrata:orlando_business_tax,,,,
standard,INTERAMERICA TRADING,4073813184,,,,FL,socrata:orlando_business_tax,,,,
standard,"WERK, LLOYD N MD/ORHS",4078263041,,,,FL,socrata:orlando_business_tax,,,,
standard,A J LILLUN(CLS 04/04),4078349428,,,,FL,socrata:orlando_business_tax,,,,
standard,A & A EXPRESS DELIVERY INC,4078555717,,,,FL,socrata:orlando_business_tax,,,,
standard,WALTONS AUTOMART,4076496484,,,,FL,socrata:orlando_business_tax,,,,
standard,GIUBERTI CARPETS WORK SHOP INC,7742441341,,,,FL,socrata:orlando_business_tax,,,,
standard,ORLANDO REAL ESTATE PROFESSION,4073987250,,,,FL,socrata:orlando_business_tax,,,,
standard,KAPOOR & ASSOCIATES INC,4049958438,,,,FL,socrata:orlando_business_tax,,,,
standard,PAYLESS SHOESOURCE #5261(TRANS,9132335171,,,,FL,socrata:orlando_business_tax,,,,
standard,MARY MCKENNEY,4078985729,,,,FL,socrata:orlando_business_tax,,,,
standard,CARTRIDGE WORLD BAY HILL,4072991790,,,,FL,socrata:orlando_business_tax,,,,
standard,PARADISE DESIGN & CONSTRUCTION,4072939829,,,,FL,socrata:orlando_business_tax,,,,
standard,PROVINCIAL TITLE LLC,4074938215,,,,FL,socrata:orlando_business_tax,,,,
standard,LIST MANAGEMENT SERVICES INC,4078764208,,,,FL,socrata:orlando_business_tax,,,,
standard,ENTERTAINMENT RETAIL ENTERPRIS,4076496552,,,,FL,socrata:orlando_business_tax,,,,
standard,LAW OFFICES OF CHARLES A BARFI,4068862792,,,,FL,socrata:orlando_business_tax,,,,
standard,TERESA SWIFT BEERS,4076484729,,,,FL,socrata:orlando_business_tax,,,,
standard,SILK ORCHID DISPLAYS,4076481022,,,,FL,socrata:orlando_business_tax,,,,
standard,BEEF O BRADYS,4073848743,,,,FL,socrata:orlando_business_tax,,,,
standard,"NATIVIDAD, DEBORAH LEE (CLS 04",4072531269,,,,FL,socrata:orlando_business_tax,,,,
standard,A TEAM REMODELING & REPAIR,4079480591,,,,FL,socrata:orlando_business_tax,,,,
standard,GARRISON PLANTS & POTTERY,8123760886,,,,FL,socrata:orlando_business_tax,,,,
standard,"ALMAGER,ROBERTO HANDYMAN",4078976687,,,,FL,socrata:orlando_business_tax,,,,
standard,GOOD HOMES PROFESIONAL GROUP I,4072923585,,,,FL,socrata:orlando_business_tax,,,,
standard,SHERRY'S PERFECT TOUCH CLEANIN,4072970360,,,,FL,socrata:orlando_business_tax,,,,
standard,BEST WESTERN UNIVERSAL INN,4072269119,,,,FL,socrata:orlando_business_tax,,,,
standard,WILLIAM SCARPELLI,4074268318,,,,FL,socrata:orlando_business_tax,,,,
standard,"CHARBUNNEAU, SAMANTHA L",4078808587,,,,FL,socrata:orlando_business_tax,,,,
standard,SISNES CONSTRUCTION STUCCO INC,4079251312,,,,FL,socrata:orlando_business_tax,,,,
standard,ORLANDOS AUTO EXCHANGE INC,4072968911,,,,FL,socrata:orlando_business_tax,,,,
standard,FOUNTAIN DESIGN GROUP INC,5619943939,,,,FL,socrata:orlando_business_tax,,,,
standard,POLO RALPH LAUREN,2015316830,,,,FL,socrata:orlando_business_tax,,,,
standard,MIKE CANNON CONSTRUCTION(CLS 0,4072072876,,,,FL,socrata:orlando_business_tax,,,,
standard,MONTEGO BAY TANNING SALON(CLS,4073488913,,,,FL,socrata:orlando_business_tax,,,,
standard,E & T DISTANCE LEARNING CENTER,4073559220,,,,FL,socrata:orlando_business_tax,,,,
standard,LEYDY & JAMES GUTIERREZ CLEANI,4075324697,,,,FL,socrata:orlando_business_tax,,,,
standard,S C V CONSTRUCTION INC,4079030393,,,,FL,socrata:orlando_business_tax,,,,
standard,ORLANDO WORLD EXPRESS INC,4074962227,,,,FL,socrata:orlando_business_tax,,,,
standard,WINDSOCK,4078942510,,,,FL,socrata:orlando_business_tax,,,,
standard,ALBA DIAZ VAILENCIA FASHIONS,4077299338,,,,FL,socrata:orlando_business_tax,,,,
standard,"PERCOSKIE, LUANN(CLS 05/04)",4073809555,,,,FL,socrata:orlando_business_tax,,,,
standard,MIAMI JET TOURS INC,3212288235,,,,FL,socrata:orlando_business_tax,,,,
standard,GOOD SAMARITAN PRODUCE,4072530841,,,,FL,socrata:orlando_business_tax,,,,
standard,QUIZNOS #7658,4073631140,,,,FL,socrata:orlando_business_tax,,,,
standard,KENNETH STUMPF,4074920647,,,,FL,socrata:orlando_business_tax,,,,
standard,PARK WINE MERCHANTS LLC,4073839463,,,,FL,socrata:orlando_business_tax,,,,
standard,RODRIGUESS PHOTOGRAPHY(CLOSED,3212296998,,,,FL,socrata:orlando_business_tax,,,,
standard,EXTASEA DIVE CENTER,4072905200,,,,FL,socrata:orlando_business_tax,,,,
standard,WALGREENS HEALTHCARE PLUS,8009992655,,,,FL,socrata:orlando_business_tax,,,,
standard,ASCENSION CUSTOM DERMAGRAPHIC,4078982013,,,,FL,socrata:orlando_business_tax,,,,
standard,RYAN BROGAN,4078968099,,,,FL,socrata:orlando_business_tax,,,,
standard,DESIGNED 4 U,4078559965,,,,FL,socrata:orlando_business_tax,,,,
standard,CENTRAL FLORIDA LAWN WORKS INC,4074253040,,,,FL,socrata:orlando_business_tax,,,,
standard,MICHAEL OSTHEIM PAINTING & REN,4076186427,,,,FL,socrata:orlando_business_tax,,,,
standard,M&M HOME IMPROVEMENTS OF ORLAN,4075920265,,,,FL,socrata:orlando_business_tax,,,,
standard,ZNOPIA TRANSPORTATION,4074890228,,,,FL,socrata:orlando_business_tax,,,,
standard,"MALDONADO, DIANA",3212176112,,,,FL,socrata:orlando_business_tax,,,,
standard,JFB PROPERTIES INC,4073635338,,,,FL,socrata:orlando_business_tax,,,,
standard,CHARLIES GOURMET GRILL,4079771040,,,,FL,socrata:orlando_business_tax,,,,
standard,MAGIC REPORTING INC,4077484775,,,,FL,socrata:orlando_business_tax,,,,
standard,ADVANCED COATINGS INC,4077918084,,,,FL,socrata:orlando_business_tax,,,,
standard,7D PRODUCTION LLC,4078571014,,,,FL,socrata:orlando_business_tax,,,,
standard,SOUTHEAST ATLANTIC SERVICES IN,3216637396,,,,FL,socrata:orlando_business_tax,,,,
standard,BALLENTINE ELECTRIC INC,4074669818,,,,FL,socrata:orlando_business_tax,,,,
standard,GARFIELD PLUMBING LLC,4074351404,,,,FL,socrata:orlando_business_tax,,,,
standard,MCBLUE CORPORATION,3212930282,,,,FL,socrata:orlando_business_tax,,,,
standard,PHOTO SCIENCE,4075212262,,,,FL,socrata:orlando_business_tax,,,,
standard,BAM CLEANING SERVICES INC,4072498928,,,,FL,socrata:orlando_business_tax,,,,
standard,FUTURE WIRELESS,3527878333,,,,FL,socrata:orlando_business_tax,,,,
standard,HERITAGE PAPER CO INC,9047376603,,,,FL,socrata:orlando_business_tax,,,,
standard,ALDOS FINE JEWELRY,4076770759,,,,FL,socrata:orlando_business_tax,,,,
standard,THOMASON AUTOMOTIVE INC,4078976293,,,,FL,socrata:orlando_business_tax,,,,
standard,"OWENS, KATHY",4075217338,,,,FL,socrata:orlando_business_tax,,,,
standard,CHARLES PATRICK LAWN CARE,4072274430,,,,FL,socrata:orlando_business_tax,,,,
standard,MEF CONSTRUCTION INC(CLS 02/04,4078885759,,,,FL,socrata:orlando_business_tax,,,,
standard,MIGUEL A ROMERO LAW OFFICE,3212350247,,,,FL,socrata:orlando_business_tax,,,,
standard,ROYLANCE & ASSOCIATES INC,4072968811,,,,FL,socrata:orlando_business_tax,,,,
standard,SANTOS HUGO SALLES PADOVAN(CLS,4078357917,,,,FL,socrata:orlando_business_tax,,,,
standard,BY BRADSHAW INC (TRNS TO 15268,4072946848,,,,FL,socrata:orlando_business_tax,,,,
standard,EAST COAST SUPPLY CORP(CLOSED,4078413382,,,,FL,socrata:orlando_business_tax,,,,
standard,"BRENES, MINOR",4073107897,,,,FL,socrata:orlando_business_tax,,,,
standard,PIEDMONT 200 & 250 SOUTH ORANGE AVENUE LLC,4076490036,,,,FL,socrata:orlando_business_tax,,,,
standard,WILSON LIFE STYLE CORP,4072948110,,,,FL,socrata:orlando_business_tax,,,,
standard,GEEKS ON CALL,4072811044,,,,FL,socrata:orlando_business_tax,,,,
standard,THUNDER AUTOMOTIVE,4074258841,,,,FL,socrata:orlando_business_tax,,,,
standard,SWATWORKOUT.COM(CLOSED 05/20/0,4078763931,,,,FL,socrata:orlando_business_tax,,,,
standard,EARTHGRAINS BAKING COMPANIES I,4078721784,,,,FL,socrata:orlando_business_tax,,,,
standard,TCENTERPRISES(CLS 12/03),4074234157,,,,FL,socrata:orlando_business_tax,,,,
standard,INTERNATIONAL PORTFOLIO GALLER,4074222902,,,,FL,socrata:orlando_business_tax,,,,
standard,BAILEYS BARGAIN BASEMENT,3216631948,,,,FL,socrata:orlando_business_tax,,,,
standard,PUBLIC STRATEGIES INC,5124748848,,,,FL,socrata:orlando_business_tax,,,,
standard,CFI SALES & MARKETING LTD,4073526690,,,,FL,socrata:orlando_business_tax,,,,
standard,L & E ENTERPRISE,4078410364,,,,FL,socrata:orlando_business_tax,,,,
standard,"HOLY, JENNIFER/SHINE SALON",4078945885,,,,FL,socrata:orlando_business_tax,,,,
standard,HUBER GROUP LLC,4078765028,,,,FL,socrata:orlando_business_tax,,,,
standard,INVISION DIGITAL & MEDIA ARTS,4079700776,,,,FL,socrata:orlando_business_tax,,,,
standard,QUALITY CUTS LANDSCAPING(CLS 0,4078412235,,,,FL,socrata:orlando_business_tax,,,,
standard,"BLACKWOOD, MARY M",4075925949,,,,FL,socrata:orlando_business_tax,,,,
standard,CAMP SOLUTIONS INC,4077361253,,,,FL,socrata:orlando_business_tax,,,,
standard,AVALON NATIONAL RESTORATION SE,4078968942,,,,FL,socrata:orlando_business_tax,,,,
standard,REDWOOD LAWNCARE SERVICES,4076665697,,,,FL,socrata:orlando_business_tax,,,,
standard,LOW CARB GROCERY,4076447237,,,,FL,socrata:orlando_business_tax,,,,
standard,"BOSSOLANI, MARCELO",4072995313,,,,FL,socrata:orlando_business_tax,,,,
standard,CONDREY RESTAURANT CONSULTING,4078960607,,,,FL,socrata:orlando_business_tax,,,,
standard,SAHARA BAGS INTERNATIONAL LLC,4078599571,,,,FL,socrata:orlando_business_tax,,,,
standard,DESTINY FINANCIAL INSIGHTS COR,4078594885,,,,FL,socrata:orlando_business_tax,,,,
standard,DESTINY NIGHTCLUB,4073527727,,,,FL,socrata:orlando_business_tax,,,,
standard,SUN NATIONAL LLC,4078972074,,,,FL,socrata:orlando_business_tax,,,,
standard,RENOVATIVE SERVICES,4078943262,,,,FL,socrata:orlando_business_tax,,,,
standard,E COLONIAL CHIROPRACTIC & REHA,4072883949,,,,FL,socrata:orlando_business_tax,,,,
standard,MIDDLEBROOK FARMS APARTMENTS,4079967000,,,,FL,socrata:orlando_business_tax,,,,
standard,PINNACLE TAX SERVICES,4079245480,,,,FL,socrata:orlando_business_tax,,,,
standard,DAVID TAYLOR BLUEGRASS LAWN CA,4072943739,,,,FL,socrata:orlando_business_tax,,,,
standard,RUSSCHELL CROMARTIE CLEANING S,4072922397,,,,FL,socrata:orlando_business_tax,,,,
standard,SCOTT DEARDUFF,4078492462,,,,FL,socrata:orlando_business_tax,,,,
standard,ITALIAN VILLAGE PIZZA,4072929900,,,,FL,socrata:orlando_business_tax,,,,
standard,FLORIDA TITLE & GUARANTEE,4073521998,,,,FL,socrata:orlando_business_tax,,,,
standard,LEIGH C WHITE/WOMENS CARE FLOR,4072968044,,,,FL,socrata:orlando_business_tax,,,,
standard,JEAN R BASSY CARPENTRY,4078419964,,,,FL,socrata:orlando_business_tax,,,,
standard,NATIONS TITLE AGENCY OF FL INC,4079264035,,,,FL,socrata:orlando_business_tax,,,,
standard,A DRAMATIC CHANGE INC,4078982600,,,,FL,socrata:orlando_business_tax,,,,
standard,WASTE PRO OF FLORIDA INC,4077740800,,,,FL,socrata:orlando_business_tax,,,,
standard,BASIL GORDON TRANSPORTATION SE,4076545558,,,,FL,socrata:orlando_business_tax,,,,
standard,TECNODIESEL INC,4076778896,,,,FL,socrata:orlando_business_tax,,,,
standard,COMPREHENSIVE SLEEP DISORDER C,4076797510,,,,FL,socrata:orlando_business_tax,,,,
standard,TEMPTING TREATS OF COLLEGE PAR,4074223090,,,,FL,socrata:orlando_business_tax,,,,
standard,DIENHART INC,3216955369,,,,FL,socrata:orlando_business_tax,,,,
standard,MILTON FRAGA LEITAO & MARIA DO,4072533765,,,,FL,socrata:orlando_business_tax,,,,
standard,OMNI-HORIZONS INC,4072120142,,,,FL,socrata:orlando_business_tax,,,,
standard,PURE PANACHE  (CLS 08/03),4079997870,,,,FL,socrata:orlando_business_tax,,,,
standard,"SIMMONS,LARRY(CLS 09/03)",4078890029,,,,FL,socrata:orlando_business_tax,,,,
standard,CM SOLUTIONS & PROJECTS CORP,4073407165,,,,FL,socrata:orlando_business_tax,,,,
standard,REMARKABLE PRODUCTS INC,4073480703,,,,FL,socrata:orlando_business_tax,,,,
standard,RPS TRUCKING COMPANY,4079480110,,,,FL,socrata:orlando_business_tax,,,,
standard,OUSMAN MARTIN,6785589650,,,,FL,socrata:orlando_business_tax,,,,
standard,"RUBIO, MISTER(CLOSED PER RENEW",4073131041,,,,FL,socrata:orlando_business_tax,,,,
standard,GERHARTZ & ASSOCIATES(CLS 09/0,4074227021,,,,FL,socrata:orlando_business_tax,,,,
standard,G T D DELIVERY SERVICE INC,4078253518,,,,FL,socrata:orlando_business_tax,,,,
standard,JCJ DIGITAL EVENTS,4074897820,,,,FL,socrata:orlando_business_tax,,,,
standard,P & L RELIABLE TRUCKING,4078978186,,,,FL,socrata:orlando_business_tax,,,,
standard,UNITED WORLD SOCCER INC,4074973900,,,,FL,socrata:orlando_business_tax,,,,
standard,AACTION HOMES(TR-23980-1 9/16/,4074454987,,,,FL,socrata:orlando_business_tax,,,,
standard,MLM-MARTIN ARCHITECTS INC,4078982020,,,,FL,socrata:orlando_business_tax,,,,
standard,ART TESTED GRAPHICS INC,4074228211,,,,FL,socrata:orlando_business_tax,,,,
standard,CHERIE RIVETT & ASSOCIATES,4074704246,,,,FL,socrata:orlando_business_tax,,,,
standard,DENISE S CLARK/DELANEY PARK FA,4079773851,,,,FL,socrata:orlando_business_tax,,,,
standard,HASSEN SOUDA ENTERPRISES,4073347939,,,,FL,socrata:orlando_business_tax,,,,
standard,GRYPHON PRESS,4078957504,,,,FL,socrata:orlando_business_tax,,,,
standard,MEDICAL SOLUTIONS OF CENTRAL F,4072452977,,,,FL,socrata:orlando_business_tax,,,,
standard,TINA T BOLLET/JCPENNY,4078949369,,,,FL,socrata:orlando_business_tax,,,,
standard,ARIES ENTERPRISES(CLS 05/04),4076497959,,,,FL,socrata:orlando_business_tax,,,,
standard,MASC DATA SYSTEMS OF ORLANDO,4073540061,,,,FL,socrata:orlando_business_tax,,,,
standard,INSTALLATION SERVICE GROUP LLC,4079961039,,,,FL,socrata:orlando_business_tax,,,,
standard,JD GENERAL HANDYMAN INC(CLOSED,4079292824,,,,FL,socrata:orlando_business_tax,,,,
standard,"KAICHEN, DAVID LAB WORKS",4073801897,,,,FL,socrata:orlando_business_tax,,,,
standard,"TEHRANI, BETTY AMELIA/AMERICAS",4078960345,,,,FL,socrata:orlando_business_tax,,,,
standard,INTEGRITY INSURANCE & FINANCIA,4078124689,,,,FL,socrata:orlando_business_tax,,,,
standard,SUNNY KIM ENTERPRISES INC,4078140839,,,,FL,socrata:orlando_business_tax,,,,
standard,BRIAN DRONE PAINTING,4074385140,,,,FL,socrata:orlando_business_tax,,,,
standard,UK CONNECTION INC,4078973533,,,,FL,socrata:orlando_business_tax,,,,
standard,AARONS SALES AND LEASE OWNERSH,4072070411,,,,FL,socrata:orlando_business_tax,,,,
standard,MAUREEN AVA BUGARIN-DURLEY,4072545090,,,,FL,socrata:orlando_business_tax,,,,
standard,EVERYONES YOUTH UNITED INC,7278245443,,,,FL,socrata:orlando_business_tax,,,,
standard,HARMONY RETIREMENT LIVING INC,4078983371,,,,FL,socrata:orlando_business_tax,,,,
standard,GROUND CLEANING SERVICES LLC,3212460230,,,,FL,socrata:orlando_business_tax,,,,
standard,FILLMORE WYNTER LANDSCAPING,4075179520,,,,FL,socrata:orlando_business_tax,,,,
standard,SAYAGO INC,4078966188,,,,FL,socrata:orlando_business_tax,,,,
standard,I BELIEVE CORP,9192743331,,,,FL,socrata:orlando_business_tax,,,,
standard,SPORTS MANIA,9046423991,,,,FL,socrata:orlando_business_tax,,,,
standard,SENTINEL FIRE PROTECTION INC,4234767570,,,,FL,socrata:orlando_business_tax,,,,
standard,A TO Z DRYWALL INC,4072672737,,,,FL,socrata:orlando_business_tax,,,,
standard,PITA PIT,4077187427,,,,FL,socrata:orlando_business_tax,,,,
standard,STONES DESIGN GROUP INC,4074269447,,,,FL,socrata:orlando_business_tax,,,,
standard,MOUNT MORIAH SUPREME COUNSEL I,4079294509,,,,FL,socrata:orlando_business_tax,,,,
standard,SUPERIOR COMMERCIAL ROOFING CO,7708258005,,,,FL,socrata:orlando_business_tax,,,,
standard,B & B CONCEPT FLOORING INC(CLS,4073820937,,,,FL,socrata:orlando_business_tax,,,,
standard,LISA ANN WEST/LISA WEST HAIR D,4072999748,,,,FL,socrata:orlando_business_tax,,,,
standard,"GILLESPIE, DAVID P",4074231009,,,,FL,socrata:orlando_business_tax,,,,
standard,OCMG SYSTEMS INC,4078989526,,,,FL,socrata:orlando_business_tax,,,,
standard,TOY RAY GUN LLC,4078414844,,,,FL,socrata:orlando_business_tax,,,,
standard,"WHIDBY, WILLIAM T/STAR SOULS(C",4073439247,,,,FL,socrata:orlando_business_tax,,,,
standard,"TROJAN, JAMES W",4073135356,,,,FL,socrata:orlando_business_tax,,,,
standard,"MOUNTS, CARINA(CLS 10/03)",4078504665,,,,FL,socrata:orlando_business_tax,,,,
standard,GREEN PLANET LANDSCAPE INC,4078557865,,,,FL,socrata:orlando_business_tax,,,,
standard,QUALITY AIR CONTROL INC,4072825234,,,,FL,socrata:orlando_business_tax,,,,
standard,MEZA & REYES STUCCO INC,4077193276,,,,FL,socrata:orlando_business_tax,,,,
standard,SATELLITE CITY INC(CLS 04/04),4078950804,,,,FL,socrata:orlando_business_tax,,,,
standard,VISIONETWORKS COMPUTER SERVICE,4072480196,,,,FL,socrata:orlando_business_tax,,,,
standard,ASCENSION FINANCIAL SERVICES I,3213865027,,,,FL,socrata:orlando_business_tax,,,,
standard,JOHN J RISTICK,4075565509,,,,FL,socrata:orlando_business_tax,,,,
standard,MC TILING & INSTALLATION INC,4072532086,,,,FL,socrata:orlando_business_tax,,,,
standard,TRUST BRICK PAVERS INC(CLS 03/,4074251976,,,,FL,socrata:orlando_business_tax,,,,
standard,BZ DISTRIBUTION,4072510481,,,,FL,socrata:orlando_business_tax,,,,
standard,DREW MEDICAL INC,4073636700,,,,FL,socrata:orlando_business_tax,,,,
standard,GIFTS MART,4073973366,,,,FL,socrata:orlando_business_tax,,,,
standard,CHEVRON SERVICES #0712(CLS 06/,4078625888,,,,FL,socrata:orlando_business_tax,,,,
standard,KAMBUCK RESOURCES INC (CLS 08/,4076783836,,,,FL,socrata:orlando_business_tax,,,,
standard,A BRITER GLO,4076480007,,,,FL,socrata:orlando_business_tax,,,,
standard,LAW OFFICES OF DEAINA M BROWN,5613467542,,,,FL,socrata:orlando_business_tax,,,,
standard,MICHAEL TIMMEL/WINDER,4078777823,,,,FL,socrata:orlando_business_tax,,,,
standard,AIDS RESOURCE ALLIANCE,4078942233,,,,FL,socrata:orlando_business_tax,,,,
standard,WILLIE E BURNS CLEANING SERVIC,4072955170,,,,FL,socrata:orlando_business_tax,,,,
standard,ABIO INC,4079235851,,,,FL,socrata:orlando_business_tax,,,,
standard,ST JOE COMMERCIAL INC,4076290973,,,,FL,socrata:orlando_business_tax,,,,
standard,BRAZIL CENTER ELECTRONICS LLC,4073630503,,,,FL,socrata:orlando_business_tax,,,,
standard,BALDWIN FAIRCHILD FUNERAL HOME,4078988111,,,,FL,socrata:orlando_business_tax,,,,
standard,AGPR SERVICES INC,4072269106,,,,FL,socrata:orlando_business_tax,,,,
standard,FINE LINES(CLS 09/03),4075320853,,,,FL,socrata:orlando_business_tax,,,,
standard,"SKYVENTURE ORLANDO, LLC",4079031370,,,,FL,socrata:orlando_business_tax,,,,
standard,NATIONAL SPORTSWEAR & EMBLEM L,4073339517,,,,FL,socrata:orlando_business_tax,,,,
standard,JAMES HAWES,2672510659,,,,FL,socrata:orlando_business_tax,,,,
standard,SYMMONS INDUSTRIES,4074255004,,,,FL,socrata:orlando_business_tax,,,,
standard,WBE ENTERPRISES,4074221772,,,,FL,socrata:orlando_business_tax,,,,
standard,"MACLAY, PATRICIA L MD PA",4072992882,,,,FL,socrata:orlando_business_tax,,,,
standard,TOOLS ON WHEELS INC,4076816238,,,,FL,socrata:orlando_business_tax,,,,
standard,INSUL-COAT INC(CLS 12/03),4074471684,,,,FL,socrata:orlando_business_tax,,,,
standard,CABINET ARTISTRY,4078940989,,,,FL,socrata:orlando_business_tax,,,,
standard,EDWIN WATTS GOLF,8502442066,,,,FL,socrata:orlando_business_tax,,,,
standard,NICAN EQUIPMENT RENTAL INC,3212392399,,,,FL,socrata:orlando_business_tax,,,,
standard,LILYS CATERING,4075829260,,,,FL,socrata:orlando_business_tax,,,,
standard,CHARLES E WILSON(CLOSED 04/09/,4074237519,,,,FL,socrata:orlando_business_tax,,,,
standard,LITE U UP,4078965435,,,,FL,socrata:orlando_business_tax,,,,
standard,MARY C HALL/SEAHALL PROPERTIES,4076494241,,,,FL,socrata:orlando_business_tax,,,,
standard,"ROBERTSON, DAVID S",4078987670,,,,FL,socrata:orlando_business_tax,,,,
standard,MELS CONSTRUCTION MGMT INC,4074689872,,,,FL,socrata:orlando_business_tax,,,,
standard,JAX 5TH AVE DELI & ALE HOUSE,4076962716,,,,FL,socrata:orlando_business_tax,,,,
standard,"DAQUIN,JACQUELIN BAIL BONDS(CL",4078721350,,,,FL,socrata:orlando_business_tax,,,,
standard,STYLE RITE JEWELRY & ACCESSORI,4079330551,,,,FL,socrata:orlando_business_tax,,,,
standard,WATERWORKS BY JIM KORZEP,4072307854,,,,FL,socrata:orlando_business_tax,,,,
standard,FOOD FOR THOUGHT CAFE,4079999900,,,,FL,socrata:orlando_business_tax,,,,
standard,SYKO SPORTS LLC,4078547888,,,,FL,socrata:orlando_business_tax,,,,
standard,MUSICOM MEDIA INC,4079995025,,,,FL,socrata:orlando_business_tax,,,,
standard,ILLUSTRATED ESCAPES INC,4072908814,,,,FL,socrata:orlando_business_tax,,,,
standard,DAWN JONES PLACE,4078840851,,,,FL,socrata:orlando_business_tax,,,,
standard,SLM ENTERPRISES,4078972126,,,,FL,socrata:orlando_business_tax,,,,
standard,CHERYLS DISTINCTIVE CREATIONS,4076488175,,,,FL,socrata:orlando_business_tax,,,,
standard,HENNA TATTOOS & PHOTO SHOP,4073346962,,,,FL,socrata:orlando_business_tax,,,,
standard,MASCOT FACTORY INC,3212814450,,,,FL,socrata:orlando_business_tax,,,,
standard,"BAPTISTE, ROBERT E(CLS 05/03/0",4074354316,,,,FL,socrata:orlando_business_tax,,,,
standard,"HOPPING, MATTHEW",4074819223,,,,FL,socrata:orlando_business_tax,,,,
standard,"WALKER, REGINALD",4076489959,,,,FL,socrata:orlando_business_tax,,,,
standard,P AND C AUTO SALES OF ORLANDO,3212287241,,,,FL,socrata:orlando_business_tax,,,,
standard,SIQUEIRA FILHO CORP,4072923871,,,,FL,socrata:orlando_business_tax,,,,
standard,BEAR LLC,3522420364,,,,FL,socrata:orlando_business_tax,,,,
standard,ARNOLD ROY THOMAS INC,4075218542,,,,FL,socrata:orlando_business_tax,,,,
standard,RYAN SHEEHY INC,4078966024,,,,FL,socrata:orlando_business_tax,,,,
standard,CARLA ROSARIO,4073459012,,,,FL,socrata:orlando_business_tax,,,,
standard,SMALL BUSINESS TECHNOLOGIES IN,4073414230,,,,FL,socrata:orlando_business_tax,,,,
standard,ZIPS TOWING & RECOVERY INC,4078393300,,,,FL,socrata:orlando_business_tax,,,,
standard,A CHRISTMAS TO REMEMBER,3212595919,,,,FL,socrata:orlando_business_tax,,,,
standard,PAUL ANDERSON/THE SPA,7013617035,,,,FL,socrata:orlando_business_tax,,,,
standard,AD TANGIBLES,4076497790,,,,FL,socrata:orlando_business_tax,,,,
standard,ANNE T RUDDELL/STARSOULS,4073321288,,,,FL,socrata:orlando_business_tax,,,,
standard,VETCO INTERNATIONAL INC,4075660835,,,,FL,socrata:orlando_business_tax,,,,
standard,CHARLES M CARBON CONSTRUCTION,4075238270,,,,FL,socrata:orlando_business_tax,,,,
standard,PALM CASUAL FURNITURE PROD INC,4072999188,,,,FL,socrata:orlando_business_tax,,,,
standard,DAVID TREWEEK,4072280218,,,,FL,socrata:orlando_business_tax,,,,
standard,"VERGHESE, ROGY/PROPERTY",4074355038,,,,FL,socrata:orlando_business_tax,,,,
standard,HURRICANE GRILL & WINGS,4078100538,,,,FL,socrata:orlando_business_tax,,,,
standard,UNIVERSAL ANIMAL CLINIC,4073541595,,,,FL,socrata:orlando_business_tax,,,,
standard,"CHOWDHURY, REZAUL PRODUCE",4076812500,,,,FL,socrata:orlando_business_tax,,,,
standard,IB LASER,4074387600,,,,FL,socrata:orlando_business_tax,,,,
standard,"MALLARD, STONE PAINTING",4079998371,,,,FL,socrata:orlando_business_tax,,,,
standard,JOHN PENNE,4078965520,,,,FL,socrata:orlando_business_tax,,,,
standard,ANA PENA,4073840062,,,,FL,socrata:orlando_business_tax,,,,
standard,REMINGTON FACTORY OUTLET(CLS 0,2033674400,,,,FL,socrata:orlando_business_tax,,,,
standard,JOHN FULLER ENTERPRISES,4042377657,,,,FL,socrata:orlando_business_tax,,,,
standard,CFI INVESTMENTS AND PROPERTY M,4078417094,,,,FL,socrata:orlando_business_tax,,,,
standard,THE GREAT ART COMPANY,7294451153,,,,FL,socrata:orlando_business_tax,,,,
standard,ELEGANT ACCENTS,4072490134,,,,FL,socrata:orlando_business_tax,,,,
standard,BUY OWNER OF ORLANDO,8132860990,,,,FL,socrata:orlando_business_tax,,,,
standard,CHUCK CROUSE PHOTOGRAPHY,4072751047,,,,FL,socrata:orlando_business_tax,,,,
standard,STEAKNSHAKE,4073803733,,,,FL,socrata:orlando_business_tax,,,,
standard,ANDY CARDELLA XMAS TREES,4076948214,,,,FL,socrata:orlando_business_tax,,,,
standard,HANNOVER LIFE REASSURANCE CO O,4076498411,,,,FL,socrata:orlando_business_tax,,,,
standard,BEHRLE & ASSOCIATES,4078540808,,,,FL,socrata:orlando_business_tax,,,,
standard,OLD SCHOOL COFFEE STOP INC,4074216856,,,,FL,socrata:orlando_business_tax,,,,
standard,ORANGE TEXACO,4078721401,,,,FL,socrata:orlando_business_tax,,,,
standard,WILLIAMS ELLIOTT PROPERTIES LL,4079990090,,,,FL,socrata:orlando_business_tax,,,,
standard,410 BROADWAY LLC,4075731900,,,,FL,socrata:orlando_business_tax,,,,
standard,MEDICAL TRANSCRIPTION ASSOCIAT,4072649791,,,,FL,socrata:orlando_business_tax,,,,
standard,TRIPLE F CARPET CLEANING INC,3212994716,,,,FL,socrata:orlando_business_tax,,,,
standard,NABAVI REAL ESTATE INC,4073540074,,,,FL,socrata:orlando_business_tax,,,,
standard,MELLYMAC(TRN 01/04 24370-1),4078496206,,,,FL,socrata:orlando_business_tax,,,,
standard,"IRWIN, MICHAEL L",4078720732,,,,FL,socrata:orlando_business_tax,,,,
standard,KIDS N CARE LEARNING CENTER IN,4072979945,,,,FL,socrata:orlando_business_tax,,,,
standard,CHIROPRACTIC & ACUPUNCTURE CLI,8138855401,,,,FL,socrata:orlando_business_tax,,,,
standard,TARGET OPTICAL SHOP/#4327,5137656334,,,,FL,socrata:orlando_business_tax,,,,
standard,"MORIA, HUGO",4073810866,,,,FL,socrata:orlando_business_tax,,,,
standard,CERAMIC CREATIONS INC,7273799011,,,,FL,socrata:orlando_business_tax,,,,
standard,MARY GUERNSEY INTERIORS,4078972171,,,,FL,socrata:orlando_business_tax,,,,
standard,MILLER MOTORCAR COMPANY,4075788099,,,,FL,socrata:orlando_business_tax,,,,
standard,ORLANDO ONE STOP SHOP LLC,4078975340,,,,FL,socrata:orlando_business_tax,,,,
standard,AIKIDO TENSHINKAI OF FLORIDA I,4078973704,,,,FL,socrata:orlando_business_tax,,,,
standard,APRELSTYLE,4079969573,,,,FL,socrata:orlando_business_tax,,,,
standard,HISPANIC BROADCAST SYSTEM INC,7878952725,,,,FL,socrata:orlando_business_tax,,,,
standard,ACCU TECH LLC,4074466676,,,,FL,socrata:orlando_business_tax,,,,
standard,INTERNATIONAL AUTO INC,4075743830,,,,FL,socrata:orlando_business_tax,,,,
standard,"JEAN LOUIS, GOTTFRIED MD/ADVAN",3212297392,,,,FL,socrata:orlando_business_tax,,,,
standard,GAIL POWELL,3214388215,,,,FL,socrata:orlando_business_tax,,,,
standard,THOMAS CAMERON OSHAUGHNESSY,4077617306,,,,FL,socrata:orlando_business_tax,,,,
standard,RESOURCE DEVELOPMENT INVESTMEN,4078431723,,,,FL,socrata:orlando_business_tax,,,,
standard,"NUNEZ, LIZANDRO",4078513687,,,,FL,socrata:orlando_business_tax,,,,
standard,PANERA BREAD # 3326,4072480811,,,,FL,socrata:orlando_business_tax,,,,
standard,NATIONAL BENEFIT LIFE INS CO,7705646162,,,,FL,socrata:orlando_business_tax,,,,
standard,ORLANDO GASTROENTEROLOGY PA(CL,8136532888,,,,FL,socrata:orlando_business_tax,,,,
standard,BRUNA PHILLIPS MR STRONG WELDI,4072918141,,,,FL,socrata:orlando_business_tax,,,,
standard,"FERNANDES, MANUEL JANITORIAL S",4075229618,,,,FL,socrata:orlando_business_tax,,,,
standard,RANDY RATLIFF HIGH POINT FURNI,8885821015,,,,FL,socrata:orlando_business_tax,,,,
standard,LUIS FONTANEZ,4077560640,,,,FL,socrata:orlando_business_tax,,,,
standard,VAN METRE NORTHLAKE PARK APART,4078166330,,,,FL,socrata:orlando_business_tax,,,,
standard,COLOR ME BEAUTIFUL BY LAKYE,3212695454,,,,FL,socrata:orlando_business_tax,,,,
standard,"HUANG, CHRISTINA L",4072367800,,,,FL,socrata:orlando_business_tax,,,,
standard,CLOSING HOUSE LLC,4078417006,,,,FL,socrata:orlando_business_tax,,,,
standard,ACUTE PROPERTY INSPECTIONS,4073069226,,,,FL,socrata:orlando_business_tax,,,,
standard,UNIQUE DESIGN CONSULTANTS(CLOS,4072732813,,,,FL,socrata:orlando_business_tax,,,,
standard,"SMED, CHRISTIAN D",4078962281,,,,FL,socrata:orlando_business_tax,,,,
standard,"SPENCER, OWEN J(CLOSED 04/09/0",4078967009,,,,FL,socrata:orlando_business_tax,,,,
standard,VICTOR TOLENTINO VM PAINTING,4079482831,,,,FL,socrata:orlando_business_tax,,,,
standard,ORANGE COUNTY POOL SERVICES(CL,4078966792,,,,FL,socrata:orlando_business_tax,,,,
standard,"WILLIAMS, VERONICA",4072461691,,,,FL,socrata:orlando_business_tax,,,,
standard,GILLMAN REALTY GROUP LLC,4077585410,,,,FL,socrata:orlando_business_tax,,,,
standard,THE TOTAL BODY MASSAGE & FITNE,4077027000,,,,FL,socrata:orlando_business_tax,,,,
standard,JAN C PARRILLO/FAMILY,4078431620,,,,FL,socrata:orlando_business_tax,,,,
standard,SEA WIND FISH MARKET,4072406876,,,,FL,socrata:orlando_business_tax,,,,
standard,ABS CLEANUP SERVICES INC,4073807202,,,,FL,socrata:orlando_business_tax,,,,
standard,THE ALEXAN CLUB AT METROWEST,4072530500,,,,FL,socrata:orlando_business_tax,,,,
standard,A TRIPLE CROWN LIMOUSINE INC,4076600060,,,,FL,socrata:orlando_business_tax,,,,
standard,"PEARCE, CALLIE",4073831619,,,,FL,socrata:orlando_business_tax,,,,
standard,"DANH, OANH",4072736611,,,,FL,socrata:orlando_business_tax,,,,
standard,FREDLUND GALLERY THE,4078984544,,,,FL,socrata:orlando_business_tax,,,,
standard,INNOVATIVE TILE CONCEPTS INC,3016413640,,,,FL,socrata:orlando_business_tax,,,,
standard,LANDAMERICA FINANCIAL GROUP IN,4078354360,,,,FL,socrata:orlando_business_tax,,,,
standard,TRINIDAD AUTO REPAIR CENTER,4074824747,,,,FL,socrata:orlando_business_tax,,,,
standard,ORLANDO FLOWERS & GIFTS,4078960712,,,,FL,socrata:orlando_business_tax,,,,
standard,J & L ENTERPRISES MULTI SERVIC,4072925941,,,,FL,socrata:orlando_business_tax,,,,
standard,ASIA NAILS,4072495600,,,,FL,socrata:orlando_business_tax,,,,
standard,CYNTHIA ROSARIO,3212463378,,,,FL,socrata:orlando_business_tax,,,,
standard,MIAMI INTERNATIONAL FORWARDERS,4078592258,,,,FL,socrata:orlando_business_tax,,,,
standard,PROFESSIONAL TUB & TILE INC,4072817405,,,,FL,socrata:orlando_business_tax,,,,
standard,ROBERT KRAUT/FLORIDA RETINA AN,4073631863,,,,FL,socrata:orlando_business_tax,,,,
standard,LINCOLN S GRANSTON,4072947698,,,,FL,socrata:orlando_business_tax,,,,
standard,KETTLY ALISMA SNACK BAR,4072929725,,,,FL,socrata:orlando_business_tax,,,,
standard,"BURGOS, YILDA(CLS 10/03)",4078989059,,,,FL,socrata:orlando_business_tax,,,,
standard,SHANNIKIA STEELE,4075235879,,,,FL,socrata:orlando_business_tax,,,,
standard,ROBERT L DEVOSE & PATRICIA DEV,4072982941,,,,FL,socrata:orlando_business_tax,,,,
standard,RYT N TYM INC,4072989192,,,,FL,socrata:orlando_business_tax,,,,
standard,SOUTH GROCERY STORE,4074224444,,,,FL,socrata:orlando_business_tax,,,,
standard,DESIGNS BY MS D INC,4073819024,,,,FL,socrata:orlando_business_tax,,,,
standard,J & D TOTAL HOME IMPROVEMENT I,3212996841,,,,FL,socrata:orlando_business_tax,,,,
standard,FLORIDA FREEDOM FINANCIAL LLC,4073709522,,,,FL,socrata:orlando_business_tax,,,,
standard,DESIGN SERVICES UNLIMITED(TRN,4074251301,,,,FL,socrata:orlando_business_tax,,,,
standard,DIAMONDS ARE FOREVER LIMO SERV,4077975918,,,,FL,socrata:orlando_business_tax,,,,
standard,INDEPENDENT BUSINESS INC,4072325638,,,,FL,socrata:orlando_business_tax,,,,
standard,JIREH PAINTING,4079474335,,,,FL,socrata:orlando_business_tax,,,,
standard,BENU SERVICE CO,4074225294,,,,FL,socrata:orlando_business_tax,,,,
standard,ISAURA MEDDOUCH SILK FLOWERS &,4074053766,,,,FL,socrata:orlando_business_tax,,,,
standard,MAGIC MARCITE INC,4073807210,,,,FL,socrata:orlando_business_tax,,,,
standard,ARTIST CIRCLE INC(CLS 04/09/04,4072755094,,,,FL,socrata:orlando_business_tax,,,,
standard,FLOORING CONCEPTS I INC,4073841895,,,,FL,socrata:orlando_business_tax,,,,
standard,VIEWTRAVEL(CLS 02/04),4075221977,,,,FL,socrata:orlando_business_tax,,,,
standard,THE EFFECTIVE AUTO MKTNG GROUP,4072536477,,,,FL,socrata:orlando_business_tax,,,,
standard,"SMITH, JUSTIN",4078359874,,,,FL,socrata:orlando_business_tax,,,,
standard,WORLDWIDE DISTRIBUTING INC,4073840028,,,,FL,socrata:orlando_business_tax,,,,
standard,MARY SHERRIS/SHERRIS,4079999995,,,,FL,socrata:orlando_business_tax,,,,
standard,PROFESSIONAL REIMBERSEMENT INC,4072460899,,,,FL,socrata:orlando_business_tax,,,,
standard,DEAN HOMES INC,4078765599,,,,FL,socrata:orlando_business_tax,,,,
standard,SENTIMENTAL SILVER,4074267040,,,,FL,socrata:orlando_business_tax,,,,
standard,CJ SYSTEMS AVIATION GROUP INC,4124662525,,,,FL,socrata:orlando_business_tax,,,,
standard,HAMET THIAM TOUBA ACCESSORIES,4043961951,,,,FL,socrata:orlando_business_tax,,,,
standard,SUN STATE ACRYLICS INC,4074548765,,,,FL,socrata:orlando_business_tax,,,,
standard,COOPER PALLETS,4074254770,,,,FL,socrata:orlando_business_tax,,,,
standard,"SANCHEZ, RAFAEL PLUMSUM TILE E",4073800442,,,,FL,socrata:orlando_business_tax,,,,
standard,COMPUTER CONSULTING & REPAIR I,4074385326,,,,FL,socrata:orlando_business_tax,,,,
standard,PREFERRED TRAVEL INC,6178496130,,,,FL,socrata:orlando_business_tax,,,,
standard,BUSINESS IT SERVICES INC,4075380643,,,,FL,socrata:orlando_business_tax,,,,
standard,STRATEGIC TECHNOLOGIES INC,3052296400,,,,FL,socrata:orlando_business_tax,,,,
standard,SUPER STITCH OF CENTRAL FLORID,4078580305,,,,FL,socrata:orlando_business_tax,,,,
standard,RADIOSHACK,8174150771,,,,FL,socrata:orlando_business_tax,,,,
standard,GL XXI LLC(CLS 04/04),4078541572,,,,FL,socrata:orlando_business_tax,,,,
standard,MILLENNIUM MANAGEMENT GROUP IN,4074256826,,,,FL,socrata:orlando_business_tax,,,,
standard,THE LAW OFFICES OF SHARON THOM,4072949708,,,,FL,socrata:orlando_business_tax,,,,
standard,WORLD TRADE CENTER ORLANDO INC,4076491899,,,,FL,socrata:orlando_business_tax,,,,
standard,ECHORAY LLC,4076160961,,,,FL,socrata:orlando_business_tax,,,,
standard,JV HOME REMODELING & REPAIR,4075789258,,,,FL,socrata:orlando_business_tax,,,,
standard,"CRUZ, MINERVA",4072757414,,,,FL,socrata:orlando_business_tax,,,,
standard,STUDIO 23 HAIR & NAILS INC,4072874513,,,,FL,socrata:orlando_business_tax,,,,
standard,"WEEDEN, ROGER L(TRN 6190-11 01",4078726816,,,,FL,socrata:orlando_business_tax,,,,
standard,NORCROSS MARINE PRODUCTS INC,4073703600,,,,FL,socrata:orlando_business_tax,,,,
standard,CHANGING DIRECTIONS OF/AMERICA,4076876426,,,,FL,socrata:orlando_business_tax,,,,
standard,BETANCOURT FLOORING INC,3216899419,,,,FL,socrata:orlando_business_tax,,,,
standard,US PAK N SHIP,4072949058,,,,FL,socrata:orlando_business_tax,,,,
standard,BROMITRON POOL SYSTEMS(CLS 05/,4073458982,,,,FL,socrata:orlando_business_tax,,,,
standard,DANNY CARMICHES DELIVERY SERVI,4072980791,,,,FL,socrata:orlando_business_tax,,,,
standard,INJURY MEDICAL CENTER LLC,4078986868,,,,FL,socrata:orlando_business_tax,,,,
standard,RAFFAELLO'S,4078987665,,,,FL,socrata:orlando_business_tax,,,,
standard,ORLANDO FAMILY PLANNING CENTER,4072457999,,,,FL,socrata:orlando_business_tax,,,,
standard,JUAN REYES VALET TRASH DISPOSA,4073828045,,,,FL,socrata:orlando_business_tax,,,,
standard,ROCK STAR STONE MASONRY LLC,4075385642,,,,FL,socrata:orlando_business_tax,,,,
standard,P AND P LAWN MAINTENANCE(CLS 0,4078969989,,,,FL,socrata:orlando_business_tax,,,,
standard,DATA MINI COMPUTERS,4078579904,,,,FL,socrata:orlando_business_tax,,,,
standard,REASON CONSULTING SYSTEMS INC,4075218088,,,,FL,socrata:orlando_business_tax,,,,
standard,"ANGLES, CHARLES",4079293268,,,,FL,socrata:orlando_business_tax,,,,
standard,METRO DEVELOPMENT GROUP LLC,4072978337,,,,FL,socrata:orlando_business_tax,,,,
standard,COMPUTING SYSTEM INNOVATIONS,4076490123,,,,FL,socrata:orlando_business_tax,,,,
standard,SENTIMENTAL SHADOWS,4079995134,,,,FL,socrata:orlando_business_tax,,,,
standard,INDUSTRIAL ROOFING SPECIALIST,4072811702,,,,FL,socrata:orlando_business_tax,,,,
standard,WOODWORK BY GLENN LLC,4072771472,,,,FL,socrata:orlando_business_tax,,,,
standard,CASELATO CORPORATION,4072354543,,,,FL,socrata:orlando_business_tax,,,,
standard,JOSE ROSARIO CONSTRUCTION,4078554806,,,,FL,socrata:orlando_business_tax,,,,
standard,DIADEMA BRICK & TILE CORP,4075325198,,,,FL,socrata:orlando_business_tax,,,,
standard,"SALARY, ANDREW",4072986762,,,,FL,socrata:orlando_business_tax,,,,
standard,FCF OF CENTRAL FLORIDA CO,4072531164,,,,FL,socrata:orlando_business_tax,,,,
standard,CUSTOM SHOWER DOORS & TUB ENCL,4074910686,,,,FL,socrata:orlando_business_tax,,,,
standard,THE ZURMAC GROUP INC,4079258164,,,,FL,socrata:orlando_business_tax,,,,
standard,KEYS TO LEARNING,4074258531,,,,FL,socrata:orlando_business_tax,,,,
standard,"WALTERS, DIANE KAY",4078967974,,,,FL,socrata:orlando_business_tax,,,,
standard,LEADING EDGE SERVICES INC,4078325299,,,,FL,socrata:orlando_business_tax,,,,
standard,"TURNER, TRACY J",4078435406,,,,FL,socrata:orlando_business_tax,,,,
standard,WALSH AIR CONDITIONING & HEATI,4078982060,,,,FL,socrata:orlando_business_tax,,,,
standard,FILA TRADING INC,4107733168,,,,FL,socrata:orlando_business_tax,,,,
standard,SLATER & JONES MASONARY,4072940644,,,,FL,socrata:orlando_business_tax,,,,
standard,NATIONAL CLEANING SYSTEMS INC,4078721902,,,,FL,socrata:orlando_business_tax,,,,
standard,NO BLOOD NO BONES,3216626114,,,,FL,socrata:orlando_business_tax,,,,
standard,VR LABOR CORPORATION,4074483655,,,,FL,socrata:orlando_business_tax,,,,
standard,CENTER FOR LANGUAGES STUDIES I,4078220360,,,,FL,socrata:orlando_business_tax,,,,
standard,ENNOVIEW INC,4076549965,,,,FL,socrata:orlando_business_tax,,,,
standard,3 D INTERNATIONAL INC,7138717000,,,,FL,socrata:orlando_business_tax,,,,
standard,MONEYLALL MEGNAN INC,4074683983,,,,FL,socrata:orlando_business_tax,,,,
standard,BEAR CONSULTING OF ORLANDO INC,4078416429,,,,FL,socrata:orlando_business_tax,,,,
standard,SPECIALTY FOODS INC,4076792008,,,,FL,socrata:orlando_business_tax,,,,
standard,IMPERIAL WEB SOLUTIONS LLC,3863349133,,,,FL,socrata:orlando_business_tax,,,,
standard,"BENNETT, DANIEL J",4078959147,,,,FL,socrata:orlando_business_tax,,,,
standard,SUNSET LAKE OF ORLANDO CONDOMI,4072993411,,,,FL,socrata:orlando_business_tax,,,,
standard,KIMS TRAVEL & TOURS,4078963534,,,,FL,socrata:orlando_business_tax,,,,
standard,ROCK BBS,4072959647,,,,FL,socrata:orlando_business_tax,,,,
standard,VITTORIOS,4074687678,,,,FL,socrata:orlando_business_tax,,,,
standard,JOSE SANTOS,4076581222,,,,FL,socrata:orlando_business_tax,,,,
standard,SAVITECH LLC,3218638275,,,,FL,socrata:orlando_business_tax,,,,
standard,TILE TECKS LLC,4079275565,,,,FL,socrata:orlando_business_tax,,,,
standard,SILVER MOON CREATIONS INC,4077400384,,,,FL,socrata:orlando_business_tax,,,,
standard,VANITY HAIR DESIGN INC,4078546233,,,,FL,socrata:orlando_business_tax,,,,
standard,DRB CONSULTANTS INC,4075229493,,,,FL,socrata:orlando_business_tax,,,,
standard,AMY L SIMS MD PA,4078430120,,,,FL,socrata:orlando_business_tax,,,,
standard,"BYRD, JEFFREY M",4076731884,,,,FL,socrata:orlando_business_tax,,,,
standard,"LOWE, EILEEN LCSW BCD",4078509013,,,,FL,socrata:orlando_business_tax,,,,
standard,JEWELERS THE,4073528787,,,,FL,socrata:orlando_business_tax,,,,
standard,LEO QUETEL & JEAN LLOYD,4075785865,,,,FL,socrata:orlando_business_tax,,,,
standard,PARADISE SOUND & LIGHT INC(TRA,4076497220,,,,FL,socrata:orlando_business_tax,,,,
standard,CNL REAL ESTATE SERVICES CORP,4075407726,,,,FL,socrata:orlando_business_tax,,,,
standard,VALENTINE & COMPANY INC,4078559000,,,,FL,socrata:orlando_business_tax,,,,
standard,FAST CONNECT INC/#3,4075926307,,,,FL,socrata:orlando_business_tax,,,,
standard,WILNER DELVA INC,4072490890,,,,FL,socrata:orlando_business_tax,,,,
standard,MY TECHWARE INC,4073250380,,,,FL,socrata:orlando_business_tax,,,,
standard,"METHENNI, MOUFID (CLOSED PER L",4079312867,,,,FL,socrata:orlando_business_tax,,,,
standard,BHARAT JOSHI,4073832326,,,,FL,socrata:orlando_business_tax,,,,
standard,"BLACKSTOCK, YVONNE T/FLIPSIDE",4072825528,,,,FL,socrata:orlando_business_tax,,,,
standard,DRADAL CORP,4079282991,,,,FL,socrata:orlando_business_tax,,,,
standard,L & J DAVIS INC,4078920187,,,,FL,socrata:orlando_business_tax,,,,
standard,UNLIMITED OFF ROAD AND PERFORM,3522664718,,,,FL,socrata:orlando_business_tax,,,,
standard,ION MEDIA STATIONS INC,5139773000,,,,FL,socrata:orlando_business_tax,,,,
standard,JC HOUSECLEANING CORP,4072645461,,,,FL,socrata:orlando_business_tax,,,,
standard,DOMINOS PIZZA,4078963030,,,,FL,socrata:orlando_business_tax,,,,
standard,BEDS BUNKS AND MORE FURNITURE,8504452424,,,,FL,socrata:orlando_business_tax,,,,
standard,WALTON SURVEILLANCE & INVESTIG,3363240075,,,,FL,socrata:orlando_business_tax,,,,
standard,VENUS CLEANING SERVICE CORP,4077586559,,,,FL,socrata:orlando_business_tax,,,,
standard,EMILIO JIMENEZ PET SITTING,4078963671,,,,FL,socrata:orlando_business_tax,,,,
standard,ULYSSES GONZALEZ/MCITY MORTGAG,4072373131,,,,FL,socrata:orlando_business_tax,,,,
standard,SUNRISE ELECTRIC OF CENTRAL FL,4078728401,,,,FL,socrata:orlando_business_tax,,,,
standard,PARSHIN INTERIOR DECORATION,4074268545,,,,FL,socrata:orlando_business_tax,,,,
standard,RAFAEL VAZQUEZ CUSTOM FINISHIN,4078698911,,,,FL,socrata:orlando_business_tax,,,,
standard,WILSON REMODELING,4073949005,,,,FL,socrata:orlando_business_tax,,,,
standard,POLLO TROPICAL,3056711258,,,,FL,socrata:orlando_business_tax,,,,
standard,WOHLSEN CONSTRUCTION CO,3023249900,,,,FL,socrata:orlando_business_tax,,,,
standard,G P V TILE & MARBLE INC,4072300468,,,,FL,socrata:orlando_business_tax,,,,
standard,DYNAMIC AUTO REPAIRS & COLLISI,4076582017,,,,FL,socrata:orlando_business_tax,,,,
standard,"FERDERER, STUART",4074253620,,,,FL,socrata:orlando_business_tax,,,,
standard,SLEUTHS,4073631985,,,,FL,socrata:orlando_business_tax,,,,
standard,"JOSEPH, GUERLANDE, OTA",4075225046,,,,FL,socrata:orlando_business_tax,,,,
standard,VISTA FEDERAL CREDIT UNION,4073634912,,,,FL,socrata:orlando_business_tax,,,,
standard,"MIRANDA, GAYLE M",4078987992,,,,FL,socrata:orlando_business_tax,,,,
standard,"GORE, CHARLES W",4072930509,,,,FL,socrata:orlando_business_tax,,,,
standard,RODNEY L JEFFERSON/RODNEY JEFF,4072918406,,,,FL,socrata:orlando_business_tax,,,,
standard,REBECCA B JUNOD,4072303650,,,,FL,socrata:orlando_business_tax,,,,
standard,LBS MANAGEMENT COMPANY #5121,4073977989,,,,FL,socrata:orlando_business_tax,,,,
standard,"GOMEZ, ANTONIO",4078946822,,,,FL,socrata:orlando_business_tax,,,,
standard,BELLA PHOTO STUDIO,4074938601,,,,FL,socrata:orlando_business_tax,,,,
standard,KENNETH C GALLAGHER,4078987007,,,,FL,socrata:orlando_business_tax,,,,
standard,DIGITAL LANDINGS LLC,4074250165,,,,FL,socrata:orlando_business_tax,,,,
standard,MV CONTRACT TRANSPORTATION INC,4078252384,,,,FL,socrata:orlando_business_tax,,,,
standard,BRABUS CORPORATION,4075234175,,,,FL,socrata:orlando_business_tax,,,,
standard,"OLIVEIRA, RICHARD",4076500309,,,,FL,socrata:orlando_business_tax,,,,
standard,THE HEALTHY GUT INC,4074239029,,,,FL,socrata:orlando_business_tax,,,,
standard,SUPER 99 MART,4073814743,,,,FL,socrata:orlando_business_tax,,,,
standard,"GARCIA, FRANK J",3212870680,,,,FL,socrata:orlando_business_tax,,,,
standard,GBA REALTY LLC,4072968618,,,,FL,socrata:orlando_business_tax,,,,
standard,BARGAIN WORLD #12,4073458772,,,,FL,socrata:orlando_business_tax,,,,
standard,ABSOLUTE FUNDING SOLUTIONS(10/,4079967988,,,,FL,socrata:orlando_business_tax,,,,
standard,LIGA PHOTOGRAPHY LLC,4078447886,,,,FL,socrata:orlando_business_tax,,,,
standard,CBHS,4076252260,,,,FL,socrata:orlando_business_tax,,,,
standard,JOSE A REY/REY GROUP INC,4072755781,,,,FL,socrata:orlando_business_tax,,,,
standard,RTS ALUMINUM INC,4073544693,,,,FL,socrata:orlando_business_tax,,,,
standard,TRINITY MOVING SYSTEM INC,4072465242,,,,FL,socrata:orlando_business_tax,,,,
standard,SAVI TECHNOLOGIES INC,4074810983,,,,FL,socrata:orlando_business_tax,,,,
standard,ORLANDO NOTARY PUBLIC INC,3212879020,,,,FL,socrata:orlando_business_tax,,,,
standard,SYNDICATE EXPORTS BY THOMAS PA,4079706774,,,,FL,socrata:orlando_business_tax,,,,
standard,AKA LOUNGE,4078399707,,,,FL,socrata:orlando_business_tax,,,,
standard,DOLPHINS SOLUTIONS INC,4077585793,,,,FL,socrata:orlando_business_tax,,,,
standard,GROSSMAN MARKETING,4075786322,,,,FL,socrata:orlando_business_tax,,,,
standard,SOCO IMPORTS-CLSD PER WKL IN M,4078942211,,,,FL,socrata:orlando_business_tax,,,,
standard,L & N MOTORS INC,4075925780,,,,FL,socrata:orlando_business_tax,,,,
standard,"DREGGORS, C RICHARD",4078626878,,,,FL,socrata:orlando_business_tax,,,,
standard,SR METAL & REMODELING INC,4076940364,,,,FL,socrata:orlando_business_tax,,,,
standard,"KENNEDY, MICHAEL W C3 ORDNANCE",4078967300,,,,FL,socrata:orlando_business_tax,,,,
standard,ORLANDO-TECHS,3214384614,,,,FL,socrata:orlando_business_tax,,,,
standard,"JOHNSON, WAKE F JR",4074818927,,,,FL,socrata:orlando_business_tax,,,,
standard,INSPIRATIONAL LEARNING SOLUTIO,4073848022,,,,FL,socrata:orlando_business_tax,,,,
standard,NEW DIMENSION CONTRACTORS INC,4074454570,,,,FL,socrata:orlando_business_tax,,,,
standard,E THOMAS PRIMARY FUNDING LLC,4073535115,,,,FL,socrata:orlando_business_tax,,,,
standard,FRANK CHEVERE,4073809266,,,,FL,socrata:orlando_business_tax,,,,
standard,ALLSTATE INSURANCE(CLS 04/03),4079770076,,,,FL,socrata:orlando_business_tax,,,,
standard,"KARKOVICE, RON",4078574325,,,,FL,socrata:orlando_business_tax,,,,
standard,HARMONI MARKET,4072060033,,,,FL,socrata:orlando_business_tax,,,,
standard,SOUND IMAGE OF ORLANDO INC/ROG,4074935698,,,,FL,socrata:orlando_business_tax,,,,
standard,"DEARY, RICHARD G JR(CLS 04/04)",4072818818,,,,FL,socrata:orlando_business_tax,,,,
standard,FAMILIA TRANSPORTATION LLC,4078720986,,,,FL,socrata:orlando_business_tax,,,,
standard,ENVY ULTRA NIGHT CLUB,4078329848,,,,FL,socrata:orlando_business_tax,,,,
standard,INNOVATIONS TODAY & TOMORROW I,4073700715,,,,FL,socrata:orlando_business_tax,,,,
standard,SUNSHINE 7 INC,4072981105,,,,FL,socrata:orlando_business_tax,,,,
standard,POWER ZION INC,4075233245,,,,FL,socrata:orlando_business_tax,,,,
standard,HAPPY TAILS OF THORTON PARK,4073309060,,,,FL,socrata:orlando_business_tax,,,,
standard,WHITFIELD & JOHNSON ASSET MANA,4072942572,,,,FL,socrata:orlando_business_tax,,,,
standard,LIFEGAS LLC,4079160202,,,,FL,socrata:orlando_business_tax,,,,
standard,DOWNTOWN CONSIGNMENT EMPORIUM,4078953434,,,,FL,socrata:orlando_business_tax,,,,
standard,"LINK ONE, INC",4077391193,,,,FL,socrata:orlando_business_tax,,,,
standard,ONLINE SERRANO INC,3212974310,,,,FL,socrata:orlando_business_tax,,,,
standard,LIGHTHOUSE BUSINESS SERVICES I,4076509571,,,,FL,socrata:orlando_business_tax,,,,
standard,ALL STAR LATIN PUBLISHERS(CLOS,4076589504,,,,FL,socrata:orlando_business_tax,,,,
standard,DIGITAL PHOTO EXPRESS INC,3522412004,,,,FL,socrata:orlando_business_tax,,,,
standard,CONTINENTAL REAL ESTATE COMP C,4074228985,,,,FL,socrata:orlando_business_tax,,,,
standard,MANEY GORDON ZELLER PA,4078571300,,,,FL,socrata:orlando_business_tax,,,,
standard,LORRAINE BAEZ ANOTHER PARTY!(C,4072825477,,,,FL,socrata:orlando_business_tax,,,,
standard,MARCELINO STUCCO(CLS 04/14/04),4072733626,,,,FL,socrata:orlando_business_tax,,,,
standard,DAN CAMACHO CLEANING CRAFTSMAN,4078589838,,,,FL,socrata:orlando_business_tax,,,,
standard,BILLY LEWIS,4075791160,,,,FL,socrata:orlando_business_tax,,,,
standard,HILSHAMBIL PROPERTY SERVICE IN,4072829773,,,,FL,socrata:orlando_business_tax,,,,
standard,HAMM LAWN SERVICE(CLS 12/02),4073813895,,,,FL,socrata:orlando_business_tax,,,,
standard,LAW OFFICE OF RUYE H HAWKINS P,4078050838,,,,FL,socrata:orlando_business_tax,,,,
standard,DRIVETIME CAR SALES COMPANY LL,4072994779,,,,FL,socrata:orlando_business_tax,,,,
standard,KNIGHT-GUARD INC,4078960031,,,,FL,socrata:orlando_business_tax,,,,
standard,CASH AMERICA PAWN OF ORLANDO,8173351100,,,,FL,socrata:orlando_business_tax,,,,
standard,LANGUAGESPEAKER INC,4076563166,,,,FL,socrata:orlando_business_tax,,,,
standard,HOME FOUNDATION MORTGAGE CORPO,4075996628,,,,FL,socrata:orlando_business_tax,,,,
standard,SUPERIOR MUTTS DOGGIE RESCUE I,4079479552,,,,FL,socrata:orlando_business_tax,,,,
standard,WYANETHA RENNER MA CCC SLP PA,4078723007,,,,FL,socrata:orlando_business_tax,,,,
standard,RHONDEVIAS CLEANING SERVICE(CL,4072074081,,,,FL,socrata:orlando_business_tax,,,,
standard,MICHAELS STORES INC,7088885713,,,,FL,socrata:orlando_business_tax,,,,
standard,THORNABBEY LLC,4075748249,,,,FL,socrata:orlando_business_tax,,,,
standard,"WEBB, FRANK(CLS 12/02)",4073314168,,,,FL,socrata:orlando_business_tax,,,,
standard,THE CERVELLE GROUP LC,4072957878,,,,FL,socrata:orlando_business_tax,,,,
standard,MYERS MARKETING(CLS 04/03),4072286644,,,,FL,socrata:orlando_business_tax,,,,
standard,TROPICAL MAGIC LLC,4072933333,,,,FL,socrata:orlando_business_tax,,,,
standard,TOMMIE MCCREE TOWING SERVICE,3216890104,,,,FL,socrata:orlando_business_tax,,,,
standard,5 STAR HOME HEALTH SERVICES IN,4072602610,,,,FL,socrata:orlando_business_tax,,,,
standard,ROBIN NEAL INTERIORS,4074228736,,,,FL,socrata:orlando_business_tax,,,,
standard,PORTOFINO BAY HOTEL/STAFF DINI,4075039000,,,,FL,socrata:orlando_business_tax,,,,
standard,"FERRELL, JAMES G & ASSOCIATES",3216393421,,,,FL,socrata:orlando_business_tax,,,,
standard,INTREPID INSURANCE COMPANY,2485123385,,,,FL,socrata:orlando_business_tax,,,,
standard,AD SERVICES LLC,4073678342,,,,FL,socrata:orlando_business_tax,,,,
standard,ON THE SIDE DESIGN INC,4078437696,,,,FL,socrata:orlando_business_tax,,,,
standard,CHASITY RIVERS,7275047198,,,,FL,socrata:orlando_business_tax,,,,
standard,SUSAN A HARDESTY/JADE,3213885069,,,,FL,socrata:orlando_business_tax,,,,
standard,LMN CONSULTING,4074053268,,,,FL,socrata:orlando_business_tax,,,,
standard,"STEPHENSON, KHASIM/FLAVOR LAB",4076580509,,,,FL,socrata:orlando_business_tax,,,,
standard,TECHNOLOGY SOLUTIONS FOR BUSIN,4075400065,,,,FL,socrata:orlando_business_tax,,,,
standard,FERNANDO GONZALEZ LANDSCAPING,4073810774,,,,FL,socrata:orlando_business_tax,,,,
standard,"REHMANN, SUSANNA H PE/APEX(CLO",4072738373,,,,FL,socrata:orlando_business_tax,,,,
standard,COUNTER TOP-SHINE LLC,4073455357,,,,FL,socrata:orlando_business_tax,,,,
standard,GUZMAN CONSTRUCTION SERVICES L,4079631989,,,,FL,socrata:orlando_business_tax,,,,
standard,HARMONY FLORAL GARDENS OF FL(C,4076716363,,,,FL,socrata:orlando_business_tax,,,,
standard,LOVING HUT,9045400796,,,,FL,socrata:orlando_business_tax,,,,
standard,MAIDENFORM,4072488247,,,,FL,socrata:orlando_business_tax,,,,
standard,CO-DRIVER ACCOUNTING & BOOKKEE,4079968696,,,,FL,socrata:orlando_business_tax,,,,
standard,"LAMBERT, MARLA D/AMERICAN",3523570535,,,,FL,socrata:orlando_business_tax,,,,
standard,PERFECT IMAGE LAWN MAINT/INC,4072758872,,,,FL,socrata:orlando_business_tax,,,,
standard,BAY AREA TRAVEL INC,4078949115,,,,FL,socrata:orlando_business_tax,,,,
standard,PMD OF ORLANDO INC,4073757768,,,,FL,socrata:orlando_business_tax,,,,
standard,COLONIAL COUNSELING ASSOCS INC,4072491146,,,,FL,socrata:orlando_business_tax,,,,
standard,FLEETWOOD APARTMENTS,4077334018,,,,FL,socrata:orlando_business_tax,,,,
standard,SOLUTIONS INCORPORATED,4072457775,,,,FL,socrata:orlando_business_tax,,,,
standard,THE HERTZ CORPORATION,4078720112,,,,FL,socrata:orlando_business_tax,,,,
standard,ORLANDO NTC PARTNERS(TRN 24804,4076220505,,,,FL,socrata:orlando_business_tax,,,,
standard,WORLDWIDE EXPRESS,4074812072,,,,FL,socrata:orlando_business_tax,,,,
standard,DIAMOND II AUTO SALES INC,4072964000,,,,FL,socrata:orlando_business_tax,,,,
standard,ADVANTAGE MANAGEMENT CONSULTIN,4078946306,,,,FL,socrata:orlando_business_tax,,,,
standard,INOVATIVE CARE CORP,4072987553,,,,FL,socrata:orlando_business_tax,,,,
standard,YASMERYS CLEANING SERVICES,4076581499,,,,FL,socrata:orlando_business_tax,,,,
standard,CHRISTOPHER MARTIN/COPPERHEAD,4078986636,,,,FL,socrata:orlando_business_tax,,,,
standard,RAFAEL TONGOL,4078723347,,,,FL,socrata:orlando_business_tax,,,,
standard,KICKSTART MARKETING & DESIGN L,4078952934,,,,FL,socrata:orlando_business_tax,,,,
standard,HALE INVESTIGATIVE SERVICE,4072756969,,,,FL,socrata:orlando_business_tax,,,,
standard,FIREHOUSE SUBS 1,4078517773,,,,FL,socrata:orlando_business_tax,,,,
standard,COASTAL CRAFTSMAN,7278419092,,,,FL,socrata:orlando_business_tax,,,,
standard,DAVID K AMMERMAN/AECOM,8044826338,,,,FL,socrata:orlando_business_tax,,,,
standard,MONKEY JOES,4072937735,,,,FL,socrata:orlando_business_tax,,,,
standard,DANIEL HODSDEN,4078960796,,,,FL,socrata:orlando_business_tax,,,,
standard,MID FLORIDA ELECTRONICS(CLS 10,4078984022,,,,FL,socrata:orlando_business_tax,,,,
standard,EXECUTIVE RESOURCE CENTER INC,4078944692,,,,FL,socrata:orlando_business_tax,,,,
standard,AMERICAN LEGION AUXILIARY DEPA,4072937411,,,,FL,socrata:orlando_business_tax,,,,
standard,TAYLORED FOR YOU LLC,4077212996,,,,FL,socrata:orlando_business_tax,,,,
standard,MARY & ANN STORE LLC,4079686264,,,,FL,socrata:orlando_business_tax,,,,
standard,COMPLETE FLOOR COVERING INC,4076453775,,,,FL,socrata:orlando_business_tax,,,,
standard,"TORRES, CARLOS E LAW OFFICES",4073599444,,,,FL,socrata:orlando_business_tax,,,,
standard,PPT CO,3212398399,,,,FL,socrata:orlando_business_tax,,,,
standard,"WRIGHT, BONNIE   (CLOSED 04/03",4078476835,,,,FL,socrata:orlando_business_tax,,,,
standard,"T-SHIRTS 1,000",3052213610,,,,FL,socrata:orlando_business_tax,,,,
standard,"LEA, J PEYTON III",4074251776,,,,FL,socrata:orlando_business_tax,,,,
standard,BIONUTRICALS INC,4077651857,,,,FL,socrata:orlando_business_tax,,,,
standard,CENTRAL FLORIDA WILDLIFE SERVI,4072733606,,,,FL,socrata:orlando_business_tax,,,,
standard,CLIFF BORDWELL INSTRUMENTS,4072540071,,,,FL,socrata:orlando_business_tax,,,,
standard,ALEX'S HANDYMAN & HOME INSPECT,4077976350,,,,FL,socrata:orlando_business_tax,,,,
standard,DICKENS CONSTRUCTION,4075787843,,,,FL,socrata:orlando_business_tax,,,,
standard,THIBODEAUXS LAWN CARE,4072940848,,,,FL,socrata:orlando_business_tax,,,,
standard,TERAVISION GROUP CORP,4075929871,,,,FL,socrata:orlando_business_tax,,,,
standard,"BLANCHARD, DENNIS",4078957204,,,,FL,socrata:orlando_business_tax,,,,
standard,"BUFFKIN, EDWIN",4073758043,,,,FL,socrata:orlando_business_tax,,,,
standard,VIANA ALL SOLUTIONS CORP,3216636905,,,,FL,socrata:orlando_business_tax,,,,
standard,"JUAREZ, LYN P",4072600456,,,,FL,socrata:orlando_business_tax,,,,
standard,"BLACKMON, JERRY W",8006013719,,,,FL,socrata:orlando_business_tax,,,,
standard,INNER CHANGE FACILITATORS,4074258088,,,,FL,socrata:orlando_business_tax,,,,
standard,"DEMORAES, NELSON J",4079031718,,,,FL,socrata:orlando_business_tax,,,,
standard,SMILING CROW STUDIO,3212297680,,,,FL,socrata:orlando_business_tax,,,,
standard,"AGUILAR,GILBERTO(TR-24318-1 12",4073131925,,,,FL,socrata:orlando_business_tax,,,,
standard,FRED M HUMPHREY & ASSOCIATES,4078968251,,,,FL,socrata:orlando_business_tax,,,,
standard,PAYTONS PLACE(CLS 01/04),4076732506,,,,FL,socrata:orlando_business_tax,,,,
standard,CUSTOM WELDING BY LAW INC,4072404728,,,,FL,socrata:orlando_business_tax,,,,
standard,HENRY MONROE POOLS,4072931405,,,,FL,socrata:orlando_business_tax,,,,
standard,WORLD THERAPY LLC,4078989660,,,,FL,socrata:orlando_business_tax,,,,
standard,EARTHAMERICA LLC,4078125599,,,,FL,socrata:orlando_business_tax,,,,
standard,GENERAL TOP CARE DETAILING,4076926166,,,,FL,socrata:orlando_business_tax,,,,
standard,J'S AUTO CARE,4073820565,,,,FL,socrata:orlando_business_tax,,,,
standard,"PHAM, NANG THI/MODERN",4073812418,,,,FL,socrata:orlando_business_tax,,,,
standard,THE WELLNESS PATH PERSONAL TRA,4075322413,,,,FL,socrata:orlando_business_tax,,,,
standard,DIEGO'S LAWN SERVICES,4073806255,,,,FL,socrata:orlando_business_tax,,,,
standard,MAURICE PRINCE,4072978188,,,,FL,socrata:orlando_business_tax,,,,
standard,GRASSROOTS CAFE,8634200679,,,,FL,socrata:orlando_business_tax,,,,
standard,BAY AREA ROOFING,7275781138,,,,FL,socrata:orlando_business_tax,,,,
standard,BREAKFAST CLUB OF ORLANDO,4072938618,,,,FL,socrata:orlando_business_tax,,,,
standard,ROGER BROWN SEAWALL'S ACCESS,6788863829,,,,FL,socrata:orlando_business_tax,,,,
standard,DELUXE JANITORIAL SERVICE,4074665333,,,,FL,socrata:orlando_business_tax,,,,
standard,GOLIATH TRUCKING COMPANY INC,4074182201,,,,FL,socrata:orlando_business_tax,,,,
standard,AMERICAN NURSES,4078656934,,,,FL,socrata:orlando_business_tax,,,,
standard,DANIEL MENGISTAB JANITORIAL SE,4074436569,,,,FL,socrata:orlando_business_tax,,,,
standard,PAQUIN GROUP INC,4072442880,,,,FL,socrata:orlando_business_tax,,,,
standard,DONATOS PIZZERIA #271,6144167700,,,,FL,socrata:orlando_business_tax,,,,
standard,"TAYLOR, MILDRED Y/TRUE",4073800738,,,,FL,socrata:orlando_business_tax,,,,
standard,"CABALLERO, DENISE(CLS 01/04)",4072072863,,,,FL,socrata:orlando_business_tax,,,,
standard,NEWBURNS MANAGEMENT LLC/#1800,5042880107,,,,FL,socrata:orlando_business_tax,,,,
standard,ART BUSINESS & CONSULTING CENT,4073709158,,,,FL,socrata:orlando_business_tax,,,,
standard,BRANDON MERCHANT LAWN SERVICE,4078981330,,,,FL,socrata:orlando_business_tax,,,,
standard,RON KENOLY MINISTRIES INC,4072262915,,,,FL,socrata:orlando_business_tax,,,,
standard,"CASANAS, LUIS A/MASTERS REALTY",3213035851,,,,FL,socrata:orlando_business_tax,,,,
standard,VENTURA PHOTOGRAPHY,4076949898,,,,FL,socrata:orlando_business_tax,,,,
standard,"PEREZ, VICTOR",4073068180,,,,FL,socrata:orlando_business_tax,,,,
standard,JOSE LUGO MANAGEMENT,4075798580,,,,FL,socrata:orlando_business_tax,,,,
standard,ALEX HOTDOG STYLE,4072730176,,,,FL,socrata:orlando_business_tax,,,,
standard,LOVING HANDS CHILDCARE & LEARN,4072997701,,,,FL,socrata:orlando_business_tax,,,,
standard,ALLAN WOOD DESIGN INC,4074369767,,,,FL,socrata:orlando_business_tax,,,,
standard,DEGIL CONSTRUCTION INC,3212390386,,,,FL,socrata:orlando_business_tax,,,,
standard,"FLOOK, DON",4073802029,,,,FL,socrata:orlando_business_tax,,,,
standard,CHINATOWN OF ORLANDO INC,4073700039,,,,FL,socrata:orlando_business_tax,,,,
standard,"DANG, TRINH",4078889972,,,,FL,socrata:orlando_business_tax,,,,
standard,"HOLDER, KENNETH A",4077377786,,,,FL,socrata:orlando_business_tax,,,,
standard,BIG T'S HOT DOGS,4073448896,,,,FL,socrata:orlando_business_tax,,,,
standard,BIZLIKE.COM LLC,4072482992,,,,FL,socrata:orlando_business_tax,,,,
standard,CESAR ARREGOCES,4072955190,,,,FL,socrata:orlando_business_tax,,,,
standard,C & S PRESS INC,4078413000,,,,FL,socrata:orlando_business_tax,,,,
standard,"NELLO, MICHAEL",4079255087,,,,FL,socrata:orlando_business_tax,,,,
standard,"LIONEL, SYLVESTER",4073164996,,,,FL,socrata:orlando_business_tax,,,,
standard,MANHATTAN TANNING COMPANY,4078985775,,,,FL,socrata:orlando_business_tax,,,,
standard,CARMEN Q SPINOZZI,4078947448,,,,FL,socrata:orlando_business_tax,,,,
standard,BERGSTROM & HARPER ECLECTICS,4078981968,,,,FL,socrata:orlando_business_tax,,,,
standard,"HENRY, ACHELLE FASHION STAR",4075231986,,,,FL,socrata:orlando_business_tax,,,,
standard,LUIS AVALOS,4074546495,,,,FL,socrata:orlando_business_tax,,,,
standard,MCLEAN INSURANCE GROUP INC,4076488668,,,,FL,socrata:orlando_business_tax,,,,
standard,ITS FAUX REAL FINISHES INC,4079286303,,,,FL,socrata:orlando_business_tax,,,,
standard,TONI'S TOUCH INC,4076498014,,,,FL,socrata:orlando_business_tax,,,,
standard,EXTREME RETAINING WALL & BRICK,3216633301,,,,FL,socrata:orlando_business_tax,,,,
standard,LIGHTNING ELECTRIC OF CENTRAL,4078564718,,,,FL,socrata:orlando_business_tax,,,,
standard,RYBKA SMITH & GINSLER INC (CLO,4072756520,,,,FL,socrata:orlando_business_tax,,,,
standard,FAMOUS BY WORD OF MOUTH BOBBY,4079738676,,,,FL,socrata:orlando_business_tax,,,,
standard,BEST BUY #157,6122914863,,,,FL,socrata:orlando_business_tax,,,,
standard,STUMPS R US,4074257790,,,,FL,socrata:orlando_business_tax,,,,
standard,"BATES, JOYCE M(CLS 10/03)",4078963959,,,,FL,socrata:orlando_business_tax,,,,
standard,KAMPF TITLE & GUARANTY CORP,4073229484,,,,FL,socrata:orlando_business_tax,,,,
standard,GOLDEN CHILD SALON & SPA INC,4078224409,,,,FL,socrata:orlando_business_tax,,,,
standard,LAUREN R SPRINGER/HARTMAN & AS,4075218067,,,,FL,socrata:orlando_business_tax,,,,
standard,"COLLINS, DAVID A/ALLSTATE",4074230152,,,,FL,socrata:orlando_business_tax,,,,
standard,GLASS KING LLC,4075095258,,,,FL,socrata:orlando_business_tax,,,,
standard,ARA CONTRACTING INC,4078980080,,,,FL,socrata:orlando_business_tax,,,,
standard,TOLAND REALTY GROUP LLC,4072346874,,,,FL,socrata:orlando_business_tax,,,,
standard,BUSINESS ADMINISTRATION ADVISO,4074676281,,,,FL,socrata:orlando_business_tax,,,,
standard,BUONISSIMO TRATTORIA & PIZZERI,4072980499,,,,FL,socrata:orlando_business_tax,,,,
standard,WILLIS LITTLE BBQ SOUL FOOD,4072545499,,,,FL,socrata:orlando_business_tax,,,,
standard,ALPHA MAX,4079270580,,,,FL,socrata:orlando_business_tax,,,,
standard,TEM SYSTEMS INC,9545724531,,,,FL,socrata:orlando_business_tax,,,,
standard,BETTER BUILDING INSPECTIONS,4078976276,,,,FL,socrata:orlando_business_tax,,,,
standard,H & H EQUITIES LC,4076501996,,,,FL,socrata:orlando_business_tax,,,,
standard,FIDELITY NATIONAL TITLE INS CO,4075362500,,,,FL,socrata:orlando_business_tax,,,,
standard,BOXES ETC INC,4073550907,,,,FL,socrata:orlando_business_tax,,,,
standard,FIRST LEGACY CORPORATION,4073283945,,,,FL,socrata:orlando_business_tax,,,,
standard,HORIZONS POOL SERVICE & REPAIR,4074960596,,,,FL,socrata:orlando_business_tax,,,,
standard,E L WALLCOVERING INC,3213772010,,,,FL,socrata:orlando_business_tax,,,,
standard,INTERNAT'L ASSETS ADVISORY LLC,4072541500,,,,FL,socrata:orlando_business_tax,,,,
standard,A/R FUNDING OF FL,4078628626,,,,FL,socrata:orlando_business_tax,,,,
standard,TALBOTS #1122,7817497600,,,,FL,socrata:orlando_business_tax,,,,
standard,"MAYER SADECKI, MARY ALICE(CLS",4072927024,,,,FL,socrata:orlando_business_tax,,,,
standard,"KENNEDY,ROBERTS ARTS",4078779248,,,,FL,socrata:orlando_business_tax,,,,
standard,VIZIONS FINANCIAL SERVICES,8004600016,,,,FL,socrata:orlando_business_tax,,,,
standard,NO BORDERS CORPORATION,3213888279,,,,FL,socrata:orlando_business_tax,,,,
standard,BOOKS IN BALANCE INC(CLS 01/04,4072451176,,,,FL,socrata:orlando_business_tax,,,,
standard,RODRIGUEZ FLOORING SPECIALISTS,4073187302,,,,FL,socrata:orlando_business_tax,,,,
standard,SIESTA LAGO APARTMENTS,4073820375,,,,FL,socrata:orlando_business_tax,,,,
standard,ORLANDO CONCRETE CONTRACTORS(C,4078945409,,,,FL,socrata:orlando_business_tax,,,,
standard,WILLIAM GLOVER III DMD LLC,4075225595,,,,FL,socrata:orlando_business_tax,,,,
standard,TRAN CUTTING HAIR(CLS 06/03),4073661301,,,,FL,socrata:orlando_business_tax,,,,
standard,BEACH HUT INC,4072990225,,,,FL,socrata:orlando_business_tax,,,,
standard,PRECISE TRANSPORTATION LOGISTI,4078860701,,,,FL,socrata:orlando_business_tax,,,,
standard,QUALITY CABLE CONTRACTORS INC,4073525475,,,,FL,socrata:orlando_business_tax,,,,
standard,CD WAREHOUSE,4078967015,,,,FL,socrata:orlando_business_tax,,,,
standard,EXPRESS TRANSPORTATION INC,4072398171,,,,FL,socrata:orlando_business_tax,,,,
standard,CENTERLINE HOMES CONSTRUCTION,4078982088,,,,FL,socrata:orlando_business_tax,,,,
standard,D & F TECHNOLOGIES LLC,4079573880,,,,FL,socrata:orlando_business_tax,,,,
standard,TECHSPERTNET INC,4078984814,,,,FL,socrata:orlando_business_tax,,,,
standard,"FLORES, ANTONIO",4072491214,,,,FL,socrata:orlando_business_tax,,,,
standard,ANIKEN INTERNATIONAL,4078125510,,,,FL,socrata:orlando_business_tax,,,,
standard,WASHINGTON TRANSPORTATION INC,4072909818,,,,FL,socrata:orlando_business_tax,,,,
standard,VIPS JET TOURS CORP (CLS 08/03,4073521339,,,,FL,socrata:orlando_business_tax,,,,
standard,CONTAPE CORPORATION,4072260574,,,,FL,socrata:orlando_business_tax,,,,
standard,CURASCRIPT WHOLESALE SERVICES,4078524968,,,,FL,socrata:orlando_business_tax,,,,
standard,MAYER ELECTRIC SUPPLY CO INC,2055833593,,,,FL,socrata:orlando_business_tax,,,,
standard,MICRONETZ INC(CLS 02/04),4078770668,,,,FL,socrata:orlando_business_tax,,,,
standard,MARBEK CONSTRUCTORS INC,3522424687,,,,FL,socrata:orlando_business_tax,,,,
standard,T W METALS,4076481550,,,,FL,socrata:orlando_business_tax,,,,
standard,BIG DOG TECHNOLOGY INC,4076480780,,,,FL,socrata:orlando_business_tax,,,,
standard,A.E.L. PREVENTION SERVICES INC,4072959551,,,,FL,socrata:orlando_business_tax,,,,
standard,L & N DELIVERY SERVICES,4079027401,,,,FL,socrata:orlando_business_tax,,,,
standard,EXPRESS PREHAB,4074181202,,,,FL,socrata:orlando_business_tax,,,,
standard,ACADEMY OF YOSHUKAI INC(CLS 08,4072998871,,,,FL,socrata:orlando_business_tax,,,,
standard,"DOLBY, LESLEY ELIZABETH/DOLBY",4073523664,,,,FL,socrata:orlando_business_tax,,,,
standard,"FELIZ, HIMBERTO A PAINTING",4072515257,,,,FL,socrata:orlando_business_tax,,,,
standard,MARANDINOS AGENCY(CLS 02/03),4074222213,,,,FL,socrata:orlando_business_tax,,,,
standard,ASSOC LUXURY HOTELS INT'L HOLD,4072951950,,,,FL,socrata:orlando_business_tax,,,,
standard,DOROTHY HELPING HANDS,4075216886,,,,FL,socrata:orlando_business_tax,,,,
standard,PINE 101 MULTIMEDIA INC,4076720938,,,,FL,socrata:orlando_business_tax,,,,
standard,CHRISTIAN CENTER FAMILY SERVIC,4074686446,,,,FL,socrata:orlando_business_tax,,,,
standard,RANDY SHANNON BIG DOG'S CUTZ,4075785105,,,,FL,socrata:orlando_business_tax,,,,
standard,ANA H SALDANA/ JIREH HAIR & NA,4078950210,,,,FL,socrata:orlando_business_tax,,,,
standard,"HARPER, WILLIAM E JR(CLS 04/04",4073812858,,,,FL,socrata:orlando_business_tax,,,,
standard,HOUSE OF WATCHES AND CLOCKS(CL,4072536600,,,,FL,socrata:orlando_business_tax,,,,
standard,PSG BRICK PAVERS INC,4078414656,,,,FL,socrata:orlando_business_tax,,,,
standard,ORLANDO WEB SERVICES(CLS 04/04,4074810007,,,,FL,socrata:orlando_business_tax,,,,
standard,ANJALIQUE MARIE PENKACIK,4074931288,,,,FL,socrata:orlando_business_tax,,,,
standard,MINNIE JOHNSON,3214383381,,,,FL,socrata:orlando_business_tax,,,,
standard,EJ INTERIOR & EXTERIOR WALL SY,4078237310,,,,FL,socrata:orlando_business_tax,,,,
standard,J A H ENTERPRISES,4074257666,,,,FL,socrata:orlando_business_tax,,,,
standard,ESTEIN & ASSOCIATES USA LTD,4073543307,,,,FL,socrata:orlando_business_tax,,,,
standard,MICHAEL PALMATEER/HAIR CUTTERY,4078959738,,,,FL,socrata:orlando_business_tax,,,,
standard,GAP ROOFING INC,4072072086,,,,FL,socrata:orlando_business_tax,,,,
standard,APPLIANCE DIRECT INC,4079274132,,,,FL,socrata:orlando_business_tax,,,,
standard,FLORIDA DETROIT DIESEL-ALLISON,9047304203,,,,FL,socrata:orlando_business_tax,,,,
standard,TAIJA DESIGN AND SUPPLIES,4072428858,,,,FL,socrata:orlando_business_tax,,,,
standard,"HAYNIE, FREDERICK",4074840654,,,,FL,socrata:orlando_business_tax,,,,
standard,CT FREIGHTS,4075320984,,,,FL,socrata:orlando_business_tax,,,,
standard,TONYVISIONS,4078963228,,,,FL,socrata:orlando_business_tax,,,,
standard,J R B MULITSERVICE INC,3218639027,,,,FL,socrata:orlando_business_tax,,,,
standard,WALGREENS #03745,8479145431,,,,FL,socrata:orlando_business_tax,,,,
standard,JAMES F MCKENZIE/MCKENZIE & HA,8503805516,,,,FL,socrata:orlando_business_tax,,,,
standard,MUNICIPAL WATER WORKS INC,4072952400,,,,FL,socrata:orlando_business_tax,,,,
standard,H & Y MUSIC,4074889696,,,,FL,socrata:orlando_business_tax,,,,
standard,GAMMA PC,4078936497,,,,FL,socrata:orlando_business_tax,,,,
standard,ORLANDO WINERY,4073702988,,,,FL,socrata:orlando_business_tax,,,,
standard,"HEMPFIELD,MICHAEL/ALL FAMILY",4074671772,,,,FL,socrata:orlando_business_tax,,,,
standard,AUTOMATED OFFICE SOLUTIONS,4078436479,,,,FL,socrata:orlando_business_tax,,,,
standard,ICS INNOVATIVE CLEANING SOLUTI,4072281978,,,,FL,socrata:orlando_business_tax,,,,
standard,"PIERRE, MELIUS TOWING(CLOSED B",4072959288,,,,FL,socrata:orlando_business_tax,,,,
standard,"QUINONEZ, MARIE R MD/CFPC",4078415437,,,,FL,socrata:orlando_business_tax,,,,
standard,ALL-WAYS TYPING,4078961877,,,,FL,socrata:orlando_business_tax,,,,
standard,JAPANESE WEEKEND INC,4073542160,,,,FL,socrata:orlando_business_tax,,,,
standard,"DAVIS, JACK",7273833810,,,,FL,socrata:orlando_business_tax,,,,
standard,ON YOUR FEET LLC,2108600528,,,,FL,socrata:orlando_business_tax,,,,
standard,"LOFTON, AARON LEE",4072977264,,,,FL,socrata:orlando_business_tax,,,,
standard,PHILLIP W CARVER,3216950269,,,,FL,socrata:orlando_business_tax,,,,
standard,"CUMMINGS, SARAH",4073805953,,,,FL,socrata:orlando_business_tax,,,,
standard,MASSEY COMMUNICATIONS INC,4075814222,,,,FL,socrata:orlando_business_tax,,,,
standard,WILDLIFE JEWELRY INC,4075635200,,,,FL,socrata:orlando_business_tax,,,,
standard,SEAN CROSBY/KELLY,4076489450,,,,FL,socrata:orlando_business_tax,,,,
standard,R-E-E-F(CLS 04/04),4075329872,,,,FL,socrata:orlando_business_tax,,,,
standard,FRIENDLY HOME INSPECTION,4072923787,,,,FL,socrata:orlando_business_tax,,,,
standard,AZALEA GARDENS APARTMENTS,4078944077,,,,FL,socrata:orlando_business_tax,,,,
standard,FRANZESE & ASSOCIATES OF ORLAN,4078238330,,,,FL,socrata:orlando_business_tax,,,,
standard,SMART REMODELING INC,4072226603,,,,FL,socrata:orlando_business_tax,,,,
standard,"TORRES, NAUMAR(CLS 04/04)",4078962844,,,,FL,socrata:orlando_business_tax,,,,
standard,JACK T WEAVER DPM DO MD PA,4072576100,,,,FL,socrata:orlando_business_tax,,,,
standard,TRUE BRIDAL,4073823221,,,,FL,socrata:orlando_business_tax,,,,
standard,SOUTHERN AVIATION TECHNOLOGIES,4072822098,,,,FL,socrata:orlando_business_tax,,,,
standard,RSM MAC CONSTRUCTION INC,4079636315,,,,FL,socrata:orlando_business_tax,,,,
standard,EDWIN RIVERA,4078127484,,,,FL,socrata:orlando_business_tax,,,,
standard,"ALVAREZ, CORIN N",4078141451,,,,FL,socrata:orlando_business_tax,,,,
standard,ACME BARRICADES LC,4072534337,,,,FL,socrata:orlando_business_tax,,,,
standard,LENDERS ASSISTANCE CORP,4076480702,,,,FL,socrata:orlando_business_tax,,,,
standard,G & C PRO TECH INC,8639341571,,,,FL,socrata:orlando_business_tax,,,,
standard,INTEL-A-CHOICE PRODUCTS & SVCS,4072774340,,,,FL,socrata:orlando_business_tax,,,,
standard,HENRY SHADE CONSTRUCTION,4072765813,,,,FL,socrata:orlando_business_tax,,,,
standard,SOS CONTRACTORS LLC,3213886281,,,,FL,socrata:orlando_business_tax,,,,
standard,MELLENIA LLC,4075221315,,,,FL,socrata:orlando_business_tax,,,,
standard,PRODUCTIONHUB INC,4076294122,,,,FL,socrata:orlando_business_tax,,,,
standard,"JOSEPH,REYNOLD CLEANING SERVIC",4075782884,,,,FL,socrata:orlando_business_tax,,,,
standard,AK REMODELING,4072823046,,,,FL,socrata:orlando_business_tax,,,,
standard,SUPERCUTS,4072810032,,,,FL,socrata:orlando_business_tax,,,,
standard,CHRIS LARSEN MASONRY,4078941225,,,,FL,socrata:orlando_business_tax,,,,
standard,MILLENIA NAILS & DAY SPA,4072268412,,,,FL,socrata:orlando_business_tax,,,,
standard,EXCELSIOR WALL SYSTEMS DIVERSI,4074258800,,,,FL,socrata:orlando_business_tax,,,,
standard,ADVANTAGE TOWING(CLS 02/04),4078968281,,,,FL,socrata:orlando_business_tax,,,,
standard,CONCRETE MASTERS,3216634099,,,,FL,socrata:orlando_business_tax,,,,
standard,O TOWN PROPERTIES,4074475997,,,,FL,socrata:orlando_business_tax,,,,
standard,EQUIPMENT & TELECOMMUNICATIONS,4073821543,,,,FL,socrata:orlando_business_tax,,,,
standard,CONTROL DESIGN SOLUTIONS INC,4078960839,,,,FL,socrata:orlando_business_tax,,,,
standard,EZ MANAGEMENT INC,4078358807,,,,FL,socrata:orlando_business_tax,,,,
standard,COOL BREEZE MARKETING INC(CLS,4073135287,,,,FL,socrata:orlando_business_tax,,,,
standard,AMERICO FINANCIAL LIFE & ANNUI,8163912000,,,,FL,socrata:orlando_business_tax,,,,
standard,OPTIMA HVAC LLC,4076494344,,,,FL,socrata:orlando_business_tax,,,,
standard,"ISAIAS, JAVIER(10/17/03)",3212286192,,,,FL,socrata:orlando_business_tax,,,,
standard,M AND T WATCH MANIA,4072382693,,,,FL,socrata:orlando_business_tax,,,,
standard,SPEC PACKAGING COMPANY INC,4072824415,,,,FL,socrata:orlando_business_tax,,,,
standard,FIREHOUSE KITCHEN,4077385400,,,,FL,socrata:orlando_business_tax,,,,
standard,AUDIO VISUAL IMAGINEERING INC,4078598166,,,,FL,socrata:orlando_business_tax,,,,
standard,LASHONDA BAKER,4078606295,,,,FL,socrata:orlando_business_tax,,,,
standard,VACATION STRETCHERS INC,2033172350,,,,FL,socrata:orlando_business_tax,,,,
standard,PANCHOS SPANISH DELI,4076798618,,,,FL,socrata:orlando_business_tax,,,,
standard,"MACDONALD, SUSAN/STAR SOULS",4073634000,,,,FL,socrata:orlando_business_tax,,,,
standard,MANHEIMS AIRPORT AUTO REFINISH,4074380043,,,,FL,socrata:orlando_business_tax,,,,
standard,OMEGA JUDGMENT RECOVERY(CLOSED,4075788245,,,,FL,socrata:orlando_business_tax,,,,
standard,PATRYCYA DAWKINS CUMMINGS,4075795917,,,,FL,socrata:orlando_business_tax,,,,
standard,"WILLIAMS, ALTHEA MORTGAGE BROK",4072946909,,,,FL,socrata:orlando_business_tax,,,,
standard,L & F SALES INC (CLS 09/03),4072601809,,,,FL,socrata:orlando_business_tax,,,,
standard,MJS ENTERPRISES,4074020605,,,,FL,socrata:orlando_business_tax,,,,
standard,TY FY STUDIOS INC,4078435662,,,,FL,socrata:orlando_business_tax,,,,
standard,JAMES H DUNLAP,3212510538,,,,FL,socrata:orlando_business_tax,,,,
standard,"MCCOURT, THOMAS FRAMING(CLS 02",4073751419,,,,FL,socrata:orlando_business_tax,,,,
standard,MANUEL CONCRETE RESURFACING CO,4072814361,,,,FL,socrata:orlando_business_tax,,,,
standard,FRIENDZ INC,4078554371,,,,FL,socrata:orlando_business_tax,,,,
standard,PLUS CATERING INC,4072777521,,,,FL,socrata:orlando_business_tax,,,,
standard,KRAFT FOODS NORTH AMERICA INC(,4072994450,,,,FL,socrata:orlando_business_tax,,,,
standard,"TOLEDO, FERNANDO J",4078960632,,,,FL,socrata:orlando_business_tax,,,,
standard,BROWN AUTOMATIC SPRINKLERS INC,4074818311,,,,FL,socrata:orlando_business_tax,,,,
standard,"GONZALEZ, MARLON",4078977173,,,,FL,socrata:orlando_business_tax,,,,
standard,"RAZACK, ABDOOL R",4072640294,,,,FL,socrata:orlando_business_tax,,,,
standard,CAREER SERVICES INTERNATIONAL,8667943337,,,,FL,socrata:orlando_business_tax,,,,
standard,PC HEALTH AND TECHINCAL SERVIC,4076585715,,,,FL,socrata:orlando_business_tax,,,,
standard,"TORRES, LIDIA",4073967347,,,,FL,socrata:orlando_business_tax,,,,
standard,BELLEAIR DEVELOPMENT GROUP,7275398686,,,,FL,socrata:orlando_business_tax,,,,
standard,LONGWOOD COMMUNICATIONS,4077376006,,,,FL,socrata:orlando_business_tax,,,,
standard,PROFESSIONAL TEAM CLEANING SER,4073458276,,,,FL,socrata:orlando_business_tax,,,,
standard,ALLEN LANG CARPENTER & PEED PA,4074228250,,,,FL,socrata:orlando_business_tax,,,,
standard,PINAS BAY RESORTS LLC,4078430123,,,,FL,socrata:orlando_business_tax,,,,
standard,BETH EL ADONAI MESSIANIC MINIS,3212350711,,,,FL,socrata:orlando_business_tax,,,,
standard,"GARNER, JAMES E JR/ALLIANCE",4078490108,,,,FL,socrata:orlando_business_tax,,,,
standard,LUCHRO CORP,3214388248,,,,FL,socrata:orlando_business_tax,,,,
standard,DELTA CABLE CORP 1,3212352830,,,,FL,socrata:orlando_business_tax,,,,
standard,DANIELLE & DAVID MUNIZ,4073996448,,,,FL,socrata:orlando_business_tax,,,,
standard,INTEGRITY ATTRACTIONS INC(CLOS,4072381088,,,,FL,socrata:orlando_business_tax,,,,
standard,"OSTHEIM, MICHAEL PRODUCTIONS(T",4074232169,,,,FL,socrata:orlando_business_tax,,,,
standard,GOVERNMENT PERSONNEL MUTUAL LI,2103572222,,,,FL,socrata:orlando_business_tax,,,,
standard,ETOILE BOUTIQUE,4073253465,,,,FL,socrata:orlando_business_tax,,,,
standard,DUNG MY DO,4078968407,,,,FL,socrata:orlando_business_tax,,,,
standard,"HERNANDEZ, JORGE F",4072821426,,,,FL,socrata:orlando_business_tax,,,,
standard,CHANNEL ONE STUDIOS,4075227000,,,,FL,socrata:orlando_business_tax,,,,
standard,PATRICIA FUNES,4075756223,,,,FL,socrata:orlando_business_tax,,,,
standard,"LUCE, WAYNE A",4078987897,,,,FL,socrata:orlando_business_tax,,,,
standard,CLOTTIE WISE,4076258627,,,,FL,socrata:orlando_business_tax,,,,
standard,MEIYING GU/T Y LIN INTERNATION,4075637101,,,,FL,socrata:orlando_business_tax,,,,
standard,HOMEBANC MORTGAGE CORPORATION,4078759200,,,,FL,socrata:orlando_business_tax,,,,
standard,"BEERY, THOMAS",4072986252,,,,FL,socrata:orlando_business_tax,,,,
standard,J & P LANDSCAPING INC,4074544272,,,,FL,socrata:orlando_business_tax,,,,
standard,PROTECTIVE LIFE INSURANCE COMP,2058799230,,,,FL,socrata:orlando_business_tax,,,,
standard,DISCOUNT RENTAL AND SALES INC,4078975111,,,,FL,socrata:orlando_business_tax,,,,
standard,ADOLFO CONSTRUCTION CORP,4072763599,,,,FL,socrata:orlando_business_tax,,,,
standard,HAMPTON INN ORLANDO INTERNATIO,4078882995,,,,FL,socrata:orlando_business_tax,,,,
standard,BLUE MAGIC OIL & LUBE EXPRESS,4072910106,,,,FL,socrata:orlando_business_tax,,,,
standard,INNOVATIVE SOLUTIONS,4073809975,,,,FL,socrata:orlando_business_tax,,,,
standard,STYLE COMPASS LC,7274323059,,,,FL,socrata:orlando_business_tax,,,,
standard,MATT HENRY TRAINED HUMAN,4072309630,,,,FL,socrata:orlando_business_tax,,,,
standard,JAMES KEENER PAINTING,4077013056,,,,FL,socrata:orlando_business_tax,,,,
standard,XCELLENCE PAINTING SERVICES CO,3212761241,,,,FL,socrata:orlando_business_tax,,,,
standard,TELETEC USA INC,4078726051,,,,FL,socrata:orlando_business_tax,,,,
standard,ELEMENTAL SIGHTS INC,4078227904,,,,FL,socrata:orlando_business_tax,,,,
standard,M & M DISTRIBUTORS,4074822086,,,,FL,socrata:orlando_business_tax,,,,
standard,JACK MALLOY INC,4078414126,,,,FL,socrata:orlando_business_tax,,,,
standard,CRABTREE & EVELYN LTD INC # 20,8609282761,,,,FL,socrata:orlando_business_tax,,,,
standard,WINGATE INN,4072840180,,,,FL,socrata:orlando_business_tax,,,,
standard,"VICKERS, ESTHER LMT/NEW DIRECT",4078412871,,,,FL,socrata:orlando_business_tax,,,,
standard,CIRCUITS & GEARS INC,4074968244,,,,FL,socrata:orlando_business_tax,,,,
standard,LEKESHIE MARTIN ENTERPRISE(CLS,4077015007,,,,FL,socrata:orlando_business_tax,,,,
standard,HYATT DESIGN,4078940920,,,,FL,socrata:orlando_business_tax,,,,
standard,TOP DOLLAR STORE,4072932603,,,,FL,socrata:orlando_business_tax,,,,
standard,WP HOME RESTORATION INC,4072286818,,,,FL,socrata:orlando_business_tax,,,,
standard,CHOICE CABINETS AND COUNTERTOP,4079026900,,,,FL,socrata:orlando_business_tax,,,,
standard,DYKES JEFFREY(CLS 02/04),4077582411,,,,FL,socrata:orlando_business_tax,,,,
standard,WILLIAM G CALHOON,3523576623,,,,FL,socrata:orlando_business_tax,,,,
standard,LA MERCED INVESTMENTS INC,4072954502,,,,FL,socrata:orlando_business_tax,,,,
standard,DAVIS CONSTRUCTION OF ORLANDO,4072968166,,,,FL,socrata:orlando_business_tax,,,,
standard,EDUARDO WILLIAMS CHAMPION CRAB,4072911254,,,,FL,socrata:orlando_business_tax,,,,
standard,"PERKINS, MARY BETH/STARSOULS",4073821280,,,,FL,socrata:orlando_business_tax,,,,
standard,MIKADO SUSHI,4078221080,,,,FL,socrata:orlando_business_tax,,,,
standard,MATT DUNN PHOTOGRAPHY,4079907404,,,,FL,socrata:orlando_business_tax,,,,
standard,JEFF HANSON MANAGEMENT & PROMO,4074225900,,,,FL,socrata:orlando_business_tax,,,,
standard,"SINGLETON, TERRY W",4078942004,,,,FL,socrata:orlando_business_tax,,,,
standard,ANTHONY CHRISTIAN & AMANDA MOL,3216624211,,,,FL,socrata:orlando_business_tax,,,,
standard,GLOBAL USA GROUP CORP(CLS 01/0,4072979330,,,,FL,socrata:orlando_business_tax,,,,
standard,ABEROD1 CORP,4079028187,,,,FL,socrata:orlando_business_tax,,,,
standard,SUNSCAPES LAWN AND GARDEN CARE,4078161635,,,,FL,socrata:orlando_business_tax,,,,
standard,PLANNING INNOVATIONS INC,4074250062,,,,FL,socrata:orlando_business_tax,,,,
standard,RICK CRABLE TRIM CARPENTRY LLC,4079968430,,,,FL,socrata:orlando_business_tax,,,,
standard,BETTER BUILT CABINETRY INC,4072735111,,,,FL,socrata:orlando_business_tax,,,,
standard,COLONIAL PROPERTIES SERVICES I,4073041330,,,,FL,socrata:orlando_business_tax,,,,
standard,TRADER PUBLISHING CO(CLS 06/04,4078963923,,,,FL,socrata:orlando_business_tax,,,,
standard,PLATINUM TOUCH INC,4078955035,,,,FL,socrata:orlando_business_tax,,,,
standard,ORLANDO REAL ESTATE GROUP INC,4072445510,,,,FL,socrata:orlando_business_tax,,,,
standard,DISCOVER MARBLE & GRANITE III,7746965642,,,,FL,socrata:orlando_business_tax,,,,
standard,SO SPACIOUS INC,4076494747,,,,FL,socrata:orlando_business_tax,,,,
standard,MARGARET Y ROBERTS ENTERPRISES,4076164422,,,,FL,socrata:orlando_business_tax,,,,
standard,DIANA MARTINEZ CLEANING SERVIC,4073823144,,,,FL,socrata:orlando_business_tax,,,,
standard,E-SOFT TECH SOLUTIONS INC,4074386920,,,,FL,socrata:orlando_business_tax,,,,
standard,KARLYS TX SEERVICE,4077047968,,,,FL,socrata:orlando_business_tax,,,,
standard,THE PRESENTATION GROUP INC,4078593099,,,,FL,socrata:orlando_business_tax,,,,
standard,TONY AND MIKE FLOORING CORP,4076198230,,,,FL,socrata:orlando_business_tax,,,,
standard,INFINITI EMPLOYMENT SOLUTIONS,4078942199,,,,FL,socrata:orlando_business_tax,,,,
standard,BARGAINTECH,4078410278,,,,FL,socrata:orlando_business_tax,,,,
standard,TIME AND SHADES USA,4073707077,,,,FL,socrata:orlando_business_tax,,,,
standard,ADVANCED BUSINESS SOLUTIONS OR,4073131452,,,,FL,socrata:orlando_business_tax,,,,
standard,"SEGAL, ROBERT",4072847474,,,,FL,socrata:orlando_business_tax,,,,
standard,CASTLE DESIGNS INC,4077889343,,,,FL,socrata:orlando_business_tax,,,,
standard,TRC AMERICA INC,4072984337,,,,FL,socrata:orlando_business_tax,,,,
standard,100% GENUWINE BARBEQUE AND MOR,4078773625,,,,FL,socrata:orlando_business_tax,,,,
standard,"ZAGERS, KENNETH T/WALTER(CLS 1",7136307300,,,,FL,socrata:orlando_business_tax,,,,
standard,L S CONSTRUCTION OF AMERICA IN,4079021208,,,,FL,socrata:orlando_business_tax,,,,
standard,GLENN'S LAWN CARE,4072991387,,,,FL,socrata:orlando_business_tax,,,,
standard,LTS AND COMPANY INC,3523571051,,,,FL,socrata:orlando_business_tax,,,,
standard,TOWNSEND ACCOUNTING SERVICES,4074937748,,,,FL,socrata:orlando_business_tax,,,,
standard,DOCTOR DETAIL,4079251427,,,,FL,socrata:orlando_business_tax,,,,
standard,MIGUELS TIRE SERVICE INC,4072917671,,,,FL,socrata:orlando_business_tax,,,,
standard,JHE STUCCO ENTERPRISES INC,4072493313,,,,FL,socrata:orlando_business_tax,,,,
standard,RICARDO GUZMAN,4072478188,,,,FL,socrata:orlando_business_tax,,,,
standard,ORBIT EXPRESS INC,7875649325,,,,FL,socrata:orlando_business_tax,,,,
standard,FESTIVAL VENTURES,4079031534,,,,FL,socrata:orlando_business_tax,,,,
standard,K & S REALTY,3525362098,,,,FL,socrata:orlando_business_tax,,,,
standard,JASON A MCWHIRTER,4078959292,,,,FL,socrata:orlando_business_tax,,,,
standard,PALLADIUM INTERNATIONAL(CLS 06,4074844607,,,,FL,socrata:orlando_business_tax,,,,
standard,E & M ELETRONIC SERVICE(CLS 05,4077374386,,,,FL,socrata:orlando_business_tax,,,,
standard,TEAMWORK REHAB SERVICES INC,4075661114,,,,FL,socrata:orlando_business_tax,,,,
standard,"SOUTHALL, FREDDIE L",4075229996,,,,FL,socrata:orlando_business_tax,,,,
standard,DENISE FULTON/JELOUS MELON HAI,4078927189,,,,FL,socrata:orlando_business_tax,,,,
standard,RIPLEY ENTERTAINMENT INC,4073458010,,,,FL,socrata:orlando_business_tax,,,,
standard,PANZER TRADING INC,4073540503,,,,FL,socrata:orlando_business_tax,,,,
standard,LA FORTUNA MINI MARKET ICE &,8635216838,,,,FL,socrata:orlando_business_tax,,,,
standard,"HENRY, KEITH(CLS 09/03)",4079968422,,,,FL,socrata:orlando_business_tax,,,,
standard,JIM LEE ENVIRONMENTAL SOLUTION,4078438317,,,,FL,socrata:orlando_business_tax,,,,
standard,ENCORE KITCHENS & BATHS INC,4073802867,,,,FL,socrata:orlando_business_tax,,,,
standard,"METRIS DIRECT, INC",4073708000,,,,FL,socrata:orlando_business_tax,,,,
standard,"SMITH, KEITH PAINTING",4075223803,,,,FL,socrata:orlando_business_tax,,,,
standard,CHINA HUT COLLEGE PARK,4078398839,,,,FL,socrata:orlando_business_tax,,,,
standard,COLMAN-STALY AGENCY INC,4072499665,,,,FL,socrata:orlando_business_tax,,,,
standard,AP EXPRESS INC,4077700153,,,,FL,socrata:orlando_business_tax,,,,
standard,J M J CONTRACTORS INC,4079961563,,,,FL,socrata:orlando_business_tax,,,,
standard,ED-CE INC,4073753954,,,,FL,socrata:orlando_business_tax,,,,
standard,CHECKERS DRIVE IN RESTAURANT#8,8134413500,,,,FL,socrata:orlando_business_tax,,,,
standard,EYE SERVICE CORPORATION INC,4073806088,,,,FL,socrata:orlando_business_tax,,,,
standard,ANTHONY VILLANUEVA DJ XXX MOBI,4078564619,,,,FL,socrata:orlando_business_tax,,,,
standard,I DO FACES ETCETERA,4075796588,,,,FL,socrata:orlando_business_tax,,,,
standard,STURDEVANT INSTALLATIONS LLC,4076484480,,,,FL,socrata:orlando_business_tax,,,,
standard,"MEAD, ERIC HOME IMPROVEMENTS(C",4072458336,,,,FL,socrata:orlando_business_tax,,,,
standard,LEGAL SERVICES INC,4078432245,,,,FL,socrata:orlando_business_tax,,,,
standard,PATE & ASSOCIATES LLC,4072921239,,,,FL,socrata:orlando_business_tax,,,,
standard,DIOSCURI DESIGN LLC,4075388565,,,,FL,socrata:orlando_business_tax,,,,
standard,DAVID NATIONS PHOTOGRAPHY,4073546399,,,,FL,socrata:orlando_business_tax,,,,
standard,JJ CAJUN GRILL,3212356974,,,,FL,socrata:orlando_business_tax,,,,
standard,AL CLARK PAINTING LLC,4078024083,,,,FL,socrata:orlando_business_tax,,,,
standard,GERALD R SAFFIOTI JR ESQ LLC,4077371654,,,,FL,socrata:orlando_business_tax,,,,
standard,WINSTONS INTERIOR & EXTERIOR F,4074849043,,,,FL,socrata:orlando_business_tax,,,,
standard,A J ARANGO INC,8132489220,,,,FL,socrata:orlando_business_tax,,,,
standard,SHAWN ROTH/DAMON & ROTH REALTY,4073049494,,,,FL,socrata:orlando_business_tax,,,,
standard,TRIO TRANS INC(TRNS TO 20372-2,4072928446,,,,FL,socrata:orlando_business_tax,,,,
standard,KLH FINANCIAL SERVICES,4076560855,,,,FL,socrata:orlando_business_tax,,,,
standard,IDX REALTY INC,4078229247,,,,FL,socrata:orlando_business_tax,,,,
standard,RANKINE SERVICES INC,4078941198,,,,FL,socrata:orlando_business_tax,,,,
standard,THEODORE ESTES/DIVINE & ESTES PA,4074269500,,,,FL,socrata:orlando_business_tax,,,,
standard,"WILSON, RICKIE A(CLOSED PER IN",4075210067,,,,FL,socrata:orlando_business_tax,,,,
standard,THE PICTURE PEOPLE INC,4073516661,,,,FL,socrata:orlando_business_tax,,,,
standard,FERGUSON ENTERPRISES INC,8048747795,,,,FL,socrata:orlando_business_tax,,,,
standard,FLAGLER CONSTRUCTION EQUIPMENT,4076598700,,,,FL,socrata:orlando_business_tax,,,,
standard,GRANT SUNSHINE CLEANING,4072942935,,,,FL,socrata:orlando_business_tax,,,,
standard,"ERIC L MORGAN ARCHITECT, PA",4073992564,,,,FL,socrata:orlando_business_tax,,,,
standard,BLECOR LLC,4076586455,,,,FL,socrata:orlando_business_tax,,,,
standard,COMMAIR SOUTHEAST INC,4076484860,,,,FL,socrata:orlando_business_tax,,,,
standard,EDGEWELL PERSONAL CARE LLC,3145941743,,,,FL,socrata:orlando_business_tax,,,,
standard,ROPER REAL ESTATE INC,4074234726,,,,FL,socrata:orlando_business_tax,,,,
standard,ONE PRICE CLOTHING STORE  #800,8034338888,,,,FL,socrata:orlando_business_tax,,,,
standard,ROGER JOHNSON ROC HARD,4078327779,,,,FL,socrata:orlando_business_tax,,,,
standard,FASHION BEAUTY SALON,4072080405,,,,FL,socrata:orlando_business_tax,,,,
standard,"ZAMBRANO, RAMON",4078543460,,,,FL,socrata:orlando_business_tax,,,,
standard,PALAZZO NOVISSIMO DAY SPA INC,4076172863,,,,FL,socrata:orlando_business_tax,,,,
standard,H & M CLEANING SVCS,4078574447,,,,FL,socrata:orlando_business_tax,,,,
standard,RENEGADE TESTING & INSPECTION,4079298598,,,,FL,socrata:orlando_business_tax,,,,
standard,THE TABLOID SALON & BARBER SHO,4074812154,,,,FL,socrata:orlando_business_tax,,,,
standard,SELENA'S CLEANING SERVICE,4072973522,,,,FL,socrata:orlando_business_tax,,,,
standard,THE CAMERON GROUP(TRN 5099-2 1,4078950219,,,,FL,socrata:orlando_business_tax,,,,
standard,THE JOLLY DOGGER,4074892617,,,,FL,socrata:orlando_business_tax,,,,
standard,PRECISION TILE & BRICK PAVERS,3216954424,,,,FL,socrata:orlando_business_tax,,,,
standard,JP S CONTRACTORS INC,4072489795,,,,FL,socrata:orlando_business_tax,,,,
standard,R M CLEANING CORPORATION(CLS 0,4073511967,,,,FL,socrata:orlando_business_tax,,,,
standard,FLORIDA CLASSIC LIMO INC,4078596883,,,,FL,socrata:orlando_business_tax,,,,
standard,"YEILDING, E CHALMERS ARCHITECT",4076485541,,,,FL,socrata:orlando_business_tax,,,,
standard,UNIVERSAL EVENTS INTERNATIONAL,4078971211,,,,FL,socrata:orlando_business_tax,,,,
standard,PACIFIC MEDICAL EQUIPMENT & SU,4077377971,,,,FL,socrata:orlando_business_tax,,,,
standard,TAPEMATIC USA INC,4078521901,,,,FL,socrata:orlando_business_tax,,,,
standard,MS LADY PROFESSIONAL SERVICES,4076499521,,,,FL,socrata:orlando_business_tax,,,,
standard,IONE OLIVEIRA CLEANING SERVICE,4072436666,,,,FL,socrata:orlando_business_tax,,,,
standard,FLORIDA COATINGS,4074253882,,,,FL,socrata:orlando_business_tax,,,,
standard,"BARNES, ROBERT M",4073160088,,,,FL,socrata:orlando_business_tax,,,,
standard,BEARS TRUCK REPAIR INC,4074671307,,,,FL,socrata:orlando_business_tax,,,,
standard,CONSTRUCTION MANAGEMENT & DEV,4072530255,,,,FL,socrata:orlando_business_tax,,,,
standard,"VARGAS, PAOLA(CLOSED PER INVOI",4078527011,,,,FL,socrata:orlando_business_tax,,,,
standard,FUTURE TECHNOLOGIES MARKETING,4072738711,,,,FL,socrata:orlando_business_tax,,,,
standard,TAVERNIER SERVICES,4072914331,,,,FL,socrata:orlando_business_tax,,,,
standard,THE LUTALO GROUP LLC,8772392608,,,,FL,socrata:orlando_business_tax,,,,
standard,"GRANT, LISA",4078989170,,,,FL,socrata:orlando_business_tax,,,,
standard,GEMS & JEWELS USA,4074221869,,,,FL,socrata:orlando_business_tax,,,,
standard,C & C MARBLE DESIGN INC,4072922240,,,,FL,socrata:orlando_business_tax,,,,
standard,PAUL BARKER III CONCERT TEE,4072491601,,,,FL,socrata:orlando_business_tax,,,,
standard,L N C PLUMBING INC,4076562356,,,,FL,socrata:orlando_business_tax,,,,
standard,J & L CARPET CLEANING,4073639521,,,,FL,socrata:orlando_business_tax,,,,
standard,PROFESSIONAL TESTING INC,4078946405,,,,FL,socrata:orlando_business_tax,,,,
standard,"HOWE, DANIEL M",4076485701,,,,FL,socrata:orlando_business_tax,,,,
standard,PERFORMANCE CLASSIC CARS INC,4078554716,,,,FL,socrata:orlando_business_tax,,,,
standard,DIRT PUPPIES INC,4074020507,,,,FL,socrata:orlando_business_tax,,,,
standard,MRC MANAGEMENT INC,4072966718,,,,FL,socrata:orlando_business_tax,,,,
standard,DIAMOND GALLERY,4078982011,,,,FL,socrata:orlando_business_tax,,,,
standard,TOWMASTER WRECKER SERVICE OF O,4078595554,,,,FL,socrata:orlando_business_tax,,,,
standard,WINSTON FERGUSON MASONRY,4076498260,,,,FL,socrata:orlando_business_tax,,,,
standard,PONY EXPRESS DELIVERY SERVICES,4075780903,,,,FL,socrata:orlando_business_tax,,,,
standard,THE XYZ AGENCY,4076471082,,,,FL,socrata:orlando_business_tax,,,,
standard,CLAUDE EVERETT JR LAWN CARE,4074232967,,,,FL,socrata:orlando_business_tax,,,,
standard,SPOT THE DIFFERENCE INC,4077212491,,,,FL,socrata:orlando_business_tax,,,,
standard,"KELLY, PATRICK K",4077610983,,,,FL,socrata:orlando_business_tax,,,,
standard,TRAVEL WORK STUDY OVERSEAS INC,4074484098,,,,FL,socrata:orlando_business_tax,,,,
standard,ARISE OF AMERICA,4072919544,,,,FL,socrata:orlando_business_tax,,,,
standard,"CASTELLANOS, YEIMY DBA JANI KI",3212464110,,,,FL,socrata:orlando_business_tax,,,,
standard,SAY IT YOUR WAY PRINTING PRODU,4072997438,,,,FL,socrata:orlando_business_tax,,,,
standard,GLASS & MIRROR AMERICA,4078496094,,,,FL,socrata:orlando_business_tax,,,,
standard,FLORIDA ROOMS & WINDOWS LLC,4072221969,,,,FL,socrata:orlando_business_tax,,,,
standard,SILVER TERRACE ORLANDO II LTD,8139361700,,,,FL,socrata:orlando_business_tax,,,,
standard,Z PAINTING COMPANY,4078988783,,,,FL,socrata:orlando_business_tax,,,,
standard,THE ROBISON GROUP,2484870290,,,,FL,socrata:orlando_business_tax,,,,
standard,BEVERLEY CHISHOLM BT&K,4079312023,,,,FL,socrata:orlando_business_tax,,,,
standard,SIQUEIRA BRICK PAVERS INC,4078224200,,,,FL,socrata:orlando_business_tax,,,,
standard,O CARTZ,3216630678,,,,FL,socrata:orlando_business_tax,,,,
standard,PONDEROSA STEAKHOUSE,4073450200,,,,FL,socrata:orlando_business_tax,,,,
standard,BELLA CAFE,4072910134,,,,FL,socrata:orlando_business_tax,,,,
standard,INTERNATIONAL NAILS & TAN(NEW,4076731745,,,,FL,socrata:orlando_business_tax,,,,
standard,JC JEFFERSON JR CLEANING SERVI,4076497623,,,,FL,socrata:orlando_business_tax,,,,
standard,ROSA I BAZAN CLEANING SERVICES,4077666387,,,,FL,socrata:orlando_business_tax,,,,
standard,SOL Y LUNA TANNING LLC,4072938267,,,,FL,socrata:orlando_business_tax,,,,
standard,CLEAN SWEEP OF CENTRAL FL INC(,4072824540,,,,FL,socrata:orlando_business_tax,,,,
standard,ROSIE HOLMES HOUSEKEEPING(CLS,4073521880,,,,FL,socrata:orlando_business_tax,,,,
standard,"VALDES, LUIS(CLOSED PER INVOIC",4077372166,,,,FL,socrata:orlando_business_tax,,,,
standard,JOHN LOPIPARO,4076252872,,,,FL,socrata:orlando_business_tax,,,,
standard,ANGELA G FERGUSON/LAW OFFICES OF,4072287000,,,,FL,socrata:orlando_business_tax,,,,
standard,THE LADYS PLACE INC,4072903466,,,,FL,socrata:orlando_business_tax,,,,
standard,"MARTINEZ, GODOFREDO M",4078228174,,,,FL,socrata:orlando_business_tax,,,,
standard,IMAGE TECHNICAL SERVICES INC,4078434200,,,,FL,socrata:orlando_business_tax,,,,
standard,SUINSERCA INC,4072360430,,,,FL,socrata:orlando_business_tax,,,,
standard,CATO OF FLORIDA LLC,7045517312,,,,FL,socrata:orlando_business_tax,,,,
standard,GROUNDWATER PROTECTION,4074267885,,,,FL,socrata:orlando_business_tax,,,,
standard,SCOTTS LAWN SERVICE,4078525200,,,,FL,socrata:orlando_business_tax,,,,
standard,L B P BRICK PAVERS INC,4073168302,,,,FL,socrata:orlando_business_tax,,,,
standard,D-GRAPH STUDIOS INC,4072952163,,,,FL,socrata:orlando_business_tax,,,,
standard,"PAULDO, MAZZIE L",4075781373,,,,FL,socrata:orlando_business_tax,,,,
